dataset,model,seed,epoch,val_loss_raw,val_loss_smooth,is_boundary
ETTh1,DLinear,7,1,0.72991133,0.69860619,False
ETTh1,DLinear,7,2,0.6909909,0.69197295,False
ETTh1,DLinear,7,3,0.67491634,0.68779646,False
ETTh1,DLinear,7,4,0.67207324,0.6751384,False
ETTh1,DLinear,7,5,0.67109049,0.67017832,False
ETTh1,DLinear,7,6,0.66662103,0.66850297,False
ETTh1,DLinear,7,7,0.6661905,0.6674709,False
ETTh1,DLinear,7,8,0.66653959,0.66454477,False
ETTh1,DLinear,7,9,0.66691285,0.66322598,False
ETTh1,DLinear,7,10,0.65645986,0.66197512,False
ETTh1,DLinear,7,11,0.66002708,0.66035174,True
ETTh1,DLinear,7,12,0.65993623,0.65948643,False
ETTh1,DLinear,7,13,0.65842268,0.66028845,False
ETTh1,DLinear,7,14,0.66258632,0.65871728,False
ETTh1,DLinear,7,15,0.66046996,0.65842127,False
ETTh1,DLinear,7,16,0.65217123,0.65821861,False
ETTh1,DLinear,7,17,0.65845617,0.65778391,False
ETTh1,DLinear,7,18,0.65740934,0.65709359,False
ETTh1,DLinear,7,19,0.66041287,0.65849118,False
ETTh1,DLinear,7,20,0.65701834,0.65795373,False
ETTh1,DLinear,7,21,0.6591592,0.6575028,False
ETTh1,DLinear,7,22,0.65576888,0.65721797,False
ETTh1,DLinear,7,23,0.65515469,0.65732282,False
ETTh1,DLinear,7,24,0.65898875,0.65767605,False
ETTh1,DLinear,7,25,0.65754255,0.65849152,False
ETTh1,DLinear,7,26,0.66092535,0.65883992,False
ETTh1,DLinear,7,27,0.65984626,0.65870629,False
ETTh1,DLinear,7,28,0.6568967,0.65875243,False
ETTh1,DLinear,7,29,0.65832061,0.65808303,False
ETTh1,DLinear,7,30,0.65777323,0.65761581,False
ETTh1,DLinear,7,31,0.65757836,0.65891162,False
ETTh1,DLinear,7,32,0.65751014,0.65907744,False
ETTh1,DLinear,7,33,0.66337574,0.65864079,False
ETTh1,DLinear,7,34,0.65914974,0.65922714,False
ETTh1,DLinear,7,35,0.65558999,0.65990746,False
ETTh1,DLinear,7,36,0.66051009,0.65902759,False
ETTh1,DLinear,7,37,0.66091173,0.65924783,False
ETTh1,DLinear,7,38,0.65897637,0.6595724,False
ETTh1,DLinear,7,39,0.66025097,0.65822481,False
ETTh1,DLinear,7,40,0.65721281,0.65715879,False
ETTh1,DLinear,7,41,0.65377217,0.65749469,False
ETTh1,DLinear,7,42,0.65558165,0.65684994,False
ETTh1,DLinear,7,43,0.66065587,0.65730017,False
ETTh1,DLinear,7,44,0.6570272,0.65852264,False
ETTh1,DLinear,7,45,0.65946395,0.65886227,False
ETTh1,DLinear,7,46,0.65988454,0.65898802,False
ETTh1,DLinear,7,47,0.6572798,0.6596642,False
ETTh1,DLinear,7,48,0.6612846,0.65951391,False
ETTh1,DLinear,7,49,0.66040812,0.65893666,False
ETTh1,DLinear,7,50,0.65871251,0.65959795,False
ETTh1,DLinear,7,51,0.65699829,0.65812223,False
ETTh1,DLinear,7,52,0.66058623,0.6582001,False
ETTh1,DLinear,7,53,0.65390602,0.65752636,False
ETTh1,DLinear,7,54,0.66079747,0.65715293,False
ETTh1,DLinear,7,55,0.65534381,0.65670527,False
ETTh1,DLinear,7,56,0.65513111,0.6573105,False
ETTh1,DLinear,7,57,0.65834793,0.65653006,False
ETTh1,DLinear,7,58,0.65693217,0.65632649,False
ETTh1,DLinear,7,59,0.6568953,0.65669534,False
ETTh1,DLinear,7,60,0.65432597,0.6568334,False
ETTh1,DLinear,7,61,0.65697532,0.65752408,False
ETTh1,DLinear,7,62,0.65903826,0.65748592,False
ETTh1,DLinear,7,63,0.66038556,0.65826787,False
ETTh1,DLinear,7,64,0.65670449,0.65834908,False
ETTh1,DLinear,7,65,0.65823568,0.65796063,False
ETTh1,DLinear,7,66,0.65738141,0.65714543,False
ETTh1,DLinear,7,67,0.65709598,0.65696085,False
ETTh1,DLinear,7,68,0.65630957,0.65732358,False
ETTh1,DLinear,7,69,0.6557816,0.65822236,False
ETTh1,DLinear,7,70,0.66004936,0.65873963,False
ETTh1,DLinear,7,71,0.6618753,0.65904577,False
ETTh1,DLinear,7,72,0.65968233,0.65922558,False
ETTh1,DLinear,7,73,0.65784027,0.65899307,False
ETTh1,DLinear,7,74,0.65668067,0.65835093,False
ETTh1,DLinear,7,75,0.65888679,0.65773406,False
ETTh1,DLinear,7,76,0.65866461,0.65783151,False
ETTh1,DLinear,7,77,0.65659794,0.65786852,False
ETTh1,DLinear,7,78,0.65832754,0.65738817,False
ETTh1,DLinear,7,79,0.65686571,0.65706907,False
ETTh1,DLinear,7,80,0.65648507,0.65722611,False
ETTh1,DLinear,42,1,0.72952507,0.70133859,False
ETTh1,DLinear,42,2,0.69406753,0.6934464,False
ETTh1,DLinear,42,3,0.68042316,0.68850617,False
ETTh1,DLinear,42,4,0.66976985,0.67571566,False
ETTh1,DLinear,42,5,0.66874522,0.67021601,False
ETTh1,DLinear,42,6,0.66557251,0.66748864,True
ETTh1,DLinear,42,7,0.66656928,0.66616346,False
ETTh1,DLinear,42,8,0.66678633,0.66518522,False
ETTh1,DLinear,42,9,0.66314396,0.66527583,False
ETTh1,DLinear,42,10,0.66385402,0.66469597,False
ETTh1,DLinear,42,11,0.66602557,0.66395561,False
ETTh1,DLinear,42,12,0.66366999,0.66368947,False
ETTh1,DLinear,42,13,0.66308452,0.66333301,False
ETTh1,DLinear,42,14,0.66181326,0.66251751,False
ETTh1,DLinear,42,15,0.66207174,0.66147298,False
ETTh1,DLinear,42,16,0.66194807,0.66029005,False
ETTh1,DLinear,42,17,0.65844731,0.65903653,False
ETTh1,DLinear,42,18,0.65716987,0.65925639,False
ETTh1,DLinear,42,19,0.65554568,0.65800281,False
ETTh1,DLinear,42,20,0.66317101,0.65898443,False
ETTh1,DLinear,42,21,0.65568017,0.65886139,False
ETTh1,DLinear,42,22,0.66335542,0.65928984,False
ETTh1,DLinear,42,23,0.65655467,0.65861155,False
ETTh1,DLinear,42,24,0.65768793,0.6597405,False
ETTh1,DLinear,42,25,0.65977959,0.65946824,False
ETTh1,DLinear,42,26,0.66132489,0.65989698,False
ETTh1,DLinear,42,27,0.66199415,0.66049852,False
ETTh1,DLinear,42,28,0.65869834,0.6606605,False
ETTh1,DLinear,42,29,0.66069562,0.65962973,False
ETTh1,DLinear,42,30,0.66058951,0.65907609,False
ETTh1,DLinear,42,31,0.65617102,0.65880536,False
ETTh1,DLinear,42,32,0.65922596,0.657548,False
ETTh1,DLinear,42,33,0.6573447,0.65584584,False
ETTh1,DLinear,42,34,0.65440879,0.65612678,False
ETTh1,DLinear,42,35,0.65207874,0.65566599,False
ETTh1,DLinear,42,36,0.65757571,0.65624528,False
ETTh1,DLinear,42,37,0.65692201,0.65650911,False
ETTh1,DLinear,42,38,0.66024115,0.6573252,False
ETTh1,DLinear,42,39,0.65572794,0.65671078,False
ETTh1,DLinear,42,40,0.65615917,0.65676695,False
ETTh1,DLinear,42,41,0.65450363,0.65573776,False
ETTh1,DLinear,42,42,0.65720285,0.65674898,False
ETTh1,DLinear,42,43,0.6550952,0.65744257,False
ETTh1,DLinear,42,44,0.66078404,0.6583593,False
ETTh1,DLinear,42,45,0.65962715,0.65881122,False
ETTh1,DLinear,42,46,0.65908727,0.66005868,False
ETTh1,DLinear,42,47,0.65946246,0.65977897,False
ETTh1,DLinear,42,48,0.66133246,0.65952589,False
ETTh1,DLinear,42,49,0.6593855,0.65975787,False
ETTh1,DLinear,42,50,0.65836176,0.65987146,False
ETTh1,DLinear,42,51,0.66024717,0.65900957,False
ETTh1,DLinear,42,52,0.66003038,0.65955673,False
ETTh1,DLinear,42,53,0.65702304,0.65936225,False
ETTh1,DLinear,42,54,0.66212131,0.65877522,False
ETTh1,DLinear,42,55,0.65738935,0.65878153,False
ETTh1,DLinear,42,56,0.65731203,0.65835614,False
ETTh1,DLinear,42,57,0.66006191,0.65772802,False
ETTh1,DLinear,42,58,0.65489612,0.65894906,False
ETTh1,DLinear,42,59,0.65898071,0.65923431,False
ETTh1,DLinear,42,60,0.66349455,0.65855631,False
ETTh1,DLinear,42,61,0.65873824,0.65870739,False
ETTh1,DLinear,42,62,0.65667191,0.65788913,False
ETTh1,DLinear,42,63,0.65565153,0.65711457,False
ETTh1,DLinear,42,64,0.65488944,0.65721015,False
ETTh1,DLinear,42,65,0.65962175,0.65724012,False
ETTh1,DLinear,42,66,0.65921615,0.65792415,False
ETTh1,DLinear,42,67,0.65682174,0.65821293,False
ETTh1,DLinear,42,68,0.65907166,0.65769555,False
ETTh1,DLinear,42,69,0.65633334,0.65791674,False
ETTh1,DLinear,42,70,0.65703483,0.65823511,False
ETTh1,DLinear,42,71,0.66032211,0.65840903,False
ETTh1,DLinear,42,72,0.65841361,0.65783687,False
ETTh1,DLinear,42,73,0.65994125,0.65794405,False
ETTh1,DLinear,42,74,0.65347257,0.65798422,False
ETTh1,DLinear,42,75,0.65757069,0.65788136,False
ETTh1,DLinear,42,76,0.66052299,0.65814955,False
ETTh1,DLinear,42,77,0.65789931,0.65916851,False
ETTh1,DLinear,42,78,0.66128217,0.65988851,False
ETTh1,DLinear,42,79,0.65856741,0.65972989,False
ETTh1,DLinear,42,80,0.66117067,0.66034008,False
ETTh1,DLinear,123,1,0.72727053,0.70051981,False
ETTh1,DLinear,123,2,0.69246726,0.69279809,False
ETTh1,DLinear,123,3,0.68182165,0.68810518,False
ETTh1,DLinear,123,4,0.66963294,0.67595955,False
ETTh1,DLinear,123,5,0.66933352,0.67030463,False
ETTh1,DLinear,123,6,0.6665424,0.66665184,True
ETTh1,DLinear,123,7,0.66419263,0.66529173,False
ETTh1,DLinear,123,8,0.66355773,0.66420128,False
ETTh1,DLinear,123,9,0.66283237,0.66323127,False
ETTh1,DLinear,123,10,0.66388125,0.66246902,False
ETTh1,DLinear,123,11,0.66169239,0.66156646,False
ETTh1,DLinear,123,12,0.66038138,0.66131737,False
ETTh1,DLinear,123,13,0.6590449,0.66137418,False
ETTh1,DLinear,123,14,0.66158692,0.66148614,False
ETTh1,DLinear,123,15,0.66416533,0.66106328,False
ETTh1,DLinear,123,16,0.66225219,0.66193051,False
ETTh1,DLinear,123,17,0.65826703,0.6615118,False
ETTh1,DLinear,123,18,0.66338107,0.66028914,False
ETTh1,DLinear,123,19,0.6594934,0.65980625,False
ETTh1,DLinear,123,20,0.65805199,0.65998543,False
ETTh1,DLinear,123,21,0.65983773,0.65900345,False
ETTh1,DLinear,123,22,0.65916295,0.65891016,False
ETTh1,DLinear,123,23,0.65847119,0.65909642,False
ETTh1,DLinear,123,24,0.65902692,0.65895284,False
ETTh1,DLinear,123,25,0.65898329,0.6588286,False
ETTh1,DLinear,123,26,0.65911984,0.65860903,False
ETTh1,DLinear,123,27,0.65854177,0.65817458,False
ETTh1,DLinear,123,28,0.65737335,0.65790365,False
ETTh1,DLinear,123,29,0.65685467,0.65677884,False
ETTh1,DLinear,123,30,0.65762864,0.65707665,False
ETTh1,DLinear,123,31,0.65349578,0.6577786,False
ETTh1,DLinear,123,32,0.66003083,0.65821277,False
ETTh1,DLinear,123,33,0.66088311,0.65833729,False
ETTh1,DLinear,123,34,0.65902552,0.65913642,False
ETTh1,DLinear,123,35,0.65825122,0.65832217,False
ETTh1,DLinear,123,36,0.65749143,0.6578089,False
ETTh1,DLinear,123,37,0.65595959,0.6573979,False
ETTh1,DLinear,123,38,0.65831675,0.65741014,False
ETTh1,DLinear,123,39,0.6569705,0.65758982,False
ETTh1,DLinear,123,40,0.65831246,0.65821551,False
ETTh1,DLinear,123,41,0.65838979,0.65856573,False
ETTh1,DLinear,123,42,0.65908805,0.65789224,False
ETTh1,DLinear,123,43,0.66006783,0.65797947,False
ETTh1,DLinear,123,44,0.65360308,0.65773473,False
ETTh1,DLinear,123,45,0.65874861,0.65750476,False
ETTh1,DLinear,123,46,0.65716609,0.65733226,False
ETTh1,DLinear,123,47,0.65793816,0.65867858,False
ETTh1,DLinear,123,48,0.65920534,0.65813635,False
ETTh1,DLinear,123,49,0.6603347,0.65828671,False
ETTh1,DLinear,123,50,0.65603743,0.65809701,False
ETTh1,DLinear,123,51,0.6579179,0.65780672,False
ETTh1,DLinear,123,52,0.65698966,0.65705456,False
ETTh1,DLinear,123,53,0.65775392,0.65686623,False
ETTh1,DLinear,123,54,0.65657391,0.65680637,False
ETTh1,DLinear,123,55,0.65509576,0.65614765,False
ETTh1,DLinear,123,56,0.6576186,0.6563065,False
ETTh1,DLinear,123,57,0.65369605,0.65645269,False
ETTh1,DLinear,123,58,0.65854816,0.65716223,False
ETTh1,DLinear,123,59,0.6573049,0.65703887,False
ETTh1,DLinear,123,60,0.65864344,0.65685306,False
ETTh1,DLinear,123,61,0.65700182,0.65679684,False
ETTh1,DLinear,123,62,0.65276696,0.65662083,False
ETTh1,DLinear,123,63,0.6582671,0.6571132,False
ETTh1,DLinear,123,64,0.65642483,0.65693454,False
ETTh1,DLinear,123,65,0.66110529,0.65831901,False
ETTh1,DLinear,123,66,0.65610853,0.65798343,False
ETTh1,DLinear,123,67,0.65968929,0.65867004,False
ETTh1,DLinear,123,68,0.65658919,0.65851169,False
ETTh1,DLinear,123,69,0.65985788,0.65827613,False
ETTh1,DLinear,123,70,0.66031356,0.65828427,False
ETTh1,DLinear,123,71,0.65493073,0.65799028,False
ETTh1,DLinear,123,72,0.65973001,0.65690755,False
ETTh1,DLinear,123,73,0.65511925,0.65638119,False
ETTh1,DLinear,123,74,0.6544442,0.65638482,False
ETTh1,DLinear,123,75,0.65768175,0.65584003,False
ETTh1,DLinear,123,76,0.65494887,0.65656344,False
ETTh1,DLinear,123,77,0.65700609,0.65751948,False
ETTh1,DLinear,123,78,0.65873627,0.656876,False
ETTh1,DLinear,123,79,0.65922442,0.65735778,False
ETTh1,DLinear,123,80,0.65446435,0.65747502,False
ETTh1,MLP,7,1,0.95796577,0.84807084,False
ETTh1,MLP,7,2,0.82419061,0.81899873,False
ETTh1,MLP,7,3,0.76205613,0.79980009,False
ETTh1,MLP,7,4,0.73178239,0.74900906,False
ETTh1,MLP,7,5,0.72300554,0.72410209,False
ETTh1,MLP,7,6,0.70401062,0.70983634,False
ETTh1,MLP,7,7,0.69965576,0.700705,False
ETTh1,MLP,7,8,0.6907274,0.69342705,False
ETTh1,MLP,7,9,0.68612567,0.68946927,False
ETTh1,MLP,7,10,0.68661583,0.68490976,False
ETTh1,MLP,7,11,0.68422171,0.68253204,False
ETTh1,MLP,7,12,0.67685818,0.68062948,False
ETTh1,MLP,7,13,0.67883883,0.67824902,False
ETTh1,MLP,7,14,0.67661285,0.67614596,True
ETTh1,MLP,7,15,0.67471353,0.67605798,False
ETTh1,MLP,7,16,0.67370639,0.6758364,False
ETTh1,MLP,7,17,0.67641829,0.67492224,False
ETTh1,MLP,7,18,0.67773094,0.67460901,False
ETTh1,MLP,7,19,0.67204203,0.67439973,False
ETTh1,MLP,7,20,0.6731474,0.6733919,False
ETTh1,MLP,7,21,0.67265999,0.67144969,False
ETTh1,MLP,7,22,0.67137915,0.67065042,False
ETTh1,MLP,7,23,0.66801988,0.66981544,False
ETTh1,MLP,7,24,0.66804569,0.66878781,False
ETTh1,MLP,7,25,0.66897249,0.66805713,False
ETTh1,MLP,7,26,0.66752185,0.66783382,False
ETTh1,MLP,7,27,0.66772574,0.66770785,False
ETTh1,MLP,7,28,0.6669033,0.66710815,False
ETTh1,MLP,7,29,0.66741587,0.66682185,False
ETTh1,MLP,7,30,0.66597399,0.66691848,False
ETTh1,MLP,7,31,0.66609032,0.66599779,False
ETTh1,MLP,7,32,0.66820894,0.66515046,False
ETTh1,MLP,7,33,0.66229982,0.66447652,False
ETTh1,MLP,7,34,0.66317924,0.66386438,False
ETTh1,MLP,7,35,0.66260427,0.66223509,False
ETTh1,MLP,7,36,0.66302962,0.66274751,False
ETTh1,MLP,7,37,0.66006249,0.66329204,False
ETTh1,MLP,7,38,0.66486192,0.6632714,False
ETTh1,MLP,7,39,0.6659019,0.66326787,False
ETTh1,MLP,7,40,0.66250106,0.66319972,False
ETTh1,MLP,7,41,0.66301196,0.66299167,False
ETTh1,MLP,7,42,0.65972174,0.66227595,False
ETTh1,MLP,7,43,0.66382166,0.66273568,False
ETTh1,MLP,7,44,0.66232333,0.66252728,False
ETTh1,MLP,7,45,0.66479972,0.66272971,False
ETTh1,MLP,7,46,0.66196996,0.66211795,False
ETTh1,MLP,7,47,0.66073387,0.66175777,False
ETTh1,MLP,7,48,0.6607629,0.66059892,False
ETTh1,MLP,7,49,0.66052241,0.65960204,False
ETTh1,MLP,7,50,0.65900548,0.66030615,False
ETTh1,MLP,7,51,0.65698557,0.66000843,False
ETTh1,MLP,7,52,0.66425439,0.66017684,False
ETTh1,MLP,7,53,0.6592743,0.65997977,False
ETTh1,MLP,7,54,0.66136446,0.65979416,False
ETTh1,MLP,7,55,0.65802013,0.65854899,False
ETTh1,MLP,7,56,0.65605751,0.65857929,False
ETTh1,MLP,7,57,0.65802851,0.65732381,False
ETTh1,MLP,7,58,0.65942582,0.65693924,False
ETTh1,MLP,7,59,0.65508705,0.65730155,False
ETTh1,MLP,7,60,0.65609728,0.6572893,False
ETTh1,MLP,7,61,0.65786907,0.65665023,False
ETTh1,MLP,7,62,0.65796728,0.65743875,False
ETTh1,MLP,7,63,0.65623049,0.65714538,False
ETTh1,MLP,7,64,0.65902966,0.65715598,False
ETTh1,MLP,7,65,0.65463042,0.65706567,False
ETTh1,MLP,7,66,0.65792207,0.65796874,False
ETTh1,MLP,7,67,0.65751574,0.65742899,False
ETTh1,MLP,7,68,0.6607458,0.6574314,False
ETTh1,MLP,7,69,0.65633093,0.65693588,False
ETTh1,MLP,7,70,0.65464244,0.65608309,False
ETTh1,MLP,7,71,0.65544447,0.65661878,False
ETTh1,MLP,7,72,0.65325178,0.65610405,False
ETTh1,MLP,7,73,0.66342427,0.65717653,False
ETTh1,MLP,7,74,0.65375727,0.65773468,False
ETTh1,MLP,7,75,0.66000486,0.65938292,False
ETTh1,MLP,7,76,0.6582352,0.65846625,False
ETTh1,MLP,7,77,0.66149299,0.65803618,False
ETTh1,MLP,7,78,0.65884091,0.65730139,False
ETTh1,MLP,7,79,0.65160696,0.65706794,False
ETTh1,MLP,7,80,0.65633091,0.65559293,False
ETTh1,MLP,42,1,0.98476834,0.86340695,False
ETTh1,MLP,42,2,0.8443803,0.83091002,False
ETTh1,MLP,42,3,0.76107223,0.80802543,False
ETTh1,MLP,42,4,0.73341921,0.75177868,False
ETTh1,MLP,42,5,0.71648708,0.72272752,False
ETTh1,MLP,42,6,0.70353459,0.70876982,False
ETTh1,MLP,42,7,0.6991245,0.69946351,False
ETTh1,MLP,42,8,0.69128371,0.6927707,False
ETTh1,MLP,42,9,0.68688767,0.68823696,False
ETTh1,MLP,42,10,0.68302301,0.68476815,False
ETTh1,MLP,42,11,0.68086589,0.6820062,False
ETTh1,MLP,42,12,0.68178049,0.68047928,False
ETTh1,MLP,42,13,0.67747395,0.67895408,False
ETTh1,MLP,42,14,0.67925307,0.67736975,False
ETTh1,MLP,42,15,0.67539699,0.67580301,False
ETTh1,MLP,42,16,0.67294424,0.67480155,False
ETTh1,MLP,42,17,0.67394683,0.67347453,True
ETTh1,MLP,42,18,0.67246664,0.67280074,False
ETTh1,MLP,42,19,0.67261795,0.67269897,False
ETTh1,MLP,42,20,0.67202803,0.67226264,False
ETTh1,MLP,42,21,0.67243539,0.67160163,False
ETTh1,MLP,42,22,0.67176518,0.67064367,False
ETTh1,MLP,42,23,0.66916161,0.67088416,False
ETTh1,MLP,42,24,0.66782813,0.67060651,False
ETTh1,MLP,42,25,0.6732305,0.66935578,False
ETTh1,MLP,42,26,0.67104711,0.66880829,False
ETTh1,MLP,42,27,0.66551153,0.66822577,False
ETTh1,MLP,42,28,0.66642417,0.66719524,False
ETTh1,MLP,42,29,0.66491554,0.66678314,False
ETTh1,MLP,42,30,0.66807787,0.6669712,False
ETTh1,MLP,42,31,0.66898657,0.66734742,False
ETTh1,MLP,42,32,0.66645186,0.6680706,False
ETTh1,MLP,42,33,0.66830525,0.66760844,False
ETTh1,MLP,42,34,0.66853147,0.66635499,False
ETTh1,MLP,42,35,0.66576708,0.6659272,False
ETTh1,MLP,42,36,0.6627193,0.66543259,False
ETTh1,MLP,42,37,0.66431291,0.66455083,False
ETTh1,MLP,42,38,0.66583217,0.6646266,False
ETTh1,MLP,42,39,0.66412269,0.66568824,False
ETTh1,MLP,42,40,0.66614593,0.66592471,False
ETTh1,MLP,42,41,0.66802747,0.66573936,False
ETTh1,MLP,42,42,0.66549528,0.66563369,False
ETTh1,MLP,42,43,0.66490545,0.66542362,False
ETTh1,MLP,42,44,0.66359431,0.66440935,False
ETTh1,MLP,42,45,0.66509557,0.66412467,False
ETTh1,MLP,42,46,0.66295612,0.66296822,False
ETTh1,MLP,42,47,0.6640719,0.66265219,False
ETTh1,MLP,42,48,0.65912318,0.66231249,False
ETTh1,MLP,42,49,0.66201416,0.661961,False
ETTh1,MLP,42,50,0.66339708,0.66118106,False
ETTh1,MLP,42,51,0.66119867,0.66186496,False
ETTh1,MLP,42,52,0.66017218,0.66141642,False
ETTh1,MLP,42,53,0.66254272,0.66182273,False
ETTh1,MLP,42,54,0.65977143,0.6613384,False
ETTh1,MLP,42,55,0.66542863,0.6611218,False
ETTh1,MLP,42,56,0.65877704,0.66076259,False
ETTh1,MLP,42,57,0.65908918,0.66110133,False
ETTh1,MLP,42,58,0.66074665,0.66019556,False
ETTh1,MLP,42,59,0.66146514,0.66115934,False
ETTh1,MLP,42,60,0.66089977,0.66215428,False
ETTh1,MLP,42,61,0.66359594,0.66126817,False
ETTh1,MLP,42,62,0.66406389,0.66131795,False
ETTh1,MLP,42,63,0.65631614,0.66150173,False
ETTh1,MLP,42,64,0.66171401,0.66101613,False
ETTh1,MLP,42,65,0.66181869,0.66063361,False
ETTh1,MLP,42,66,0.66116792,0.66216304,False
ETTh1,MLP,42,67,0.66215131,0.66168522,False
ETTh1,MLP,42,68,0.66396331,0.66118505,False
ETTh1,MLP,42,69,0.65932486,0.66093714,False
ETTh1,MLP,42,70,0.65931785,0.65989839,False
ETTh1,MLP,42,71,0.65992839,0.6590529,False
ETTh1,MLP,42,72,0.65695757,0.65974929,False
ETTh1,MLP,42,73,0.65973584,0.65947333,False
ETTh1,MLP,42,74,0.6628068,0.65899198,False
ETTh1,MLP,42,75,0.65793806,0.65988334,False
ETTh1,MLP,42,76,0.65752166,0.65985042,False
ETTh1,MLP,42,77,0.66141434,0.65914637,False
ETTh1,MLP,42,78,0.65957126,0.65952052,False
ETTh1,MLP,42,79,0.65928652,0.66002023,False
ETTh1,MLP,42,80,0.65980881,0.65955553,False
ETTh1,MLP,123,1,0.96056388,0.84771191,False
ETTh1,MLP,123,2,0.82275402,0.81919539,False
ETTh1,MLP,123,3,0.75981783,0.79907338,False
ETTh1,MLP,123,4,0.73364582,0.74775205,False
ETTh1,MLP,123,5,0.71858535,0.72278469,False
ETTh1,MLP,123,6,0.70395723,0.70889801,False
ETTh1,MLP,123,7,0.69791722,0.6990208,False
ETTh1,MLP,123,8,0.69038445,0.69241274,False
ETTh1,MLP,123,9,0.68425972,0.68756874,False
ETTh1,MLP,123,10,0.68554509,0.68356479,False
ETTh1,MLP,123,11,0.67973724,0.6817857,False
ETTh1,MLP,123,12,0.67789744,0.68040506,True
ETTh1,MLP,123,13,0.68148903,0.67837209,False
ETTh1,MLP,123,14,0.67735652,0.67843634,False
ETTh1,MLP,123,15,0.67538022,0.67775832,False
ETTh1,MLP,123,16,0.68005848,0.67654649,False
ETTh1,MLP,123,17,0.67450734,0.67648221,False
ETTh1,MLP,123,18,0.67542991,0.6766587,False
ETTh1,MLP,123,19,0.6770351,0.675251,False
ETTh1,MLP,123,20,0.67626268,0.67405725,False
ETTh1,MLP,123,21,0.67301999,0.67334784,False
ETTh1,MLP,123,22,0.66853858,0.67206251,False
ETTh1,MLP,123,23,0.67188283,0.67083812,False
ETTh1,MLP,123,24,0.67060847,0.66953875,False
ETTh1,MLP,123,25,0.67014072,0.67026278,False
ETTh1,MLP,123,26,0.66652316,0.66888496,False
ETTh1,MLP,123,27,0.67215871,0.66875802,False
ETTh1,MLP,123,28,0.66499374,0.66778839,False
ETTh1,MLP,123,29,0.66997378,0.66803107,False
ETTh1,MLP,123,30,0.66529258,0.66680487,False
ETTh1,MLP,123,31,0.66773656,0.66776234,False
ETTh1,MLP,123,32,0.6660277,0.66720958,False
ETTh1,MLP,123,33,0.66978108,0.667457,False
ETTh1,MLP,123,34,0.66720997,0.66709407,False
ETTh1,MLP,123,35,0.66652968,0.66698475,False
ETTh1,MLP,123,36,0.66592194,0.6657625,False
ETTh1,MLP,123,37,0.66548106,0.66479309,False
ETTh1,MLP,123,38,0.66366986,0.66477902,False
ETTh1,MLP,123,39,0.66236292,0.6646651,False
ETTh1,MLP,123,40,0.66645935,0.66496613,False
ETTh1,MLP,123,41,0.66535231,0.66504091,False
ETTh1,MLP,123,42,0.66698621,0.66519791,False
ETTh1,MLP,123,43,0.66404379,0.66486293,False
ETTh1,MLP,123,44,0.66314789,0.66414697,False
ETTh1,MLP,123,45,0.66478446,0.66332091,False
ETTh1,MLP,123,46,0.66177252,0.66308669,False
ETTh1,MLP,123,47,0.66285592,0.66319331,False
ETTh1,MLP,123,48,0.66287266,0.66302415,False
ETTh1,MLP,123,49,0.66368098,0.66313907,False
ETTh1,MLP,123,50,0.66393867,0.66285804,False
ETTh1,MLP,123,51,0.66234714,0.66312472,False
ETTh1,MLP,123,52,0.66145075,0.66245205,False
ETTh1,MLP,123,53,0.66420605,0.66198687,False
ETTh1,MLP,123,54,0.66031764,0.66227803,False
ETTh1,MLP,123,55,0.66161277,0.66221775,False
ETTh1,MLP,123,56,0.66380294,0.66246622,False
ETTh1,MLP,123,57,0.66114934,0.66265063,False
ETTh1,MLP,123,58,0.66544843,0.66256372,False
ETTh1,MLP,123,59,0.66123969,0.66161924,False
ETTh1,MLP,123,60,0.66117818,0.66183512,False
ETTh1,MLP,123,61,0.65908056,0.660892,False
ETTh1,MLP,123,62,0.66222876,0.66081738,False
ETTh1,MLP,123,63,0.66073281,0.66107757,False
ETTh1,MLP,123,64,0.66086662,0.66070701,False
ETTh1,MLP,123,65,0.66247912,0.6600453,False
ETTh1,MLP,123,66,0.65722776,0.65957644,False
ETTh1,MLP,123,67,0.65892017,0.66029325,False
ETTh1,MLP,123,68,0.65838851,0.65947945,False
ETTh1,MLP,123,69,0.66445067,0.65915744,False
ETTh1,MLP,123,70,0.65841011,0.65967475,False
ETTh1,MLP,123,71,0.65561772,0.65955908,False
ETTh1,MLP,123,72,0.66150675,0.65799433,False
ETTh1,MLP,123,73,0.65781015,0.65818949,False
ETTh1,MLP,123,74,0.65662694,0.65912413,False
ETTh1,MLP,123,75,0.6593859,0.65811241,False
ETTh1,MLP,123,76,0.66029091,0.65838034,False
ETTh1,MLP,123,77,0.65644814,0.65888004,False
ETTh1,MLP,123,78,0.65914981,0.65973091,False
ETTh1,MLP,123,79,0.65912543,0.65959091,False
ETTh1,MLP,123,80,0.66364025,0.6606385,False
ETTh1,CNN,7,1,0.8985989,0.79645275,False
ETTh1,CNN,7,2,0.76463419,0.77572601,False
ETTh1,CNN,7,3,0.72612516,0.76064626,False
ETTh1,CNN,7,4,0.71354577,0.71933389,False
ETTh1,CNN,7,5,0.70032726,0.70334521,False
ETTh1,CNN,7,6,0.69203704,0.69464148,False
ETTh1,CNN,7,7,0.68469081,0.6880583,False
ETTh1,CNN,7,8,0.68260654,0.68395942,False
ETTh1,CNN,7,9,0.68062986,0.68082729,False
ETTh1,CNN,7,10,0.67983288,0.67899199,False
ETTh1,CNN,7,11,0.67637637,0.67597398,False
ETTh1,CNN,7,12,0.6755143,0.67383618,False
ETTh1,CNN,7,13,0.66751649,0.67066476,False
ETTh1,CNN,7,14,0.66994087,0.66973527,False
ETTh1,CNN,7,15,0.66397578,0.6689741,True
ETTh1,CNN,7,16,0.67172891,0.66963318,False
ETTh1,CNN,7,17,0.67170846,0.67002974,False
ETTh1,CNN,7,18,0.67081188,0.66971287,False
ETTh1,CNN,7,19,0.67192368,0.66805493,False
ETTh1,CNN,7,20,0.66239143,0.66642761,False
ETTh1,CNN,7,21,0.66343922,0.66409532,False
ETTh1,CNN,7,22,0.66357184,0.66315529,False
ETTh1,CNN,7,23,0.65915041,0.66289084,False
ETTh1,CNN,7,24,0.66722354,0.66231046,False
ETTh1,CNN,7,25,0.66106919,0.66132835,False
ETTh1,CNN,7,26,0.66053733,0.66240472,False
ETTh1,CNN,7,27,0.65866128,0.66129597,False
ETTh1,CNN,7,28,0.66453228,0.66085535,False
ETTh1,CNN,7,29,0.66167975,0.6599417,False
ETTh1,CNN,7,30,0.65886609,0.65987706,False
ETTh1,CNN,7,31,0.6559691,0.65825472,False
ETTh1,CNN,7,32,0.65833808,0.65873263,False
ETTh1,CNN,7,33,0.65642058,0.6578424,False
ETTh1,CNN,7,34,0.66406931,0.65945694,False
ETTh1,CNN,7,35,0.65441495,0.66020359,False
ETTh1,CNN,7,36,0.66404178,0.66004915,False
ETTh1,CNN,7,37,0.66207132,0.65933214,False
ETTh1,CNN,7,38,0.65564839,0.65995273,False
ETTh1,CNN,7,39,0.66048426,0.65977147,False
ETTh1,CNN,7,40,0.65751789,0.65897189,False
ETTh1,CNN,7,41,0.66313549,0.65969072,False
ETTh1,CNN,7,42,0.65807345,0.65898887,False
ETTh1,CNN,7,43,0.65924249,0.65831958,False
ETTh1,CNN,7,44,0.65697504,0.65742221,False
ETTh1,CNN,7,45,0.65417144,0.6567016,False
ETTh1,CNN,7,46,0.65864862,0.6579643,False
ETTh1,CNN,7,47,0.6544704,0.65714382,False
ETTh1,CNN,7,48,0.66555599,0.65722027,False
ETTh1,CNN,7,49,0.65287266,0.65659114,False
ETTh1,CNN,7,50,0.65455368,0.65651826,False
ETTh1,CNN,7,51,0.65550298,0.65388186,False
ETTh1,CNN,7,52,0.65410602,0.6549876,False
ETTh1,CNN,7,53,0.65237398,0.65516815,False
ETTh1,CNN,7,54,0.65840136,0.6551743,False
ETTh1,CNN,7,55,0.6554564,0.65683237,False
ETTh1,CNN,7,56,0.65553372,0.65966317,False
ETTh1,CNN,7,57,0.66239636,0.65953126,False
ETTh1,CNN,7,58,0.66652798,0.66192078,False
ETTh1,CNN,7,59,0.65774183,0.66244084,False
ETTh1,CNN,7,60,0.66740398,0.66232975,False
ETTh1,CNN,7,61,0.65813404,0.66003486,False
ETTh1,CNN,7,62,0.66184092,0.65880694,False
ETTh1,CNN,7,63,0.65505352,0.65651551,False
ETTh1,CNN,7,64,0.65160226,0.6560461,False
ETTh1,CNN,7,65,0.65594683,0.65370431,False
ETTh1,CNN,7,66,0.65578699,0.6550371,False
ETTh1,CNN,7,67,0.65013196,0.65559357,False
ETTh1,CNN,7,68,0.66171745,0.65470374,False
ETTh1,CNN,7,69,0.65438462,0.65401845,False
ETTh1,CNN,7,70,0.6514977,0.65495969,False
ETTh1,CNN,7,71,0.65236051,0.6534322,False
ETTh1,CNN,7,72,0.65483816,0.65404413,False
ETTh1,CNN,7,73,0.65408002,0.65501707,False
ETTh1,CNN,7,74,0.65744427,0.65632893,False
ETTh1,CNN,7,75,0.65636237,0.65659142,False
ETTh1,CNN,7,76,0.65891985,0.65912149,False
ETTh1,CNN,7,77,0.65615058,0.65796838,False
ETTh1,CNN,7,78,0.66673036,0.65831589,False
ETTh1,CNN,7,79,0.65167872,0.6581649,False
ETTh1,CNN,7,80,0.65809994,0.65883634,False
ETTh1,CNN,42,1,0.91204277,0.80564881,False
ETTh1,CNN,42,2,0.77365628,0.78138741,False
ETTh1,CNN,42,3,0.73124739,0.76545901,False
ETTh1,CNN,42,4,0.7086032,0.72244662,False
ETTh1,CNN,42,5,0.7017454,0.70508159,False
ETTh1,CNN,42,6,0.69698081,0.69483408,False
ETTh1,CNN,42,7,0.68683113,0.69048005,False
ETTh1,CNN,42,8,0.68000986,0.68673417,False
ETTh1,CNN,42,9,0.68683304,0.68353386,False
ETTh1,CNN,42,10,0.68301599,0.68065781,False
ETTh1,CNN,42,11,0.68097929,0.67983801,False
ETTh1,CNN,42,12,0.67245087,0.67635128,False
ETTh1,CNN,42,13,0.67591088,0.67472812,False
ETTh1,CNN,42,14,0.66939939,0.67327422,False
ETTh1,CNN,42,15,0.67490018,0.6728564,True
ETTh1,CNN,42,16,0.67370978,0.67142155,False
ETTh1,CNN,42,17,0.67036177,0.6717332,False
ETTh1,CNN,42,18,0.66873661,0.67060845,False
ETTh1,CNN,42,19,0.67095765,0.66974864,False
ETTh1,CNN,42,20,0.66927644,0.66877325,False
ETTh1,CNN,42,21,0.66941073,0.66966095,False
ETTh1,CNN,42,22,0.66548481,0.66901671,False
ETTh1,CNN,42,23,0.67317511,0.66873025,False
ETTh1,CNN,42,24,0.66773648,0.66771508,False
ETTh1,CNN,42,25,0.66784411,0.66765124,False
ETTh1,CNN,42,26,0.66433488,0.66642915,False
ETTh1,CNN,42,27,0.6651656,0.66677146,False
ETTh1,CNN,42,28,0.66706466,0.6660789,False
ETTh1,CNN,42,29,0.66944803,0.66623104,False
ETTh1,CNN,42,30,0.66438136,0.66624925,False
ETTh1,CNN,42,31,0.66509557,0.66700729,False
ETTh1,CNN,42,32,0.66525664,0.6668369,False
ETTh1,CNN,42,33,0.67085487,0.66944848,False
ETTh1,CNN,42,34,0.66859605,0.66907719,False
ETTh1,CNN,42,35,0.67743928,0.66884513,False
ETTh1,CNN,42,36,0.66323909,0.66685521,False
ETTh1,CNN,42,37,0.66409637,0.6669064,False
ETTh1,CNN,42,38,0.66090525,0.6652756,False
ETTh1,CNN,42,39,0.66885199,0.66710879,False
ETTh1,CNN,42,40,0.6692853,0.66744593,False
ETTh1,CNN,42,41,0.67240504,0.66835258,False
ETTh1,CNN,42,42,0.66578208,0.6667007,False
ETTh1,CNN,42,43,0.66543851,0.66606692,False
ETTh1,CNN,42,44,0.66059256,0.66465407,False
ETTh1,CNN,42,45,0.66611643,0.66460986,False
ETTh1,CNN,42,46,0.66534077,0.66494422,False
ETTh1,CNN,42,47,0.66556105,0.66713592,False
ETTh1,CNN,42,48,0.66711031,0.66670033,False
ETTh1,CNN,42,49,0.67155105,0.66632433,False
ETTh1,CNN,42,50,0.66393848,0.66554957,False
ETTh1,CNN,42,51,0.66346075,0.66507914,False
ETTh1,CNN,42,52,0.66168724,0.66352921,False
ETTh1,CNN,42,53,0.66475819,0.66316179,False
ETTh1,CNN,42,54,0.66380142,0.66278136,False
ETTh1,CNN,42,55,0.66210137,0.66271504,False
ETTh1,CNN,42,56,0.66155859,0.66273676,False
ETTh1,CNN,42,57,0.66135562,0.66145234,False
ETTh1,CNN,42,58,0.66486682,0.66251883,False
ETTh1,CNN,42,59,0.65737928,0.66261743,False
ETTh1,CNN,42,60,0.66743383,0.66336262,False
ETTh1,CNN,42,61,0.6620516,0.66235986,False
ETTh1,CNN,42,62,0.66508157,0.66315251,False
ETTh1,CNN,42,63,0.659853,0.66273443,False
ETTh1,CNN,42,64,0.66134256,0.66193753,False
ETTh1,CNN,42,65,0.66534341,0.66042501,False
ETTh1,CNN,42,66,0.65806708,0.66229786,False
ETTh1,CNN,42,67,0.65751902,0.66299357,False
ETTh1,CNN,42,68,0.66921721,0.66149254,False
ETTh1,CNN,42,69,0.66482111,0.66173101,False
ETTh1,CNN,42,70,0.65783826,0.66280347,False
ETTh1,CNN,42,71,0.65925946,0.66245665,False
ETTh1,CNN,42,72,0.66288131,0.66244332,False
ETTh1,CNN,42,73,0.66748312,0.66436558,False
ETTh1,CNN,42,74,0.66475444,0.66576733,False
ETTh1,CNN,42,75,0.66744955,0.66533388,False
ETTh1,CNN,42,76,0.66626822,0.66431917,False
ETTh1,CNN,42,77,0.66071406,0.66410517,False
ETTh1,CNN,42,78,0.66240958,0.66303051,False
ETTh1,CNN,42,79,0.66368443,0.66222108,False
ETTh1,CNN,42,80,0.66207627,0.66272342,False
ETTh1,CNN,123,1,0.90784779,0.80242287,False
ETTh1,CNN,123,2,0.76997353,0.7779599,False
ETTh1,CNN,123,3,0.72944731,0.7621381,False
ETTh1,CNN,123,4,0.70457096,0.71759443,False
ETTh1,CNN,123,5,0.69885091,0.69928028,False
ETTh1,CNN,123,6,0.68512943,0.69039259,False
ETTh1,CNN,123,7,0.67840277,0.68509045,False
ETTh1,CNN,123,8,0.68500886,0.68144356,False
ETTh1,CNN,123,9,0.67806026,0.67814788,False
ETTh1,CNN,123,10,0.68061647,0.67744626,False
ETTh1,CNN,123,11,0.66865101,0.67449913,True
ETTh1,CNN,123,12,0.67489471,0.67322356,False
ETTh1,CNN,123,13,0.67027318,0.67238101,False
ETTh1,CNN,123,14,0.67168242,0.67220531,False
ETTh1,CNN,123,15,0.6764037,0.66998169,False
ETTh1,CNN,123,16,0.66777254,0.66915523,False
ETTh1,CNN,123,17,0.66377663,0.66833945,False
ETTh1,CNN,123,18,0.66614084,0.66618887,False
ETTh1,CNN,123,19,0.66760354,0.66565984,False
ETTh1,CNN,123,20,0.66565081,0.666222,False
ETTh1,CNN,123,21,0.66512736,0.66570969,False
ETTh1,CNN,123,22,0.66658746,0.66458401,False
ETTh1,CNN,123,23,0.66357931,0.66416338,False
ETTh1,CNN,123,24,0.66197512,0.66457546,False
ETTh1,CNN,123,25,0.66354766,0.66405249,False
ETTh1,CNN,123,26,0.66718774,0.66429789,False
ETTh1,CNN,123,27,0.66397265,0.66559507,False
ETTh1,CNN,123,28,0.66480628,0.66641955,False
ETTh1,CNN,123,29,0.66846103,0.66799798,False
ETTh1,CNN,123,30,0.66767004,0.66715348,False
ETTh1,CNN,123,31,0.67507993,0.66585454,False
ETTh1,CNN,123,32,0.65975013,0.66461863,False
ETTh1,CNN,123,33,0.65831156,0.66545952,False
ETTh1,CNN,123,34,0.66228148,0.66319593,False
ETTh1,CNN,123,35,0.67187448,0.66371273,False
ETTh1,CNN,123,36,0.663762,0.66478067,False
ETTh1,CNN,123,37,0.66233411,0.66362744,False
ETTh1,CNN,123,38,0.66365127,0.66084156,False
ETTh1,CNN,123,39,0.65651531,0.65957915,False
ETTh1,CNN,123,40,0.65794509,0.65962746,False
ETTh1,CNN,123,41,0.65744997,0.6579564,False
ETTh1,CNN,123,42,0.66257566,0.65762987,False
ETTh1,CNN,123,43,0.65529597,0.65871249,False
ETTh1,CNN,123,44,0.65488263,0.66232522,False
ETTh1,CNN,123,45,0.66335821,0.66168842,False
ETTh1,CNN,123,46,0.67551363,0.66276228,False
ETTh1,CNN,123,47,0.65939165,0.66416072,False
ETTh1,CNN,123,48,0.66066527,0.66298285,False
ETTh1,CNN,123,49,0.66187486,0.65914064,False
ETTh1,CNN,123,50,0.65746884,0.65871387,False
ETTh1,CNN,123,51,0.65630259,0.65988917,False
ETTh1,CNN,123,52,0.65725782,0.65836889,False
ETTh1,CNN,123,53,0.66654174,0.66256269,False
ETTh1,CNN,123,54,0.65427347,0.66401486,False
ETTh1,CNN,123,55,0.67843784,0.66326787,False
ETTh1,CNN,123,56,0.66356341,0.66184576,False
ETTh1,CNN,123,57,0.65352287,0.66311797,False
ETTh1,CNN,123,58,0.6594312,0.65804992,False
ETTh1,CNN,123,59,0.66063454,0.65689517,False
ETTh1,CNN,123,60,0.65309758,0.65988679,False
ETTh1,CNN,123,61,0.65778965,0.65868404,False
ETTh1,CNN,123,62,0.668481,0.65796479,False
ETTh1,CNN,123,63,0.65341742,0.65918051,False
ETTh1,CNN,123,64,0.65703831,0.65993785,False
ETTh1,CNN,123,65,0.65917618,0.65782228,False
ETTh1,CNN,123,66,0.66157633,0.66010156,False
ETTh1,CNN,123,67,0.65790316,0.66089762,False
ETTh1,CNN,123,68,0.6648138,0.66360736,False
ETTh1,CNN,123,69,0.66101861,0.66140234,False
ETTh1,CNN,123,70,0.67272487,0.66082977,False
ETTh1,CNN,123,71,0.65055127,0.65909254,False
ETTh1,CNN,123,72,0.65504027,0.65833802,False
ETTh1,CNN,123,73,0.65612766,0.65417123,False
ETTh1,CNN,123,74,0.65724603,0.65517617,False
ETTh1,CNN,123,75,0.65189091,0.65644004,False
ETTh1,CNN,123,76,0.65557596,0.6555889,False
ETTh1,CNN,123,77,0.66135964,0.65867861,False
ETTh1,CNN,123,78,0.65187194,0.66102938,False
ETTh1,CNN,123,79,0.67269458,0.66239273,False
ETTh1,CNN,123,80,0.66364477,0.6627371,False
ETTh2,DLinear,7,1,0.26143086,0.25323916,False
ETTh2,DLinear,7,2,0.25421101,0.24924006,True
ETTh2,DLinear,7,3,0.24407561,0.24889839,False
ETTh2,DLinear,7,4,0.23724276,0.24992228,False
ETTh2,DLinear,7,5,0.24753169,0.2484585,False
ETTh2,DLinear,7,6,0.26655034,0.24723024,False
ETTh2,DLinear,7,7,0.24689212,0.24947982,False
ETTh2,DLinear,7,8,0.23793432,0.24733446,False
ETTh2,DLinear,7,9,0.24849063,0.2416703,False
ETTh2,DLinear,7,10,0.23680489,0.24072016,False
ETTh2,DLinear,7,11,0.23822955,0.24240039,False
ETTh2,DLinear,7,12,0.24214141,0.23938606,False
ETTh2,DLinear,7,13,0.24633548,0.24221676,False
ETTh2,DLinear,7,14,0.23341898,0.24139434,False
ETTh2,DLinear,7,15,0.25095838,0.24001834,False
ETTh2,DLinear,7,16,0.23411746,0.23630882,False
ETTh2,DLinear,7,17,0.2352614,0.23950575,False
ETTh2,DLinear,7,18,0.22778789,0.23581252,False
ETTh2,DLinear,7,19,0.24940363,0.23774146,False
ETTh2,DLinear,7,20,0.23249222,0.23994429,False
ETTh2,DLinear,7,21,0.24376217,0.2417756,False
ETTh2,DLinear,7,22,0.24627553,0.23995897,False
ETTh2,DLinear,7,23,0.23694444,0.24131752,False
ETTh2,DLinear,7,24,0.24032049,0.24073619,False
ETTh2,DLinear,7,25,0.23928495,0.24075396,False
ETTh2,DLinear,7,26,0.24085556,0.24012155,False
ETTh2,DLinear,7,27,0.24636437,0.24072551,False
ETTh2,DLinear,7,28,0.23378238,0.24119693,False
ETTh2,DLinear,7,29,0.24334031,0.23909141,False
ETTh2,DLinear,7,30,0.24164201,0.23839966,False
ETTh2,DLinear,7,31,0.23032798,0.23807729,False
ETTh2,DLinear,7,32,0.24290564,0.2373559,False
ETTh2,DLinear,7,33,0.23217054,0.23626349,False
ETTh2,DLinear,7,34,0.23973332,0.23643254,False
ETTh2,DLinear,7,35,0.23617998,0.23478972,False
ETTh2,DLinear,7,36,0.23117321,0.23484504,False
ETTh2,DLinear,7,37,0.23469155,0.23399988,False
ETTh2,DLinear,7,38,0.23244715,0.23202117,False
ETTh2,DLinear,7,39,0.23550752,0.23126861,False
ETTh2,DLinear,7,40,0.22628644,0.23223039,False
ETTh2,DLinear,7,41,0.22741036,0.23298957,False
ETTh2,DLinear,7,42,0.23950049,0.23249159,False
ETTh2,DLinear,7,43,0.23624303,0.23552559,False
ETTh2,DLinear,7,44,0.23301763,0.23633179,False
ETTh2,DLinear,7,45,0.24145647,0.23624719,False
ETTh2,DLinear,7,46,0.23144135,0.23561896,False
ETTh2,DLinear,7,47,0.23907745,0.23545215,False
ETTh2,DLinear,7,48,0.23310193,0.2343892,False
ETTh2,DLinear,7,49,0.23218356,0.23429755,False
ETTh2,DLinear,7,50,0.23614172,0.23376963,False
ETTh2,DLinear,7,51,0.23098308,0.23290928,False
ETTh2,DLinear,7,52,0.23643789,0.23325224,False
ETTh2,DLinear,7,53,0.22880018,0.23209263,False
ETTh2,DLinear,7,54,0.23389832,0.23272819,False
ETTh2,DLinear,7,55,0.2303437,0.23208471,False
ETTh2,DLinear,7,56,0.23416084,0.23128472,False
ETTh2,DLinear,7,57,0.23322053,0.23245774,False
ETTh2,DLinear,7,58,0.22480021,0.23440911,False
ETTh2,DLinear,7,59,0.23976341,0.23365453,False
ETTh2,DLinear,7,60,0.24010058,0.23760437,False
ETTh2,DLinear,7,61,0.23038789,0.23904274,False
ETTh2,DLinear,7,62,0.25296976,0.23854765,False
ETTh2,DLinear,7,63,0.23199206,0.23724731,False
ETTh2,DLinear,7,64,0.23728797,0.23809751,False
ETTh2,DLinear,7,65,0.23359887,0.23481977,False
ETTh2,DLinear,7,66,0.23463891,0.23866764,False
ETTh2,DLinear,7,67,0.23658103,0.2382984,False
ETTh2,DLinear,7,68,0.25123144,0.23803463,False
ETTh2,DLinear,7,69,0.23544176,0.23792627,False
ETTh2,DLinear,7,70,0.23228001,0.23697598,False
ETTh2,DLinear,7,71,0.23409712,0.23296325,False
ETTh2,DLinear,7,72,0.23182958,0.23325802,False
ETTh2,DLinear,7,73,0.23116778,0.23343014,False
ETTh2,DLinear,7,74,0.23691563,0.23340577,False
ETTh2,DLinear,7,75,0.2331406,0.2327599,False
ETTh2,DLinear,7,76,0.23397529,0.23240037,False
ETTh2,DLinear,7,77,0.2286002,0.23273738,False
ETTh2,DLinear,7,78,0.22937014,0.2333781,False
ETTh2,DLinear,7,79,0.23860065,0.2332288,False
ETTh2,DLinear,7,80,0.23634421,0.23477167,False
ETTh2,DLinear,42,1,0.26532524,0.25971717,False
ETTh2,DLinear,42,2,0.27829557,0.25725744,False
ETTh2,DLinear,42,3,0.2355307,0.25636158,False
ETTh2,DLinear,42,4,0.24987825,0.25024274,False
ETTh2,DLinear,42,5,0.2527781,0.24120187,False
ETTh2,DLinear,42,6,0.23473108,0.24110808,False
ETTh2,DLinear,42,7,0.23309122,0.23958594,False
ETTh2,DLinear,42,8,0.23506177,0.23687158,False
ETTh2,DLinear,42,9,0.24226751,0.23577828,False
ETTh2,DLinear,42,10,0.23920632,0.23656735,False
ETTh2,DLinear,42,11,0.2292646,0.23697263,False
ETTh2,DLinear,42,12,0.23703655,0.23443306,True
ETTh2,DLinear,42,13,0.23708817,0.23299563,False
ETTh2,DLinear,42,14,0.22956964,0.23509677,False
ETTh2,DLinear,42,15,0.23201918,0.23324541,False
ETTh2,DLinear,42,16,0.23977031,0.23393832,False
ETTh2,DLinear,42,17,0.22777976,0.23439768,False
ETTh2,DLinear,42,18,0.2405527,0.23404601,False
ETTh2,DLinear,42,19,0.23186645,0.23220673,False
ETTh2,DLinear,42,20,0.23026081,0.23348672,False
ETTh2,DLinear,42,21,0.23057396,0.23161791,False
ETTh2,DLinear,42,22,0.23417966,0.23162398,False
ETTh2,DLinear,42,23,0.2312087,0.2336126,False
ETTh2,DLinear,42,24,0.23189678,0.23527529,False
ETTh2,DLinear,42,25,0.2402039,0.23433674,False
ETTh2,DLinear,42,26,0.2388874,0.23540806,False
ETTh2,DLinear,42,27,0.22948692,0.23442362,False
ETTh2,DLinear,42,28,0.23656532,0.23199544,False
ETTh2,DLinear,42,29,0.22697457,0.22913674,False
ETTh2,DLinear,42,30,0.22806298,0.22903593,False
ETTh2,DLinear,42,31,0.22459393,0.22947667,False
ETTh2,DLinear,42,32,0.22898287,0.22972859,False
ETTh2,DLinear,42,33,0.23876902,0.23120617,False
ETTh2,DLinear,42,34,0.22823416,0.23327535,False
ETTh2,DLinear,42,35,0.23545086,0.23601863,False
ETTh2,DLinear,42,36,0.23493983,0.23537404,False
ETTh2,DLinear,42,37,0.24269929,0.23543368,False
ETTh2,DLinear,42,38,0.23554605,0.23468418,False
ETTh2,DLinear,42,39,0.22853235,0.23418214,False
ETTh2,DLinear,42,40,0.2317034,0.23078532,False
ETTh2,DLinear,42,41,0.23242963,0.22950593,False
ETTh2,DLinear,42,42,0.22571515,0.23185448,False
ETTh2,DLinear,42,43,0.22914909,0.23308973,False
ETTh2,DLinear,42,44,0.24027515,0.23315818,False
ETTh2,DLinear,42,45,0.23787965,0.23639489,False
ETTh2,DLinear,42,46,0.23277185,0.23586603,False
ETTh2,DLinear,42,47,0.24189872,0.23444389,False
ETTh2,DLinear,42,48,0.22650478,0.23341226,False
ETTh2,DLinear,42,49,0.23316447,0.23371912,False
ETTh2,DLinear,42,50,0.23272149,0.23021382,False
ETTh2,DLinear,42,51,0.23430616,0.23075539,False
ETTh2,DLinear,42,52,0.22437221,0.23193045,False
ETTh2,DLinear,42,53,0.22921259,0.23444457,False
ETTh2,DLinear,42,54,0.23903978,0.23798024,False
ETTh2,DLinear,42,55,0.24529208,0.23901967,False
ETTh2,DLinear,42,56,0.25198455,0.24051319,False
ETTh2,DLinear,42,57,0.22956934,0.23933328,False
ETTh2,DLinear,42,58,0.23668021,0.238369,False
ETTh2,DLinear,42,59,0.23314023,0.23572337,False
ETTh2,DLinear,42,60,0.24047065,0.23981691,False
ETTh2,DLinear,42,61,0.23875643,0.23858174,False
ETTh2,DLinear,42,62,0.25003703,0.24139407,False
ETTh2,DLinear,42,63,0.23050434,0.2414377,False
ETTh2,DLinear,42,64,0.24720191,0.24338101,False
ETTh2,DLinear,42,65,0.24068878,0.24087688,False
ETTh2,DLinear,42,66,0.24847298,0.24006005,False
ETTh2,DLinear,42,67,0.23751638,0.23751648,False
ETTh2,DLinear,42,68,0.22642021,0.23664406,False
ETTh2,DLinear,42,69,0.23448404,0.23321138,False
ETTh2,DLinear,42,70,0.2363267,0.23289689,False
ETTh2,DLinear,42,71,0.23130959,0.23550274,False
ETTh2,DLinear,42,72,0.23594394,0.23475562,False
ETTh2,DLinear,42,73,0.23944943,0.23247925,False
ETTh2,DLinear,42,74,0.23074842,0.23417226,False
ETTh2,DLinear,42,75,0.22494486,0.23329474,False
ETTh2,DLinear,42,76,0.23977465,0.23352396,False
ETTh2,DLinear,42,77,0.23155633,0.235789,False
ETTh2,DLinear,42,78,0.24059551,0.23667063,False
ETTh2,DLinear,42,79,0.24207365,0.23589463,False
ETTh2,DLinear,42,80,0.22935301,0.23734073,False
ETTh2,DLinear,123,1,0.25303005,0.24427989,False
ETTh2,DLinear,123,2,0.2434213,0.24389907,False
ETTh2,DLinear,123,3,0.23638832,0.242103,False
ETTh2,DLinear,123,4,0.24275662,0.24020661,True
ETTh2,DLinear,123,5,0.2349187,0.23993505,False
ETTh2,DLinear,123,6,0.24354811,0.23945803,False
ETTh2,DLinear,123,7,0.24206353,0.23891,False
ETTh2,DLinear,123,8,0.23400319,0.24035648,False
ETTh2,DLinear,123,9,0.2400165,0.23802029,False
ETTh2,DLinear,123,10,0.24215105,0.23771051,False
ETTh2,DLinear,123,11,0.23186716,0.23689505,False
ETTh2,DLinear,123,12,0.24051467,0.23663204,False
ETTh2,DLinear,123,13,0.22992588,0.23506349,False
ETTh2,DLinear,123,14,0.23870145,0.23616552,False
ETTh2,DLinear,123,15,0.23430832,0.23409369,False
ETTh2,DLinear,123,16,0.23737728,0.23441737,False
ETTh2,DLinear,123,17,0.23015551,0.23290228,False
ETTh2,DLinear,123,18,0.23154429,0.23426913,False
ETTh2,DLinear,123,19,0.231126,0.23655286,False
ETTh2,DLinear,123,20,0.24114256,0.238114,False
ETTh2,DLinear,123,21,0.24879593,0.23899342,False
ETTh2,DLinear,123,22,0.2379612,0.23924266,False
ETTh2,DLinear,123,23,0.23594139,0.23701174,False
ETTh2,DLinear,123,24,0.23237223,0.23379511,False
ETTh2,DLinear,123,25,0.22998794,0.23325418,False
ETTh2,DLinear,123,26,0.23271278,0.23243176,False
ETTh2,DLinear,123,27,0.23525654,0.23334002,False
ETTh2,DLinear,123,28,0.23182933,0.23343962,False
ETTh2,DLinear,123,29,0.23691349,0.23500944,False
ETTh2,DLinear,123,30,0.23048594,0.23753304,False
ETTh2,DLinear,123,31,0.2405619,0.23824995,False
ETTh2,DLinear,123,32,0.24787453,0.23832039,False
ETTh2,DLinear,123,33,0.23541387,0.23767231,False
ETTh2,DLinear,123,34,0.23726571,0.23659349,False
ETTh2,DLinear,123,35,0.22724553,0.23314994,False
ETTh2,DLinear,123,36,0.23516781,0.23707105,False
ETTh2,DLinear,123,37,0.23065677,0.235643,False
ETTh2,DLinear,123,38,0.25501943,0.23755452,False
ETTh2,DLinear,123,39,0.23012547,0.2371782,False
ETTh2,DLinear,123,40,0.23680311,0.23599525,False
ETTh2,DLinear,123,41,0.23328622,0.2318959,False
ETTh2,DLinear,123,42,0.22474205,0.23221962,False
ETTh2,DLinear,123,43,0.23452264,0.23160309,False
ETTh2,DLinear,123,44,0.23174409,0.23317433,False
ETTh2,DLinear,123,45,0.23372047,0.23722496,False
ETTh2,DLinear,123,46,0.2411424,0.24050003,False
ETTh2,DLinear,123,47,0.2449952,0.24180891,False
ETTh2,DLinear,123,48,0.25089799,0.24382863,False
ETTh2,DLinear,123,49,0.23828851,0.24282357,False
ETTh2,DLinear,123,50,0.24381903,0.24134184,False
ETTh2,DLinear,123,51,0.2361171,0.24019202,False
ETTh2,DLinear,123,52,0.23758659,0.24110098,False
ETTh2,DLinear,123,53,0.24514885,0.23840654,False
ETTh2,DLinear,123,54,0.24283331,0.2383833,False
ETTh2,DLinear,123,55,0.23034684,0.23723032,False
ETTh2,DLinear,123,56,0.23600088,0.23371137,False
ETTh2,DLinear,123,57,0.23182173,0.23210056,False
ETTh2,DLinear,123,58,0.2275541,0.23317016,False
ETTh2,DLinear,123,59,0.23477922,0.23204896,False
ETTh2,DLinear,123,60,0.23569485,0.23155187,False
ETTh2,DLinear,123,61,0.2303949,0.23392989,False
ETTh2,DLinear,123,62,0.22933629,0.23394966,False
ETTh2,DLinear,123,63,0.23944418,0.23357037,False
ETTh2,DLinear,123,64,0.23487805,0.23416361,False
ETTh2,DLinear,123,65,0.23379844,0.23512388,False
ETTh2,DLinear,123,66,0.2333611,0.23446246,False
ETTh2,DLinear,123,67,0.23413765,0.23482048,False
ETTh2,DLinear,123,68,0.23613709,0.23406201,False
ETTh2,DLinear,123,69,0.23666813,0.23447022,False
ETTh2,DLinear,123,70,0.2300061,0.23261192,False
ETTh2,DLinear,123,71,0.23540212,0.23112197,False
ETTh2,DLinear,123,72,0.22484616,0.23119987,False
ETTh2,DLinear,123,73,0.22868734,0.23440326,False
ETTh2,DLinear,123,74,0.23705762,0.23462727,False
ETTh2,DLinear,123,75,0.24602306,0.23848078,False
ETTh2,DLinear,123,76,0.23652218,0.24010554,False
ETTh2,DLinear,123,77,0.24411371,0.2412824,False
ETTh2,DLinear,123,78,0.23681111,0.23998959,False
ETTh2,DLinear,123,79,0.24294193,0.24085644,False
ETTh2,DLinear,123,80,0.23955901,0.23977068,False
ETTh2,MLP,7,1,0.28994025,0.28187092,False
ETTh2,MLP,7,2,0.28541774,0.28103603,False
ETTh2,MLP,7,3,0.27025479,0.27463624,False
ETTh2,MLP,7,4,0.27853136,0.26863166,False
ETTh2,MLP,7,5,0.24903708,0.26401889,False
ETTh2,MLP,7,6,0.25991733,0.2620934,False
ETTh2,MLP,7,7,0.26235387,0.25607914,False
ETTh2,MLP,7,8,0.26062735,0.25485634,False
ETTh2,MLP,7,9,0.24846008,0.25512042,False
ETTh2,MLP,7,10,0.24292308,0.25418813,False
ETTh2,MLP,7,11,0.26123771,0.25359705,False
ETTh2,MLP,7,12,0.25769243,0.25206821,False
ETTh2,MLP,7,13,0.25767195,0.25218175,False
ETTh2,MLP,7,14,0.24081586,0.25173322,False
ETTh2,MLP,7,15,0.24349082,0.24917262,True
ETTh2,MLP,7,16,0.25899505,0.24866195,False
ETTh2,MLP,7,17,0.2448894,0.24771456,False
ETTh2,MLP,7,18,0.25511862,0.24824874,False
ETTh2,MLP,7,19,0.2360789,0.24917745,False
ETTh2,MLP,7,20,0.24616172,0.25347014,False
ETTh2,MLP,7,21,0.26363857,0.25085678,False
ETTh2,MLP,7,22,0.26635288,0.25323028,False
ETTh2,MLP,7,23,0.2420518,0.25208671,False
ETTh2,MLP,7,24,0.24794641,0.2467629,False
ETTh2,MLP,7,25,0.24044389,0.24018778,False
ETTh2,MLP,7,26,0.23701952,0.23706079,False
ETTh2,MLP,7,27,0.23347731,0.23609714,False
ETTh2,MLP,7,28,0.22641681,0.24566918,False
ETTh2,MLP,7,29,0.2431282,0.24584604,False
ETTh2,MLP,7,30,0.28830405,0.25224556,False
ETTh2,MLP,7,31,0.23790382,0.25705362,False
ETTh2,MLP,7,32,0.26547493,0.26173069,False
ETTh2,MLP,7,33,0.2504571,0.24981352,False
ETTh2,MLP,7,34,0.26651356,0.25414984,False
ETTh2,MLP,7,35,0.22871819,0.24808181,False
ETTh2,MLP,7,36,0.25958539,0.24436253,False
ETTh2,MLP,7,37,0.23513482,0.23870849,False
ETTh2,MLP,7,38,0.23186068,0.23975306,False
ETTh2,MLP,7,39,0.23824335,0.23603899,False
ETTh2,MLP,7,40,0.23394108,0.23483974,False
ETTh2,MLP,7,41,0.24101505,0.23626918,False
ETTh2,MLP,7,42,0.22913857,0.23460745,False
ETTh2,MLP,7,43,0.23900787,0.23774717,False
ETTh2,MLP,7,44,0.22993467,0.23775397,False
ETTh2,MLP,7,45,0.24963971,0.24489301,False
ETTh2,MLP,7,46,0.24104905,0.24378894,False
ETTh2,MLP,7,47,0.26483375,0.24498484,False
ETTh2,MLP,7,48,0.23348751,0.24548572,False
ETTh2,MLP,7,49,0.2359142,0.24479159,False
ETTh2,MLP,7,50,0.25214408,0.2404464,False
ETTh2,MLP,7,51,0.23757842,0.2425583,False
ETTh2,MLP,7,52,0.2431078,0.24106363,False
ETTh2,MLP,7,53,0.24404697,0.23726836,False
ETTh2,MLP,7,54,0.22844085,0.23635928,False
ETTh2,MLP,7,55,0.23316774,0.23538952,False
ETTh2,MLP,7,56,0.23303305,0.23345716,False
ETTh2,MLP,7,57,0.23825896,0.23817251,False
ETTh2,MLP,7,58,0.23438517,0.2520749,False
ETTh2,MLP,7,59,0.2520176,0.25340046,False
ETTh2,MLP,7,60,0.30267969,0.25204021,False
ETTh2,MLP,7,61,0.23966088,0.25266114,False
ETTh2,MLP,7,62,0.23145769,0.25153225,False
ETTh2,MLP,7,63,0.23748983,0.24085129,False
ETTh2,MLP,7,64,0.24637318,0.24353475,False
ETTh2,MLP,7,65,0.24927487,0.24648017,False
ETTh2,MLP,7,66,0.25307819,0.24701131,False
ETTh2,MLP,7,67,0.2461848,0.24644047,False
ETTh2,MLP,7,68,0.24014553,0.24522767,False
ETTh2,MLP,7,69,0.24351897,0.2539266,False
ETTh2,MLP,7,70,0.24321085,0.25582317,False
ETTh2,MLP,7,71,0.29657287,0.2543257,False
ETTh2,MLP,7,72,0.25566764,0.25662066,False
ETTh2,MLP,7,73,0.23265815,0.25620189,False
ETTh2,MLP,7,74,0.2549938,0.24604472,False
ETTh2,MLP,7,75,0.241117,0.24190347,False
ETTh2,MLP,7,76,0.24578699,0.24530374,False
ETTh2,MLP,7,77,0.23496142,0.2401861,False
ETTh2,MLP,7,78,0.24965947,0.23811837,False
ETTh2,MLP,7,79,0.22940561,0.23620121,False
ETTh2,MLP,7,80,0.23077834,0.23661447,False
ETTh2,MLP,42,1,0.29359229,0.2854396,False
ETTh2,MLP,42,2,0.29376557,0.27942513,False
ETTh2,MLP,42,3,0.26896092,0.2764685,False
ETTh2,MLP,42,4,0.26138175,0.27200835,False
ETTh2,MLP,42,5,0.26464199,0.26685655,False
ETTh2,MLP,42,6,0.27129152,0.26154257,False
ETTh2,MLP,42,7,0.26800658,0.25789884,False
ETTh2,MLP,42,8,0.24239103,0.25638484,False
ETTh2,MLP,42,9,0.24316309,0.25294411,False
ETTh2,MLP,42,10,0.257072,0.25047929,False
ETTh2,MLP,42,11,0.25408785,0.25233225,False
ETTh2,MLP,42,12,0.25568247,0.2537591,False
ETTh2,MLP,42,13,0.25165583,0.25174537,False
ETTh2,MLP,42,14,0.25029737,0.24882858,False
ETTh2,MLP,42,15,0.24700332,0.24705304,False
ETTh2,MLP,42,16,0.23950389,0.24706833,False
ETTh2,MLP,42,17,0.24680478,0.24568716,True
ETTh2,MLP,42,18,0.2517323,0.24975317,False
ETTh2,MLP,42,19,0.24339151,0.25413273,False
ETTh2,MLP,42,20,0.26733336,0.25310113,False
ETTh2,MLP,42,21,0.26140172,0.25391843,False
ETTh2,MLP,42,22,0.24164675,0.25521289,False
ETTh2,MLP,42,23,0.25581881,0.24900035,False
ETTh2,MLP,42,24,0.2498638,0.24486671,False
ETTh2,MLP,42,25,0.23627066,0.25704777,False
ETTh2,MLP,42,26,0.24073355,0.25731409,False
ETTh2,MLP,42,27,0.30255204,0.25486287,False
ETTh2,MLP,42,28,0.25715041,0.25875798,False
ETTh2,MLP,42,29,0.23760772,0.26018454,False
ETTh2,MLP,42,30,0.25574619,0.24672574,False
ETTh2,MLP,42,31,0.24786633,0.24552513,False
ETTh2,MLP,42,32,0.23525807,0.25048463,False
ETTh2,MLP,42,33,0.25114735,0.24915541,False
ETTh2,MLP,42,34,0.26240522,0.2472042,False
ETTh2,MLP,42,35,0.24910009,0.24975227,False
ETTh2,MLP,42,36,0.23811025,0.24927736,False
ETTh2,MLP,42,37,0.24799843,0.25653271,False
ETTh2,MLP,42,38,0.24877282,0.25815901,False
ETTh2,MLP,42,39,0.29868198,0.25949234,False
ETTh2,MLP,42,40,0.25723155,0.25797024,False
ETTh2,MLP,42,41,0.24477691,0.25744271,False
ETTh2,MLP,42,42,0.24038792,0.25003962,False
ETTh2,MLP,42,43,0.24613521,0.25333476,False
ETTh2,MLP,42,44,0.2616665,0.25169926,False
ETTh2,MLP,42,45,0.27370724,0.25157994,False
ETTh2,MLP,42,46,0.23659945,0.25120555,False
ETTh2,MLP,42,47,0.23979131,0.24923372,False
ETTh2,MLP,42,48,0.24426325,0.24287958,False
ETTh2,MLP,42,49,0.25180736,0.24253242,False
ETTh2,MLP,42,50,0.24193653,0.24354953,False
ETTh2,MLP,42,51,0.23486364,0.24135916,False
ETTh2,MLP,42,52,0.24487684,0.2413462,False
ETTh2,MLP,42,53,0.23331141,0.24377772,False
ETTh2,MLP,42,54,0.25174261,0.24500062,False
ETTh2,MLP,42,55,0.25409412,0.24310246,False
ETTh2,MLP,42,56,0.2409781,0.24307565,False
ETTh2,MLP,42,57,0.23538606,0.24218513,False
ETTh2,MLP,42,58,0.23317734,0.24485058,False
ETTh2,MLP,42,59,0.24729002,0.24428685,False
ETTh2,MLP,42,60,0.26742138,0.24925012,False
ETTh2,MLP,42,61,0.23815944,0.25387203,False
ETTh2,MLP,42,62,0.26020244,0.25760924,False
ETTh2,MLP,42,63,0.25628687,0.24916602,False
ETTh2,MLP,42,64,0.26597607,0.2488556,False
ETTh2,MLP,42,65,0.22520528,0.24515004,False
ETTh2,MLP,42,66,0.23660734,0.24178065,False
ETTh2,MLP,42,67,0.24167462,0.23617872,False
ETTh2,MLP,42,68,0.23943996,0.24070248,False
ETTh2,MLP,42,69,0.23796642,0.24396619,False
ETTh2,MLP,42,70,0.24782405,0.24450846,False
ETTh2,MLP,42,71,0.25292591,0.24448094,False
ETTh2,MLP,42,72,0.24438596,0.24567731,False
ETTh2,MLP,42,73,0.23930235,0.24418979,False
ETTh2,MLP,42,74,0.24394828,0.24273162,False
ETTh2,MLP,42,75,0.24038645,0.24126605,False
ETTh2,MLP,42,76,0.24563505,0.24052905,False
ETTh2,MLP,42,77,0.23705811,0.2419317,False
ETTh2,MLP,42,78,0.23561738,0.24423737,False
ETTh2,MLP,42,79,0.25096153,0.24388795,False
ETTh2,MLP,42,80,0.25191479,0.24616457,False
ETTh2,MLP,123,1,0.28511916,0.2722177,False
ETTh2,MLP,123,2,0.27244134,0.27327481,False
ETTh2,MLP,123,3,0.25909261,0.27080021,False
ETTh2,MLP,123,4,0.27644613,0.26690152,False
ETTh2,MLP,123,5,0.26090183,0.26344992,False
ETTh2,MLP,123,6,0.26562567,0.26378002,False
ETTh2,MLP,123,7,0.25518336,0.25776374,False
ETTh2,MLP,123,8,0.26074313,0.25572195,False
ETTh2,MLP,123,9,0.24636471,0.25311888,False
ETTh2,MLP,123,10,0.25069289,0.25042246,False
ETTh2,MLP,123,11,0.2526103,0.24614614,False
ETTh2,MLP,123,12,0.24170129,0.24454116,False
ETTh2,MLP,123,13,0.23936151,0.24255209,True
ETTh2,MLP,123,14,0.2383398,0.24141952,False
ETTh2,MLP,123,15,0.24074755,0.24177699,False
ETTh2,MLP,123,16,0.24694743,0.24218367,False
ETTh2,MLP,123,17,0.24348866,0.24307334,False
ETTh2,MLP,123,18,0.24139494,0.24366393,False
ETTh2,MLP,123,19,0.24278811,0.24523874,False
ETTh2,MLP,123,20,0.24370051,0.24737827,False
ETTh2,MLP,123,21,0.25482151,0.24924884,False
ETTh2,MLP,123,22,0.2541863,0.25045654,False
ETTh2,MLP,123,23,0.2507478,0.25107419,False
ETTh2,MLP,123,24,0.24882658,0.25224062,False
ETTh2,MLP,123,25,0.24678878,0.25466117,False
ETTh2,MLP,123,26,0.26065362,0.25354867,False
ETTh2,MLP,123,27,0.26628909,0.25296003,False
ETTh2,MLP,123,28,0.24518527,0.25157531,False
ETTh2,MLP,123,29,0.24588338,0.24794756,False
ETTh2,MLP,123,30,0.23986519,0.243744,False
ETTh2,MLP,123,31,0.24251488,0.24530471,False
ETTh2,MLP,123,32,0.24527129,0.24487123,False
ETTh2,MLP,123,33,0.2529888,0.24486001,False
ETTh2,MLP,123,34,0.243716,0.24443888,False
ETTh2,MLP,123,35,0.23980907,0.24129301,False
ETTh2,MLP,123,36,0.24040925,0.23849854,False
ETTh2,MLP,123,37,0.22954191,0.23832804,False
ETTh2,MLP,123,38,0.23901648,0.23818434,False
ETTh2,MLP,123,39,0.24286349,0.23674358,False
ETTh2,MLP,123,40,0.23909058,0.23989121,False
ETTh2,MLP,123,41,0.23320544,0.2409503,False
ETTh2,MLP,123,42,0.24528006,0.24171819,False
ETTh2,MLP,123,43,0.24431193,0.24360133,False
ETTh2,MLP,123,44,0.24670291,0.24653111,False
ETTh2,MLP,123,45,0.2485063,0.24281342,False
ETTh2,MLP,123,46,0.24785434,0.24069886,False
ETTh2,MLP,123,47,0.22669161,0.2397572,False
ETTh2,MLP,123,48,0.23373913,0.23740384,False
ETTh2,MLP,123,49,0.24199461,0.23420614,False
ETTh2,MLP,123,50,0.2367395,0.25939411,False
ETTh2,MLP,123,51,0.23186586,0.26138856,False
ETTh2,MLP,123,52,0.35263145,0.26764953,False
ETTh2,MLP,123,53,0.24371137,0.26719847,False
ETTh2,MLP,123,54,0.27329947,0.2695183,False
ETTh2,MLP,123,55,0.23448421,0.24506989,False
ETTh2,MLP,123,56,0.243465,0.24308846,False
ETTh2,MLP,123,57,0.23038942,0.23908685,False
ETTh2,MLP,123,58,0.23380421,0.23997757,False
ETTh2,MLP,123,59,0.25329142,0.23638964,False
ETTh2,MLP,123,60,0.23893779,0.24335446,False
ETTh2,MLP,123,61,0.22552536,0.24421453,False
ETTh2,MLP,123,62,0.26521351,0.23861743,False
ETTh2,MLP,123,63,0.23810459,0.23945156,False
ETTh2,MLP,123,64,0.2253059,0.24536772,False
ETTh2,MLP,123,65,0.24310847,0.24057636,False
ETTh2,MLP,123,66,0.25510612,0.23992982,False
ETTh2,MLP,123,67,0.24125674,0.24291788,False
ETTh2,MLP,123,68,0.23487188,0.24123856,False
ETTh2,MLP,123,69,0.24024616,0.23762813,False
ETTh2,MLP,123,70,0.2347119,0.23855524,False
ETTh2,MLP,123,71,0.23705395,0.23995148,False
ETTh2,MLP,123,72,0.24589231,0.24039537,False
ETTh2,MLP,123,73,0.24185311,0.24145826,False
ETTh2,MLP,123,74,0.24246557,0.2434894,False
ETTh2,MLP,123,75,0.24002636,0.24780236,False
ETTh2,MLP,123,76,0.24720966,0.24543946,False
ETTh2,MLP,123,77,0.26745713,0.24571667,False
ETTh2,MLP,123,78,0.23003857,0.24593918,False
ETTh2,MLP,123,79,0.24385163,0.24562157,False
ETTh2,MLP,123,80,0.24113893,0.23834305,False
ETTh2,CNN,7,1,0.34771874,0.3009856,False
ETTh2,CNN,7,2,0.27117894,0.29665452,False
ETTh2,CNN,7,3,0.28405911,0.29285808,False
ETTh2,CNN,7,4,0.28366128,0.28157417,False
ETTh2,CNN,7,5,0.27767233,0.27768651,True
ETTh2,CNN,7,6,0.29129916,0.28335338,False
ETTh2,CNN,7,7,0.25174065,0.31745204,False
ETTh2,CNN,7,8,0.31239345,0.3149695,False
ETTh2,CNN,7,9,0.45415458,0.30742109,False
ETTh2,CNN,7,10,0.26525967,0.30605672,False
ETTh2,CNN,7,11,0.2535571,0.28851389,False
ETTh2,CNN,7,12,0.24491879,0.2443224,False
ETTh2,CNN,7,13,0.22467933,0.24305317,False
ETTh2,CNN,7,14,0.23319709,0.26019671,False
ETTh2,CNN,7,15,0.25891353,0.26228042,False
ETTh2,CNN,7,16,0.33927481,0.27425632,False
ETTh2,CNN,7,17,0.25533734,0.27851369,False
ETTh2,CNN,7,18,0.28455883,0.27445332,False
ETTh2,CNN,7,19,0.25448393,0.2564102,False
ETTh2,CNN,7,20,0.23861167,0.25135585,False
ETTh2,CNN,7,21,0.24905924,0.23993846,False
ETTh2,CNN,7,22,0.23006556,0.23936944,False
ETTh2,CNN,7,23,0.22747192,0.23716536,False
ETTh2,CNN,7,24,0.25163881,0.24378484,False
ETTh2,CNN,7,25,0.22759126,0.24383499,False
ETTh2,CNN,7,26,0.28215666,0.24682353,False
ETTh2,CNN,7,27,0.2303163,0.24635438,False
ETTh2,CNN,7,28,0.24241463,0.24600616,False
ETTh2,CNN,7,29,0.24929307,0.24513744,False
ETTh2,CNN,7,30,0.22585013,0.25433776,False
ETTh2,CNN,7,31,0.27781305,0.25523295,False
ETTh2,CNN,7,32,0.27631792,0.26030638,False
ETTh2,CNN,7,33,0.24689057,0.26300875,False
ETTh2,CNN,7,34,0.27466024,0.25731839,False
ETTh2,CNN,7,35,0.23936196,0.25634135,False
ETTh2,CNN,7,36,0.24936126,0.26200197,False
ETTh2,CNN,7,37,0.27143274,0.28521477,False
ETTh2,CNN,7,38,0.27519363,0.28480374,False
ETTh2,CNN,7,39,0.39072423,0.28289454,False
ETTh2,CNN,7,40,0.23730681,0.28225643,False
ETTh2,CNN,7,41,0.23981527,0.27468337,False
ETTh2,CNN,7,42,0.2682422,0.24959286,False
ETTh2,CNN,7,43,0.2373283,0.25149108,False
ETTh2,CNN,7,44,0.26527169,0.2562983,False
ETTh2,CNN,7,45,0.24679793,0.2574752,False
ETTh2,CNN,7,46,0.26385139,0.25582101,False
ETTh2,CNN,7,47,0.27412667,0.26188563,False
ETTh2,CNN,7,48,0.22905737,0.25992038,False
ETTh2,CNN,7,49,0.29559478,0.25576219,False
ETTh2,CNN,7,50,0.2369717,0.24874384,False
ETTh2,CNN,7,51,0.24306043,0.2526568,False
ETTh2,CNN,7,52,0.2390349,0.24519304,False
ETTh2,CNN,7,53,0.24862216,0.24430306,False
ETTh2,CNN,7,54,0.258276,0.24617965,False
ETTh2,CNN,7,55,0.23252181,0.24485228,False
ETTh2,CNN,7,56,0.25244336,0.24063394,False
ETTh2,CNN,7,57,0.23239806,0.23436037,False
ETTh2,CNN,7,58,0.22753047,0.23480988,False
ETTh2,CNN,7,59,0.22690818,0.23534257,False
ETTh2,CNN,7,60,0.23476935,0.24897128,False
ETTh2,CNN,7,61,0.25510682,0.25190153,False
ETTh2,CNN,7,62,0.30054157,0.25538693,False
ETTh2,CNN,7,63,0.24218173,0.2581505,False
ETTh2,CNN,7,64,0.24433518,0.25817799,False
ETTh2,CNN,7,65,0.24858721,0.24833982,False
ETTh2,CNN,7,66,0.25524427,0.24943556,False
ETTh2,CNN,7,67,0.2513507,0.25967227,False
ETTh2,CNN,7,68,0.24766042,0.27389553,False
ETTh2,CNN,7,69,0.29551877,0.28068155,False
ETTh2,CNN,7,70,0.31970347,0.29433943,False
ETTh2,CNN,7,71,0.28917437,0.29369997,False
ETTh2,CNN,7,72,0.31964013,0.29130863,False
ETTh2,CNN,7,73,0.24446309,0.27394356,False
ETTh2,CNN,7,74,0.28356211,0.26634106,False
ETTh2,CNN,7,75,0.23287811,0.24946278,False
ETTh2,CNN,7,76,0.25116188,0.24978043,False
ETTh2,CNN,7,77,0.2352487,0.23863822,False
ETTh2,CNN,7,78,0.24605134,0.23731223,False
ETTh2,CNN,7,79,0.22785109,0.23384981,False
ETTh2,CNN,7,80,0.22624813,0.23338352,False
ETTh2,CNN,42,1,0.30751797,0.29976452,False
ETTh2,CNN,42,2,0.30304441,0.28555919,False
ETTh2,CNN,42,3,0.28873119,0.28101571,False
ETTh2,CNN,42,4,0.2429432,0.27082282,False
ETTh2,CNN,42,5,0.2628418,0.25980502,False
ETTh2,CNN,42,6,0.25655348,0.25386723,True
ETTh2,CNN,42,7,0.2479554,0.26421166,False
ETTh2,CNN,42,8,0.25904228,0.26255587,False
ETTh2,CNN,42,9,0.29466533,0.26023453,False
ETTh2,CNN,42,10,0.25456288,0.26153009,False
ETTh2,CNN,42,11,0.24494676,0.26241361,False
ETTh2,CNN,42,12,0.25443319,0.25182423,False
ETTh2,CNN,42,13,0.26345992,0.2527029,False
ETTh2,CNN,42,14,0.24171841,0.25691174,False
ETTh2,CNN,42,15,0.25895624,0.25540849,False
ETTh2,CNN,42,16,0.26599096,0.25613045,False
ETTh2,CNN,42,17,0.24691691,0.25409316,False
ETTh2,CNN,42,18,0.26706973,0.25347309,False
ETTh2,CNN,42,19,0.23153193,0.2582389,False
ETTh2,CNN,42,20,0.25585593,0.26133713,False
ETTh2,CNN,42,21,0.28982002,0.27085673,False
ETTh2,CNN,42,22,0.26240802,0.27959287,False
ETTh2,CNN,42,23,0.31466774,0.2764554,False
ETTh2,CNN,42,24,0.27521265,0.26505814,False
ETTh2,CNN,42,25,0.24016859,0.26284599,False
ETTh2,CNN,42,26,0.23283369,0.24812795,False
ETTh2,CNN,42,27,0.25134726,0.2395192,False
ETTh2,CNN,42,28,0.24107757,0.23688022,False
ETTh2,CNN,42,29,0.23216886,0.23970608,False
ETTh2,CNN,42,30,0.2269737,0.23880757,False
ETTh2,CNN,42,31,0.246963,0.23805637,False
ETTh2,CNN,42,32,0.2468547,0.24575802,False
ETTh2,CNN,42,33,0.2373216,0.25090047,False
ETTh2,CNN,42,34,0.27067711,0.24697979,False
ETTh2,CNN,42,35,0.25268592,0.24786819,False
ETTh2,CNN,42,36,0.2273596,0.24426429,False
ETTh2,CNN,42,37,0.25129673,0.24076743,False
ETTh2,CNN,42,38,0.21930207,0.2405259,False
ETTh2,CNN,42,39,0.25319285,0.244178,False
ETTh2,CNN,42,40,0.25147825,0.24074644,False
ETTh2,CNN,42,41,0.24562013,0.2445498,False
ETTh2,CNN,42,42,0.23413891,0.2483523,False
ETTh2,CNN,42,43,0.23831888,0.25258156,False
ETTh2,CNN,42,44,0.27220535,0.25802519,False
ETTh2,CNN,42,45,0.27262453,0.2579398,False
ETTh2,CNN,42,46,0.2728383,0.26103022,False
ETTh2,CNN,42,47,0.23371191,0.25840529,False
ETTh2,CNN,42,48,0.25377102,0.24997403,False
ETTh2,CNN,42,49,0.25908066,0.24430855,False
ETTh2,CNN,42,50,0.23046824,0.2441021,False
ETTh2,CNN,42,51,0.24451092,0.24880956,False
ETTh2,CNN,42,52,0.23267968,0.24721767,False
ETTh2,CNN,42,53,0.27730828,0.2719242,False
ETTh2,CNN,42,54,0.25112125,0.26918939,False
ETTh2,CNN,42,55,0.35400086,0.28282497,False
ETTh2,CNN,42,56,0.23083687,0.28610231,False
ETTh2,CNN,42,57,0.30085757,0.28384256,False
ETTh2,CNN,42,58,0.29369501,0.26107756,False
ETTh2,CNN,42,59,0.23982251,0.26441329,False
ETTh2,CNN,42,60,0.24017585,0.26698846,False
ETTh2,CNN,42,61,0.2475155,0.25524363,False
ETTh2,CNN,42,62,0.31373345,0.26469805,False
ETTh2,CNN,42,63,0.23497085,0.2631119,False
ETTh2,CNN,42,64,0.28709462,0.26733736,False
ETTh2,CNN,42,65,0.2322451,0.2590086,False
ETTh2,CNN,42,66,0.2686428,0.26465517,False
ETTh2,CNN,42,67,0.27208963,0.25662727,False
ETTh2,CNN,42,68,0.26320369,0.25517171,False
ETTh2,CNN,42,69,0.24695512,0.24753362,False
ETTh2,CNN,42,70,0.22496731,0.23923839,False
ETTh2,CNN,42,71,0.23045235,0.23801556,False
ETTh2,CNN,42,72,0.23061348,0.23782513,False
ETTh2,CNN,42,73,0.25708953,0.24535061,False
ETTh2,CNN,42,74,0.24600299,0.25357952,False
ETTh2,CNN,42,75,0.26259471,0.2619183,False
ETTh2,CNN,42,76,0.27159688,0.26841242,False
ETTh2,CNN,42,77,0.2723074,0.27382203,False
ETTh2,CNN,42,78,0.28956011,0.26972455,False
ETTh2,CNN,42,79,0.27305103,0.26925647,False
ETTh2,CNN,42,80,0.24210734,0.2682395,False
ETTh2,CNN,123,1,0.28174638,0.27903102,False
ETTh2,CNN,123,2,0.27567942,0.28051525,False
ETTh2,CNN,123,3,0.27966726,0.27872923,False
ETTh2,CNN,123,4,0.28496795,0.27160955,False
ETTh2,CNN,123,5,0.27158516,0.26227677,False
ETTh2,CNN,123,6,0.24614798,0.25389294,False
ETTh2,CNN,123,7,0.2290155,0.25058115,False
ETTh2,CNN,123,8,0.23774812,0.24492017,True
ETTh2,CNN,123,9,0.268409,0.25050005,False
ETTh2,CNN,123,10,0.24328023,0.25212482,False
ETTh2,CNN,123,11,0.27404739,0.26203198,False
ETTh2,CNN,123,12,0.23713935,0.25599706,False
ETTh2,CNN,123,13,0.28728394,0.26189837,False
ETTh2,CNN,123,14,0.2382344,0.25553492,False
ETTh2,CNN,123,15,0.27278676,0.25734029,False
ETTh2,CNN,123,16,0.24223017,0.25075334,False
ETTh2,CNN,123,17,0.2461662,0.25231369,False
ETTh2,CNN,123,18,0.25434918,0.25869461,False
ETTh2,CNN,123,19,0.24603616,0.26004988,False
ETTh2,CNN,123,20,0.30469133,0.26019133,False
ETTh2,CNN,123,21,0.24900655,0.25445965,False
ETTh2,CNN,123,22,0.24687345,0.25337861,False
ETTh2,CNN,123,23,0.22569076,0.23656508,False
ETTh2,CNN,123,24,0.24063095,0.23595024,False
ETTh2,CNN,123,25,0.22062366,0.24810246,False
ETTh2,CNN,123,26,0.24593236,0.24789829,False
ETTh2,CNN,123,27,0.30763457,0.24624784,False
ETTh2,CNN,123,28,0.22466989,0.25312807,False
ETTh2,CNN,123,29,0.23237874,0.25200761,False
ETTh2,CNN,123,30,0.2550248,0.24164457,False
ETTh2,CNN,123,31,0.24033005,0.25219014,False
ETTh2,CNN,123,32,0.25581935,0.25788824,False
ETTh2,CNN,123,33,0.27739776,0.25456325,False
ETTh2,CNN,123,34,0.26086922,0.25160355,False
ETTh2,CNN,123,35,0.23839985,0.25199836,False
ETTh2,CNN,123,36,0.22553159,0.25445417,False
ETTh2,CNN,123,37,0.25779341,0.25838341,False
ETTh2,CNN,123,38,0.28967678,0.25815083,False
ETTh2,CNN,123,39,0.28051543,0.26583825,False
ETTh2,CNN,123,40,0.23723692,0.27123348,False
ETTh2,CNN,123,41,0.26396869,0.26576424,False
ETTh2,CNN,123,42,0.28476957,0.25979569,False
ETTh2,CNN,123,43,0.26233059,0.26912104,False
ETTh2,CNN,123,44,0.2506727,0.29625714,False
ETTh2,CNN,123,45,0.28386365,0.29619402,False
ETTh2,CNN,123,46,0.39964921,0.29053407,False
ETTh2,CNN,123,47,0.28445396,0.29000363,False
ETTh2,CNN,123,48,0.23403084,0.28619894,False
ETTh2,CNN,123,49,0.24802049,0.25559844,False
ETTh2,CNN,123,50,0.26484019,0.24336992,False
ETTh2,CNN,123,51,0.24664671,0.24886167,False
ETTh2,CNN,123,52,0.22331135,0.24823618,False
ETTh2,CNN,123,53,0.26148962,0.2404433,False
ETTh2,CNN,123,54,0.24489302,0.24243673,False
ETTh2,CNN,123,55,0.22587579,0.25103593,False
ETTh2,CNN,123,56,0.25661385,0.24870237,False
ETTh2,CNN,123,57,0.26630735,0.25191383,False
ETTh2,CNN,123,58,0.24982184,0.25927582,False
ETTh2,CNN,123,59,0.2609503,0.26047165,False
ETTh2,CNN,123,60,0.26268575,0.25842248,False
ETTh2,CNN,123,61,0.26259303,0.25610092,False
ETTh2,CNN,123,62,0.2560615,0.25373896,False
ETTh2,CNN,123,63,0.23821404,0.2505197,False
ETTh2,CNN,123,64,0.24914048,0.2551944,False
ETTh2,CNN,123,65,0.24658945,0.25694173,False
ETTh2,CNN,123,66,0.28596653,0.25963933,False
ETTh2,CNN,123,67,0.26479812,0.25848181,False
ETTh2,CNN,123,68,0.25170209,0.25886737,False
ETTh2,CNN,123,69,0.24335287,0.25336083,False
ETTh2,CNN,123,70,0.24851726,0.26641565,False
ETTh2,CNN,123,71,0.25843383,0.26473338,False
ETTh2,CNN,123,72,0.33007223,0.27364745,False
ETTh2,CNN,123,73,0.24329073,0.27473365,False
ETTh2,CNN,123,74,0.28792318,0.29008002,False
ETTh2,CNN,123,75,0.25394827,0.28430628,False
ETTh2,CNN,123,76,0.33516571,0.28712649,False
ETTh2,CNN,123,77,0.30120351,0.27991908,False
ETTh2,CNN,123,78,0.25739177,0.27681649,False
ETTh2,CNN,123,79,0.25188615,0.26222918,False
ETTh2,CNN,123,80,0.23843529,0.24923774,False
ETTm1,DLinear,7,1,0.42016946,0.40972925,False
ETTm1,DLinear,7,2,0.40607238,0.40741048,False
ETTm1,DLinear,7,3,0.40294592,0.40542938,False
ETTm1,DLinear,7,4,0.40045416,0.40086697,False
ETTm1,DLinear,7,5,0.39750498,0.39916746,False
ETTm1,DLinear,7,6,0.39735741,0.39791331,False
ETTm1,DLinear,7,7,0.39757481,0.39691245,False
ETTm1,DLinear,7,8,0.39667521,0.39683288,True
ETTm1,DLinear,7,9,0.39544984,0.39705075,False
ETTm1,DLinear,7,10,0.39710715,0.39695685,False
ETTm1,DLinear,7,11,0.39844676,0.39671474,False
ETTm1,DLinear,7,12,0.39710531,0.39669266,False
ETTm1,DLinear,7,13,0.39546462,0.39667947,False
ETTm1,DLinear,7,14,0.39533946,0.39623097,False
ETTm1,DLinear,7,15,0.3970412,0.39602176,False
ETTm1,DLinear,7,16,0.39620425,0.39630928,False
ETTm1,DLinear,7,17,0.39605926,0.39626946,False
ETTm1,DLinear,7,18,0.39690223,0.39630942,False
ETTm1,DLinear,7,19,0.39514034,0.3962792,False
ETTm1,DLinear,7,20,0.39724103,0.39661897,False
ETTm1,DLinear,7,21,0.39605313,0.39662117,False
ETTm1,DLinear,7,22,0.39775814,0.39692927,False
ETTm1,DLinear,7,23,0.3969132,0.39692867,False
ETTm1,DLinear,7,24,0.39668087,0.39709831,False
ETTm1,DLinear,7,25,0.397238,0.39684907,False
ETTm1,DLinear,7,26,0.39690134,0.39670779,False
ETTm1,DLinear,7,27,0.39651195,0.39689328,False
ETTm1,DLinear,7,28,0.3962068,0.39692892,False
ETTm1,DLinear,7,29,0.39760834,0.39668683,False
ETTm1,DLinear,7,30,0.39741619,0.39696642,False
ETTm1,DLinear,7,31,0.39569088,0.39742064,False
ETTm1,DLinear,7,32,0.39790989,0.39735889,False
ETTm1,DLinear,7,33,0.3984779,0.3972611,False
ETTm1,DLinear,7,34,0.39729962,0.39738808,False
ETTm1,DLinear,7,35,0.3969272,0.39713608,False
ETTm1,DLinear,7,36,0.39632577,0.39669566,False
ETTm1,DLinear,7,37,0.39664992,0.3965606,False
ETTm1,DLinear,7,38,0.39627579,0.3964313,False
ETTm1,DLinear,7,39,0.39662432,0.39675033,False
ETTm1,DLinear,7,40,0.39628071,0.39696825,False
ETTm1,DLinear,7,41,0.39792091,0.39699826,False
ETTm1,DLinear,7,42,0.39773954,0.39710956,False
ETTm1,DLinear,7,43,0.3964258,0.39695786,False
ETTm1,DLinear,7,44,0.39718086,0.39645499,False
ETTm1,DLinear,7,45,0.39552219,0.39635605,False
ETTm1,DLinear,7,46,0.39540655,0.39632355,False
ETTm1,DLinear,7,47,0.39724483,0.39596963,False
ETTm1,DLinear,7,48,0.39626333,0.39613172,False
ETTm1,DLinear,7,49,0.39541123,0.39618158,False
ETTm1,DLinear,7,50,0.39633267,0.39611319,False
ETTm1,DLinear,7,51,0.39565586,0.39617299,False
ETTm1,DLinear,7,52,0.39690286,0.39637268,False
ETTm1,DLinear,7,53,0.39656231,0.39666525,False
ETTm1,DLinear,7,54,0.39640968,0.3968343,False
ETTm1,DLinear,7,55,0.39779556,0.39650459,False
ETTm1,DLinear,7,56,0.39650109,0.39654116,False
ETTm1,DLinear,7,57,0.3952543,0.39672585,False
ETTm1,DLinear,7,58,0.39674515,0.39643173,False
ETTm1,DLinear,7,59,0.39733314,0.39639263,False
ETTm1,DLinear,7,60,0.39632496,0.39651845,False
ETTm1,DLinear,7,61,0.39630558,0.39620645,False
ETTm1,DLinear,7,62,0.39588343,0.39595914,False
ETTm1,DLinear,7,63,0.39518512,0.39591378,False
ETTm1,DLinear,7,64,0.39609663,0.39610379,False
ETTm1,DLinear,7,65,0.39609816,0.39611306,False
ETTm1,DLinear,7,66,0.3972556,0.3964204,False
ETTm1,DLinear,7,67,0.3959298,0.39638958,False
ETTm1,DLinear,7,68,0.39672181,0.39682518,False
ETTm1,DLinear,7,69,0.39594255,0.39647505,False
ETTm1,DLinear,7,70,0.39827614,0.39650888,False
ETTm1,DLinear,7,71,0.39550493,0.3965573,False
ETTm1,DLinear,7,72,0.39609895,0.39657712,False
ETTm1,DLinear,7,73,0.39696391,0.39625116,False
ETTm1,DLinear,7,74,0.39604166,0.3963626,False
ETTm1,DLinear,7,75,0.39664636,0.39646664,False
ETTm1,DLinear,7,76,0.39606211,0.39671463,False
ETTm1,DLinear,7,77,0.39661915,0.39688475,False
ETTm1,DLinear,7,78,0.39820385,0.39687968,False
ETTm1,DLinear,7,79,0.39689231,0.39708407,False
ETTm1,DLinear,7,80,0.39662096,0.39723904,False
ETTm1,DLinear,42,1,0.4202079,0.4101463,False
ETTm1,DLinear,42,2,0.40732926,0.40750246,False
ETTm1,DLinear,42,3,0.40290172,0.40566414,False
ETTm1,DLinear,42,4,0.39957095,0.40112027,False
ETTm1,DLinear,42,5,0.39831085,0.39916528,False
ETTm1,DLinear,42,6,0.39748855,0.39794923,False
ETTm1,DLinear,42,7,0.39755432,0.39747922,False
ETTm1,DLinear,42,8,0.39682147,0.39706173,True
ETTm1,DLinear,42,9,0.39722093,0.39663025,False
ETTm1,DLinear,42,10,0.39622337,0.39642609,False
ETTm1,DLinear,42,11,0.39533115,0.39644769,False
ETTm1,DLinear,42,12,0.39653355,0.39643055,False
ETTm1,DLinear,42,13,0.39692946,0.39647279,False
ETTm1,DLinear,42,14,0.39713523,0.39676702,False
ETTm1,DLinear,42,15,0.39643455,0.39644461,False
ETTm1,DLinear,42,16,0.39680234,0.39643368,False
ETTm1,DLinear,42,17,0.39492145,0.39651985,False
ETTm1,DLinear,42,18,0.39687483,0.39640753,False
ETTm1,DLinear,42,19,0.39756607,0.39628365,False
ETTm1,DLinear,42,20,0.39587294,0.39691566,False
ETTm1,DLinear,42,21,0.39618296,0.39730592,False
ETTm1,DLinear,42,22,0.39808148,0.39716435,False
ETTm1,DLinear,42,23,0.39882615,0.39719322,False
ETTm1,DLinear,42,24,0.39685821,0.39757047,False
ETTm1,DLinear,42,25,0.39601729,0.39731603,False
ETTm1,DLinear,42,26,0.39806919,0.39675493,False
ETTm1,DLinear,42,27,0.3968093,0.39671791,False
ETTm1,DLinear,42,28,0.39602065,0.39680009,False
ETTm1,DLinear,42,29,0.3966731,0.39649265,False
ETTm1,DLinear,42,30,0.3964282,0.39625607,False
ETTm1,DLinear,42,31,0.39653201,0.39653249,False
ETTm1,DLinear,42,32,0.3956264,0.3964056,False
ETTm1,DLinear,42,33,0.39740275,0.39652893,False
ETTm1,DLinear,42,34,0.39603866,0.39647187,False
ETTm1,DLinear,42,35,0.39704484,0.39684981,False
ETTm1,DLinear,42,36,0.39624673,0.39670872,False
ETTm1,DLinear,42,37,0.39751607,0.3970441,False
ETTm1,DLinear,42,38,0.3966973,0.39707506,False
ETTm1,DLinear,42,39,0.39771555,0.39724914,False
ETTm1,DLinear,42,40,0.39719964,0.3968216,False
ETTm1,DLinear,42,41,0.39711713,0.39654612,False
ETTm1,DLinear,42,42,0.39537839,0.39616393,False
ETTm1,DLinear,42,43,0.3953199,0.39615465,False
ETTm1,DLinear,42,44,0.39580458,0.39606053,False
ETTm1,DLinear,42,45,0.39715326,0.39638392,False
ETTm1,DLinear,42,46,0.39664651,0.39680228,False
ETTm1,DLinear,42,47,0.39699535,0.39721909,False
ETTm1,DLinear,42,48,0.39741169,0.39727419,False
ETTm1,DLinear,42,49,0.39788865,0.39720963,False
ETTm1,DLinear,42,50,0.39742875,0.39726017,False
ETTm1,DLinear,42,51,0.39632372,0.39721856,False
ETTm1,DLinear,42,52,0.39724806,0.39680153,False
ETTm1,DLinear,42,53,0.39720363,0.39647467,False
ETTm1,DLinear,42,54,0.39580351,0.39664943,False
ETTm1,DLinear,42,55,0.39579442,0.39643989,False
ETTm1,DLinear,42,56,0.39719753,0.39613849,False
ETTm1,DLinear,42,57,0.39620034,0.39601936,False
ETTm1,DLinear,42,58,0.39569667,0.39604223,False
ETTm1,DLinear,42,59,0.39520785,0.39572268,False
ETTm1,DLinear,42,60,0.39590875,0.39574021,False
ETTm1,DLinear,42,61,0.3955998,0.39597783,False
ETTm1,DLinear,42,62,0.39628795,0.39632814,False
ETTm1,DLinear,42,63,0.39688477,0.39637574,False
ETTm1,DLinear,42,64,0.39695943,0.39677234,False
ETTm1,DLinear,42,65,0.39614673,0.3967994,False
ETTm1,DLinear,42,66,0.39758281,0.39669798,False
ETTm1,DLinear,42,67,0.39642328,0.39671585,False
ETTm1,DLinear,42,68,0.39637763,0.39678342,False
ETTm1,DLinear,42,69,0.39704879,0.39669688,False
ETTm1,DLinear,42,70,0.39648459,0.39687676,False
ETTm1,DLinear,42,71,0.3971501,0.39728997,False
ETTm1,DLinear,42,72,0.3973227,0.39710272,False
ETTm1,DLinear,42,73,0.39844368,0.3969513,False
ETTm1,DLinear,42,74,0.39611254,0.39705809,False
ETTm1,DLinear,42,75,0.39572746,0.39681259,False
ETTm1,DLinear,42,76,0.39768407,0.39641269,False
ETTm1,DLinear,42,77,0.39609519,0.39653518,False
ETTm1,DLinear,42,78,0.39644417,0.39679698,False
ETTm1,DLinear,42,79,0.39672501,0.3965752,False
ETTm1,DLinear,42,80,0.39703644,0.39673521,False
ETTm1,DLinear,123,1,0.42106555,0.40997097,False
ETTm1,DLinear,123,2,0.40660679,0.40765591,False
ETTm1,DLinear,123,3,0.40224057,0.40584782,False
ETTm1,DLinear,123,4,0.40071075,0.40146325,True
ETTm1,DLinear,123,5,0.39861544,0.39967193,False
ETTm1,DLinear,123,6,0.3991427,0.39856499,False
ETTm1,DLinear,123,7,0.3976502,0.39796214,False
ETTm1,DLinear,123,8,0.39670587,0.39778749,False
ETTm1,DLinear,123,9,0.3976965,0.3974497,False
ETTm1,DLinear,123,10,0.39774217,0.3975985,False
ETTm1,DLinear,123,11,0.39745376,0.39777963,False
ETTm1,DLinear,123,12,0.39839419,0.39749144,False
ETTm1,DLinear,123,13,0.39761154,0.39728569,False
ETTm1,DLinear,123,14,0.39625554,0.39682054,False
ETTm1,DLinear,123,15,0.39671342,0.39652721,False
ETTm1,DLinear,123,16,0.39512801,0.39648754,False
ETTm1,DLinear,123,17,0.39692754,0.39649247,False
ETTm1,DLinear,123,18,0.39741318,0.39642131,False
ETTm1,DLinear,123,19,0.3962802,0.39677472,False
ETTm1,DLinear,123,20,0.39635764,0.39663683,False
ETTm1,DLinear,123,21,0.39689505,0.39660194,False
ETTm1,DLinear,123,22,0.39623805,0.39648819,False
ETTm1,DLinear,123,23,0.39723877,0.39690594,False
ETTm1,DLinear,123,24,0.39571142,0.39690694,False
ETTm1,DLinear,123,25,0.3984464,0.39695365,False
ETTm1,DLinear,123,26,0.39690006,0.39685841,False
ETTm1,DLinear,123,27,0.39647162,0.39682164,False
ETTm1,DLinear,123,28,0.39676254,0.39618257,False
ETTm1,DLinear,123,29,0.39552757,0.3960636,False
ETTm1,DLinear,123,30,0.39525103,0.39601972,False
ETTm1,DLinear,123,31,0.39630525,0.39601163,False
ETTm1,DLinear,123,32,0.3962522,0.39641724,False
ETTm1,DLinear,123,33,0.3967221,0.39683264,False
ETTm1,DLinear,123,34,0.3975556,0.39672222,False
ETTm1,DLinear,123,35,0.39732805,0.39662586,False
ETTm1,DLinear,123,36,0.39575315,0.39646646,False
ETTm1,DLinear,123,37,0.39577042,0.39633528,False
ETTm1,DLinear,123,38,0.39592507,0.3965288,False
ETTm1,DLinear,123,39,0.39689973,0.39664742,False
ETTm1,DLinear,123,40,0.39829562,0.39666724,False
ETTm1,DLinear,123,41,0.39634623,0.39675267,False
ETTm1,DLinear,123,42,0.39586954,0.3965276,False
ETTm1,DLinear,123,43,0.39635223,0.39639057,False
ETTm1,DLinear,123,44,0.39577438,0.39631864,False
ETTm1,DLinear,123,45,0.39761045,0.39647629,False
ETTm1,DLinear,123,46,0.39598659,0.39641712,False
ETTm1,DLinear,123,47,0.39665783,0.39666364,False
ETTm1,DLinear,123,48,0.39605634,0.39684069,False
ETTm1,DLinear,123,49,0.39700699,0.39696314,False
ETTm1,DLinear,123,50,0.39849571,0.39682861,False
ETTm1,DLinear,123,51,0.39659882,0.39702787,False
ETTm1,DLinear,123,52,0.39598519,0.39715155,False
ETTm1,DLinear,123,53,0.39705267,0.39674457,False
ETTm1,DLinear,123,54,0.39762536,0.39663143,False
ETTm1,DLinear,123,55,0.39646081,0.396537,False
ETTm1,DLinear,123,56,0.3960331,0.396423,False
ETTm1,DLinear,123,57,0.39551307,0.39619792,False
ETTm1,DLinear,123,58,0.39648268,0.39600763,False
ETTm1,DLinear,123,59,0.39649995,0.39604766,False
ETTm1,DLinear,123,60,0.39550935,0.39621952,False
ETTm1,DLinear,123,61,0.39623327,0.39581718,False
ETTm1,DLinear,123,62,0.39637235,0.39576843,False
ETTm1,DLinear,123,63,0.394471,0.39599561,False
ETTm1,DLinear,123,64,0.39625616,0.39596826,False
ETTm1,DLinear,123,65,0.39664529,0.39618687,False
ETTm1,DLinear,123,66,0.39609651,0.39666796,False
ETTm1,DLinear,123,67,0.39746538,0.39674489,False
ETTm1,DLinear,123,68,0.39687648,0.39680175,False
ETTm1,DLinear,123,69,0.39664079,0.39722819,False
ETTm1,DLinear,123,70,0.39692959,0.39698119,False
ETTm1,DLinear,123,71,0.39822869,0.39731712,False
ETTm1,DLinear,123,72,0.39623043,0.39721628,False
ETTm1,DLinear,123,73,0.39855612,0.39712813,False
ETTm1,DLinear,123,74,0.39613659,0.39699296,False
ETTm1,DLinear,123,75,0.39648884,0.39715773,False
ETTm1,DLinear,123,76,0.39755282,0.39677964,False
ETTm1,DLinear,123,77,0.39705426,0.39672787,False
ETTm1,DLinear,123,78,0.39666568,0.39654673,False
ETTm1,DLinear,123,79,0.39587776,0.39629521,False
ETTm1,DLinear,123,80,0.39558313,0.39604219,False
ETTm1,MLP,7,1,0.4691692,0.44249686,False
ETTm1,MLP,7,2,0.43372168,0.43686133,False
ETTm1,MLP,7,3,0.4245997,0.43300567,False
ETTm1,MLP,7,4,0.41995475,0.42244705,False
ETTm1,MLP,7,5,0.41758303,0.4188453,False
ETTm1,MLP,7,6,0.41637609,0.41685729,True
ETTm1,MLP,7,7,0.41571292,0.41584952,False
ETTm1,MLP,7,8,0.41465967,0.41508631,False
ETTm1,MLP,7,9,0.41491588,0.41454775,False
ETTm1,MLP,7,10,0.41376698,0.41391514,False
ETTm1,MLP,7,11,0.4136833,0.41393854,False
ETTm1,MLP,7,12,0.41254987,0.41319249,False
ETTm1,MLP,7,13,0.41477667,0.41260472,False
ETTm1,MLP,7,14,0.41118562,0.41247303,False
ETTm1,MLP,7,15,0.41082811,0.41224354,False
ETTm1,MLP,7,16,0.41302485,0.41124441,False
ETTm1,MLP,7,17,0.41140244,0.41137961,False
ETTm1,MLP,7,18,0.409781,0.41156708,False
ETTm1,MLP,7,19,0.41186167,0.41130005,False
ETTm1,MLP,7,20,0.41176546,0.41137947,False
ETTm1,MLP,7,21,0.41168966,0.41147356,False
ETTm1,MLP,7,22,0.41179955,0.41147618,False
ETTm1,MLP,7,23,0.41025147,0.41091961,False
ETTm1,MLP,7,24,0.41187475,0.41027601,False
ETTm1,MLP,7,25,0.40898261,0.41017353,False
ETTm1,MLP,7,26,0.40847168,0.41021977,False
ETTm1,MLP,7,27,0.41128713,0.40967845,False
ETTm1,MLP,7,28,0.41048269,0.4099359,False
ETTm1,MLP,7,29,0.40916813,0.41028628,False
ETTm1,MLP,7,30,0.41026987,0.40955196,False
ETTm1,MLP,7,31,0.41022357,0.40933352,False
ETTm1,MLP,7,32,0.40761552,0.40953036,False
ETTm1,MLP,7,33,0.40939051,0.40903355,False
ETTm1,MLP,7,34,0.41015234,0.40889075,False
ETTm1,MLP,7,35,0.40778579,0.40949523,False
ETTm1,MLP,7,36,0.40950959,0.40965419,False
ETTm1,MLP,7,37,0.4106379,0.40943521,False
ETTm1,MLP,7,38,0.41018532,0.41013245,False
ETTm1,MLP,7,39,0.40905743,0.4100616,False
ETTm1,MLP,7,40,0.41127202,0.40942298,False
ETTm1,MLP,7,41,0.40915533,0.40903974,False
ETTm1,MLP,7,42,0.4074448,0.40876944,False
ETTm1,MLP,7,43,0.40826914,0.40844732,False
ETTm1,MLP,7,44,0.40770594,0.40864377,False
ETTm1,MLP,7,45,0.40966137,0.40915985,False
ETTm1,MLP,7,46,0.41013759,0.41226805,False
ETTm1,MLP,7,47,0.41002523,0.41257499,False
ETTm1,MLP,7,48,0.42381011,0.41278586,False
ETTm1,MLP,7,49,0.40924063,0.41231455,False
ETTm1,MLP,7,50,0.41071576,0.41217856,False
ETTm1,MLP,7,51,0.407781,0.40884086,False
ETTm1,MLP,7,52,0.40934532,0.40869845,False
ETTm1,MLP,7,53,0.40712161,0.4085528,False
ETTm1,MLP,7,54,0.40852854,0.40954747,False
ETTm1,MLP,7,55,0.40998752,0.40958776,False
ETTm1,MLP,7,56,0.41275435,0.41009047,False
ETTm1,MLP,7,57,0.40954679,0.40970611,False
ETTm1,MLP,7,58,0.40963514,0.40881422,False
ETTm1,MLP,7,59,0.40660676,0.40917904,False
ETTm1,MLP,7,60,0.40552804,0.40866382,False
ETTm1,MLP,7,61,0.41457847,0.40844177,False
ETTm1,MLP,7,62,0.40697069,0.40886521,False
ETTm1,MLP,7,63,0.40852488,0.40900259,False
ETTm1,MLP,7,64,0.408724,0.40730477,False
ETTm1,MLP,7,65,0.4062149,0.40794475,False
ETTm1,MLP,7,66,0.40608939,0.40831407,False
ETTm1,MLP,7,67,0.41017058,0.40805242,False
ETTm1,MLP,7,68,0.41037146,0.40845006,False
ETTm1,MLP,7,69,0.40741577,0.40913731,False
ETTm1,MLP,7,70,0.4082031,0.40894051,False
ETTm1,MLP,7,71,0.40952562,0.40803154,False
ETTm1,MLP,7,72,0.4091866,0.41144201,False
ETTm1,MLP,7,73,0.4058266,0.41137747,False
ETTm1,MLP,7,74,0.42446811,0.41162707,False
ETTm1,MLP,7,75,0.40788041,0.41169019,False
ETTm1,MLP,7,76,0.41077362,0.41196266,False
ETTm1,MLP,7,77,0.40950223,0.40867715,False
ETTm1,MLP,7,78,0.40718895,0.40851155,False
ETTm1,MLP,7,79,0.40804053,0.40794604,False
ETTm1,MLP,7,80,0.40705243,0.40742731,False
ETTm1,MLP,42,1,0.47607807,0.44466349,False
ETTm1,MLP,42,2,0.43583145,0.43784425,False
ETTm1,MLP,42,3,0.42208095,0.43345152,False
ETTm1,MLP,42,4,0.41738653,0.4211461,False
ETTm1,MLP,42,5,0.41588061,0.41646196,False
ETTm1,MLP,42,6,0.41455096,0.41476828,False
ETTm1,MLP,42,7,0.41241075,0.41368948,False
ETTm1,MLP,42,8,0.41361253,0.41275983,False
ETTm1,MLP,42,9,0.41199254,0.41210784,True
ETTm1,MLP,42,10,0.41123237,0.412164,False
ETTm1,MLP,42,11,0.41129098,0.4116807,False
ETTm1,MLP,42,12,0.41269157,0.41163404,False
ETTm1,MLP,42,13,0.41119606,0.41158008,False
ETTm1,MLP,42,14,0.41175921,0.41176774,False
ETTm1,MLP,42,15,0.41096259,0.41127717,False
ETTm1,MLP,42,16,0.41222927,0.41099382,False
ETTm1,MLP,42,17,0.41023872,0.4107585,False
ETTm1,MLP,42,18,0.40977932,0.41044174,False
ETTm1,MLP,42,19,0.41058257,0.41000429,False
ETTm1,MLP,42,20,0.40937884,0.40994201,False
ETTm1,MLP,42,21,0.41004202,0.41002947,False
ETTm1,MLP,42,22,0.40992728,0.40992617,False
ETTm1,MLP,42,23,0.41021665,0.41001641,False
ETTm1,MLP,42,24,0.41006607,0.4096847,False
ETTm1,MLP,42,25,0.40983006,0.40970851,False
ETTm1,MLP,42,26,0.40838346,0.40990608,False
ETTm1,MLP,42,27,0.41004633,0.40982177,False
ETTm1,MLP,42,28,0.41120446,0.40998369,False
ETTm1,MLP,42,29,0.40964452,0.41031005,False
ETTm1,MLP,42,30,0.4106397,0.40991764,False
ETTm1,MLP,42,31,0.41001526,0.40943411,False
ETTm1,MLP,42,32,0.40808426,0.40946886,False
ETTm1,MLP,42,33,0.40878679,0.40960479,False
ETTm1,MLP,42,34,0.40981831,0.40948416,False
ETTm1,MLP,42,35,0.41131931,0.41025109,False
ETTm1,MLP,42,36,0.40941212,0.41022113,False
ETTm1,MLP,42,37,0.41191892,0.41002141,False
ETTm1,MLP,42,38,0.40863697,0.41006883,False
ETTm1,MLP,42,39,0.40881971,0.41033664,False
ETTm1,MLP,42,40,0.41155643,0.41010074,False
ETTm1,MLP,42,41,0.41075115,0.41087588,False
ETTm1,MLP,42,42,0.41073942,0.41146653,False
ETTm1,MLP,42,43,0.4125127,0.41151643,False
ETTm1,MLP,42,44,0.41177294,0.41159231,False
ETTm1,MLP,42,45,0.41180596,0.4117833,False
ETTm1,MLP,42,46,0.41113053,0.4115835,False
ETTm1,MLP,42,47,0.41169439,0.41202427,False
ETTm1,MLP,42,48,0.41151369,0.41248701,False
ETTm1,MLP,42,49,0.41397677,0.41289559,False
ETTm1,MLP,42,50,0.41411967,0.41368626,False
ETTm1,MLP,42,51,0.41317342,0.41392658,False
ETTm1,MLP,42,52,0.41564777,0.41387653,False
ETTm1,MLP,42,53,0.41271528,0.41432348,False
ETTm1,MLP,42,54,0.41372652,0.41429841,False
ETTm1,MLP,42,55,0.41635443,0.41351072,False
ETTm1,MLP,42,56,0.41304803,0.41366701,False
ETTm1,MLP,42,57,0.41170936,0.4140853,False
ETTm1,MLP,42,58,0.41349673,0.41337691,False
ETTm1,MLP,42,59,0.41581796,0.41323109,False
ETTm1,MLP,42,60,0.41281247,0.41370682,False
ETTm1,MLP,42,61,0.4123189,0.4142543,False
ETTm1,MLP,42,62,0.41408805,0.41395447,False
ETTm1,MLP,42,63,0.41623412,0.41379324,False
ETTm1,MLP,42,64,0.41431878,0.41414556,False
ETTm1,MLP,42,65,0.41200636,0.4138377,False
ETTm1,MLP,42,66,0.41408048,0.41357888,False
ETTm1,MLP,42,67,0.41254877,0.41338993,False
ETTm1,MLP,42,68,0.41494001,0.41386964,False
ETTm1,MLP,42,69,0.41337404,0.41445782,False
ETTm1,MLP,42,70,0.41440491,0.41459126,False
ETTm1,MLP,42,71,0.41702139,0.41604814,False
ETTm1,MLP,42,72,0.41321598,0.41643923,False
ETTm1,MLP,42,73,0.42222441,0.41683707,False
ETTm1,MLP,42,74,0.41532946,0.41665762,False
ETTm1,MLP,42,75,0.41639414,0.41736067,False
ETTm1,MLP,42,76,0.41612413,0.41568448,False
ETTm1,MLP,42,77,0.4167312,0.41526927,False
ETTm1,MLP,42,78,0.41384347,0.41500794,False
ETTm1,MLP,42,79,0.41325338,0.41472889,False
ETTm1,MLP,42,80,0.4150875,0.41406145,False
ETTm1,MLP,123,1,0.47430232,0.44515766,False
ETTm1,MLP,123,2,0.43726584,0.43879607,False
ETTm1,MLP,123,3,0.42390481,0.43459886,False
ETTm1,MLP,123,4,0.41971132,0.42277466,False
ETTm1,MLP,123,5,0.41781001,0.41842543,False
ETTm1,MLP,123,6,0.41518132,0.41656984,False
ETTm1,MLP,123,7,0.41551969,0.41519389,False
ETTm1,MLP,123,8,0.41462685,0.41425244,False
ETTm1,MLP,123,9,0.41283156,0.41383999,True
ETTm1,MLP,123,10,0.41310277,0.41326193,False
ETTm1,MLP,123,11,0.41311908,0.41280935,False
ETTm1,MLP,123,12,0.41262942,0.41261402,False
ETTm1,MLP,123,13,0.41236392,0.41226181,False
ETTm1,MLP,123,14,0.41185491,0.41180456,False
ETTm1,MLP,123,15,0.41134171,0.41152498,False
ETTm1,MLP,123,16,0.41083283,0.41127278,False
ETTm1,MLP,123,17,0.41123154,0.41124838,False
ETTm1,MLP,123,18,0.4111029,0.41151129,False
ETTm1,MLP,123,19,0.41173294,0.41146915,False
ETTm1,MLP,123,20,0.41265624,0.41166649,False
ETTm1,MLP,123,21,0.41062212,0.41172168,False
ETTm1,MLP,123,22,0.41221822,0.41153831,False
ETTm1,MLP,123,23,0.4113789,0.41118281,False
ETTm1,MLP,123,24,0.41081606,0.41096266,False
ETTm1,MLP,123,25,0.41087875,0.41056469,False
ETTm1,MLP,123,26,0.40952138,0.41036416,False
ETTm1,MLP,123,27,0.41022836,0.41015179,False
ETTm1,MLP,123,28,0.41037624,0.40949973,False
ETTm1,MLP,123,29,0.40975421,0.40930198,False
ETTm1,MLP,123,30,0.40761848,0.40946271,False
ETTm1,MLP,123,31,0.40853263,0.40893157,False
ETTm1,MLP,123,32,0.41103199,0.40878242,False
ETTm1,MLP,123,33,0.40772054,0.41463333,False
ETTm1,MLP,123,34,0.40900844,0.41464312,False
ETTm1,MLP,123,35,0.43687305,0.41446111,False
ETTm1,MLP,123,36,0.4085816,0.41427311,False
ETTm1,MLP,123,37,0.41012193,0.41425788,False
ETTm1,MLP,123,38,0.40678053,0.40893057,False
ETTm1,MLP,123,39,0.40893228,0.40954029,False
ETTm1,MLP,123,40,0.41023649,0.40927598,False
ETTm1,MLP,123,41,0.41163024,0.41094909,False
ETTm1,MLP,123,42,0.40880035,0.41172039,False
ETTm1,MLP,123,43,0.41514609,0.41161743,False
ETTm1,MLP,123,44,0.41278878,0.41091536,False
ETTm1,MLP,123,45,0.40972172,0.41112674,False
ETTm1,MLP,123,46,0.40811987,0.40955756,False
ETTm1,MLP,123,47,0.40985726,0.40875109,False
ETTm1,MLP,123,48,0.40730017,0.40864028,False
ETTm1,MLP,123,49,0.40875642,0.4084927,False
ETTm1,MLP,123,50,0.40916767,0.40847928,False
ETTm1,MLP,123,51,0.40738198,0.40926459,False
ETTm1,MLP,123,52,0.40979016,0.40931193,False
ETTm1,MLP,123,53,0.4112267,0.40908539,False
ETTm1,MLP,123,54,0.40899316,0.40925463,False
ETTm1,MLP,123,55,0.40803497,0.40908124,False
ETTm1,MLP,123,56,0.40822817,0.40799756,False
ETTm1,MLP,123,57,0.40892319,0.40845933,False
ETTm1,MLP,123,58,0.4058083,0.40842072,False
ETTm1,MLP,123,59,0.41130201,0.4085573,False
ETTm1,MLP,123,60,0.40784191,0.4083187,False
ETTm1,MLP,123,61,0.40891111,0.40924698,False
ETTm1,MLP,123,62,0.40773019,0.40890187,False
ETTm1,MLP,123,63,0.41044968,0.40941912,False
ETTm1,MLP,123,64,0.40957647,0.40979123,False
ETTm1,MLP,123,65,0.41042813,0.41019285,False
ETTm1,MLP,123,66,0.41077166,0.41083443,False
ETTm1,MLP,123,67,0.40973833,0.41107052,False
ETTm1,MLP,123,68,0.41365755,0.41138227,False
ETTm1,MLP,123,69,0.41075692,0.4114884,False
ETTm1,MLP,123,70,0.4119869,0.41190033,False
ETTm1,MLP,123,71,0.41130232,0.41151447,False
ETTm1,MLP,123,72,0.41179794,0.41205647,False
ETTm1,MLP,123,73,0.41172827,0.41135746,False
ETTm1,MLP,123,74,0.41346691,0.41142345,False
ETTm1,MLP,123,75,0.40849187,0.41096378,False
ETTm1,MLP,123,76,0.41163225,0.41034956,False
ETTm1,MLP,123,77,0.4094996,0.41002825,False
ETTm1,MLP,123,78,0.40865716,0.41034649,False
ETTm1,MLP,123,79,0.41186036,0.41002505,False
ETTm1,MLP,123,80,0.4100831,0.4102002,False
ETTm1,CNN,7,1,0.43540307,0.42138279,False
ETTm1,CNN,7,2,0.41513971,0.41836863,False
ETTm1,CNN,7,3,0.41360559,0.41735144,False
ETTm1,CNN,7,4,0.40932613,0.41095904,False
ETTm1,CNN,7,5,0.41328268,0.41004639,False
ETTm1,CNN,7,6,0.40344107,0.40737663,False
ETTm1,CNN,7,7,0.41057647,0.40612623,True
ETTm1,CNN,7,8,0.40025679,0.40367882,False
ETTm1,CNN,7,9,0.40307413,0.40521958,False
ETTm1,CNN,7,10,0.40104565,0.4036728,False
ETTm1,CNN,7,11,0.41114488,0.40392658,False
ETTm1,CNN,7,12,0.40284255,0.4034088,False
ETTm1,CNN,7,13,0.40152568,0.40293682,False
ETTm1,CNN,7,14,0.40048523,0.39980484,False
ETTm1,CNN,7,15,0.39868577,0.40079938,False
ETTm1,CNN,7,16,0.39548496,0.39972442,False
ETTm1,CNN,7,17,0.40781523,0.39955723,False
ETTm1,CNN,7,18,0.39615089,0.39919689,False
ETTm1,CNN,7,19,0.39964932,0.39915004,False
ETTm1,CNN,7,20,0.39688404,0.39876355,False
ETTm1,CNN,7,21,0.39525071,0.39981848,False
ETTm1,CNN,7,22,0.40588278,0.39915211,False
ETTm1,CNN,7,23,0.40142554,0.40018338,False
ETTm1,CNN,7,24,0.39631749,0.4032319,False
ETTm1,CNN,7,25,0.40204037,0.4018745,False
ETTm1,CNN,7,26,0.41049333,0.40326418,False
ETTm1,CNN,7,27,0.39909578,0.40526432,False
ETTm1,CNN,7,28,0.40837394,0.40516201,False
ETTm1,CNN,7,29,0.4063182,0.40351541,False
ETTm1,CNN,7,30,0.40152882,0.40389712,False
ETTm1,CNN,7,31,0.40226034,0.40217783,False
ETTm1,CNN,7,32,0.40100431,0.40123341,False
ETTm1,CNN,7,33,0.39977747,0.40075041,False
ETTm1,CNN,7,34,0.40159614,0.40067576,False
ETTm1,CNN,7,35,0.39911377,0.40059221,False
ETTm1,CNN,7,36,0.4018871,0.4003851,False
ETTm1,CNN,7,37,0.40058655,0.39925189,False
ETTm1,CNN,7,38,0.39874194,0.40021609,False
ETTm1,CNN,7,39,0.39593011,0.39979542,False
ETTm1,CNN,7,40,0.40393475,0.3993806,False
ETTm1,CNN,7,41,0.39978373,0.40090779,False
ETTm1,CNN,7,42,0.39851246,0.4015709,False
ETTm1,CNN,7,43,0.4063779,0.40271466,False
ETTm1,CNN,7,44,0.39924565,0.40245339,False
ETTm1,CNN,7,45,0.40965354,0.40564007,False
ETTm1,CNN,7,46,0.39847742,0.40475602,False
ETTm1,CNN,7,47,0.41444583,0.40581948,False
ETTm1,CNN,7,48,0.40195769,0.40320929,False
ETTm1,CNN,7,49,0.4045629,0.40303583,False
ETTm1,CNN,7,50,0.39660261,0.40031982,False
ETTm1,CNN,7,51,0.3976101,0.40012593,False
ETTm1,CNN,7,52,0.4008658,0.39918183,False
ETTm1,CNN,7,53,0.40098825,0.40070904,False
ETTm1,CNN,7,54,0.3998424,0.40152375,False
ETTm1,CNN,7,55,0.40423864,0.40289066,False
ETTm1,CNN,7,56,0.40168365,0.40442703,False
ETTm1,CNN,7,57,0.40770034,0.4045287,False
ETTm1,CNN,7,58,0.40867014,0.40346099,False
ETTm1,CNN,7,59,0.40035071,0.40297901,False
ETTm1,CNN,7,60,0.39890012,0.40089554,False
ETTm1,CNN,7,61,0.39927374,0.39924914,False
ETTm1,CNN,7,62,0.39728299,0.39917791,False
ETTm1,CNN,7,63,0.40043814,0.39861215,False
ETTm1,CNN,7,64,0.39999458,0.39933641,False
ETTm1,CNN,7,65,0.39607128,0.39912229,False
ETTm1,CNN,7,66,0.40289507,0.39940881,False
ETTm1,CNN,7,67,0.39621239,0.39838384,False
ETTm1,CNN,7,68,0.40187075,0.39897863,False
ETTm1,CNN,7,69,0.39486969,0.39887261,False
ETTm1,CNN,7,70,0.39904523,0.39969982,False
ETTm1,CNN,7,71,0.40236498,0.40036485,False
ETTm1,CNN,7,72,0.40034846,0.40209523,False
ETTm1,CNN,7,73,0.40519589,0.40265867,False
ETTm1,CNN,7,74,0.40352159,0.40177957,False
ETTm1,CNN,7,75,0.40186241,0.4020493,False
ETTm1,CNN,7,76,0.39796952,0.40116323,False
ETTm1,CNN,7,77,0.40169711,0.39998127,False
ETTm1,CNN,7,78,0.40076553,0.39954283,False
ETTm1,CNN,7,79,0.39761178,0.39993615,False
ETTm1,CNN,7,80,0.39967019,0.39934917,False
ETTm1,CNN,42,1,0.43378926,0.42285667,False
ETTm1,CNN,42,2,0.41626884,0.41957052,False
ETTm1,CNN,42,3,0.4185119,0.41727073,False
ETTm1,CNN,42,4,0.40971207,0.41134806,False
ETTm1,CNN,42,5,0.4080716,0.40931161,False
ETTm1,CNN,42,6,0.40417587,0.4066187,True
ETTm1,CNN,42,7,0.40608659,0.40454256,False
ETTm1,CNN,42,8,0.40504736,0.40378508,False
ETTm1,CNN,42,9,0.39933137,0.40394095,False
ETTm1,CNN,42,10,0.4042842,0.40372387,False
ETTm1,CNN,42,11,0.40495521,0.40332979,False
ETTm1,CNN,42,12,0.4050012,0.40316542,False
ETTm1,CNN,42,13,0.40307698,0.40249531,False
ETTm1,CNN,42,14,0.39850952,0.4018529,False
ETTm1,CNN,42,15,0.40093362,0.40052315,False
ETTm1,CNN,42,16,0.4017432,0.39978096,False
ETTm1,CNN,42,17,0.39835242,0.399841,False
ETTm1,CNN,42,18,0.39936604,0.40005346,False
ETTm1,CNN,42,19,0.39880974,0.39979912,False
ETTm1,CNN,42,20,0.40199592,0.40045186,False
ETTm1,CNN,42,21,0.40047148,0.40087407,False
ETTm1,CNN,42,22,0.40161612,0.40151806,False
ETTm1,CNN,42,23,0.4014771,0.40249318,False
ETTm1,CNN,42,24,0.40202967,0.40208427,False
ETTm1,CNN,42,25,0.40687151,0.40194874,False
ETTm1,CNN,42,26,0.39842695,0.40127739,False
ETTm1,CNN,42,27,0.40093846,0.40045393,False
ETTm1,CNN,42,28,0.39812037,0.39946967,False
ETTm1,CNN,42,29,0.39791237,0.39988873,False
ETTm1,CNN,42,30,0.40195022,0.39926238,False
ETTm1,CNN,42,31,0.40052221,0.4003394,False
ETTm1,CNN,42,32,0.39780672,0.40126291,False
ETTm1,CNN,42,33,0.40350549,0.40218595,False
ETTm1,CNN,42,34,0.40252991,0.40200359,False
ETTm1,CNN,42,35,0.40656542,0.40225091,False
ETTm1,CNN,42,36,0.3996104,0.40265198,False
ETTm1,CNN,42,37,0.39904332,0.40255798,False
ETTm1,CNN,42,38,0.40551083,0.40288546,False
ETTm1,CNN,42,39,0.40205993,0.40350255,False
ETTm1,CNN,42,40,0.40820281,0.40421034,False
ETTm1,CNN,42,41,0.40269585,0.40259201,False
ETTm1,CNN,42,42,0.40258231,0.40298832,False
ETTm1,CNN,42,43,0.39741917,0.40115263,False
ETTm1,CNN,42,44,0.40404146,0.40032106,False
ETTm1,CNN,42,45,0.39902437,0.39956741,False
ETTm1,CNN,42,46,0.398538,0.40040174,False
ETTm1,CNN,42,47,0.39881408,0.39938962,False
ETTm1,CNN,42,48,0.40159079,0.4009526,False
ETTm1,CNN,42,49,0.39898085,0.40120355,False
ETTm1,CNN,42,50,0.40683927,0.40101875,False
ETTm1,CNN,42,51,0.39979273,0.40093283,False
ETTm1,CNN,42,52,0.39789008,0.4013025,False
ETTm1,CNN,42,53,0.40116123,0.40035925,False
ETTm1,CNN,42,54,0.40082919,0.40015239,False
ETTm1,CNN,42,55,0.40212302,0.40114829,False
ETTm1,CNN,42,56,0.39875842,0.4005805,False
ETTm1,CNN,42,57,0.40286958,0.40135887,False
ETTm1,CNN,42,58,0.39832231,0.40084326,False
ETTm1,CNN,42,59,0.404721,0.40112055,False
ETTm1,CNN,42,60,0.39954498,0.39993566,False
ETTm1,CNN,42,61,0.40014488,0.39992576,False
ETTm1,CNN,42,62,0.39694511,0.39904761,False
ETTm1,CNN,42,63,0.39827283,0.39864322,False
ETTm1,CNN,42,64,0.40033026,0.39771581,False
ETTm1,CNN,42,65,0.39752304,0.39812049,False
ETTm1,CNN,42,66,0.39550783,0.39979703,False
ETTm1,CNN,42,67,0.39896851,0.40018624,False
ETTm1,CNN,42,68,0.40665553,0.40057646,False
ETTm1,CNN,42,69,0.40227629,0.40092278,False
ETTm1,CNN,42,70,0.39947411,0.40072688,False
ETTm1,CNN,42,71,0.39723943,0.39885212,False
ETTm1,CNN,42,72,0.39798905,0.39803597,False
ETTm1,CNN,42,73,0.39728169,0.39763461,False
ETTm1,CNN,42,74,0.39819557,0.39800834,False
ETTm1,CNN,42,75,0.39746728,0.39840057,False
ETTm1,CNN,42,76,0.39910809,0.39924088,False
ETTm1,CNN,42,77,0.39995024,0.39981242,False
ETTm1,CNN,42,78,0.40148322,0.40102445,False
ETTm1,CNN,42,79,0.40105327,0.40150354,False
ETTm1,CNN,42,80,0.40352743,0.40202131,False
ETTm1,CNN,123,1,0.43419624,0.42662652,False
ETTm1,CNN,123,2,0.42470733,0.42510752,False
ETTm1,CNN,123,3,0.42097597,0.42135944,False
ETTm1,CNN,123,4,0.42055053,0.41517832,False
ETTm1,CNN,123,5,0.40636711,0.41122582,False
ETTm1,CNN,123,6,0.40329064,0.40800866,False
ETTm1,CNN,123,7,0.40494487,0.40479216,False
ETTm1,CNN,123,8,0.40489014,0.40342491,True
ETTm1,CNN,123,9,0.40446806,0.40403383,False
ETTm1,CNN,123,10,0.39953086,0.40608462,False
ETTm1,CNN,123,11,0.40633525,0.40526425,False
ETTm1,CNN,123,12,0.41519882,0.40511097,False
ETTm1,CNN,123,13,0.40078826,0.4051227,False
ETTm1,CNN,123,14,0.40370167,0.40410108,False
ETTm1,CNN,123,15,0.3995895,0.40149858,False
ETTm1,CNN,123,16,0.40122714,0.40275488,False
ETTm1,CNN,123,17,0.40218634,0.40228831,False
ETTm1,CNN,123,18,0.40706977,0.40302198,False
ETTm1,CNN,123,19,0.40136879,0.40248141,False
ETTm1,CNN,123,20,0.40325788,0.40284568,False
ETTm1,CNN,123,21,0.3985243,0.40184119,False
ETTm1,CNN,123,22,0.40400764,0.40122331,False
ETTm1,CNN,123,23,0.40204732,0.40108944,False
ETTm1,CNN,123,24,0.39827943,0.40406662,False
ETTm1,CNN,123,25,0.40258853,0.40423319,False
ETTm1,CNN,123,26,0.41341017,0.40465709,False
ETTm1,CNN,123,27,0.4048405,0.40503503,False
ETTm1,CNN,123,28,0.40416681,0.40556487,False
ETTm1,CNN,123,29,0.40016912,0.40255083,False
ETTm1,CNN,123,30,0.40523772,0.40133437,False
ETTm1,CNN,123,31,0.39833996,0.40080517,False
ETTm1,CNN,123,32,0.39875822,0.40105487,False
ETTm1,CNN,123,33,0.40152083,0.40053104,False
ETTm1,CNN,123,34,0.40141764,0.40230758,False
ETTm1,CNN,123,35,0.40261854,0.40449954,False
ETTm1,CNN,123,36,0.40722267,0.40419205,False
ETTm1,CNN,123,37,0.40971801,0.40425428,False
ETTm1,CNN,123,38,0.3999834,0.40520811,False
ETTm1,CNN,123,39,0.40172879,0.40410379,False
ETTm1,CNN,123,40,0.4073877,0.40179559,False
ETTm1,CNN,123,41,0.40170106,0.40266982,False
ETTm1,CNN,123,42,0.39817701,0.40226271,False
ETTm1,CNN,123,43,0.40435456,0.40009703,False
ETTm1,CNN,123,44,0.39969323,0.39923893,False
ETTm1,CNN,123,45,0.39655927,0.40008952,False
ETTm1,CNN,123,46,0.39741058,0.40116866,False
ETTm1,CNN,123,47,0.40242995,0.40271857,False
ETTm1,CNN,123,48,0.40975027,0.40290815,False
ETTm1,CNN,123,49,0.4074428,0.4051887,False
ETTm1,CNN,123,50,0.39750713,0.40683064,False
ETTm1,CNN,123,51,0.40881333,0.40614309,False
ETTm1,CNN,123,52,0.41063966,0.40564708,False
ETTm1,CNN,123,53,0.40631255,0.40721914,False
ETTm1,CNN,123,54,0.40496275,0.40613291,False
ETTm1,CNN,123,55,0.40536739,0.40453578,False
ETTm1,CNN,123,56,0.40338221,0.40380666,False
ETTm1,CNN,123,57,0.40265398,0.40271658,False
ETTm1,CNN,123,58,0.40266699,0.40373761,False
ETTm1,CNN,123,59,0.39951232,0.40216092,False
ETTm1,CNN,123,60,0.41047256,0.40206147,False
ETTm1,CNN,123,61,0.39549876,0.4029866,False
ETTm1,CNN,123,62,0.40215672,0.40261534,False
ETTm1,CNN,123,63,0.40729262,0.39980466,False
ETTm1,CNN,123,64,0.39765603,0.40160901,False
ETTm1,CNN,123,65,0.39641918,0.40230923,False
ETTm1,CNN,123,66,0.40452052,0.40039812,False
ETTm1,CNN,123,67,0.40565779,0.40001805,False
ETTm1,CNN,123,68,0.39773709,0.40103156,False
ETTm1,CNN,123,69,0.39575568,0.3998682,False
ETTm1,CNN,123,70,0.40148673,0.39893795,False
ETTm1,CNN,123,71,0.39870371,0.4005837,False
ETTm1,CNN,123,72,0.40100653,0.40288203,False
ETTm1,CNN,123,73,0.40596585,0.40254797,False
ETTm1,CNN,123,74,0.40724733,0.40503564,False
ETTm1,CNN,123,75,0.39981641,0.40855933,False
ETTm1,CNN,123,76,0.41114208,0.40747336,False
ETTm1,CNN,123,77,0.41862498,0.40629746,False
ETTm1,CNN,123,78,0.40053601,0.40653111,False
ETTm1,CNN,123,79,0.40136782,0.40537837,False
ETTm1,CNN,123,80,0.40098467,0.40096283,False
ETTm2,DLinear,7,1,0.13876003,0.14149016,False
ETTm2,DLinear,7,2,0.14220391,0.1398489,False
ETTm2,DLinear,7,3,0.14350654,0.13906694,False
ETTm2,DLinear,7,4,0.13492513,0.13931825,False
ETTm2,DLinear,7,5,0.13593909,0.13722744,False
ETTm2,DLinear,7,6,0.14001658,0.13554379,False
ETTm2,DLinear,7,7,0.13174984,0.13506911,False
ETTm2,DLinear,7,8,0.13508832,0.13538529,False
ETTm2,DLinear,7,9,0.13255172,0.13388873,False
ETTm2,DLinear,7,10,0.13752,0.13396301,False
ETTm2,DLinear,7,11,0.13253376,0.13322405,False
ETTm2,DLinear,7,12,0.13212127,0.13301697,False
ETTm2,DLinear,7,13,0.13139351,0.13161193,True
ETTm2,DLinear,7,14,0.13151633,0.13181277,False
ETTm2,DLinear,7,15,0.13049479,0.13186645,False
ETTm2,DLinear,7,16,0.13353792,0.13372979,False
ETTm2,DLinear,7,17,0.13238971,0.13428572,False
ETTm2,DLinear,7,18,0.1407102,0.13637737,False
ETTm2,DLinear,7,19,0.13429597,0.13635693,False
ETTm2,DLinear,7,20,0.14095304,0.13631086,False
ETTm2,DLinear,7,21,0.13343575,0.13507908,False
ETTm2,DLinear,7,22,0.13215936,0.13458637,False
ETTm2,DLinear,7,23,0.13455128,0.13354148,False
ETTm2,DLinear,7,24,0.13183241,0.13297588,False
ETTm2,DLinear,7,25,0.1357286,0.13320159,False
ETTm2,DLinear,7,26,0.13060777,0.13289469,False
ETTm2,DLinear,7,27,0.1332879,0.13370923,False
ETTm2,DLinear,7,28,0.13301675,0.13297844,False
ETTm2,DLinear,7,29,0.1359051,0.13340316,False
ETTm2,DLinear,7,30,0.13207468,0.13345802,False
ETTm2,DLinear,7,31,0.13273137,0.13350667,False
ETTm2,DLinear,7,32,0.13356222,0.13365944,False
ETTm2,DLinear,7,33,0.13326,0.133159,False
ETTm2,DLinear,7,34,0.13666894,0.13382465,False
ETTm2,DLinear,7,35,0.12957247,0.13339647,False
ETTm2,DLinear,7,36,0.13605962,0.13289447,False
ETTm2,DLinear,7,37,0.13142129,0.13317093,False
ETTm2,DLinear,7,38,0.13075001,0.13557929,False
ETTm2,DLinear,7,39,0.13805124,0.13517206,False
ETTm2,DLinear,7,40,0.14161428,0.1373102,False
ETTm2,DLinear,7,41,0.13402349,0.13775406,False
ETTm2,DLinear,7,42,0.14211195,0.13729673,False
ETTm2,DLinear,7,43,0.13296933,0.13577648,False
ETTm2,DLinear,7,44,0.13576457,0.13652828,False
ETTm2,DLinear,7,45,0.13401306,0.136386,False
ETTm2,DLinear,7,46,0.1377825,0.13629796,False
ETTm2,DLinear,7,47,0.14140055,0.13781609,False
ETTm2,DLinear,7,48,0.13252911,0.1387223,False
ETTm2,DLinear,7,49,0.14335523,0.13875808,False
ETTm2,DLinear,7,50,0.13854412,0.13735702,False
ETTm2,DLinear,7,51,0.13796137,0.13769105,False
ETTm2,DLinear,7,52,0.13439529,0.13612365,False
ETTm2,DLinear,7,53,0.13419923,0.13517723,False
ETTm2,DLinear,7,54,0.13551822,0.1336156,False
ETTm2,DLinear,7,55,0.13381204,0.13430494,False
ETTm2,DLinear,7,56,0.13015323,0.1357208,False
ETTm2,DLinear,7,57,0.13784197,0.13558782,False
ETTm2,DLinear,7,58,0.14127853,0.13582262,False
ETTm2,DLinear,7,59,0.13485332,0.13646261,False
ETTm2,DLinear,7,60,0.13498608,0.13835226,False
ETTm2,DLinear,7,61,0.13335315,0.1369271,False
ETTm2,DLinear,7,62,0.14729024,0.1370857,False
ETTm2,DLinear,7,63,0.13415272,0.13772791,False
ETTm2,DLinear,7,64,0.13564632,0.13817173,False
ETTm2,DLinear,7,65,0.13819714,0.13488986,False
ETTm2,DLinear,7,66,0.13557221,0.13434283,False
ETTm2,DLinear,7,67,0.1308809,0.13430929,False
ETTm2,DLinear,7,68,0.13141757,0.13412055,False
ETTm2,DLinear,7,69,0.13547862,0.13587163,False
ETTm2,DLinear,7,70,0.13725345,0.13651602,False
ETTm2,DLinear,7,71,0.14432763,0.13614113,False
ETTm2,DLinear,7,72,0.13410283,0.13730528,False
ETTm2,DLinear,7,73,0.12954311,0.13663228,False
ETTm2,DLinear,7,74,0.14129936,0.13479197,False
ETTm2,DLinear,7,75,0.13388847,0.13525336,False
ETTm2,DLinear,7,76,0.13512605,0.13784718,False
ETTm2,DLinear,7,77,0.13640983,0.13674463,False
ETTm2,DLinear,7,78,0.14251221,0.13709932,False
ETTm2,DLinear,7,79,0.13578661,0.13759263,False
ETTm2,DLinear,7,80,0.13566189,0.1379869,False
ETTm2,DLinear,42,1,0.14331898,0.13938959,False
ETTm2,DLinear,42,2,0.14178465,0.13703802,False
ETTm2,DLinear,42,3,0.13306512,0.13685871,False
ETTm2,DLinear,42,4,0.12998332,0.13541698,False
ETTm2,DLinear,42,5,0.1361415,0.13470507,False
ETTm2,DLinear,42,6,0.13611031,0.13417255,False
ETTm2,DLinear,42,7,0.1382251,0.13450697,False
ETTm2,DLinear,42,8,0.13040254,0.13381409,True
ETTm2,DLinear,42,9,0.13165541,0.13340423,False
ETTm2,DLinear,42,10,0.13267707,0.13280691,False
ETTm2,DLinear,42,11,0.13406101,0.13488709,False
ETTm2,DLinear,42,12,0.13523853,0.13533207,False
ETTm2,DLinear,42,13,0.14080342,0.1365932,False
ETTm2,DLinear,42,14,0.13388034,0.13792156,False
ETTm2,DLinear,42,15,0.1389827,0.13841003,False
ETTm2,DLinear,42,16,0.14070283,0.1373007,False
ETTm2,DLinear,42,17,0.13768088,0.1372418,False
ETTm2,DLinear,42,18,0.13525675,0.1368182,False
ETTm2,DLinear,42,19,0.13358587,0.13613549,False
ETTm2,DLinear,42,20,0.13686466,0.13585262,False
ETTm2,DLinear,42,21,0.1372893,0.13601556,False
ETTm2,DLinear,42,22,0.13626652,0.13633485,False
ETTm2,DLinear,42,23,0.13607145,0.13704935,False
ETTm2,DLinear,42,24,0.13518231,0.1361222,False
ETTm2,DLinear,42,25,0.14043717,0.13602428,False
ETTm2,DLinear,42,26,0.13265353,0.13574662,False
ETTm2,DLinear,42,27,0.13577697,0.13614547,False
ETTm2,DLinear,42,28,0.1346831,0.13381102,False
ETTm2,DLinear,42,29,0.13717661,0.13406534,False
ETTm2,DLinear,42,30,0.12876491,0.13398903,False
ETTm2,DLinear,42,31,0.1339251,0.13431308,False
ETTm2,DLinear,42,32,0.13539546,0.13351877,False
ETTm2,DLinear,42,33,0.13630334,0.13387774,False
ETTm2,DLinear,42,34,0.13320503,0.13408307,False
ETTm2,DLinear,42,35,0.13055977,0.13622766,False
ETTm2,DLinear,42,36,0.13495174,0.13562144,False
ETTm2,DLinear,42,37,0.14611841,0.1351448,False
ETTm2,DLinear,42,38,0.13327226,0.13569436,False
ETTm2,DLinear,42,39,0.13082183,0.13496978,False
ETTm2,DLinear,42,40,0.13330758,0.13396351,False
ETTm2,DLinear,42,41,0.13132883,0.13486588,False
ETTm2,DLinear,42,42,0.14108707,0.13670799,False
ETTm2,DLinear,42,43,0.13778409,0.13732302,False
ETTm2,DLinear,42,44,0.14003237,0.13720892,False
ETTm2,DLinear,42,45,0.13638275,0.13594772,False
ETTm2,DLinear,42,46,0.13075831,0.1362363,False
ETTm2,DLinear,42,47,0.1347811,0.13470109,False
ETTm2,DLinear,42,48,0.139227,0.13373909,False
ETTm2,DLinear,42,49,0.1323563,0.13436719,False
ETTm2,DLinear,42,50,0.13157276,0.13605559,False
ETTm2,DLinear,42,51,0.13389881,0.1345309,False
ETTm2,DLinear,42,52,0.14322307,0.13491288,False
ETTm2,DLinear,42,53,0.13160355,0.13479607,False
ETTm2,DLinear,42,54,0.13426621,0.13444848,False
ETTm2,DLinear,42,55,0.13098873,0.13274191,False
ETTm2,DLinear,42,56,0.13216084,0.13314129,False
ETTm2,DLinear,42,57,0.13469021,0.13310989,False
ETTm2,DLinear,42,58,0.13360048,0.13298926,False
ETTm2,DLinear,42,59,0.13410922,0.13239671,False
ETTm2,DLinear,42,60,0.13038553,0.13229601,False
ETTm2,DLinear,42,61,0.12919813,0.13257703,False
ETTm2,DLinear,42,62,0.13418671,0.13178594,False
ETTm2,DLinear,42,63,0.13500557,0.13268931,False
ETTm2,DLinear,42,64,0.13015377,0.13332389,False
ETTm2,DLinear,42,65,0.13490236,0.13430464,False
ETTm2,DLinear,42,66,0.13237105,0.13665002,False
ETTm2,DLinear,42,67,0.13909045,0.13724511,False
ETTm2,DLinear,42,68,0.14673245,0.13736225,False
ETTm2,DLinear,42,69,0.13312926,0.13803765,False
ETTm2,DLinear,42,70,0.13548804,0.13713023,False
ETTm2,DLinear,42,71,0.13574807,0.13443844,False
ETTm2,DLinear,42,72,0.13455332,0.13505772,False
ETTm2,DLinear,42,73,0.13327351,0.13493306,False
ETTm2,DLinear,42,74,0.13622564,0.13520668,False
ETTm2,DLinear,42,75,0.13486477,0.13481309,False
ETTm2,DLinear,42,76,0.13711615,0.13495658,False
ETTm2,DLinear,42,77,0.13258538,0.1339231,False
ETTm2,DLinear,42,78,0.13399094,0.13292788,False
ETTm2,DLinear,42,79,0.13105825,0.13188081,False
ETTm2,DLinear,42,80,0.12988868,0.13164596,False
ETTm2,DLinear,123,1,0.13953762,0.13739289,False
ETTm2,DLinear,123,2,0.13822745,0.13701762,False
ETTm2,DLinear,123,3,0.13441359,0.13763238,False
ETTm2,DLinear,123,4,0.13589184,0.13597653,False
ETTm2,DLinear,123,5,0.14009139,0.13526333,False
ETTm2,DLinear,123,6,0.13125839,0.13475316,False
ETTm2,DLinear,123,7,0.13466145,0.13453853,True
ETTm2,DLinear,123,8,0.13186273,0.13390313,False
ETTm2,DLinear,123,9,0.13481872,0.13484236,False
ETTm2,DLinear,123,10,0.13691437,0.13563179,False
ETTm2,DLinear,123,11,0.13595451,0.13590157,False
ETTm2,DLinear,123,12,0.13860864,0.1354778,False
ETTm2,DLinear,123,13,0.13321161,0.13574389,False
ETTm2,DLinear,123,14,0.13269989,0.13572168,False
ETTm2,DLinear,123,15,0.1382448,0.1348138,False
ETTm2,DLinear,123,16,0.13584345,0.13623207,False
ETTm2,DLinear,123,17,0.13406926,0.13690618,False
ETTm2,DLinear,123,18,0.14030297,0.13474172,False
ETTm2,DLinear,123,19,0.13607041,0.13371831,False
ETTm2,DLinear,123,20,0.12742248,0.13422162,False
ETTm2,DLinear,123,21,0.13072643,0.13317567,False
ETTm2,DLinear,123,22,0.13658583,0.13172673,False
ETTm2,DLinear,123,23,0.13507322,0.13312446,False
ETTm2,DLinear,123,24,0.1288257,0.13398058,False
ETTm2,DLinear,123,25,0.13441114,0.1334785,False
ETTm2,DLinear,123,26,0.13500701,0.13437084,False
ETTm2,DLinear,123,27,0.13407546,0.134482,False
ETTm2,DLinear,123,28,0.13953492,0.13437436,False
ETTm2,DLinear,123,29,0.12938145,0.13390802,False
ETTm2,DLinear,123,30,0.13387297,0.13396024,False
ETTm2,DLinear,123,31,0.13267532,0.13396254,False
ETTm2,DLinear,123,32,0.13433653,0.13469192,False
ETTm2,DLinear,123,33,0.1395464,0.13475353,False
ETTm2,DLinear,123,34,0.13302838,0.13655451,False
ETTm2,DLinear,123,35,0.13418099,0.13593771,False
ETTm2,DLinear,123,36,0.14168027,0.13493034,False
ETTm2,DLinear,123,37,0.13125253,0.13464996,False
ETTm2,DLinear,123,38,0.13450953,0.1339293,False
ETTm2,DLinear,123,39,0.13162651,0.13421098,False
ETTm2,DLinear,123,40,0.13057767,0.1341209,False
ETTm2,DLinear,123,41,0.14308867,0.1331691,False
ETTm2,DLinear,123,42,0.13080212,0.13574915,False
ETTm2,DLinear,123,43,0.12975052,0.13706417,False
ETTm2,DLinear,123,44,0.14452679,0.13470522,False
ETTm2,DLinear,123,45,0.13715275,0.13469012,False
ETTm2,DLinear,123,46,0.13129392,0.13453562,False
ETTm2,DLinear,123,47,0.13072661,0.13159167,False
ETTm2,DLinear,123,48,0.12897801,0.1312775,False
ETTm2,DLinear,123,49,0.12980703,0.13221175,False
ETTm2,DLinear,123,50,0.13558191,0.13256717,False
ETTm2,DLinear,123,51,0.13596516,0.13376755,False
ETTm2,DLinear,123,52,0.13250374,0.1342828,False
ETTm2,DLinear,123,53,0.13497989,0.13363659,False
ETTm2,DLinear,123,54,0.13238333,0.13543605,False
ETTm2,DLinear,123,55,0.13235083,0.13601904,False
ETTm2,DLinear,123,56,0.14496245,0.13552268,False
ETTm2,DLinear,123,57,0.13541872,0.13521993,False
ETTm2,DLinear,123,58,0.13249805,0.13618732,False
ETTm2,DLinear,123,59,0.13086959,0.13337236,False
ETTm2,DLinear,123,60,0.13718777,0.13313413,False
ETTm2,DLinear,123,61,0.13088767,0.13378551,False
ETTm2,DLinear,123,62,0.13422754,0.13471726,False
ETTm2,DLinear,123,63,0.13575495,0.13411966,False
ETTm2,DLinear,123,64,0.13552834,0.1352797,False
ETTm2,DLinear,123,65,0.1341998,0.13483129,False
ETTm2,DLinear,123,66,0.13668785,0.13373189,False
ETTm2,DLinear,123,67,0.13198553,0.13289648,False
ETTm2,DLinear,123,68,0.13025791,0.13239809,False
ETTm2,DLinear,123,69,0.13135129,0.13166143,False
ETTm2,DLinear,123,70,0.13170785,0.13231181,False
ETTm2,DLinear,123,71,0.13300459,0.13393512,False
ETTm2,DLinear,123,72,0.1352374,0.13466064,False
ETTm2,DLinear,123,73,0.1383745,0.13499898,False
ETTm2,DLinear,123,74,0.13497887,0.1347775,False
ETTm2,DLinear,123,75,0.13339956,0.1339595,False
ETTm2,DLinear,123,76,0.13189719,0.133976,False
ETTm2,DLinear,123,77,0.1311474,0.13343225,False
ETTm2,DLinear,123,78,0.13845701,0.13383361,False
ETTm2,DLinear,123,79,0.13226009,0.13431772,False
ETTm2,DLinear,123,80,0.13540638,0.13537449,False
ETTm2,MLP,7,1,0.16224972,0.1516735,False
ETTm2,MLP,7,2,0.15004575,0.15086272,False
ETTm2,MLP,7,3,0.14272501,0.1482845,False
ETTm2,MLP,7,4,0.14843039,0.14391662,False
ETTm2,MLP,7,5,0.1379716,0.1416854,False
ETTm2,MLP,7,6,0.14041035,0.14216574,False
ETTm2,MLP,7,7,0.13888964,0.13990888,True
ETTm2,MLP,7,8,0.14512672,0.14142525,False
ETTm2,MLP,7,9,0.1371461,0.14291714,False
ETTm2,MLP,7,10,0.14555344,0.14320478,False
ETTm2,MLP,7,11,0.14786981,0.14291376,False
ETTm2,MLP,7,12,0.14032781,0.14473504,False
ETTm2,MLP,7,13,0.14367163,0.1423587,False
ETTm2,MLP,7,14,0.14625254,0.1413461,False
ETTm2,MLP,7,15,0.13367174,0.14069421,False
ETTm2,MLP,7,16,0.14280678,0.13912996,False
ETTm2,MLP,7,17,0.13706838,0.13613146,False
ETTm2,MLP,7,18,0.13585038,0.13530268,False
ETTm2,MLP,7,19,0.13126,0.13331494,False
ETTm2,MLP,7,20,0.12952787,0.1321222,False
ETTm2,MLP,7,21,0.13286808,0.13337565,False
ETTm2,MLP,7,22,0.13110465,0.13599065,False
ETTm2,MLP,7,23,0.14211766,0.13652028,False
ETTm2,MLP,7,24,0.14433499,0.13622763,False
ETTm2,MLP,7,25,0.13217603,0.13705872,False
ETTm2,MLP,7,26,0.13140482,0.13466412,False
ETTm2,MLP,7,27,0.13526008,0.13286972,False
ETTm2,MLP,7,28,0.13014469,0.13248736,False
ETTm2,MLP,7,29,0.13536296,0.13340996,False
ETTm2,MLP,7,30,0.13026425,0.13192591,False
ETTm2,MLP,7,31,0.13601782,0.13151862,False
ETTm2,MLP,7,32,0.12783982,0.13031792,False
ETTm2,MLP,7,33,0.12810827,0.13084233,False
ETTm2,MLP,7,34,0.12935945,0.12918359,False
ETTm2,MLP,7,35,0.13288629,0.12968491,False
ETTm2,MLP,7,36,0.12772413,0.13010548,False
ETTm2,MLP,7,37,0.1303464,0.13078933,False
ETTm2,MLP,7,38,0.13021112,0.13258226,False
ETTm2,MLP,7,39,0.13277871,0.13428142,False
ETTm2,MLP,7,40,0.14185094,0.13377053,False
ETTm2,MLP,7,41,0.13621992,0.1365994,False
ETTm2,MLP,7,42,0.12779198,0.13809225,False
ETTm2,MLP,7,43,0.14435546,0.13556898,False
ETTm2,MLP,7,44,0.14024294,0.13378592,False
ETTm2,MLP,7,45,0.12923461,0.13386084,False
ETTm2,MLP,7,46,0.12730461,0.13216264,False
ETTm2,MLP,7,47,0.12816657,0.12952201,False
ETTm2,MLP,7,48,0.13586447,0.13121142,False
ETTm2,MLP,7,49,0.12703982,0.13093627,False
ETTm2,MLP,7,50,0.13768161,0.13271509,False
ETTm2,MLP,7,51,0.12592888,0.13126586,False
ETTm2,MLP,7,52,0.13706067,0.13285388,False
ETTm2,MLP,7,53,0.12861834,0.13579873,False
ETTm2,MLP,7,54,0.1349799,0.13651219,False
ETTm2,MLP,7,55,0.15240588,0.1354018,False
ETTm2,MLP,7,56,0.12949614,0.13635252,False
ETTm2,MLP,7,57,0.13150873,0.1355556,False
ETTm2,MLP,7,58,0.13337193,0.13152909,False
ETTm2,MLP,7,59,0.13099532,0.13121829,False
ETTm2,MLP,7,60,0.13227335,0.13312718,False
ETTm2,MLP,7,61,0.12794213,0.13270422,False
ETTm2,MLP,7,62,0.14105319,0.13218064,False
ETTm2,MLP,7,63,0.13125713,0.13116645,False
ETTm2,MLP,7,64,0.1283774,0.1310878,False
ETTm2,MLP,7,65,0.12720242,0.12982254,False
ETTm2,MLP,7,66,0.12754887,0.12943937,False
ETTm2,MLP,7,67,0.13472687,0.13060501,False
ETTm2,MLP,7,68,0.12934129,0.13053636,False
ETTm2,MLP,7,69,0.13420561,0.13029068,False
ETTm2,MLP,7,70,0.12685916,0.12985758,False
ETTm2,MLP,7,71,0.12632048,0.12890949,False
ETTm2,MLP,7,72,0.13256136,0.12837165,False
ETTm2,MLP,7,73,0.12460086,0.17760568,False
ETTm2,MLP,7,74,0.13151637,0.17814477,False
ETTm2,MLP,7,75,0.37302935,0.18027443,False
ETTm2,MLP,7,76,0.12901591,0.18219453,False
ETTm2,MLP,7,77,0.14320967,0.18252086,False
ETTm2,MLP,7,78,0.13420136,0.13345032,False
ETTm2,MLP,7,79,0.13314799,0.13455892,False
ETTm2,MLP,7,80,0.12767667,0.13167534,False
ETTm2,MLP,42,1,0.15757573,0.1500316,False
ETTm2,MLP,42,2,0.14736528,0.14808694,False
ETTm2,MLP,42,3,0.1451538,0.14780136,False
ETTm2,MLP,42,4,0.14225295,0.14540231,False
ETTm2,MLP,42,5,0.14665905,0.14360879,False
ETTm2,MLP,42,6,0.14558048,0.14206952,False
ETTm2,MLP,42,7,0.13839767,0.14168333,False
ETTm2,MLP,42,8,0.13745747,0.14138741,False
ETTm2,MLP,42,9,0.14032199,0.13928613,True
ETTm2,MLP,42,10,0.14517946,0.139341,False
ETTm2,MLP,42,11,0.13507405,0.13949059,False
ETTm2,MLP,42,12,0.13867203,0.14043988,False
ETTm2,MLP,42,13,0.13820544,0.14026121,False
ETTm2,MLP,42,14,0.14506842,0.14048166,False
ETTm2,MLP,42,15,0.1442861,0.14008002,False
ETTm2,MLP,42,16,0.13617632,0.1397932,False
ETTm2,MLP,42,17,0.13666382,0.13807531,False
ETTm2,MLP,42,18,0.13677136,0.13632817,False
ETTm2,MLP,42,19,0.13647897,0.13567076,False
ETTm2,MLP,42,20,0.1355504,0.13531485,False
ETTm2,MLP,42,21,0.13288926,0.13370081,False
ETTm2,MLP,42,22,0.13488427,0.1322748,False
ETTm2,MLP,42,23,0.12870116,0.13130069,False
ETTm2,MLP,42,24,0.1293489,0.13132607,False
ETTm2,MLP,42,25,0.13067987,0.13046032,False
ETTm2,MLP,42,26,0.13301616,0.13099967,False
ETTm2,MLP,42,27,0.1305555,0.13162471,False
ETTm2,MLP,42,28,0.13139791,0.1308338,False
ETTm2,MLP,42,29,0.13247413,0.13077122,False
ETTm2,MLP,42,30,0.12672528,0.13317938,False
ETTm2,MLP,42,31,0.1327033,0.13246027,False
ETTm2,MLP,42,32,0.14259627,0.13186481,False
ETTm2,MLP,42,33,0.12780238,0.13242592,False
ETTm2,MLP,42,34,0.1294968,0.13256454,False
ETTm2,MLP,42,35,0.12953083,0.12959806,False
ETTm2,MLP,42,36,0.13339643,0.12981827,False
ETTm2,MLP,42,37,0.12776386,0.12943515,False
ETTm2,MLP,42,38,0.12890342,0.12898488,False
ETTm2,MLP,42,39,0.12758122,0.12875915,False
ETTm2,MLP,42,40,0.12727944,0.13054351,False
ETTm2,MLP,42,41,0.13226779,0.13062554,False
ETTm2,MLP,42,42,0.13668568,0.13163919,False
ETTm2,MLP,42,43,0.12931356,0.1312156,False
ETTm2,MLP,42,44,0.13264946,0.13125499,False
ETTm2,MLP,42,45,0.1251615,0.12933253,False
ETTm2,MLP,42,46,0.13246476,0.1867799,False
ETTm2,MLP,42,47,0.12707338,0.18569086,False
ETTm2,MLP,42,48,0.41655039,0.18707777,False
ETTm2,MLP,42,49,0.12720428,0.18888888,False
ETTm2,MLP,42,50,0.13209605,0.18899027,False
ETTm2,MLP,42,51,0.14152032,0.13343393,False
ETTm2,MLP,42,52,0.12758029,0.13506404,False
ETTm2,MLP,42,53,0.13876869,0.13586933,False
ETTm2,MLP,42,54,0.13535484,0.13332819,False
ETTm2,MLP,42,55,0.1361225,0.13409833,False
ETTm2,MLP,42,56,0.12881464,0.13142024,False
ETTm2,MLP,42,57,0.13143098,0.13289424,False
ETTm2,MLP,42,58,0.12537826,0.13144325,False
ETTm2,MLP,42,59,0.14272482,0.13104504,False
ETTm2,MLP,42,60,0.12886756,0.13463445,False
ETTm2,MLP,42,61,0.1268236,0.13511284,False
ETTm2,MLP,42,62,0.14937802,0.13328792,False
ETTm2,MLP,42,63,0.12777022,0.13367836,False
ETTm2,MLP,42,64,0.13360021,0.13360847,False
ETTm2,MLP,42,65,0.13081977,0.12981035,False
ETTm2,MLP,42,66,0.12647414,0.13002484,False
ETTm2,MLP,42,67,0.1303874,0.13016172,False
ETTm2,MLP,42,68,0.12884269,0.12936447,False
ETTm2,MLP,42,69,0.13428462,0.12950989,False
ETTm2,MLP,42,70,0.1268335,0.12889623,False
ETTm2,MLP,42,71,0.12720124,0.1282652,False
ETTm2,MLP,42,72,0.12731909,0.17944939,False
ETTm2,MLP,42,73,0.12568754,0.18203192,False
ETTm2,MLP,42,74,0.3902056,0.18188843,False
ETTm2,MLP,42,75,0.13974612,0.18145523,False
ETTm2,MLP,42,76,0.12648382,0.1827208,False
ETTm2,MLP,42,77,0.12515309,0.13024772,False
ETTm2,MLP,42,78,0.13201538,0.12873696,False
ETTm2,MLP,42,79,0.12784017,0.12930025,False
ETTm2,MLP,42,80,0.13219236,0.13068264,False
ETTm2,MLP,123,1,0.15595803,0.15261728,False
ETTm2,MLP,123,2,0.14511365,0.14955619,False
ETTm2,MLP,123,3,0.15678016,0.1476996,False
ETTm2,MLP,123,4,0.14037293,0.14433434,False
ETTm2,MLP,123,5,0.14027323,0.14282111,False
ETTm2,MLP,123,6,0.13913171,0.13950311,False
ETTm2,MLP,123,7,0.13754752,0.13914806,False
ETTm2,MLP,123,8,0.14019017,0.1390268,False
ETTm2,MLP,123,9,0.13859765,0.13852945,False
ETTm2,MLP,123,10,0.13966693,0.13798281,False
ETTm2,MLP,123,11,0.13664497,0.13673626,False
ETTm2,MLP,123,12,0.13481433,0.13561111,True
ETTm2,MLP,123,13,0.13395744,0.13537482,False
ETTm2,MLP,123,14,0.13297189,0.13716606,False
ETTm2,MLP,123,15,0.13848546,0.13874118,False
ETTm2,MLP,123,16,0.14560117,0.14122028,False
ETTm2,MLP,123,17,0.14268992,0.14050171,False
ETTm2,MLP,123,18,0.14635295,0.13924729,False
ETTm2,MLP,123,19,0.12937904,0.13740525,False
ETTm2,MLP,123,20,0.13221335,0.13569696,False
ETTm2,MLP,123,21,0.13639098,0.13427617,False
ETTm2,MLP,123,22,0.13414847,0.13469478,False
ETTm2,MLP,123,23,0.13924899,0.13489059,False
ETTm2,MLP,123,24,0.13147212,0.13423819,False
ETTm2,MLP,123,25,0.13319239,0.14280667,False
ETTm2,MLP,123,26,0.13312897,0.14082922,False
ETTm2,MLP,123,27,0.17699088,0.14302385,False
ETTm2,MLP,123,28,0.12936175,0.14272653,False
ETTm2,MLP,123,29,0.14244526,0.14174208,False
ETTm2,MLP,123,30,0.13170578,0.13280677,False
ETTm2,MLP,123,31,0.12820671,0.13247365,False
ETTm2,MLP,123,32,0.13231437,0.12998744,False
ETTm2,MLP,123,33,0.12769611,0.12986771,False
ETTm2,MLP,123,34,0.13001423,0.12982468,False
ETTm2,MLP,123,35,0.13110714,0.12885244,False
ETTm2,MLP,123,36,0.12799154,0.12934956,False
ETTm2,MLP,123,37,0.1274532,0.1307983,False
ETTm2,MLP,123,38,0.1301817,0.13208614,False
ETTm2,MLP,123,39,0.1372579,0.13433025,False
ETTm2,MLP,123,40,0.13754637,0.13474128,False
ETTm2,MLP,123,41,0.13921209,0.13418379,False
ETTm2,MLP,123,42,0.12950835,0.13402108,False
ETTm2,MLP,123,43,0.12739425,0.13206953,False
ETTm2,MLP,123,44,0.13644434,0.12968453,False
ETTm2,MLP,123,45,0.12778862,0.12953405,False
ETTm2,MLP,123,46,0.1272871,0.1307425,False
ETTm2,MLP,123,47,0.12875595,0.12860111,False
ETTm2,MLP,123,48,0.13343652,0.13105102,False
ETTm2,MLP,123,49,0.12573737,0.13157372,False
ETTm2,MLP,123,50,0.14003819,0.13241537,False
ETTm2,MLP,123,51,0.12990056,0.13164923,False
ETTm2,MLP,123,52,0.13296419,0.13198314,False
ETTm2,MLP,123,53,0.12960583,0.12917178,False
ETTm2,MLP,123,54,0.12740691,0.12895909,False
ETTm2,MLP,123,55,0.12598139,0.1275811,False
ETTm2,MLP,123,56,0.12883714,0.12699266,False
ETTm2,MLP,123,57,0.12607423,0.12931755,False
ETTm2,MLP,123,58,0.12666364,0.12995066,False
ETTm2,MLP,123,59,0.13903133,0.13056926,False
ETTm2,MLP,123,60,0.12914694,0.13059944,False
ETTm2,MLP,123,61,0.13193017,0.13072879,False
ETTm2,MLP,123,62,0.12622511,0.12827696,False
ETTm2,MLP,123,63,0.12731039,0.12846635,False
ETTm2,MLP,123,64,0.1267722,0.12830307,False
ETTm2,MLP,123,65,0.13009388,0.12841563,False
ETTm2,MLP,123,66,0.13111376,0.12869304,False
ETTm2,MLP,123,67,0.12678792,0.12856847,False
ETTm2,MLP,123,68,0.12869744,0.12787563,False
ETTm2,MLP,123,69,0.12614935,0.13350207,False
ETTm2,MLP,123,70,0.12662968,0.13357329,False
ETTm2,MLP,123,71,0.15924594,0.13435463,False
ETTm2,MLP,123,72,0.12714404,0.13673819,False
ETTm2,MLP,123,73,0.13260416,0.14024082,False
ETTm2,MLP,123,74,0.13806715,0.13525012,False
ETTm2,MLP,123,75,0.14414283,0.13831914,False
ETTm2,MLP,123,76,0.13429243,0.13900274,False
ETTm2,MLP,123,77,0.14248913,0.13713761,False
ETTm2,MLP,123,78,0.13602216,0.13350547,False
ETTm2,MLP,123,79,0.12874147,0.13330872,False
ETTm2,MLP,123,80,0.12598212,0.13024859,False
ETTm2,CNN,7,1,0.14371647,0.1414327,True
ETTm2,CNN,7,2,0.14319322,0.14862325,False
ETTm2,CNN,7,3,0.1373884,0.14871904,False
ETTm2,CNN,7,4,0.17019489,0.14735269,False
ETTm2,CNN,7,5,0.14910223,0.14628216,False
ETTm2,CNN,7,6,0.1368847,0.14805279,False
ETTm2,CNN,7,7,0.13784059,0.1402992,False
ETTm2,CNN,7,8,0.14624156,0.14031723,False
ETTm2,CNN,7,9,0.13142691,0.13985521,False
ETTm2,CNN,7,10,0.14919238,0.14090313,False
ETTm2,CNN,7,11,0.13457459,0.13973026,False
ETTm2,CNN,7,12,0.14308018,0.14015391,False
ETTm2,CNN,7,13,0.14037723,0.13710489,False
ETTm2,CNN,7,14,0.13354516,0.13772291,False
ETTm2,CNN,7,15,0.13394729,0.13705305,False
ETTm2,CNN,7,16,0.13766468,0.13576883,False
ETTm2,CNN,7,17,0.13973093,0.13516919,False
ETTm2,CNN,7,18,0.1339561,0.1351936,False
ETTm2,CNN,7,19,0.13054698,0.13478125,False
ETTm2,CNN,7,20,0.13406932,0.13705914,False
ETTm2,CNN,7,21,0.13560293,0.14137544,False
ETTm2,CNN,7,22,0.15112036,0.14353002,False
ETTm2,CNN,7,23,0.1555376,0.15152346,False
ETTm2,CNN,7,24,0.14131992,0.15274283,False
ETTm2,CNN,7,25,0.17403648,0.15273447,False
ETTm2,CNN,7,26,0.14169981,0.15172625,False
ETTm2,CNN,7,27,0.15107854,0.1566007,False
ETTm2,CNN,7,28,0.15049651,0.14852319,False
ETTm2,CNN,7,29,0.16569217,0.1484844,False
ETTm2,CNN,7,30,0.13364892,0.14683315,False
ETTm2,CNN,7,31,0.14150584,0.14463434,False
ETTm2,CNN,7,32,0.14282231,0.14151255,False
ETTm2,CNN,7,33,0.13950245,0.14142451,False
ETTm2,CNN,7,34,0.15008323,0.13974817,False
ETTm2,CNN,7,35,0.13320872,0.13955652,False
ETTm2,CNN,7,36,0.13312416,0.13984879,False
ETTm2,CNN,7,37,0.14186402,0.1377289,False
ETTm2,CNN,7,38,0.14096383,0.14122889,False
ETTm2,CNN,7,39,0.13948376,0.14473546,False
ETTm2,CNN,7,40,0.15070867,0.14374422,False
ETTm2,CNN,7,41,0.15065704,0.14305392,False
ETTm2,CNN,7,42,0.13690779,0.14236676,False
ETTm2,CNN,7,43,0.13751236,0.14029043,False
ETTm2,CNN,7,44,0.13604797,0.13935521,False
ETTm2,CNN,7,45,0.14032699,0.13903291,False
ETTm2,CNN,7,46,0.14598093,0.14016454,False
ETTm2,CNN,7,47,0.1352963,0.14564044,False
ETTm2,CNN,7,48,0.14317051,0.14729864,False
ETTm2,CNN,7,49,0.16342747,0.14723349,False
ETTm2,CNN,7,50,0.14861797,0.14715373,False
ETTm2,CNN,7,51,0.1456552,0.14762097,False
ETTm2,CNN,7,52,0.13489748,0.14240104,False
ETTm2,CNN,7,53,0.14550672,0.1415716,False
ETTm2,CNN,7,54,0.13732783,0.1397553,False
ETTm2,CNN,7,55,0.14447077,0.14271442,False
ETTm2,CNN,7,56,0.13657372,0.14183621,False
ETTm2,CNN,7,57,0.14969306,0.14635937,False
ETTm2,CNN,7,58,0.14111569,0.14635145,False
ETTm2,CNN,7,59,0.1599436,0.14811526,False
ETTm2,CNN,7,60,0.14443119,0.14845107,False
ETTm2,CNN,7,61,0.14539276,0.14946483,False
ETTm2,CNN,7,62,0.1513721,0.14643659,False
ETTm2,CNN,7,63,0.14618452,0.14915672,False
ETTm2,CNN,7,64,0.14480237,0.14903674,False
ETTm2,CNN,7,65,0.15803186,0.14693115,False
ETTm2,CNN,7,66,0.14479284,0.1458783,False
ETTm2,CNN,7,67,0.14084413,0.14624762,False
ETTm2,CNN,7,68,0.14092029,0.14189811,False
ETTm2,CNN,7,69,0.14664896,0.14279443,False
ETTm2,CNN,7,70,0.1362843,0.14279486,False
ETTm2,CNN,7,71,0.14927447,0.14372607,False
ETTm2,CNN,7,72,0.1408463,0.14309263,False
ETTm2,CNN,7,73,0.14557633,0.14672978,False
ETTm2,CNN,7,74,0.14348177,0.14526929,False
ETTm2,CNN,7,75,0.15447003,0.14713788,False
ETTm2,CNN,7,76,0.14197203,0.14665602,False
ETTm2,CNN,7,77,0.15018925,0.14843277,False
ETTm2,CNN,7,78,0.14316701,0.14814858,False
ETTm2,CNN,7,79,0.15236552,0.14969271,False
ETTm2,CNN,7,80,0.15304907,0.1495272,False
ETTm2,CNN,42,1,0.1491066,0.14621666,False
ETTm2,CNN,42,2,0.14261201,0.14717971,False
ETTm2,CNN,42,3,0.14693137,0.14827473,False
ETTm2,CNN,42,4,0.15006886,0.14866079,False
ETTm2,CNN,42,5,0.15265484,0.14698074,False
ETTm2,CNN,42,6,0.15103689,0.14397278,False
ETTm2,CNN,42,7,0.13421175,0.14084537,False
ETTm2,CNN,42,8,0.13189155,0.13740948,True
ETTm2,CNN,42,9,0.13443183,0.13723683,False
ETTm2,CNN,42,10,0.13547537,0.13828514,False
ETTm2,CNN,42,11,0.15017362,0.13832439,False
ETTm2,CNN,42,12,0.13945331,0.13966137,False
ETTm2,CNN,42,13,0.1320878,0.13903935,False
ETTm2,CNN,42,14,0.14111677,0.13567417,False
ETTm2,CNN,42,15,0.13236524,0.13861891,False
ETTm2,CNN,42,16,0.13334775,0.14212365,False
ETTm2,CNN,42,17,0.154177,0.14424457,False
ETTm2,CNN,42,18,0.14961148,0.14418117,False
ETTm2,CNN,42,19,0.15172139,0.143681,False
ETTm2,CNN,42,20,0.1320482,0.13910921,False
ETTm2,CNN,42,21,0.13084692,0.13605352,False
ETTm2,CNN,42,22,0.13131804,0.13412154,False
ETTm2,CNN,42,23,0.13433306,0.13497627,False
ETTm2,CNN,42,24,0.14206148,0.13594283,False
ETTm2,CNN,42,25,0.13632186,0.14009011,False
ETTm2,CNN,42,26,0.13567972,0.14627811,False
ETTm2,CNN,42,27,0.15205445,0.14578925,False
ETTm2,CNN,42,28,0.16527303,0.14506507,False
ETTm2,CNN,42,29,0.13961719,0.14630705,False
ETTm2,CNN,42,30,0.13270096,0.1426168,False
ETTm2,CNN,42,31,0.14188961,0.13597212,False
ETTm2,CNN,42,32,0.13360321,0.13762406,False
ETTm2,CNN,42,33,0.13204962,0.1376439,False
ETTm2,CNN,42,34,0.14787688,0.13575092,False
ETTm2,CNN,42,35,0.13280016,0.13563245,False
ETTm2,CNN,42,36,0.13242473,0.13874929,False
ETTm2,CNN,42,37,0.13301086,0.13827176,False
ETTm2,CNN,42,38,0.14763383,0.13953595,False
ETTm2,CNN,42,39,0.14548922,0.14024724,False
ETTm2,CNN,42,40,0.13912112,0.14142726,False
ETTm2,CNN,42,41,0.13598114,0.13946778,False
ETTm2,CNN,42,42,0.138911,0.13828402,False
ETTm2,CNN,42,43,0.13783641,0.13914683,False
ETTm2,CNN,42,44,0.13957046,0.14013747,False
ETTm2,CNN,42,45,0.14343515,0.14039525,False
ETTm2,CNN,42,46,0.14093435,0.14488408,False
ETTm2,CNN,42,47,0.1401999,0.14446269,False
ETTm2,CNN,42,48,0.16028053,0.14623406,False
ETTm2,CNN,42,49,0.13746353,0.15110911,False
ETTm2,CNN,42,50,0.15229201,0.1530832,False
ETTm2,CNN,42,51,0.16530958,0.14837997,False
ETTm2,CNN,42,52,0.15007038,0.1501641,False
ETTm2,CNN,42,53,0.13676437,0.14734718,False
ETTm2,CNN,42,54,0.14638415,0.14305549,False
ETTm2,CNN,42,55,0.13820743,0.14127182,False
ETTm2,CNN,42,56,0.14385112,0.14448859,False
ETTm2,CNN,42,57,0.14115206,0.14227916,False
ETTm2,CNN,42,58,0.15284822,0.14180423,False
ETTm2,CNN,42,59,0.13533699,0.14087836,False
ETTm2,CNN,42,60,0.13583277,0.14057599,False
ETTm2,CNN,42,61,0.13922174,0.13791522,False
ETTm2,CNN,42,62,0.13964025,0.13905232,False
ETTm2,CNN,42,63,0.13954434,0.1416129,False
ETTm2,CNN,42,64,0.1410225,0.14323554,False
ETTm2,CNN,42,65,0.14863568,0.14365589,False
ETTm2,CNN,42,66,0.14733494,0.14302894,False
ETTm2,CNN,42,67,0.14174201,0.14177821,False
ETTm2,CNN,42,68,0.13640958,0.13902329,False
ETTm2,CNN,42,69,0.13476887,0.13932849,False
ETTm2,CNN,42,70,0.13486106,0.13799812,False
ETTm2,CNN,42,71,0.14886092,0.13818156,False
ETTm2,CNN,42,72,0.13509018,0.14083189,False
ETTm2,CNN,42,73,0.13732677,0.14116781,False
ETTm2,CNN,42,74,0.14802054,0.13861186,False
ETTm2,CNN,42,75,0.13654063,0.14120096,False
ETTm2,CNN,42,76,0.13608117,0.14276986,False
ETTm2,CNN,42,77,0.14803569,0.14066391,False
ETTm2,CNN,42,78,0.14517129,0.14135111,False
ETTm2,CNN,42,79,0.13749075,0.14266859,False
ETTm2,CNN,42,80,0.13997664,0.14087956,False
ETTm2,CNN,123,1,0.15072758,0.14082566,False
ETTm2,CNN,123,2,0.13722577,0.14354283,False
ETTm2,CNN,123,3,0.13452362,0.14153147,False
ETTm2,CNN,123,4,0.15169435,0.13935389,True
ETTm2,CNN,123,5,0.13348601,0.13907377,False
ETTm2,CNN,123,6,0.13983972,0.14032418,False
ETTm2,CNN,123,7,0.13582512,0.14025729,False
ETTm2,CNN,123,8,0.14077569,0.14477408,False
ETTm2,CNN,123,9,0.15135988,0.14327021,False
ETTm2,CNN,123,10,0.15606996,0.14571892,False
ETTm2,CNN,123,11,0.13232042,0.1445132,False
ETTm2,CNN,123,12,0.14806863,0.14023235,False
ETTm2,CNN,123,13,0.13474711,0.13809458,False
ETTm2,CNN,123,14,0.12995565,0.13961177,False
ETTm2,CNN,123,15,0.14538111,0.13973958,False
ETTm2,CNN,123,16,0.13990632,0.13883166,False
ETTm2,CNN,123,17,0.14870771,0.14594562,False
ETTm2,CNN,123,18,0.13020749,0.14385857,False
ETTm2,CNN,123,19,0.16552545,0.14214164,False
ETTm2,CNN,123,20,0.1349459,0.14436593,False
ETTm2,CNN,123,21,0.13132164,0.14605853,False
ETTm2,CNN,123,22,0.15982918,0.13953682,False
ETTm2,CNN,123,23,0.13867047,0.13892274,False
ETTm2,CNN,123,24,0.13291691,0.13934682,False
ETTm2,CNN,123,25,0.13187549,0.13549367,False
ETTm2,CNN,123,26,0.13344206,0.14364322,False
ETTm2,CNN,123,27,0.14056342,0.14360634,False
ETTm2,CNN,123,28,0.17941819,0.14346685,False
ETTm2,CNN,123,29,0.13273252,0.14460663,False
ETTm2,CNN,123,30,0.13117808,0.14908571,False
ETTm2,CNN,123,31,0.13914094,0.14415235,False
ETTm2,CNN,123,32,0.16295884,0.14370793,False
ETTm2,CNN,123,33,0.15475138,0.14563042,False
ETTm2,CNN,123,34,0.1305104,0.14496083,False
ETTm2,CNN,123,35,0.14079052,0.14010691,False
ETTm2,CNN,123,36,0.135793,0.13611263,False
ETTm2,CNN,123,37,0.13868923,0.13782979,False
ETTm2,CNN,123,38,0.13478003,0.13891444,False
ETTm2,CNN,123,39,0.13909616,0.14040487,False
ETTm2,CNN,123,40,0.14621377,0.14053224,False
ETTm2,CNN,123,41,0.14324515,0.14208955,False
ETTm2,CNN,123,42,0.13932611,0.14151562,False
ETTm2,CNN,123,43,0.14256655,0.1400223,False
ETTm2,CNN,123,44,0.13622651,0.1431111,False
ETTm2,CNN,123,45,0.1387472,0.14510507,False
ETTm2,CNN,123,46,0.15868915,0.14712466,False
ETTm2,CNN,123,47,0.14929593,0.14708358,False
ETTm2,CNN,123,48,0.15266453,0.14932503,False
ETTm2,CNN,123,49,0.13602109,0.14584769,False
ETTm2,CNN,123,50,0.14995445,0.1430264,False
ETTm2,CNN,123,51,0.14130244,0.1400068,False
ETTm2,CNN,123,52,0.13518947,0.1403268,False
ETTm2,CNN,123,53,0.13756652,0.13896284,False
ETTm2,CNN,123,54,0.1376211,0.13926645,False
ETTm2,CNN,123,55,0.14313468,0.14222179,False
ETTm2,CNN,123,56,0.14282047,0.14352868,False
ETTm2,CNN,123,57,0.14996617,0.14567779,False
ETTm2,CNN,123,58,0.14410097,0.14566519,False
ETTm2,CNN,123,59,0.14836665,0.14630542,False
ETTm2,CNN,123,60,0.14307172,0.14842985,False
ETTm2,CNN,123,61,0.14602161,0.14737508,False
ETTm2,CNN,123,62,0.16058828,0.15151482,False
ETTm2,CNN,123,63,0.13882716,0.15149903,False
ETTm2,CNN,123,64,0.16906533,0.15095221,False
ETTm2,CNN,123,65,0.14299277,0.14761522,False
ETTm2,CNN,123,66,0.14328752,0.14784976,False
ETTm2,CNN,123,67,0.14390332,0.14204365,False
ETTm2,CNN,123,68,0.13999984,0.142075,False
ETTm2,CNN,123,69,0.14003481,0.14273544,False
ETTm2,CNN,123,70,0.14314951,0.14340793,False
ETTm2,CNN,123,71,0.14658974,0.14500655,False
ETTm2,CNN,123,72,0.14726573,0.14510851,False
ETTm2,CNN,123,73,0.14799297,0.14459565,False
ETTm2,CNN,123,74,0.1405446,0.14606214,False
ETTm2,CNN,123,75,0.14058523,0.1448342,False
ETTm2,CNN,123,76,0.15392216,0.14389101,False
ETTm2,CNN,123,77,0.14112606,0.14368112,False
ETTm2,CNN,123,78,0.14327699,0.143476,False
ETTm2,CNN,123,79,0.13949515,0.14086446,False
ETTm2,CNN,123,80,0.13955962,0.14077726,False
weather,DLinear,7,1,0.46763947,0.46488635,True
weather,DLinear,7,2,0.46355905,0.4639771,False
weather,DLinear,7,3,0.46346053,0.46360856,False
weather,DLinear,7,4,0.46124934,0.46233992,False
weather,DLinear,7,5,0.46213438,0.46211568,False
weather,DLinear,7,6,0.46129628,0.46158971,False
weather,DLinear,7,7,0.46243785,0.46163904,False
weather,DLinear,7,8,0.46083071,0.46160718,False
weather,DLinear,7,9,0.46149596,0.46224484,False
weather,DLinear,7,10,0.46197508,0.46227294,False
weather,DLinear,7,11,0.46448461,0.46256583,False
weather,DLinear,7,12,0.46257834,0.46282387,False
weather,DLinear,7,13,0.46229515,0.46280107,False
weather,DLinear,7,14,0.46278619,0.46174464,False
weather,DLinear,7,15,0.46186108,0.46164405,False
weather,DLinear,7,16,0.45920247,0.46169542,False
weather,DLinear,7,17,0.46207538,0.46175704,False
weather,DLinear,7,18,0.46255199,0.46172245,False
weather,DLinear,7,19,0.46309429,0.46226168,False
weather,DLinear,7,20,0.46168813,0.46226081,False
weather,DLinear,7,21,0.46189863,0.46225411,False
weather,DLinear,7,22,0.462071,0.46181154,False
weather,DLinear,7,23,0.4625185,0.4616911,False
weather,DLinear,7,24,0.46088145,0.46170246,False
weather,DLinear,7,25,0.46108591,0.46159988,False
weather,DLinear,7,26,0.46195542,0.46150303,False
weather,DLinear,7,27,0.46155811,0.46196533,False
weather,DLinear,7,28,0.46203426,0.46214082,False
weather,DLinear,7,29,0.46319293,0.46204906,False
weather,DLinear,7,30,0.46196337,0.4622232,False
weather,DLinear,7,31,0.4614966,0.4621011,False
weather,DLinear,7,32,0.46242883,0.46202653,False
weather,DLinear,7,33,0.46142374,0.46192255,False
weather,DLinear,7,34,0.46282011,0.46195969,False
weather,DLinear,7,35,0.46144345,0.46198308,False
weather,DLinear,7,36,0.46168233,0.46229219,False
weather,DLinear,7,37,0.46254578,0.4623694,False
weather,DLinear,7,38,0.46296928,0.46266621,False
weather,DLinear,7,39,0.46320614,0.46259022,False
weather,DLinear,7,40,0.46292753,0.46233311,False
weather,DLinear,7,41,0.46130235,0.46239265,False
weather,DLinear,7,42,0.46126026,0.46220026,False
weather,DLinear,7,43,0.46326697,0.46200356,False
weather,DLinear,7,44,0.46224417,0.46232493,False
weather,DLinear,7,45,0.46194403,0.46264454,False
weather,DLinear,7,46,0.46290923,0.4622013,False
weather,DLinear,7,47,0.46285833,0.4621605,False
weather,DLinear,7,48,0.46105074,0.46200688,False
weather,DLinear,7,49,0.46204019,0.46196597,False
weather,DLinear,7,50,0.4611759,0.4616314,False
weather,DLinear,7,51,0.4627047,0.46198542,False
weather,DLinear,7,52,0.4611855,0.46225577,False
weather,DLinear,7,53,0.46282081,0.46256168,False
weather,DLinear,7,54,0.46339195,0.46235345,False
weather,DLinear,7,55,0.46270543,0.46273809,False
weather,DLinear,7,56,0.46166355,0.46262314,False
weather,DLinear,7,57,0.4631087,0.46236216,False
weather,DLinear,7,58,0.46224605,0.46261297,False
weather,DLinear,7,59,0.46208707,0.46264164,False
weather,DLinear,7,60,0.46395945,0.46257922,False
weather,DLinear,7,61,0.46180692,0.46256769,False
weather,DLinear,7,62,0.46279662,0.46297952,False
weather,DLinear,7,63,0.46218842,0.46305082,False
weather,DLinear,7,64,0.4641462,0.46306661,False
weather,DLinear,7,65,0.46431597,0.46284882,False
weather,DLinear,7,66,0.46188585,0.46315842,False
weather,DLinear,7,67,0.46170766,0.46293622,False
weather,DLinear,7,68,0.46373643,0.46265828,False
weather,DLinear,7,69,0.46303517,0.46267743,False
weather,DLinear,7,70,0.46292629,0.46255997,False
weather,DLinear,7,71,0.46198161,0.46219095,False
weather,DLinear,7,72,0.46112035,0.46235101,False
weather,DLinear,7,73,0.46189134,0.4622022,False
weather,DLinear,7,74,0.46383544,0.46214687,False
weather,DLinear,7,75,0.46218224,0.4625333,False
weather,DLinear,7,76,0.461705,0.46252009,False
weather,DLinear,7,77,0.46305247,0.4621902,False
weather,DLinear,7,78,0.46182528,0.46200806,False
weather,DLinear,7,79,0.46218601,0.46208383,False
weather,DLinear,7,80,0.46127154,0.46176094,False
weather,DLinear,42,1,0.46782471,0.46431032,True
weather,DLinear,42,2,0.46363466,0.46422496,False
weather,DLinear,42,3,0.46147159,0.46396602,False
weather,DLinear,42,4,0.46396891,0.46321431,False
weather,DLinear,42,5,0.46293023,0.46295262,False
weather,DLinear,42,6,0.46406616,0.46295545,False
weather,DLinear,42,7,0.46232622,0.46224074,False
weather,DLinear,42,8,0.46148573,0.46222421,False
weather,DLinear,42,9,0.46039535,0.46231287,False
weather,DLinear,42,10,0.46284757,0.4624957,False
weather,DLinear,42,11,0.46450949,0.46282976,False
weather,DLinear,42,12,0.46324034,0.46306797,False
weather,DLinear,42,13,0.46315606,0.46301041,False
weather,DLinear,42,14,0.46158636,0.46292042,False
weather,DLinear,42,15,0.46255981,0.46260926,False
weather,DLinear,42,16,0.46405951,0.46256118,False
weather,DLinear,42,17,0.46168456,0.46288175,False
weather,DLinear,42,18,0.46291564,0.46285747,False
weather,DLinear,42,19,0.46318921,0.46246826,False
weather,DLinear,42,20,0.46243842,0.4627829,False
weather,DLinear,42,21,0.46211347,0.46277469,False
weather,DLinear,42,22,0.46325774,0.46277663,False
weather,DLinear,42,23,0.46287459,0.46267537,False
weather,DLinear,42,24,0.46319891,0.46285679,False
weather,DLinear,42,25,0.46193212,0.46272424,False
weather,DLinear,42,26,0.46302057,0.46282833,False
weather,DLinear,42,27,0.46259498,0.46262722,False
weather,DLinear,42,28,0.46339504,0.46280919,False
weather,DLinear,42,29,0.46219338,0.46279154,False
weather,DLinear,42,30,0.46284197,0.46287975,False
weather,DLinear,42,31,0.46293231,0.46288241,False
weather,DLinear,42,32,0.46303606,0.46285394,False
weather,DLinear,42,33,0.46340836,0.46269839,False
weather,DLinear,42,34,0.46205102,0.46258109,False
weather,DLinear,42,35,0.46206421,0.46249567,False
weather,DLinear,42,36,0.46234581,0.462451,False
weather,DLinear,42,37,0.46260897,0.46322863,False
weather,DLinear,42,38,0.46318501,0.46342663,False
weather,DLinear,42,39,0.46593918,0.46351313,False
weather,DLinear,42,40,0.46305419,0.46382054,False
weather,DLinear,42,41,0.46277828,0.46343934,False
weather,DLinear,42,42,0.46414604,0.46258255,False
weather,DLinear,42,43,0.46127901,0.46237118,False
weather,DLinear,42,44,0.46165522,0.46234768,False
weather,DLinear,42,45,0.46199736,0.46195472,False
weather,DLinear,42,46,0.46266078,0.46194577,False
weather,DLinear,42,47,0.46218122,0.46193206,False
weather,DLinear,42,48,0.46123429,0.46230767,False
weather,DLinear,42,49,0.46158663,0.4625178,False
weather,DLinear,42,50,0.46387544,0.46255825,False
weather,DLinear,42,51,0.46371143,0.46280351,False
weather,DLinear,42,52,0.46238347,0.46302076,False
weather,DLinear,42,53,0.46246057,0.46293799,False
weather,DLinear,42,54,0.46267289,0.4632129,False
weather,DLinear,42,55,0.46346157,0.4633049,False
weather,DLinear,42,56,0.46508599,0.46326044,False
weather,DLinear,42,57,0.4628435,0.46333773,False
weather,DLinear,42,58,0.46223826,0.46316386,False
weather,DLinear,42,59,0.46305931,0.46243482,False
weather,DLinear,42,60,0.46259224,0.46248012,False
weather,DLinear,42,61,0.46144078,0.46272718,False
weather,DLinear,42,62,0.46307001,0.46266464,False
weather,DLinear,42,63,0.46347355,0.46246965,False
weather,DLinear,42,64,0.4627466,0.46262605,False
weather,DLinear,42,65,0.46161729,0.46264344,False
weather,DLinear,42,66,0.46222282,0.46267533,False
weather,DLinear,42,67,0.46315695,0.46298569,False
weather,DLinear,42,68,0.46363297,0.46269154,False
weather,DLinear,42,69,0.46429839,0.46259679,False
weather,DLinear,42,70,0.46014655,0.46265599,False
weather,DLinear,42,71,0.46174909,0.46277732,False
weather,DLinear,42,72,0.46345295,0.46241737,False
weather,DLinear,42,73,0.46423962,0.46270011,False
weather,DLinear,42,74,0.46249865,0.4629527,False
weather,DLinear,42,75,0.46156026,0.46286232,False
weather,DLinear,42,76,0.46301202,0.46255822,False
weather,DLinear,42,77,0.46300104,0.46233562,False
weather,DLinear,42,78,0.46271914,0.46276648,False
weather,DLinear,42,79,0.46138566,0.46270509,False
weather,DLinear,42,80,0.46371453,0.46260645,False
weather,DLinear,123,1,0.46720203,0.46461892,True
weather,DLinear,123,2,0.46328141,0.463803,False
weather,DLinear,123,3,0.46337332,0.4636267,False
weather,DLinear,123,4,0.46135524,0.46281173,False
weather,DLinear,123,5,0.4629215,0.46242439,False
weather,DLinear,123,6,0.46312719,0.46224712,False
weather,DLinear,123,7,0.46134473,0.46228088,False
weather,DLinear,123,8,0.46248695,0.46193534,False
weather,DLinear,123,9,0.46152402,0.46199161,False
weather,DLinear,123,10,0.46119382,0.46230165,False
weather,DLinear,123,11,0.46340851,0.46220627,False
weather,DLinear,123,12,0.46289496,0.46230084,False
weather,DLinear,123,13,0.46201006,0.46250995,False
weather,DLinear,123,14,0.46199683,0.46221261,False
weather,DLinear,123,15,0.4622394,0.46219316,False
weather,DLinear,123,16,0.46192181,0.46203426,False
weather,DLinear,123,17,0.46279767,0.46214013,False
weather,DLinear,123,18,0.46121557,0.46251642,False
weather,DLinear,123,19,0.46252619,0.46263203,False
weather,DLinear,123,20,0.46412084,0.46240365,False
weather,DLinear,123,21,0.4624999,0.46232823,False
weather,DLinear,123,22,0.46165578,0.4625428,False
weather,DLinear,123,23,0.46083847,0.46217374,False
weather,DLinear,123,24,0.463599,0.46194536,False
weather,DLinear,123,25,0.46227555,0.46198299,False
weather,DLinear,123,26,0.46135801,0.46224376,False
weather,DLinear,123,27,0.46184393,0.46195575,False
weather,DLinear,123,28,0.46214229,0.46174675,False
weather,DLinear,123,29,0.46215899,0.46207063,False
weather,DLinear,123,30,0.46123054,0.46239003,False
weather,DLinear,123,31,0.46297741,0.46233497,False
weather,DLinear,123,32,0.46344093,0.46259145,False
weather,DLinear,123,33,0.46186698,0.46307909,False
weather,DLinear,123,34,0.4634414,0.4632896,False
weather,DLinear,123,35,0.46366871,0.46313066,False
weather,DLinear,123,36,0.46402998,0.46302816,False
weather,DLinear,123,37,0.46264625,0.46285106,False
weather,DLinear,123,38,0.46135446,0.46246875,False
weather,DLinear,123,39,0.46255588,0.46195462,False
weather,DLinear,123,40,0.46175716,0.46205184,False
weather,DLinear,123,41,0.46145933,0.4622486,False
weather,DLinear,123,42,0.46313239,0.4623936,False
weather,DLinear,123,43,0.46233823,0.46210106,False
weather,DLinear,123,44,0.46328091,0.4622914,False
weather,DLinear,123,45,0.46029445,0.46209981,False
weather,DLinear,123,46,0.462411,0.46184557,False
weather,DLinear,123,47,0.46217447,0.46152279,False
weather,DLinear,123,48,0.46106702,0.46205132,False
weather,DLinear,123,49,0.46166702,0.46182395,False
weather,DLinear,123,50,0.4629371,0.46206016,False
weather,DLinear,123,51,0.46127415,0.46209656,False
weather,DLinear,123,52,0.46335553,0.46209492,False
weather,DLinear,123,53,0.46124901,0.46188451,False
weather,DLinear,123,54,0.46165879,0.46171266,False
weather,DLinear,123,55,0.46188508,0.46142363,False
weather,DLinear,123,56,0.46041486,0.46154214,False
weather,DLinear,123,57,0.46191039,0.46141258,False
weather,DLinear,123,58,0.46184157,0.46159798,False
weather,DLinear,123,59,0.46101101,0.4620313,False
weather,DLinear,123,60,0.46281205,0.46230295,False
weather,DLinear,123,61,0.46258148,0.46289403,False
weather,DLinear,123,62,0.46326866,0.46296087,False
weather,DLinear,123,63,0.46479692,0.4630192,False
weather,DLinear,123,64,0.46134521,0.46305739,False
weather,DLinear,123,65,0.46310373,0.46309336,False
weather,DLinear,123,66,0.46277242,0.46259921,False
weather,DLinear,123,67,0.46344851,0.4631569,False
weather,DLinear,123,68,0.46232619,0.46321163,False
weather,DLinear,123,69,0.46413366,0.46299838,False
weather,DLinear,123,70,0.46337736,0.4626268,False
weather,DLinear,123,71,0.4617062,0.46244872,False
weather,DLinear,123,72,0.46159059,0.46205689,False
weather,DLinear,123,73,0.46143579,0.46155728,False
weather,DLinear,123,74,0.46217451,0.46169073,False
weather,DLinear,123,75,0.46087932,0.46202341,False
weather,DLinear,123,76,0.46237342,0.46194309,False
weather,DLinear,123,77,0.46325399,0.4621118,False
weather,DLinear,123,78,0.46103423,0.46219047,False
weather,DLinear,123,79,0.46301802,0.46214473,False
weather,DLinear,123,80,0.46127267,0.46177497,False
weather,MLP,7,1,0.47874566,0.46941132,False
weather,MLP,7,2,0.465987,0.46703718,False
weather,MLP,7,3,0.46350129,0.46497867,False
weather,MLP,7,4,0.45991478,0.45986101,False
weather,MLP,7,5,0.45674461,0.45683524,False
weather,MLP,7,6,0.45315739,0.45386314,False
weather,MLP,7,7,0.45085811,0.45149937,False
weather,MLP,7,8,0.44864082,0.44894819,False
weather,MLP,7,9,0.44809593,0.4471121,False
weather,MLP,7,10,0.44398871,0.44566172,False
weather,MLP,7,11,0.44397692,0.4444506,False
weather,MLP,7,12,0.44360622,0.44311826,False
weather,MLP,7,13,0.44258523,0.44297037,False
weather,MLP,7,14,0.44143422,0.44284279,False
weather,MLP,7,15,0.44324929,0.44135893,False
weather,MLP,7,16,0.443339,0.43987064,False
weather,MLP,7,17,0.43618693,0.4389444,False
weather,MLP,7,18,0.43514376,0.43699946,False
weather,MLP,7,19,0.43680305,0.43480874,True
weather,MLP,7,20,0.43352455,0.4342153,False
weather,MLP,7,21,0.43238543,0.43396002,False
weather,MLP,7,22,0.43321974,0.43302066,False
weather,MLP,7,23,0.43386733,0.4327765,False
weather,MLP,7,24,0.43210625,0.43244164,False
weather,MLP,7,25,0.43230373,0.4313695,False
weather,MLP,7,26,0.43071117,0.43031397,False
weather,MLP,7,27,0.42785904,0.42907946,False
weather,MLP,7,28,0.42858967,0.42791406,False
weather,MLP,7,29,0.42593369,0.42820059,False
weather,MLP,7,30,0.42647675,0.42775035,False
weather,MLP,7,31,0.43214378,0.42720239,False
weather,MLP,7,32,0.42560785,0.42658245,False
weather,MLP,7,33,0.42584986,0.42574015,False
weather,MLP,7,34,0.42283399,0.42333092,False
weather,MLP,7,35,0.42226525,0.42218409,False
weather,MLP,7,36,0.42009763,0.42119666,False
weather,MLP,7,37,0.41987373,0.42050503,False
weather,MLP,7,38,0.42091272,0.41993519,False
weather,MLP,7,39,0.41937579,0.41986442,False
weather,MLP,7,40,0.41941608,0.41939271,False
weather,MLP,7,41,0.41974375,0.41818751,False
weather,MLP,7,42,0.41751518,0.41775446,False
weather,MLP,7,43,0.41488676,0.41763611,False
weather,MLP,7,44,0.41721054,0.41734225,False
weather,MLP,7,45,0.4188243,0.41652238,False
weather,MLP,7,46,0.41827448,0.41674319,False
weather,MLP,7,47,0.41341581,0.41618459,False
weather,MLP,7,48,0.41599081,0.41547225,False
weather,MLP,7,49,0.41441756,0.4146312,False
weather,MLP,7,50,0.41526259,0.41545708,False
weather,MLP,7,51,0.41406923,0.41493549,False
weather,MLP,7,52,0.41754521,0.41442067,False
weather,MLP,7,53,0.41338284,0.41384793,False
weather,MLP,7,54,0.4118435,0.4135021,False
weather,MLP,7,55,0.41239887,0.41231415,False
weather,MLP,7,56,0.41234008,0.41199349,False
weather,MLP,7,57,0.41160545,0.41171531,False
weather,MLP,7,58,0.41177955,0.41222831,False
weather,MLP,7,59,0.41045261,0.4122982,False
weather,MLP,7,60,0.41496384,0.41276114,False
weather,MLP,7,61,0.41268952,0.41246739,False
weather,MLP,7,62,0.41392019,0.41265097,False
weather,MLP,7,63,0.4103108,0.41139391,False
weather,MLP,7,64,0.41137052,0.41133679,False
weather,MLP,7,65,0.40867852,0.41011118,False
weather,MLP,7,66,0.41240394,0.4098704,False
weather,MLP,7,67,0.40779211,0.40940702,False
weather,MLP,7,68,0.40910691,0.409666,False
weather,MLP,7,69,0.40905361,0.40874823,False
weather,MLP,7,70,0.40997343,0.40900983,False
weather,MLP,7,71,0.4078151,0.40877347,False
weather,MLP,7,72,0.40910012,0.40875965,False
weather,MLP,7,73,0.40792511,0.40823787,False
weather,MLP,7,74,0.40898449,0.4083493,False
weather,MLP,7,75,0.40736453,0.4080126,False
weather,MLP,7,76,0.40837225,0.40751841,False
weather,MLP,7,77,0.4074166,0.40718546,False
weather,MLP,7,78,0.40545421,0.40733606,False
weather,MLP,7,79,0.4073197,0.40707701,False
weather,MLP,7,80,0.40811753,0.40696381,False
weather,MLP,42,1,0.48007876,0.47067309,False
weather,MLP,42,2,0.46897879,0.46781372,False
weather,MLP,42,3,0.46296171,0.46625293,False
weather,MLP,42,4,0.45923563,0.46135835,False
weather,MLP,42,5,0.46000974,0.45760738,False
weather,MLP,42,6,0.45560587,0.45478396,False
weather,MLP,42,7,0.45022393,0.45265165,False
weather,MLP,42,8,0.44884461,0.45047539,False
weather,MLP,42,9,0.44857411,0.44936815,False
weather,MLP,42,10,0.44912843,0.44813946,False
weather,MLP,42,11,0.45006967,0.44737025,False
weather,MLP,42,12,0.44408049,0.44604438,False
weather,MLP,42,13,0.44499857,0.44460856,False
weather,MLP,42,14,0.44194474,0.44186239,False
weather,MLP,42,15,0.44194931,0.44064888,False
weather,MLP,42,16,0.43633882,0.43879617,False
weather,MLP,42,17,0.43801298,0.43746039,False
weather,MLP,42,18,0.43573501,0.435903,False
weather,MLP,42,19,0.43526581,0.43545332,False
weather,MLP,42,20,0.43416236,0.43414221,False
weather,MLP,42,21,0.43409044,0.43306748,False
weather,MLP,42,22,0.43145744,0.43207876,False
weather,MLP,42,23,0.43036137,0.43099857,False
weather,MLP,42,24,0.43032217,0.43000564,False
weather,MLP,42,25,0.42876143,0.42907566,True
weather,MLP,42,26,0.42912581,0.42856315,False
weather,MLP,42,27,0.4268075,0.42780786,False
weather,MLP,42,28,0.42779881,0.42672877,False
weather,MLP,42,29,0.42654573,0.42566625,False
weather,MLP,42,30,0.42336601,0.42559836,False
weather,MLP,42,31,0.4238132,0.42439648,False
weather,MLP,42,32,0.42646804,0.42338482,False
weather,MLP,42,33,0.42178942,0.42326073,False
weather,MLP,42,34,0.42148743,0.42290296,False
weather,MLP,42,35,0.42274557,0.42143658,False
weather,MLP,42,36,0.42202433,0.42106919,False
weather,MLP,42,37,0.41913614,0.42070904,False
weather,MLP,42,38,0.41995247,0.41983677,False
weather,MLP,42,39,0.41968668,0.41911971,False
weather,MLP,42,40,0.41838423,0.41847421,False
weather,MLP,42,41,0.41843902,0.41808496,False
weather,MLP,42,42,0.41590864,0.41725819,False
weather,MLP,42,43,0.41800621,0.4167562,False
weather,MLP,42,44,0.41555283,0.41606305,False
weather,MLP,42,45,0.41587431,0.41613508,False
weather,MLP,42,46,0.41497327,0.41497741,False
weather,MLP,42,47,0.41626881,0.41460923,False
weather,MLP,42,48,0.41221785,0.41434205,False
weather,MLP,42,49,0.41371193,0.4140408,False
weather,MLP,42,50,0.41453838,0.41318925,False
weather,MLP,42,51,0.41346702,0.4128417,False
weather,MLP,42,52,0.41201107,0.41339556,False
weather,MLP,42,53,0.4104801,0.41292111,False
weather,MLP,42,54,0.41648124,0.41233801,False
weather,MLP,42,55,0.41216614,0.4126208,False
weather,MLP,42,56,0.41055148,0.41261218,False
weather,MLP,42,57,0.41342506,0.41116335,False
weather,MLP,42,58,0.41043697,0.4103295,False
weather,MLP,42,59,0.40923707,0.41025036,False
weather,MLP,42,60,0.40799689,0.40912141,False
weather,MLP,42,61,0.41015582,0.40957809,False
weather,MLP,42,62,0.40778028,0.40945222,False
weather,MLP,42,63,0.41272037,0.40932505,False
weather,MLP,42,64,0.40860773,0.40901353,False
weather,MLP,42,65,0.40736103,0.40947014,False
weather,MLP,42,66,0.40859824,0.40845056,False
weather,MLP,42,67,0.41006333,0.40890741,False
weather,MLP,42,68,0.40762245,0.40989296,False
weather,MLP,42,69,0.410892,0.4100363,False
weather,MLP,42,70,0.41228877,0.40971922,False
weather,MLP,42,71,0.40931496,0.40946978,False
weather,MLP,42,72,0.40847791,0.40874281,False
weather,MLP,42,73,0.40637526,0.40765575,False
weather,MLP,42,74,0.40725716,0.40722541,False
weather,MLP,42,75,0.40685346,0.40653964,False
weather,MLP,42,76,0.40716325,0.40633374,False
weather,MLP,42,77,0.40504905,0.4064411,False
weather,MLP,42,78,0.4053458,0.40632973,False
weather,MLP,42,79,0.40779392,0.40612135,False
weather,MLP,42,80,0.40629663,0.40647878,False
weather,MLP,123,1,0.47854363,0.46841378,False
weather,MLP,123,2,0.46435579,0.46578302,False
weather,MLP,123,3,0.46234193,0.46358417,False
weather,MLP,123,4,0.45789074,0.4582738,False
weather,MLP,123,5,0.45478875,0.45561024,False
weather,MLP,123,6,0.45199176,0.45286174,False
weather,MLP,123,7,0.45103803,0.45108339,False
weather,MLP,123,8,0.4485994,0.44971924,False
weather,MLP,123,9,0.448999,0.4480312,False
weather,MLP,123,10,0.44796803,0.44657929,False
weather,MLP,123,11,0.44355155,0.44520356,False
weather,MLP,123,12,0.44377847,0.44364375,False
weather,MLP,123,13,0.44172074,0.44243664,False
weather,MLP,123,14,0.44119996,0.44168324,False
weather,MLP,123,15,0.44193246,0.44073772,False
weather,MLP,123,16,0.43978454,0.43947017,False
weather,MLP,123,17,0.43905088,0.4380293,False
weather,MLP,123,18,0.435383,0.4365933,False
weather,MLP,123,19,0.43399561,0.43514715,False
weather,MLP,123,20,0.43475249,0.43361439,False
weather,MLP,123,21,0.43255378,0.4324609,False
weather,MLP,123,22,0.43138709,0.4319763,True
weather,MLP,123,23,0.42961554,0.43123845,False
weather,MLP,123,24,0.4315726,0.43073258,False
weather,MLP,123,25,0.43106326,0.43080909,False
weather,MLP,123,26,0.43002442,0.43048462,False
weather,MLP,123,27,0.43176963,0.42937286,False
weather,MLP,123,28,0.42799318,0.42858945,False
weather,MLP,123,29,0.42601381,0.42747,False
weather,MLP,123,30,0.4271462,0.42573599,False
weather,MLP,123,31,0.42442716,0.42559999,False
weather,MLP,123,32,0.42309962,0.42512992,False
weather,MLP,123,33,0.42731318,0.42388369,False
weather,MLP,123,34,0.42366346,0.42344268,False
weather,MLP,123,35,0.42091504,0.4230973,False
weather,MLP,123,36,0.42222211,0.42219509,False
weather,MLP,123,37,0.4213727,0.42136771,False
weather,MLP,123,38,0.42280217,0.42140006,False
weather,MLP,123,39,0.41952651,0.42056559,False
weather,MLP,123,40,0.42107682,0.42011386,False
weather,MLP,123,41,0.41804975,0.41912337,False
weather,MLP,123,42,0.41911403,0.41881251,False
weather,MLP,123,43,0.41784975,0.41781792,False
weather,MLP,123,44,0.4179722,0.41803283,False
weather,MLP,123,45,0.41610389,0.41761471,False
weather,MLP,123,46,0.4191243,0.41713183,False
weather,MLP,123,47,0.41702339,0.41638647,False
weather,MLP,123,48,0.41543538,0.41574323,False
weather,MLP,123,49,0.41424541,0.41519389,False
weather,MLP,123,50,0.41288767,0.41435951,False
weather,MLP,123,51,0.41637762,0.41378389,False
weather,MLP,123,52,0.41285149,0.41394521,False
weather,MLP,123,53,0.41255726,0.41458113,False
weather,MLP,123,54,0.415052,0.41386171,False
weather,MLP,123,55,0.41606727,0.413647,False
weather,MLP,123,56,0.41278055,0.41329292,False
weather,MLP,123,57,0.41177793,0.41200291,False
weather,MLP,123,58,0.41078685,0.4105314,False
weather,MLP,123,59,0.40860193,0.41028733,False
weather,MLP,123,60,0.40870972,0.40980028,False
weather,MLP,123,61,0.41156022,0.40994387,False
weather,MLP,123,62,0.40934266,0.41040619,False
weather,MLP,123,63,0.41150482,0.41009096,False
weather,MLP,123,64,0.41091354,0.40998086,False
weather,MLP,123,65,0.40713358,0.4098794,False
weather,MLP,123,66,0.41100971,0.40994055,False
weather,MLP,123,67,0.40883537,0.40923231,False
weather,MLP,123,68,0.41181054,0.40928793,False
weather,MLP,123,69,0.40737236,0.40860189,False
weather,MLP,123,70,0.40741165,0.4087501,False
weather,MLP,123,71,0.40757952,0.40728897,False
weather,MLP,123,72,0.40957642,0.40711809,False
weather,MLP,123,73,0.40450489,0.4073186,False
weather,MLP,123,74,0.40651795,0.40725053,False
weather,MLP,123,75,0.40841424,0.40729494,False
weather,MLP,123,76,0.40723915,0.40724368,False
weather,MLP,123,77,0.40979847,0.40792171,False
weather,MLP,123,78,0.4042486,0.40762194,False
weather,MLP,123,79,0.40990811,0.40771764,False
weather,MLP,123,80,0.40691537,0.40702403,False
weather,CNN,7,1,0.45442389,0.44177762,False
weather,CNN,7,2,0.43830831,0.43924728,False
weather,CNN,7,3,0.43260066,0.43636775,False
weather,CNN,7,4,0.43165627,0.4306425,False
weather,CNN,7,5,0.42484964,0.42834793,False
weather,CNN,7,6,0.4257976,0.42568141,False
weather,CNN,7,7,0.42683549,0.42422751,False
weather,CNN,7,8,0.41926807,0.42310725,False
weather,CNN,7,9,0.42438672,0.42168313,False
weather,CNN,7,10,0.41924834,0.4196932,True
weather,CNN,7,11,0.41867701,0.41943287,False
weather,CNN,7,12,0.41688585,0.4178458,False
weather,CNN,7,13,0.41796643,0.41764002,False
weather,CNN,7,14,0.41645136,0.41818462,False
weather,CNN,7,15,0.41821943,0.41831226,False
weather,CNN,7,16,0.42140002,0.41773621,False
weather,CNN,7,17,0.41752407,0.41761876,False
weather,CNN,7,18,0.41508616,0.4173841,False
weather,CNN,7,19,0.4158641,0.41627187,False
weather,CNN,7,20,0.41704615,0.41621056,False
weather,CNN,7,21,0.41583885,0.41634557,False
weather,CNN,7,22,0.41721752,0.41624911,False
weather,CNN,7,23,0.4157612,0.41669259,False
weather,CNN,7,24,0.41538184,0.41640115,False
weather,CNN,7,25,0.41926354,0.41599383,False
weather,CNN,7,26,0.41438165,0.41602471,False
weather,CNN,7,27,0.41518092,0.41600416,False
weather,CNN,7,28,0.41591561,0.41561887,False
weather,CNN,7,29,0.41527906,0.41578628,False
weather,CNN,7,30,0.41733712,0.41585565,False
weather,CNN,7,31,0.4152187,0.41627075,False
weather,CNN,7,32,0.41552778,0.41613812,False
weather,CNN,7,33,0.41799109,0.41555028,False
weather,CNN,7,34,0.41461591,0.41613393,False
weather,CNN,7,35,0.41439795,0.41628473,False
weather,CNN,7,36,0.41813693,0.41597675,False
weather,CNN,7,37,0.41628178,0.41635173,False
weather,CNN,7,38,0.41645118,0.41686464,False
weather,CNN,7,39,0.4164908,0.41759017,False
weather,CNN,7,40,0.41696248,0.41785389,False
weather,CNN,7,41,0.42176462,0.4173482,False
weather,CNN,7,42,0.41760038,0.41751225,False
weather,CNN,7,43,0.41392275,0.4172795,False
weather,CNN,7,44,0.41731103,0.41573124,False
weather,CNN,7,45,0.41579876,0.41629178,False
weather,CNN,7,46,0.41402327,0.41729054,False
weather,CNN,7,47,0.42040312,0.41742427,False
weather,CNN,7,48,0.41891655,0.41763087,False
weather,CNN,7,49,0.41797965,0.41844004,False
weather,CNN,7,50,0.41683177,0.41730027,False
weather,CNN,7,51,0.41806913,0.41694846,False
weather,CNN,7,52,0.41470424,0.41791797,False
weather,CNN,7,53,0.41715751,0.41769399,False
weather,CNN,7,54,0.42282719,0.41703876,False
weather,CNN,7,55,0.41571185,0.41729895,False
weather,CNN,7,56,0.41479298,0.41693718,False
weather,CNN,7,57,0.41600522,0.415878,False
weather,CNN,7,58,0.41534868,0.41592435,False
weather,CNN,7,59,0.41753128,0.41638705,False
weather,CNN,7,60,0.4159436,0.41739066,False
weather,CNN,7,61,0.41710645,0.41726913,False
weather,CNN,7,62,0.42102328,0.41660588,False
weather,CNN,7,63,0.41474104,0.41640531,False
weather,CNN,7,64,0.41421504,0.41735272,False
weather,CNN,7,65,0.41494077,0.41656556,False
weather,CNN,7,66,0.42184347,0.41698763,False
weather,CNN,7,67,0.41708749,0.41751865,False
weather,CNN,7,68,0.41685139,0.41769006,False
weather,CNN,7,69,0.41687014,0.41668327,False
weather,CNN,7,70,0.4157978,0.41695172,False
weather,CNN,7,71,0.41680951,0.41683814,False
weather,CNN,7,72,0.41842978,0.41633591,False
weather,CNN,7,73,0.41628345,0.4160539,False
weather,CNN,7,74,0.41435902,0.41657266,False
weather,CNN,7,75,0.41438775,0.41670514,False
weather,CNN,7,76,0.41940329,0.41738766,False
weather,CNN,7,77,0.4190922,0.41858579,False
weather,CNN,7,78,0.41969603,0.41913903,False
weather,CNN,7,79,0.42034967,0.41907296,False
weather,CNN,7,80,0.41715394,0.41906655,False
weather,CNN,42,1,0.45188524,0.43970665,False
weather,CNN,42,2,0.43604323,0.43716508,False
weather,CNN,42,3,0.43119149,0.43529076,False
weather,CNN,42,4,0.42954036,0.43029671,False
weather,CNN,42,5,0.42779347,0.42838372,False
weather,CNN,42,6,0.42691498,0.42705971,False
weather,CNN,42,7,0.4264783,0.4259502,True
weather,CNN,42,8,0.42457144,0.42510902,False
weather,CNN,42,9,0.42399284,0.42394297,False
weather,CNN,42,10,0.42358753,0.422949,False
weather,CNN,42,11,0.42108474,0.42218228,False
weather,CNN,42,12,0.42150845,0.42180081,False
weather,CNN,42,13,0.42073784,0.42081152,False
weather,CNN,42,14,0.42208549,0.4202126,False
weather,CNN,42,15,0.41864107,0.41990277,False
weather,CNN,42,16,0.41809015,0.41951103,False
weather,CNN,42,17,0.4199593,0.41873297,False
weather,CNN,42,18,0.41877916,0.41884076,False
weather,CNN,42,19,0.41819515,0.41887692,False
weather,CNN,42,20,0.41918002,0.41859503,False
weather,CNN,42,21,0.41827096,0.41834209,False
weather,CNN,42,22,0.41854985,0.41806439,False
weather,CNN,42,23,0.41751445,0.41753518,False
weather,CNN,42,24,0.41680667,0.41691281,False
weather,CNN,42,25,0.41653395,0.41687153,False
weather,CNN,42,26,0.41515911,0.41626205,False
weather,CNN,42,27,0.41834346,0.41588769,False
weather,CNN,42,28,0.41446705,0.41551754,False
weather,CNN,42,29,0.41493489,0.41532997,False
weather,CNN,42,30,0.41468317,0.41439661,False
weather,CNN,42,31,0.4142213,0.41409531,False
weather,CNN,42,32,0.41367666,0.41365594,False
weather,CNN,42,33,0.41296054,0.41320474,False
weather,CNN,42,34,0.41273804,0.41298079,False
weather,CNN,42,35,0.41242714,0.41272577,False
weather,CNN,42,36,0.41310159,0.41268679,False
weather,CNN,42,37,0.41240154,0.41245923,False
weather,CNN,42,38,0.41276562,0.41252076,False
weather,CNN,42,39,0.41160026,0.41232463,False
weather,CNN,42,40,0.41273477,0.41257143,False
weather,CNN,42,41,0.41212095,0.41244417,False
weather,CNN,42,42,0.41363554,0.41227708,False
weather,CNN,42,43,0.41212936,0.41246111,False
weather,CNN,42,44,0.4107648,0.4123006,False
weather,CNN,42,45,0.41365489,0.41232902,False
weather,CNN,42,46,0.41131841,0.41201989,False
weather,CNN,42,47,0.41377766,0.4123838,False
weather,CNN,42,48,0.41058367,0.41159333,False
weather,CNN,42,49,0.41258437,0.41140154,False
weather,CNN,42,50,0.40970255,0.41072365,False
weather,CNN,42,51,0.41035945,0.41045411,False
weather,CNN,42,52,0.41038822,0.41067456,False
weather,CNN,42,53,0.40923597,0.41054299,False
weather,CNN,42,54,0.41368664,0.41062165,False
weather,CNN,42,55,0.40904468,0.41102132,False
weather,CNN,42,56,0.41075272,0.41118075,False
weather,CNN,42,57,0.41238657,0.41071281,False
weather,CNN,42,58,0.41003316,0.41170371,False
weather,CNN,42,59,0.41134691,0.4117923,False
weather,CNN,42,60,0.41399921,0.41117856,False
weather,CNN,42,61,0.41119563,0.41103479,False
weather,CNN,42,62,0.4093179,0.41077894,False
weather,CNN,42,63,0.40931429,0.40964301,False
weather,CNN,42,64,0.41006768,0.40953639,False
weather,CNN,42,65,0.40831953,0.4096544,False
weather,CNN,42,66,0.41066253,0.40985161,False
weather,CNN,42,67,0.40990795,0.40936992,False
weather,CNN,42,68,0.41030037,0.40970577,False
weather,CNN,42,69,0.40765923,0.41010687,False
weather,CNN,42,70,0.40999876,0.41018563,False
weather,CNN,42,71,0.41266805,0.41058191,False
weather,CNN,42,72,0.41030172,0.41086737,False
weather,CNN,42,73,0.41228178,0.41062982,False
weather,CNN,42,74,0.40908652,0.41023791,False
weather,CNN,42,75,0.40881102,0.40975659,False
weather,CNN,42,76,0.4107085,0.40918259,False
weather,CNN,42,77,0.40789511,0.40923918,False
weather,CNN,42,78,0.40941179,0.40958515,False
weather,CNN,42,79,0.40936948,0.40930432,False
weather,CNN,42,80,0.41054088,0.40977405,False
weather,CNN,123,1,0.46097559,0.44563019,False
weather,CNN,123,2,0.44227895,0.4416655,False
weather,CNN,123,3,0.43363601,0.43863465,False
weather,CNN,123,4,0.42977143,0.43168098,False
weather,CNN,123,5,0.42651126,0.42743944,False
weather,CNN,123,6,0.42620724,0.42470099,False
weather,CNN,123,7,0.42107128,0.42259431,False
weather,CNN,123,8,0.41994376,0.42101087,False
weather,CNN,123,9,0.41923804,0.42061894,False
weather,CNN,123,10,0.41859403,0.42036857,True
weather,CNN,123,11,0.4242476,0.41989489,False
weather,CNN,123,12,0.41981943,0.41974233,False
weather,CNN,123,13,0.41757534,0.4197918,False
weather,CNN,123,14,0.41847522,0.41819706,False
weather,CNN,123,15,0.41884138,0.41732421,False
weather,CNN,123,16,0.41627395,0.4169542,False
weather,CNN,123,17,0.41545517,0.41671236,False
weather,CNN,123,18,0.41572529,0.41586181,False
weather,CNN,123,19,0.41726602,0.41557317,False
weather,CNN,123,20,0.41458864,0.4155523,False
weather,CNN,123,21,0.41483074,0.41528485,False
weather,CNN,123,22,0.41535083,0.41492996,False
weather,CNN,123,23,0.41438799,0.41479729,False
weather,CNN,123,24,0.4154916,0.41480509,False
weather,CNN,123,25,0.4139253,0.41474074,False
weather,CNN,123,26,0.4148697,0.41482172,False
weather,CNN,123,27,0.41502908,0.41440758,False
weather,CNN,123,28,0.41479293,0.41455769,False
weather,CNN,123,29,0.41342089,0.41440345,False
weather,CNN,123,30,0.41467585,0.41422246,False
weather,CNN,123,31,0.41409849,0.41380848,False
weather,CNN,123,32,0.41412414,0.4146674,False
weather,CNN,123,33,0.41272303,0.41496997,False
weather,CNN,123,34,0.41771551,0.41518337,False
weather,CNN,123,35,0.41618867,0.41504317,False
weather,CNN,123,36,0.41516553,0.41514748,False
weather,CNN,123,37,0.4134231,0.41501738,False
weather,CNN,123,38,0.41324457,0.41490205,False
weather,CNN,123,39,0.41706503,0.41452643,False
weather,CNN,123,40,0.41561204,0.41438782,False
weather,CNN,123,41,0.41328742,0.41490519,False
weather,CNN,123,42,0.41273004,0.41413065,False
weather,CNN,123,43,0.41583141,0.41347031,False
weather,CNN,123,44,0.41319233,0.41334875,False
weather,CNN,123,45,0.41231036,0.41339301,False
weather,CNN,123,46,0.41267963,0.41314794,False
weather,CNN,123,47,0.4129513,0.4130277,False
weather,CNN,123,48,0.41460607,0.41340559,False
weather,CNN,123,49,0.41259117,0.41338142,False
weather,CNN,123,50,0.41419981,0.41347492,False
weather,CNN,123,51,0.41255874,0.41348169,False
weather,CNN,123,52,0.41341882,0.41341993,False
weather,CNN,123,53,0.41463992,0.4130428,False
weather,CNN,123,54,0.41228237,0.41298317,False
weather,CNN,123,55,0.41231414,0.41296707,False
weather,CNN,123,56,0.41226058,0.41247775,False
weather,CNN,123,57,0.41333832,0.41288011,False
weather,CNN,123,58,0.41219332,0.41335464,False
weather,CNN,123,59,0.41429419,0.41352111,False
weather,CNN,123,60,0.41468678,0.41400738,False
weather,CNN,123,61,0.41309294,0.41393523,False
weather,CNN,123,62,0.41576968,0.41369575,False
weather,CNN,123,63,0.41183257,0.41315059,False
weather,CNN,123,64,0.4130968,0.41305931,False
weather,CNN,123,65,0.41196099,0.41279821,False
weather,CNN,123,66,0.4126365,0.41278901,False
weather,CNN,123,67,0.41446417,0.41292413,False
weather,CNN,123,68,0.41178657,0.41324309,False
weather,CNN,123,69,0.41377242,0.4133487,False
weather,CNN,123,70,0.41355579,0.41292203,False
weather,CNN,123,71,0.41316456,0.41291769,False
weather,CNN,123,72,0.41233084,0.41310318,False
weather,CNN,123,73,0.41176486,0.41293698,False
weather,CNN,123,74,0.41469988,0.4125506,False
weather,CNN,123,75,0.41272477,0.41250971,False
weather,CNN,123,76,0.41123264,0.41250788,False
weather,CNN,123,77,0.41212637,0.4120546,False
weather,CNN,123,78,0.41175575,0.41200846,False
weather,CNN,123,79,0.41243346,0.41220241,False
weather,CNN,123,80,0.41249406,0.41222776,False
