ETTh1,DLinear,42,2,0.69264596,0.03781318,0.01995778,1.70649722,False
ETTh1,DLinear,42,3,0.67998001,0.01266595,0.01496834,1.27987292,False
ETTh1,DLinear,42,4,0.6705858,0.00939421,0.01373607,1.17450769,False
ETTh1,DLinear,42,5,0.67380293,0.0,0.00617343,0.52786174,False
ETTh1,DLinear,42,6,0.66499592,0.00880701,0.00364024,0.31126043,False
ETTh1,DLinear,42,7,0.67186906,0.0,0.00318664,0.27247492,False
ETTh1,DLinear,42,8,0.67226448,0.0,0.00337184,0.28831001,False
ETTh1,DLinear,42,9,0.66513829,0.00712619,0.00161043,0.13770065,False
ETTh1,DLinear,42,10,0.66421232,0.00092597,0.00161043,0.13770065,False
ETTh1,DLinear,42,11,0.66460555,0.0,0.00287066,0.24545643,False
ETTh1,DLinear,42,12,0.66776118,0.0,0.0017551,0.15007079,False
ETTh1,DLinear,42,13,0.66146007,0.00630111,0.00156991,0.13423571,False
ETTh1,DLinear,42,14,0.65991163,0.00154844,0.00288853,0.24698468,False
ETTh1,DLinear,42,15,0.66435887,0.0,0.00288853,0.24698468,False
ETTh1,DLinear,42,16,0.65776577,0.00659309,0.00331881,0.28377564,False
ETTh1,DLinear,42,17,0.66558048,0.0,0.00300912,0.25729571,False
ETTh1,DLinear,42,18,0.65712799,0.0084525,0.00358276,0.30634491,False
ETTh1,DLinear,42,19,0.66190619,0.0,0.00226414,0.19359594,False
ETTh1,DLinear,42,20,0.659038,0.00286819,0.00226414,0.19359594,False
ETTh1,DLinear,42,21,0.66065111,0.0,0.00057364,0.0490492,True
ETTh1,DLinear,42,22,0.66080918,0.0,0.00153902,0.13159472,False
ETTh1,DLinear,42,23,0.66395164,0.0,0.00136764,0.11694017,False
ETTh1,DLinear,42,24,0.65912472,0.00482692,0.00136764,0.11694017,False
ETTh1,DLinear,42,25,0.65711346,0.00201126,0.00136764,0.11694017,False
ETTh1,DLinear,42,26,0.66034744,0.0,0.00136764,0.11694017,False
ETTh1,DLinear,42,27,0.66135997,0.0,0.00040225,0.03439464,False
ETTh1,DLinear,42,28,0.66152876,0.0,0.0,0.0,False
ETTh1,DLinear,42,29,0.66306988,0.0,0.00081231,0.06945699,False
ETTh1,DLinear,42,30,0.66455895,0.0,0.00081231,0.06945699,False
ETTh1,DLinear,42,31,0.66049739,0.00406156,0.0021192,0.18120299,False
ETTh1,DLinear,42,32,0.66191171,0.0,0.0021192,0.18120299,False
ETTh1,DLinear,42,33,0.65537727,0.00653444,0.00236432,0.20216173,False
ETTh1,DLinear,42,34,0.66062944,0.0,0.001552,0.13270475,False
ETTh1,DLinear,42,35,0.65940386,0.00122558,0.00187448,0.16027779,False
ETTh1,DLinear,42,36,0.66025005,0.0,0.00056759,0.04853179,False
ETTh1,DLinear,42,37,0.65863769,0.00161236,0.00056759,0.04853179,False
ETTh1,DLinear,42,38,0.65868277,0.0,0.00165464,0.14148096,False
ETTh1,DLinear,42,39,0.66436365,0.0,0.00165464,0.14148096,False
ETTh1,DLinear,42,40,0.65770279,0.00666086,0.00152571,0.13045627,False
ETTh1,DLinear,42,41,0.66156364,0.0,0.00195414,0.1670893,False
ETTh1,DLinear,42,42,0.66059596,0.00096768,0.00195414,0.1670893,False
ETTh1,DLinear,42,43,0.65845382,0.00214215,0.00143919,0.12305855,False
ETTh1,DLinear,42,44,0.66146288,0.0,0.00143919,0.12305855,False
ETTh1,DLinear,42,45,0.65737675,0.00408613,0.00150803,0.12894487,False
ETTh1,DLinear,42,46,0.66314483,0.0,0.00129789,0.11097698,False
ETTh1,DLinear,42,47,0.66183294,0.00131189,0.00158852,0.13582673,False
ETTh1,DLinear,42,48,0.66074148,0.00109146,0.00077129,0.06594957,False
ETTh1,DLinear,42,49,0.65928837,0.00145311,0.00090037,0.07698683,False
ETTh1,DLinear,42,50,0.66336586,0.0,0.000638,0.05455215,False
ETTh1,DLinear,42,51,0.66272045,0.00064541,0.00053035,0.04534796,False
ETTh1,DLinear,42,52,0.66323364,0.0,0.00079365,0.06786161,False
ETTh1,DLinear,42,53,0.6626804,0.00055324,0.00127776,0.10925542,False
ETTh1,DLinear,42,54,0.65991078,0.00276962,0.00114868,0.09821816,False
ETTh1,DLinear,42,55,0.65749024,0.00242054,0.00114868,0.09821816,False
ETTh1,DLinear,42,56,0.65821342,0.0,0.00124563,0.10650813,False
ETTh1,DLinear,42,57,0.66010507,0.0,0.00069171,0.05914472,False
ETTh1,DLinear,42,58,0.65906707,0.001038,0.0002076,0.01775091,False
ETTh1,DLinear,42,59,0.66009157,0.0,0.00076403,0.06532859,False
ETTh1,DLinear,42,60,0.66078325,0.0,0.00109121,0.09330399,False
ETTh1,DLinear,42,61,0.6580011,0.00278215,0.00088361,0.07555308,False
ETTh1,DLinear,42,62,0.65636522,0.00163589,0.00088361,0.07555308,False
ETTh1,DLinear,42,63,0.65770519,0.0,0.00088361,0.07555308,False
ETTh1,DLinear,42,64,0.65802393,0.0,0.00032718,0.02797541,False
ETTh1,DLinear,42,65,0.65975531,0.0,0.00055636,0.04757167,False
ETTh1,DLinear,42,66,0.66347199,0.0,0.00055636,0.04757167,False
ETTh1,DLinear,42,67,0.6606902,0.00278179,0.00103146,0.08819557,False
ETTh1,DLinear,42,68,0.66230153,0.0,0.00126479,0.10814642,False
ETTh1,DLinear,42,69,0.65992601,0.00237552,0.00126479,0.10814642,False
ETTh1,DLinear,42,70,0.65875937,0.00116664,0.00126305,0.10799718,False
ETTh1,DLinear,42,71,0.66349965,0.0,0.00169033,0.14453191,False
ETTh1,DLinear,42,72,0.66072658,0.00277307,0.00121522,0.10390801,False
ETTh1,DLinear,42,73,0.65859018,0.0021364,0.0016618,0.14209259,False
ETTh1,DLinear,42,74,0.66249476,0.0,0.0016618,0.14209259,False
ETTh1,DLinear,42,75,0.65909525,0.00339952,0.00110718,0.09467015,False
ETTh1,DLinear,42,76,0.66191001,0.0,0.00090098,0.07703868,False
ETTh1,DLinear,42,77,0.66508121,0.0,0.00223409,0.19102684,False
ETTh1,DLinear,42,78,0.66397582,0.00110538,0.00155419,0.13289142,False
ETTh1,DLinear,42,79,0.65731027,0.00666556,0.00194274,0.16611427,False
ETTh1,DLinear,42,80,0.66113156,0.0,0.00259031,0.2214857,False
ETTh1,MLP,42,2,0.84071837,0.14751679,0.08375083,1.6798638,False
ETTh1,MLP,42,3,0.76515604,0.07556233,0.0678678,1.36128379,False
ETTh1,MLP,42,4,0.73698266,0.02817338,0.05584517,1.12013551,False
ETTh1,MLP,42,5,0.71676398,0.02021868,0.0280754,0.56313288,False
ETTh1,MLP,42,6,0.7090093,0.00775468,0.01373944,0.27558402,False
ETTh1,MLP,42,7,0.70034137,0.00866793,0.00951384,0.19082746,False
ETTh1,MLP,42,8,0.69645883,0.00388254,0.00664357,0.13325581,False
ETTh1,MLP,42,9,0.68941345,0.00704538,0.00561944,0.11271399,False
ETTh1,MLP,42,10,0.68354615,0.0058673,0.00388585,0.07794195,False
ETTh1,MLP,42,11,0.68091211,0.00263404,0.00528639,0.10603379,False
ETTh1,MLP,42,12,0.68831934,0.0,0.00387732,0.07777071,False
ETTh1,MLP,42,13,0.6774341,0.01088524,0.00270386,0.05423361,False
ETTh1,MLP,42,14,0.68342075,0.0,0.00324648,0.06511741,False
ETTh1,MLP,42,15,0.68351547,0.0,0.00377181,0.07565442,False
ETTh1,MLP,42,16,0.67816833,0.00534714,0.0020014,0.04014386,True
ETTh1,MLP,42,17,0.67554168,0.00262665,0.0020014,0.04014386,False
ETTh1,MLP,42,18,0.67350847,0.00203321,0.00292152,0.05859945,False
ETTh1,MLP,42,19,0.67700465,0.0,0.00224036,0.04493683,False
ETTh1,MLP,42,20,0.67240407,0.00460058,0.00171503,0.03439982,False
ETTh1,MLP,42,21,0.67046272,0.00194134,0.00132864,0.02664973,False
ETTh1,MLP,42,22,0.67497677,0.0,0.00132864,0.02664973,False
ETTh1,MLP,42,23,0.67487549,0.00010128,0.00149995,0.03008586,False
ETTh1,MLP,42,24,0.67633326,0.0,0.00111168,0.02229802,False
ETTh1,MLP,42,25,0.67087612,0.00545714,0.00111168,0.02229802,False
ETTh1,MLP,42,26,0.67109641,0.0,0.00109143,0.02189172,False
ETTh1,MLP,42,27,0.67127895,0.0,0.00151984,0.03048472,False
ETTh1,MLP,42,28,0.67253796,0.0,0.00091594,0.01837187,False
ETTh1,MLP,42,29,0.67039591,0.00214205,0.00101703,0.02039948,False
ETTh1,MLP,42,30,0.66795825,0.00243766,0.00101703,0.02039948,False
ETTh1,MLP,42,31,0.66745281,0.00050544,0.00249121,0.04996842,False
ETTh1,MLP,42,32,0.67562807,0.0,0.0020628,0.04137542,False
ETTh1,MLP,42,33,0.66825717,0.00737091,0.00178585,0.03582033,False
ETTh1,MLP,42,34,0.67129042,0.0,0.00254859,0.05111933,False
ETTh1,MLP,42,35,0.67023752,0.0010529,0.00254859,0.05111933,False
ETTh1,MLP,42,36,0.66591837,0.00431915,0.00107441,0.02155039,False
ETTh1,MLP,42,37,0.66795229,0.0,0.0022686,0.04550337,False
ETTh1,MLP,42,38,0.67081645,0.0,0.00205802,0.04127959,False
ETTh1,MLP,42,39,0.66484548,0.00597097,0.00119419,0.02395298,False
ETTh1,MLP,42,40,0.66903255,0.0,0.00202168,0.0405506,False
ETTh1,MLP,42,41,0.66967938,0.0,0.00202168,0.0405506,False
ETTh1,MLP,42,42,0.66554195,0.00413743,0.00082749,0.01659762,False
ETTh1,MLP,42,43,0.667736,0.0,0.00101927,0.0204443,False
ETTh1,MLP,42,44,0.66790074,0.0,0.00128509,0.02577611,False
ETTh1,MLP,42,45,0.66694184,0.0009589,0.0004576,0.0091785,False
ETTh1,MLP,42,46,0.66561273,0.00132911,0.00075253,0.01509406,False
ETTh1,MLP,42,47,0.66854622,0.0,0.00089898,0.01803164,False
ETTh1,MLP,42,48,0.6670716,0.00147462,0.00113042,0.02267374,False
ETTh1,MLP,42,49,0.66633932,0.00073227,0.00086459,0.01734192,False
ETTh1,MLP,42,50,0.66422325,0.00211607,0.00161359,0.03236509,False
ETTh1,MLP,42,51,0.66816431,0.0,0.00140208,0.0281227,False
ETTh1,MLP,42,52,0.66441936,0.00374496,0.00125562,0.02518513,False
ETTh1,MLP,42,53,0.66400227,0.00041709,0.00094227,0.01889985,False
ETTh1,MLP,42,54,0.66581513,0.0,0.00119794,0.02402823,False
ETTh1,MLP,42,55,0.66526585,0.00054929,0.00044895,0.00900506,False
ETTh1,MLP,42,56,0.66398745,0.0012784,0.00127049,0.02548331,False
ETTh1,MLP,42,57,0.66639826,0.0,0.00127049,0.02548331,False
ETTh1,MLP,42,58,0.66187349,0.00452476,0.00182667,0.03663919,False
ETTh1,MLP,42,59,0.66413319,0.0,0.00157099,0.03151082,False
ETTh1,MLP,42,60,0.66080298,0.00333021,0.00172497,0.03459932,False
ETTh1,MLP,42,61,0.66237826,0.0,0.00082002,0.0164479,False
ETTh1,MLP,42,62,0.66160837,0.0007699,0.00143842,0.02885157,False
ETTh1,MLP,42,63,0.66466157,0.0,0.00077237,0.01549218,False
ETTh1,MLP,42,64,0.6615696,0.00309197,0.00077237,0.01549218,False
ETTh1,MLP,42,65,0.66161887,0.0,0.00154944,0.03107847,False
ETTh1,MLP,42,66,0.66665554,0.0,0.00154944,0.03107847,False
ETTh1,MLP,42,67,0.66200031,0.00465523,0.00177308,0.03556417,False
ETTh1,MLP,42,68,0.6647068,0.0,0.00215558,0.04323629,False
ETTh1,MLP,42,69,0.66049664,0.00421016,0.00215558,0.04323629,False
ETTh1,MLP,42,70,0.65858414,0.0019125,0.00222612,0.04465122,False
ETTh1,MLP,42,71,0.66359649,0.0,0.00222612,0.04465122,False
ETTh1,MLP,42,72,0.65858855,0.00500794,0.00347743,0.06974994,False
ETTh1,MLP,42,73,0.66741411,0.0,0.00309493,0.06207781,False
ETTh1,MLP,42,74,0.65694738,0.01046673,0.0035799,0.07180525,False
ETTh1,MLP,42,75,0.6651062,0.0,0.00257832,0.05171553,False
ETTh1,MLP,42,76,0.66268136,0.00242484,0.00451739,0.09060922,False
ETTh1,MLP,42,77,0.66816611,0.0,0.00242404,0.04862113,False
ETTh1,MLP,42,78,0.65847074,0.00969537,0.00279341,0.0560298,False
ETTh1,MLP,42,79,0.66096143,0.0,0.00288555,0.05787796,False
ETTh1,MLP,42,80,0.6591146,0.00184682,0.0038474,0.07717061,False
ETTh1,CNN,42,2,0.7728538,0.14193566,0.0680069,1.79071149,False
ETTh1,CNN,42,3,0.7397925,0.0330613,0.05181891,1.36446053,False
ETTh1,CNN,42,4,0.71076878,0.02902372,0.04369019,1.15042052,False
ETTh1,CNN,42,5,0.70751381,0.00325497,0.01558738,0.41043643,False
ETTh1,CNN,42,6,0.6963385,0.0111753,0.01078453,0.28397103,False
ETTh1,CNN,42,7,0.69491688,0.00142162,0.00594444,0.15652506,False
ETTh1,CNN,42,8,0.68586983,0.00904705,0.00585111,0.15406734,False
ETTh1,CNN,42,9,0.68104656,0.00482328,0.00369232,0.09722354,False
ETTh1,CNN,42,10,0.67825828,0.00278828,0.00340799,0.0897369,False
ETTh1,CNN,42,11,0.67787693,0.00038135,0.00271403,0.07146412,False
ETTh1,CNN,42,12,0.68524193,0.0,0.00174938,0.04606347,True
ETTh1,CNN,42,13,0.67966466,0.00557727,0.00273611,0.07204532,False
ETTh1,CNN,42,14,0.68258525,0.0,0.00278472,0.07332535,False
ETTh1,CNN,42,15,0.67486333,0.00772192,0.00278472,0.07332535,False
ETTh1,CNN,42,16,0.67423892,0.00062441,0.00360894,0.09502808,False
ETTh1,CNN,42,17,0.6783306,0.0,0.00360894,0.09502808,False
ETTh1,CNN,42,18,0.66863224,0.00969835,0.00229805,0.0605108,False
ETTh1,CNN,42,19,0.67331439,0.0,0.00217317,0.05722248,False
ETTh1,CNN,42,20,0.67214688,0.0011675,0.00248706,0.06548755,False
ETTh1,CNN,42,21,0.67543352,0.0,0.00114236,0.03007974,False
ETTh1,CNN,42,22,0.67386408,0.00156944,0.00121799,0.03207119,False
ETTh1,CNN,42,23,0.67088924,0.00297484,0.00098449,0.02592281,False
ETTh1,CNN,42,24,0.67051109,0.00037815,0.00191644,0.05046252,False
ETTh1,CNN,42,25,0.6730693,0.0,0.00160256,0.04219746,False
ETTh1,CNN,42,26,0.66840951,0.0046598,0.00100759,0.02653117,False
ETTh1,CNN,42,27,0.668865,0.0,0.0012052,0.03173458,False
ETTh1,CNN,42,28,0.66919761,0.0,0.0012052,0.03173458,False
ETTh1,CNN,42,29,0.6678314,0.00136622,0.00027324,0.00719486,False
ETTh1,CNN,42,30,0.66815988,0.0,0.00082852,0.0218159,False
ETTh1,CNN,42,31,0.67211004,0.0,0.00125359,0.03300856,False
ETTh1,CNN,42,32,0.66933368,0.00277636,0.00098034,0.0258137,False
ETTh1,CNN,42,33,0.66720833,0.00212535,0.00229933,0.06054443,False
ETTh1,CNN,42,34,0.67520959,0.0,0.00229933,0.06054443,False
ETTh1,CNN,42,35,0.66861464,0.00659495,0.00174406,0.04592339,False
ETTh1,CNN,42,36,0.67064398,0.0,0.0024037,0.06329252,False
ETTh1,CNN,42,37,0.67234814,0.0,0.00283089,0.07454109,False
ETTh1,CNN,42,38,0.6669246,0.00542354,0.0015119,0.03981036,False
ETTh1,CNN,42,39,0.66478863,0.00213597,0.00217891,0.05737368,False
ETTh1,CNN,42,40,0.67053983,0.0,0.00217891,0.05737368,False
ETTh1,CNN,42,41,0.66720477,0.00333506,0.00151325,0.03984581,False
ETTh1,CNN,42,42,0.66752333,0.0,0.00108605,0.02859724,False
ETTh1,CNN,42,43,0.66542812,0.00209521,0.00146764,0.0386449,False
ETTh1,CNN,42,44,0.67496659,0.0,0.00206829,0.05446078,False
ETTh1,CNN,42,45,0.67305866,0.00190793,0.00206829,0.05446078,False
ETTh1,CNN,42,46,0.66672036,0.00633831,0.00221325,0.05827771,False
ETTh1,CNN,42,47,0.66684827,0.0,0.00221325,0.05827771,False
ETTh1,CNN,42,48,0.66402827,0.00282,0.00230783,0.06076828,False
ETTh1,CNN,42,49,0.66559591,0.0,0.00104017,0.02738908,False
ETTh1,CNN,42,50,0.66321505,0.00238086,0.00146289,0.03851988,False
ETTh1,CNN,42,51,0.66858494,0.0,0.00089889,0.02366903,False
ETTh1,CNN,42,52,0.66647134,0.0021136,0.002878,0.07578147,False
ETTh1,CNN,42,53,0.67301726,0.0,0.00300253,0.07906067,False
ETTh1,CNN,42,54,0.66312174,0.00989552,0.00300253,0.07906067,False
ETTh1,CNN,42,55,0.6601182,0.00300354,0.00428614,0.11285983,False
ETTh1,CNN,42,56,0.6698848,0.0,0.00428614,0.11285983,False
ETTh1,CNN,42,57,0.66135315,0.00853165,0.00230704,0.06074738,False
ETTh1,CNN,42,58,0.66477042,0.0,0.00217477,0.05726454,False
ETTh1,CNN,42,59,0.66664009,0.0,0.00217477,0.05726454,False
ETTh1,CNN,42,60,0.6642979,0.00234219,0.0012402,0.03265613,False
ETTh1,CNN,42,61,0.66482492,0.0,0.0012402,0.03265613,False
ETTh1,CNN,42,62,0.66096611,0.00385881,0.0012402,0.03265613,False
ETTh1,CNN,42,63,0.66287295,0.0,0.00088386,0.02327329,False
ETTh1,CNN,42,64,0.66379728,0.0,0.00120005,0.03159896,False
ETTh1,CNN,42,65,0.66323678,0.0005605,0.00042829,0.01127742,False
ETTh1,CNN,42,66,0.66165584,0.00158094,0.00042829,0.01127742,False
ETTh1,CNN,42,67,0.66641534,0.0,0.00132458,0.03487783,False
ETTh1,CNN,42,68,0.66840104,0.0,0.00121247,0.03192607,False
ETTh1,CNN,42,69,0.66391961,0.00448143,0.00089629,0.02360041,False
ETTh1,CNN,42,70,0.66626365,0.0,0.00256567,0.06755753,False
ETTh1,CNN,42,71,0.66857337,0.0,0.00256567,0.06755753,False
ETTh1,CNN,42,72,0.66022644,0.00834693,0.00166939,0.04395713,False
ETTh1,CNN,42,73,0.66518342,0.0,0.00200582,0.05281585,False
ETTh1,CNN,42,74,0.66647294,0.0,0.00274721,0.07233779,False
ETTh1,CNN,42,75,0.66479078,0.00168216,0.00110353,0.02905743,False
ETTh1,CNN,42,76,0.6610838,0.00370698,0.00110353,0.02905743,False
ETTh1,CNN,42,77,0.66095529,0.00012851,0.00186826,0.04919367,False
ETTh1,CNN,42,78,0.66561306,0.0,0.00153182,0.04033495,False
ETTh1,CNN,42,79,0.66178943,0.00382363,0.00098803,0.02601626,False
ETTh1,CNN,42,80,0.66259529,0.0,0.00127454,0.03356041,False
ETTh2,DLinear,42,2,0.2538881,0.01138483,0.00576588,0.82362073,False
ETTh2,DLinear,42,3,0.24797531,0.0059128,0.01023503,1.46201288,False
ETTh2,DLinear,42,4,0.25750555,0.0,0.00818803,1.16961031,False
ETTh2,DLinear,42,5,0.23386305,0.0236425,0.00591106,0.84435934,False
ETTh2,DLinear,42,6,0.2407282,0.0,0.00490323,0.70039674,False
ETTh2,DLinear,42,7,0.24276818,0.0,0.00718158,1.02584503,False
ETTh2,DLinear,42,8,0.24189454,0.00087364,0.00245308,0.35040716,False
ETTh2,DLinear,42,9,0.2305028,0.01139174,0.0029779,0.42537449,False
ETTh2,DLinear,42,10,0.24517054,0.0,0.00381519,0.54497642,False
ETTh2,DLinear,42,11,0.24254644,0.0026241,0.00364046,0.52001755,False
ETTh2,DLinear,42,12,0.23835999,0.00418645,0.00251691,0.35952502,False
ETTh2,DLinear,42,13,0.246033,0.0,0.00381242,0.54458072,False
ETTh2,DLinear,42,14,0.24025901,0.00577398,0.0032876,0.46961339,False
ETTh2,DLinear,42,15,0.23378147,0.00647755,0.00348083,0.49721543,False
ETTh2,DLinear,42,16,0.23653656,0.0,0.00348083,0.49721543,False
ETTh2,DLinear,42,17,0.23138395,0.00515261,0.00431215,0.6159645,False
ETTh2,DLinear,42,18,0.24447583,0.0,0.00301664,0.4309088,False
ETTh2,DLinear,42,19,0.23454525,0.00993058,0.00301664,0.4309088,False
ETTh2,DLinear,42,20,0.24169851,0.0,0.00198612,0.28370483,False
ETTh2,DLinear,42,21,0.2473258,0.0,0.0047916,0.68445078,False
ETTh2,DLinear,42,22,0.24737974,0.0,0.00441283,0.63034678,False
ETTh2,DLinear,42,23,0.23335234,0.0140274,0.00441283,0.63034678,False
ETTh2,DLinear,42,24,0.22531557,0.00803677,0.00441283,0.63034678,False
ETTh2,DLinear,42,25,0.23231469,0.0,0.00441283,0.63034678,False
ETTh2,DLinear,42,26,0.23825402,0.0,0.00265252,0.37889595,False
ETTh2,DLinear,42,27,0.23928286,0.0,0.00118113,0.16871691,False
ETTh2,DLinear,42,28,0.23405705,0.00522581,0.00270519,0.38641971,False
ETTh2,DLinear,42,29,0.23337722,0.00067983,0.00270519,0.38641971,False
ETTh2,DLinear,42,30,0.22575692,0.0076203,0.00270519,0.38641971,False
ETTh2,DLinear,42,31,0.23687384,0.0,0.00380548,0.5435895,False
ETTh2,DLinear,42,32,0.2396898,0.0,0.00366951,0.52416771,False
ETTh2,DLinear,42,33,0.22896254,0.01072726,0.002877,0.4109615,False
ETTh2,DLinear,42,34,0.23392658,0.0,0.00292789,0.41823214,False
ETTh2,DLinear,42,35,0.23026886,0.00365772,0.00292789,0.41823214,False
ETTh2,DLinear,42,36,0.23001436,0.0002545,0.00142938,0.20417861,False
ETTh2,DLinear,42,37,0.23407971,0.0,0.00142938,0.20417861,False
ETTh2,DLinear,42,38,0.23084501,0.0032347,0.00129939,0.1856099,False
ETTh2,DLinear,42,39,0.23890746,0.0,0.00328399,0.46909833,False
ETTh2,DLinear,42,40,0.23589971,0.00300775,0.00328399,0.46909833,False
ETTh2,DLinear,42,41,0.22572221,0.0101775,0.00263705,0.37668695,False
ETTh2,DLinear,42,42,0.23343517,0.0,0.00513003,0.73279339,False
ETTh2,DLinear,42,43,0.24615391,0.0,0.00452848,0.6468655,False
ETTh2,DLinear,42,44,0.23368904,0.01246487,0.00265199,0.37882047,False
ETTh2,DLinear,42,45,0.23717721,0.0,0.00370756,0.52960267,False
ETTh2,DLinear,42,46,0.23638215,0.00079506,0.00370756,0.52960267,False
ETTh2,DLinear,42,47,0.23110429,0.00527786,0.00273942,0.39130976,False
ETTh2,DLinear,42,48,0.2360201,0.0,0.00273942,0.39130976,False
ETTh2,DLinear,42,49,0.22839593,0.00762418,0.00385242,0.55029551,False
ETTh2,DLinear,42,50,0.24022175,0.0,0.00279685,0.39951332,False
ETTh2,DLinear,42,51,0.23386167,0.00636008,0.0047968,0.68519336,False
ETTh2,DLinear,42,52,0.24480532,0.0,0.00327196,0.46737982,False
ETTh2,DLinear,42,53,0.2348056,0.00999972,0.00555953,0.794146,False
ETTh2,DLinear,42,54,0.24651641,0.0,0.00428752,0.61244622,False
ETTh2,DLinear,42,55,0.23507854,0.01143787,0.00808028,1.15421943,False
ETTh2,DLinear,42,56,0.24202582,0.0,0.00608034,0.86853939,False
ETTh2,DLinear,42,57,0.22306201,0.01896381,0.00608034,0.86853939,False
ETTh2,DLinear,42,58,0.22886837,0.0,0.00683465,0.9762885,False
ETTh2,DLinear,42,59,0.24692244,0.0,0.00683465,0.9762885,False
ETTh2,DLinear,42,60,0.23171301,0.01520943,0.00304189,0.43451528,False
ETTh2,DLinear,42,61,0.23434001,0.0,0.00567841,0.81112713,False
ETTh2,DLinear,42,62,0.24621014,0.0,0.006471,0.92434358,False
ETTh2,DLinear,42,63,0.23302751,0.01318263,0.00363541,0.51929611,False
ETTh2,DLinear,42,64,0.22906457,0.00396294,0.00363541,0.51929611,False
ETTh2,DLinear,42,65,0.2280331,0.00103147,0.00600831,0.85825041,False
ETTh2,DLinear,42,66,0.24573534,0.0,0.00337178,0.48163856,False
ETTh2,DLinear,42,67,0.23387084,0.01186449,0.00257919,0.36842211,False
ETTh2,DLinear,42,68,0.23420323,0.0,0.0023729,0.33895429,False
ETTh2,DLinear,42,69,0.23727813,0.0,0.00347452,0.49631424,False
ETTh2,DLinear,42,70,0.24427433,0.0,0.00122917,0.17557932,False
ETTh2,DLinear,42,71,0.23876622,0.00550811,0.00190343,0.27189324,False
ETTh2,DLinear,42,72,0.23812848,0.00063774,0.00349477,0.49920733,False
ETTh2,DLinear,42,73,0.23475719,0.0033713,0.00349477,0.49920733,False
ETTh2,DLinear,42,74,0.22680046,0.00795673,0.00320043,0.45716248,False
ETTh2,DLinear,42,75,0.24281114,0.0,0.00307288,0.43894311,False
ETTh2,DLinear,42,76,0.23877474,0.0040364,0.00399563,0.57075211,False
ETTh2,DLinear,42,77,0.24201464,0.0,0.00307211,0.43883278,False
ETTh2,DLinear,42,78,0.2340296,0.00798504,0.00307211,0.43883278,False
ETTh2,DLinear,42,79,0.23069048,0.00333912,0.00283104,0.40439709,False
ETTh2,DLinear,42,80,0.24071618,0.0,0.00377472,0.53919612,False
ETTh2,MLP,42,2,0.27608258,0.01673873,0.01149973,1.03866979,False
ETTh2,MLP,42,3,0.28498679,0.0,0.01224585,1.10606015,False
ETTh2,MLP,42,4,0.26722631,0.01776048,0.00979668,0.88484812,False
ETTh2,MLP,42,5,0.2527421,0.01448421,0.01075082,0.97102696,False
ETTh2,MLP,42,6,0.27658011,0.0,0.0110649,0.99939497,False
ETTh2,MLP,42,7,0.2550707,0.02150941,0.0075128,0.67856548,False
ETTh2,MLP,42,8,0.2535003,0.0015704,0.00461596,0.41691924,False
ETTh2,MLP,42,9,0.25753171,0.0,0.00863169,0.7796245,False
ETTh2,MLP,42,10,0.26621728,0.0,0.00432981,0.39107327,False
ETTh2,MLP,42,11,0.24613865,0.02007863,0.00401573,0.36270526,False
ETTh2,MLP,42,12,0.25079835,0.0,0.00620898,0.56080236,False
ETTh2,MLP,42,13,0.25669538,0.0,0.00620898,0.56080236,False
ETTh2,MLP,42,14,0.24572912,0.01096626,0.00219325,0.1980971,False
ETTh2,MLP,42,15,0.25609788,0.0,0.00709329,0.64067446,False
ETTh2,MLP,42,16,0.25893554,0.0,0.00709329,0.64067446,False
ETTh2,MLP,42,17,0.23443535,0.02450019,0.00490004,0.44257736,False
ETTh2,MLP,42,18,0.23535878,0.0,0.0093362,0.84325646,False
ETTh2,MLP,42,19,0.26387092,0.0,0.0093362,0.84325646,False
ETTh2,MLP,42,20,0.24169013,0.02218079,0.00443616,0.40067909,False
ETTh2,MLP,42,21,0.24861893,0.0,0.00528459,0.47731044,False
ETTh2,MLP,42,22,0.24997323,0.0,0.00528459,0.47731044,False
ETTh2,MLP,42,23,0.24573108,0.00424216,0.00084843,0.07663135,False
ETTh2,MLP,42,24,0.24602547,0.0,0.00634373,0.5729732,False
ETTh2,MLP,42,25,0.26332725,0.0,0.00634373,0.5729732,False
ETTh2,MLP,42,26,0.23585076,0.02747649,0.00771763,0.69706575,False
ETTh2,MLP,42,27,0.25715491,0.0,0.00771763,0.69706575,False
ETTh2,MLP,42,28,0.24604324,0.01111167,0.01083968,0.9790531,False
ETTh2,MLP,42,29,0.24818237,0.0,0.00534438,0.48271125,False
ETTh2,MLP,42,30,0.23257212,0.01561025,0.00897423,0.81056302,False
ETTh2,MLP,42,31,0.25764306,0.0,0.00699791,0.63205978,False
ETTh2,MLP,42,32,0.23949385,0.01814921,0.00699791,0.63205978,False
ETTh2,MLP,42,33,0.23826376,0.00123009,0.00599942,0.54187517,False
ETTh2,MLP,42,34,0.25199953,0.0,0.00599942,0.54187517,False
ETTh2,MLP,42,35,0.24138172,0.01061781,0.00347924,0.31424919,False
ETTh2,MLP,42,36,0.24317147,0.0,0.0040923,0.36962114,False
ETTh2,MLP,42,37,0.23762318,0.0055483,0.0040923,0.36962114,False
ETTh2,MLP,42,38,0.2333278,0.00429537,0.00498298,0.45006882,False
ETTh2,MLP,42,39,0.25015176,0.0,0.00498298,0.45006882,False
ETTh2,MLP,42,40,0.23508053,0.01507124,0.00387332,0.34984303,False
ETTh2,MLP,42,41,0.24302359,0.0,0.00364203,0.3289526,False
ETTh2,MLP,42,42,0.24336211,0.0,0.00364203,0.3289526,False
ETTh2,MLP,42,43,0.24022319,0.00313892,0.00189519,0.17117587,False
ETTh2,MLP,42,44,0.25532701,0.0,0.00318115,0.28732558,False
ETTh2,MLP,42,45,0.24898998,0.00633703,0.00318115,0.28732558,False
ETTh2,MLP,42,46,0.24256017,0.00642981,0.00354128,0.31985282,False
ETTh2,MLP,42,47,0.24472773,0.0,0.00448527,0.40511469,False
ETTh2,MLP,42,48,0.23978817,0.00493956,0.00321786,0.29064099,False
ETTh2,MLP,42,49,0.23506824,0.00471993,0.00664585,0.60026133,False
ETTh2,MLP,42,50,0.25236552,0.0,0.00664585,0.60026133,False
ETTh2,MLP,42,51,0.22879575,0.02356977,0.00565794,0.51103191,False
ETTh2,MLP,42,52,0.25249137,0.0,0.01038138,0.93765914,False
ETTh2,MLP,42,53,0.25843255,0.0,0.01038138,0.93765914,False
ETTh2,MLP,42,54,0.23009539,0.02833715,0.00566743,0.5118891,False
ETTh2,MLP,42,55,0.23883203,0.0,0.00923595,0.83420197,False
ETTh2,MLP,42,56,0.24799166,0.0,0.00923595,0.83420197,False
ETTh2,MLP,42,57,0.23014907,0.01784259,0.00356852,0.32231286,False
ETTh2,MLP,42,58,0.23445235,0.0,0.00356852,0.32231286,False
ETTh2,MLP,42,59,0.24352613,0.0,0.00712441,0.64348484,False
ETTh2,MLP,42,60,0.25492062,0.0,0.00355589,0.32117198,False
ETTh2,MLP,42,61,0.23714119,0.01777943,0.00629936,0.56896607,False
ETTh2,MLP,42,62,0.26097523,0.0,0.00629936,0.56896607,False
ETTh2,MLP,42,63,0.24725785,0.01371738,0.01089758,0.9842823,False
ETTh2,MLP,42,64,0.26012758,0.0,0.00835882,0.75497834,False
ETTh2,MLP,42,65,0.23713651,0.02299107,0.00835882,0.75497834,False
ETTh2,MLP,42,66,0.23205088,0.00508563,0.00886414,0.80061954,False
ETTh2,MLP,42,67,0.25482784,0.0,0.00886414,0.80061954,False
ETTh2,MLP,42,68,0.23858385,0.01624399,0.00560033,0.50582845,False
ETTh2,MLP,42,69,0.25119062,0.0,0.0045832,0.41396044,False
ETTh2,MLP,42,70,0.24451859,0.00667203,0.00799866,0.72244885,False
ETTh2,MLP,42,71,0.2691633,0.0,0.00534797,0.48303484,False
ETTh2,MLP,42,72,0.252086,0.0170773,0.00865465,0.78169866,False
ETTh2,MLP,42,73,0.24909549,0.00299051,0.00732025,0.66117352,False
ETTh2,MLP,42,74,0.23256206,0.01653343,0.00732025,0.66117352,False
ETTh2,MLP,42,75,0.23855005,0.0,0.00605733,0.54710576,False
ETTh2,MLP,42,76,0.23977204,0.0,0.00545923,0.49308448,False
ETTh2,MLP,42,77,0.2290093,0.01076274,0.00215255,0.19442066,False
ETTh2,MLP,42,78,0.25289383,0.0,0.01193906,1.07835053,False
ETTh2,MLP,42,79,0.28009269,0.0,0.01492383,1.34793816,False
ETTh2,MLP,42,80,0.23116011,0.04893258,0.01631086,1.47321645,False
ETTh2,CNN,42,2,0.32350567,0.0,0.02123798,1.25688121,False
ETTh2,CNN,42,3,0.30167161,0.02183406,0.01592848,0.94266091,False
ETTh2,CNN,42,4,0.25979174,0.04187987,0.01722905,1.01962983,False
ETTh2,CNN,42,5,0.26214321,0.0,0.01722905,1.01962983,False
ETTh2,CNN,42,6,0.23971187,0.02243134,0.01286224,0.76119822,False
ETTh2,CNN,42,7,0.29404054,0.0,0.01581677,0.93604952,False
ETTh2,CNN,42,8,0.29766384,0.0,0.01581677,0.93604952,False
ETTh2,CNN,42,9,0.24101135,0.0566525,0.01314282,0.77780299,False
ETTh2,CNN,42,10,0.26227644,0.0,0.01584448,0.93768928,False
ETTh2,CNN,42,11,0.25321484,0.0090616,0.01584448,0.93768928,False
ETTh2,CNN,42,12,0.23970656,0.01350828,0.00980031,0.57999074,False
ETTh2,CNN,42,13,0.24979638,0.0,0.00980031,0.57999074,False
ETTh2,CNN,42,14,0.22336469,0.02643169,0.00798799,0.47273615,False
ETTh2,CNN,42,15,0.23301617,0.0,0.00528634,0.31284987,False
ETTh2,CNN,42,16,0.24774783,0.0,0.00528634,0.31284987,False
ETTh2,CNN,42,17,0.29309468,0.0,0.01928941,1.14156356,False
ETTh2,CNN,42,18,0.36065875,0.0,0.02261321,1.33826835,False
ETTh2,CNN,42,19,0.26421168,0.09644707,0.02261321,1.33826835,False
ETTh2,CNN,42,20,0.24759272,0.01661896,0.02501997,1.48070284,False
ETTh2,CNN,42,21,0.25741591,0.0,0.02738721,1.62079773,False
ETTh2,CNN,42,22,0.24538207,0.01203384,0.00809779,0.47923417,False
ETTh2,CNN,42,23,0.2335459,0.01183617,0.0099338,0.58789029,False
ETTh2,CNN,42,24,0.2645497,0.0,0.01010797,0.59819834,False
ETTh2,CNN,42,25,0.23875073,0.02579897,0.00770121,0.45576385,False
ETTh2,CNN,42,26,0.23787984,0.00087089,0.00533397,0.31566895,False
ETTh2,CNN,42,27,0.24979409,0.0,0.00533397,0.31566895,False
ETTh2,CNN,42,28,0.25669724,0.0,0.00972637,0.57561469,False
ETTh2,CNN,42,29,0.28104134,0.0,0.00955219,0.56530665,False
ETTh2,CNN,42,30,0.23328039,0.04776096,0.01731302,1.02459894,False
ETTh2,CNN,42,31,0.29276361,0.0,0.02099303,1.24238491,False
ETTh2,CNN,42,32,0.25395947,0.03880414,0.02099303,1.24238491,False
ETTh2,CNN,42,33,0.23555942,0.01840004,0.01491764,0.88283861,False
ETTh2,CNN,42,34,0.26101779,0.0,0.01491764,0.88283861,False
ETTh2,CNN,42,35,0.24363375,0.01738404,0.00715682,0.42354633,False
ETTh2,CNN,42,36,0.24532577,0.0,0.00347681,0.20576035,False
ETTh2,CNN,42,37,0.27497007,0.0,0.01838528,1.08805631,False
ETTh2,CNN,42,38,0.31165412,0.0,0.01490847,0.88229596,False
ETTh2,CNN,42,39,0.23711175,0.07454237,0.01490847,0.88229596,False
ETTh2,CNN,42,40,0.26836147,0.0,0.02180011,1.29014858,False
ETTh2,CNN,42,41,0.27032857,0.0,0.02180011,1.29014858,False
ETTh2,CNN,42,42,0.23587041,0.03445817,0.01062991,0.62908699,False
ETTh2,CNN,42,43,0.30836652,0.0,0.01062991,0.62908699,False
ETTh2,CNN,42,44,0.28967514,0.01869139,0.01836287,1.08673012,False
ETTh2,CNN,42,45,0.30432538,0.0,0.01147124,0.67887749,False
ETTh2,CNN,42,46,0.26566057,0.03866481,0.01147124,0.67887749,False
ETTh2,CNN,42,47,0.2811107,0.0,0.04495042,2.66020319,False
ETTh2,CNN,42,48,0.40761441,0.0,0.04495042,2.66020319,False
ETTh2,CNN,42,49,0.22152713,0.18608728,0.03721746,2.20256007,False
ETTh2,CNN,42,50,0.23068205,0.0,0.03721746,2.20256007,False
ETTh2,CNN,42,51,0.23226647,0.0,0.03721746,2.20256007,False
ETTh2,CNN,42,52,0.24268044,0.0,0.0,0.0,True
ETTh2,CNN,42,53,0.24531231,0.0,0.00805065,0.47644409,False
ETTh2,CNN,42,54,0.28520749,0.0,0.00805065,0.47644409,False
ETTh2,CNN,42,55,0.24495425,0.04025324,0.00805065,0.47644409,False
ETTh2,CNN,42,56,0.24703615,0.0,0.01220194,0.72212116,False
ETTh2,CNN,42,57,0.26895,0.0,0.01220194,0.72212116,False
ETTh2,CNN,42,58,0.24819352,0.02075647,0.02839188,1.68025529,False
ETTh2,CNN,42,59,0.35249424,0.0,0.02839188,1.68025529,False
ETTh2,CNN,42,60,0.2312913,0.12120294,0.03324738,1.96760777,False
ETTh2,CNN,42,61,0.26439651,0.0,0.0298256,1.76510391,False
ETTh2,CNN,42,62,0.24011902,0.02427749,0.0298256,1.76510391,False
ETTh2,CNN,42,63,0.23647145,0.00364757,0.00558501,0.33052569,False
ETTh2,CNN,42,64,0.24761329,0.0,0.00558501,0.33052569,False
ETTh2,CNN,42,65,0.28428886,0.0,0.00493394,0.29199478,False
ETTh2,CNN,42,66,0.29658406,0.0,0.01023191,0.6055328,False
ETTh2,CNN,42,67,0.27556192,0.02102214,0.01276223,0.75527967,False
ETTh2,CNN,42,68,0.24542452,0.03013739,0.01276223,0.75527967,False
ETTh2,CNN,42,69,0.23277288,0.01265164,0.01276223,0.75527967,False
ETTh2,CNN,42,70,0.26223188,0.0,0.00855781,0.5064581,False
ETTh2,CNN,42,71,0.26832609,0.0,0.01079606,0.63891995,False
ETTh2,CNN,42,72,0.30683447,0.0,0.00826573,0.48917308,False
ETTh2,CNN,42,73,0.26550579,0.04132867,2.29646304,135.90659795,False
ETTh2,CNN,42,74,11.80872382,0.0,2.29646304,135.90659795,False
ETTh2,CNN,42,75,0.36773727,11.44098655,2.29924234,136.07107907,False
ETTh2,CNN,42,76,0.3943775,0.0,2.29123171,135.59700304,False
ETTh2,CNN,42,77,0.38048101,0.01389649,2.30331238,136.31194734,False
ETTh2,CNN,42,78,0.37920551,0.0012755,0.01511507,0.89452248,False
ETTh2,CNN,42,79,0.31880214,0.06040336,0.01889384,1.11815309,False
ETTh2,CNN,42,80,0.58447405,0.0,0.02055962,1.21673558,False
ETTm1,DLinear,42,2,0.40782467,0.01313956,0.00703496,1.73313525,False
ETTm1,DLinear,42,3,0.40198944,0.00583522,0.00546533,1.34644045,False
ETTm1,DLinear,42,4,0.39985934,0.0021301,0.00437226,1.07715236,False
ETTm1,DLinear,42,5,0.39910291,0.00075644,0.00229498,0.56539264,False
ETTm1,DLinear,42,6,0.40004885,0.0,0.00112794,0.2778793,False
ETTm1,DLinear,42,7,0.39729569,0.00275316,0.00077821,0.19171995,False
ETTm1,DLinear,42,8,0.39740927,0.0,0.00062692,0.15444874,False
ETTm1,DLinear,42,9,0.39702781,0.00038146,0.00081355,0.20042542,False
ETTm1,DLinear,42,10,0.39774816,0.0,0.00026291,0.06477179,False
ETTm1,DLinear,42,11,0.39681504,0.00093312,0.00026291,0.06477179,False
ETTm1,DLinear,42,12,0.39778207,0.0,0.00018662,0.04597669,True
ETTm1,DLinear,42,13,0.39814973,0.0,0.00031872,0.07852114,False
ETTm1,DLinear,42,14,0.3985698,0.0,0.00026892,0.06625052,False
ETTm1,DLinear,42,15,0.3979093,0.00066051,0.00026892,0.06625052,False
ETTm1,DLinear,42,16,0.39722521,0.00068408,0.00047816,0.11779928,False
ETTm1,DLinear,42,17,0.39811194,0.0,0.00047816,0.11779928,False
ETTm1,DLinear,42,18,0.39706574,0.00104621,0.00034606,0.08525483,False
ETTm1,DLinear,42,19,0.39770082,0.0,0.00020924,0.05154877,False
ETTm1,DLinear,42,20,0.39770879,0.0,0.00020924,0.05154877,False
ETTm1,DLinear,42,21,0.39779917,0.0,0.0,0.0,False
ETTm1,DLinear,42,22,0.39828835,0.0,0.00025887,0.06377605,False
ETTm1,DLinear,42,23,0.39900332,0.0,0.00025887,0.06377605,False
ETTm1,DLinear,42,24,0.39770896,0.00129437,0.00043598,0.10740715,False
ETTm1,DLinear,42,25,0.39881726,0.0,0.00061396,0.15125603,False
ETTm1,DLinear,42,26,0.39793175,0.00088551,0.00061396,0.15125603,False
ETTm1,DLinear,42,27,0.39704181,0.00088993,0.00065879,0.16230022,False
ETTm1,DLinear,42,28,0.39794862,0.0,0.00065879,0.16230022,False
ETTm1,DLinear,42,29,0.39643011,0.00151851,0.00070437,0.1735292,False
ETTm1,DLinear,42,30,0.39733438,0.0,0.00052638,0.12968032,False
ETTm1,DLinear,42,31,0.39622097,0.00111341,0.00094825,0.2336109,False
ETTm1,DLinear,42,32,0.39759488,0.0,0.00064455,0.15879065,False
ETTm1,DLinear,42,33,0.39548556,0.00210932,0.00090899,0.22393801,False
ETTm1,DLinear,42,34,0.39797486,0.0,0.0006863,0.16907793,False
ETTm1,DLinear,42,35,0.39665266,0.0013222,0.0006863,0.16907793,False
ETTm1,DLinear,42,36,0.39668977,0.0,0.00026444,0.06514735,False
ETTm1,DLinear,42,37,0.39730106,0.0,0.00038656,0.09523309,False
ETTm1,DLinear,42,38,0.39750012,0.0,0.00012212,0.03008574,False
ETTm1,DLinear,42,39,0.39688952,0.0006106,0.00028768,0.07087317,False
ETTm1,DLinear,42,40,0.39768001,0.0,0.00033644,0.08288641,False
ETTm1,DLinear,42,41,0.39685221,0.0008278,0.00033644,0.08288641,False
ETTm1,DLinear,42,42,0.3966084,0.00024381,0.00021432,0.05280067,False
ETTm1,DLinear,42,43,0.39667121,0.0,0.00047042,0.11589251,False
ETTm1,DLinear,42,44,0.39781597,0.0,0.00058859,0.14500472,False
ETTm1,DLinear,42,45,0.39653549,0.00128048,0.00053983,0.13299148,False
ETTm1,DLinear,42,46,0.39511684,0.00141865,0.00053983,0.13299148,False
ETTm1,DLinear,42,47,0.3962379,0.0,0.00076959,0.18959649,False
ETTm1,DLinear,42,48,0.39763812,0.0,0.00051349,0.12650465,False
ETTm1,DLinear,42,49,0.39648929,0.00114883,0.0004922,0.12125923,False
ETTm1,DLinear,42,50,0.39840535,0.0,0.00061052,0.15040694,False
ETTm1,DLinear,42,51,0.39709316,0.00131219,0.00061052,0.15040694,False
ETTm1,DLinear,42,52,0.3965016,0.00059157,0.00076061,0.18738522,False
ETTm1,DLinear,42,53,0.39895325,0.0,0.0007626,0.18787542,False
ETTm1,DLinear,42,54,0.39705393,0.00189932,0.00050017,0.1232212,False
ETTm1,DLinear,42,55,0.39704398,9.95e-06,0.00038185,0.09407349,False
ETTm1,DLinear,42,56,0.39726915,0.0,0.00038185,0.09407349,False
ETTm1,DLinear,42,57,0.39794068,0.0,0.00037075,0.09133771,False
ETTm1,DLinear,42,58,0.39833105,0.0,0.00036876,0.09084751,False
ETTm1,DLinear,42,59,0.39648726,0.00184379,0.00040055,0.09867939,False
ETTm1,DLinear,42,60,0.39749892,0.0,0.00040055,0.09867939,False
ETTm1,DLinear,42,61,0.39733997,0.00015895,0.0005171,0.12739306,False
ETTm1,DLinear,42,62,0.39787058,0.0,0.00014834,0.03654556,False
ETTm1,DLinear,42,63,0.39728783,0.00058276,0.00014834,0.03654556,False
ETTm1,DLinear,42,64,0.39753052,0.0,0.00042751,0.10532059,False
ETTm1,DLinear,42,65,0.39797656,0.0,0.00042751,0.10532059,False
ETTm1,DLinear,42,66,0.39642179,0.00155477,0.00031095,0.07660692,False
ETTm1,DLinear,42,67,0.39699093,0.0,0.00031095,0.07660692,False
ETTm1,DLinear,42,68,0.39716613,0.0,0.00044171,0.10881903,False
ETTm1,DLinear,42,69,0.39821114,0.0,0.00013075,0.03221211,False
ETTm1,DLinear,42,70,0.39755738,0.00065376,0.00064483,0.15885962,False
ETTm1,DLinear,42,71,0.39916179,0.0,0.00085246,0.21001177,False
ETTm1,DLinear,42,72,0.39659142,0.00257037,0.00085246,0.21001177,False
ETTm1,DLinear,42,73,0.39555326,0.00103816,0.00072171,0.17779966,False
ETTm1,DLinear,42,74,0.39611809,0.0,0.00102413,0.2523041,False
ETTm1,DLinear,42,75,0.39817216,0.0,0.00051005,0.12565659,False
ETTm1,DLinear,42,76,0.39666005,0.0015121,0.00082998,0.20447474,False
ETTm1,DLinear,42,77,0.39808424,0.0,0.00082998,0.20447474,False
ETTm1,DLinear,42,78,0.39544643,0.00263781,0.00082998,0.20447474,False
ETTm1,DLinear,42,79,0.39602314,0.0,0.00065945,0.16246288,False
ETTm1,DLinear,42,80,0.39655386,0.0,0.00087927,0.21661717,False
ETTh1,DLinear,42,2,0.69264596,0.03781318,0.01995778,1.70649722,False
ETTh1,DLinear,42,3,0.67998001,0.01266595,0.01496834,1.27987292,False
ETTh1,DLinear,42,4,0.6705858,0.00939421,0.01373607,1.17450769,False
ETTh1,DLinear,42,5,0.67380293,0.0,0.00617343,0.52786174,False
ETTh1,DLinear,42,6,0.66499592,0.00880701,0.00364024,0.31126043,False
ETTh1,DLinear,42,7,0.67186906,0.0,0.00318664,0.27247492,False
ETTh1,DLinear,42,8,0.67226448,0.0,0.00337184,0.28831001,False
ETTh1,DLinear,42,9,0.66513829,0.00712619,0.00161043,0.13770065,False
ETTh1,DLinear,42,10,0.66421232,0.00092597,0.00161043,0.13770065,False
ETTh1,DLinear,42,11,0.66460555,0.0,0.00287066,0.24545643,False
ETTh1,DLinear,42,12,0.66776118,0.0,0.0017551,0.15007079,False
ETTh1,DLinear,42,13,0.66146007,0.00630111,0.00156991,0.13423571,False
ETTh1,DLinear,42,14,0.65991163,0.00154844,0.00288853,0.24698468,False
ETTh1,DLinear,42,15,0.66435887,0.0,0.00288853,0.24698468,False
ETTh1,DLinear,42,16,0.65776577,0.00659309,0.00331881,0.28377564,False
ETTh1,DLinear,42,17,0.66558048,0.0,0.00300912,0.25729571,False
ETTh1,DLinear,42,18,0.65712799,0.0084525,0.00358276,0.30634491,False
ETTh1,DLinear,42,19,0.66190619,0.0,0.00226414,0.19359594,False
ETTh1,DLinear,42,20,0.659038,0.00286819,0.00226414,0.19359594,False
ETTh1,DLinear,42,21,0.66065111,0.0,0.00057364,0.0490492,True
ETTh1,DLinear,42,22,0.66080918,0.0,0.00153902,0.13159472,False
ETTh1,DLinear,42,23,0.66395164,0.0,0.00136764,0.11694017,False
ETTh1,DLinear,42,24,0.65912472,0.00482692,0.00136764,0.11694017,False
ETTh1,DLinear,42,25,0.65711346,0.00201126,0.00136764,0.11694017,False
ETTh1,DLinear,42,26,0.66034744,0.0,0.00136764,0.11694017,False
ETTh1,DLinear,42,27,0.66135997,0.0,0.00040225,0.03439464,False
ETTh1,DLinear,42,28,0.66152876,0.0,0.0,0.0,False
ETTh1,DLinear,42,29,0.66306988,0.0,0.00081231,0.06945699,False
ETTh1,DLinear,42,30,0.66455895,0.0,0.00081231,0.06945699,False
ETTh1,DLinear,42,31,0.66049739,0.00406156,0.0021192,0.18120299,False
ETTh1,DLinear,42,32,0.66191171,0.0,0.0021192,0.18120299,False
ETTh1,DLinear,42,33,0.65537727,0.00653444,0.00236432,0.20216173,False
ETTh1,DLinear,42,34,0.66062944,0.0,0.001552,0.13270475,False
ETTh1,DLinear,42,35,0.65940386,0.00122558,0.00187448,0.16027779,False
ETTh1,DLinear,42,36,0.66025005,0.0,0.00056759,0.04853179,False
ETTh1,DLinear,42,37,0.65863769,0.00161236,0.00056759,0.04853179,False
ETTh1,DLinear,42,38,0.65868277,0.0,0.00165464,0.14148096,False
ETTh1,DLinear,42,39,0.66436365,0.0,0.00165464,0.14148096,False
ETTh1,DLinear,42,40,0.65770279,0.00666086,0.00152571,0.13045627,False
ETTh1,DLinear,42,41,0.66156364,0.0,0.00195414,0.1670893,False
ETTh1,DLinear,42,42,0.66059596,0.00096768,0.00195414,0.1670893,False
ETTh1,DLinear,42,43,0.65845382,0.00214215,0.00143919,0.12305855,False
ETTh1,DLinear,42,44,0.66146288,0.0,0.00143919,0.12305855,False
ETTh1,DLinear,42,45,0.65737675,0.00408613,0.00150803,0.12894487,False
ETTh1,DLinear,42,46,0.66314483,0.0,0.00129789,0.11097698,False
ETTh1,DLinear,42,47,0.66183294,0.00131189,0.00158852,0.13582673,False
ETTh1,DLinear,42,48,0.66074148,0.00109146,0.00077129,0.06594957,False
ETTh1,DLinear,42,49,0.65928837,0.00145311,0.00090037,0.07698683,False
ETTh1,DLinear,42,50,0.66336586,0.0,0.000638,0.05455215,False
ETTh1,DLinear,42,51,0.66272045,0.00064541,0.00053035,0.04534796,False
ETTh1,DLinear,42,52,0.66323364,0.0,0.00079365,0.06786161,False
ETTh1,DLinear,42,53,0.6626804,0.00055324,0.00127776,0.10925542,False
ETTh1,DLinear,42,54,0.65991078,0.00276962,0.00114868,0.09821816,False
ETTh1,DLinear,42,55,0.65749024,0.00242054,0.00114868,0.09821816,False
ETTh1,DLinear,42,56,0.65821342,0.0,0.00124563,0.10650813,False
ETTh1,DLinear,42,57,0.66010507,0.0,0.00069171,0.05914472,False
ETTh1,DLinear,42,58,0.65906707,0.001038,0.0002076,0.01775091,False
ETTh1,DLinear,42,59,0.66009157,0.0,0.00076403,0.06532859,False
ETTh1,DLinear,42,60,0.66078325,0.0,0.00109121,0.09330399,False
ETTh1,DLinear,42,61,0.6580011,0.00278215,0.00088361,0.07555308,False
ETTh1,DLinear,42,62,0.65636522,0.00163589,0.00088361,0.07555308,False
ETTh1,DLinear,42,63,0.65770519,0.0,0.00088361,0.07555308,False
ETTh1,DLinear,42,64,0.65802393,0.0,0.00032718,0.02797541,False
ETTh1,DLinear,42,65,0.65975531,0.0,0.00055636,0.04757167,False
ETTh1,DLinear,42,66,0.66347199,0.0,0.00055636,0.04757167,False
ETTh1,DLinear,42,67,0.6606902,0.00278179,0.00103146,0.08819557,False
ETTh1,DLinear,42,68,0.66230153,0.0,0.00126479,0.10814642,False
ETTh1,DLinear,42,69,0.65992601,0.00237552,0.00126479,0.10814642,False
ETTh1,DLinear,42,70,0.65875937,0.00116664,0.00126305,0.10799718,False
ETTh1,DLinear,42,71,0.66349965,0.0,0.00169033,0.14453191,False
ETTh1,DLinear,42,72,0.66072658,0.00277307,0.00121522,0.10390801,False
ETTh1,DLinear,42,73,0.65859018,0.0021364,0.0016618,0.14209259,False
ETTh1,DLinear,42,74,0.66249476,0.0,0.0016618,0.14209259,False
ETTh1,DLinear,42,75,0.65909525,0.00339952,0.00110718,0.09467015,False
ETTh1,DLinear,42,76,0.66191001,0.0,0.00090098,0.07703868,False
ETTh1,DLinear,42,77,0.66508121,0.0,0.00223409,0.19102684,False
ETTh1,DLinear,42,78,0.66397582,0.00110538,0.00155419,0.13289142,False
ETTh1,DLinear,42,79,0.65731027,0.00666556,0.00203752,0.17421913,False
ETTh1,DLinear,42,80,0.66113156,0.0,0.00203752,0.17421913,False
ETTh1,DLinear,42,81,0.65871488,0.00241667,0.00227311,0.19436303,False
ETTh1,DLinear,42,82,0.66256315,0.0,0.00094,0.08037487,False
ETTh1,DLinear,42,83,0.66027983,0.00228332,0.00226119,0.19334362,False
ETTh1,DLinear,42,84,0.66596977,0.0,0.00177785,0.15201591,False
ETTh1,DLinear,42,85,0.65936383,0.00660595,0.00249213,0.21309075,False
ETTh1,DLinear,42,86,0.6624595,0.0,0.00229,0.19580748,False
ETTh1,DLinear,42,87,0.6588881,0.0035714,0.00229,0.19580748,False
ETTh1,DLinear,42,88,0.65761544,0.00127266,0.00096881,0.08283872,False
ETTh1,DLinear,42,89,0.65789487,0.0,0.00096881,0.08283872,False
ETTh1,DLinear,42,90,0.66189568,0.0,0.00088157,0.07537857,False
ETTh1,DLinear,42,91,0.66221119,0.0,0.00087893,0.07515289,False
ETTh1,DLinear,42,92,0.65907602,0.00313517,0.00087893,0.07515289,False
ETTh1,DLinear,42,93,0.65781656,0.00125947,0.0011344,0.09699702,False
ETTh1,DLinear,42,94,0.66133823,0.0,0.0011344,0.09699702,False
ETTh1,DLinear,42,95,0.66006087,0.00127735,0.00153582,0.13132076,False
ETTh1,DLinear,42,96,0.66754467,0.0,0.00267604,0.22881541,False
ETTh1,DLinear,42,97,0.6624024,0.00514228,0.00267604,0.22881541,False
ETTh1,DLinear,42,98,0.65544185,0.00696055,0.00308513,0.26379478,False
ETTh1,DLinear,42,99,0.6612445,0.0,0.00331328,0.28330359,False
ETTh1,DLinear,42,100,0.6579217,0.0033228,0.00228483,0.19536517,False
ETTh1,DLinear,42,101,0.6567809,0.00114079,0.00113148,0.09674774,False
ETTh1,DLinear,42,102,0.66144836,0.0,0.00113148,0.09674774,False
ETTh1,DLinear,42,103,0.66025455,0.00119381,0.00074855,0.06400494,False
ETTh1,DLinear,42,104,0.66052884,0.0,0.00161949,0.13847489,False
ETTh1,DLinear,42,105,0.6591207,0.00140814,0.00161949,0.13847489,False
ETTh1,DLinear,42,106,0.65362521,0.00549549,0.00156756,0.13403454,False
ETTh1,DLinear,42,107,0.66052511,0.0,0.00214083,0.18305284,False
ETTh1,DLinear,42,108,0.65959096,0.00093416,0.00185921,0.15897215,False
ETTh1,DLinear,42,109,0.65672457,0.00286639,0.00110009,0.09406344,False
ETTh1,DLinear,42,110,0.65905272,0.0,0.00110009,0.09406344,False
ETTh1,DLinear,42,111,0.65735282,0.0016999,0.00091326,0.07808837,False
ETTh1,DLinear,42,112,0.66065251,0.0,0.00035005,0.029931,False
ETTh1,DLinear,42,113,0.66089471,0.0,0.00043768,0.03742414,False
ETTh1,DLinear,42,114,0.66084437,5.034e-05,0.0002232,0.01908437,False
ETTh1,DLinear,42,115,0.6604062,0.00043817,0.0002232,0.01908437,False
ETTh1,DLinear,42,116,0.65977874,0.00062746,0.00052909,0.04523993,False
ETTh1,DLinear,42,117,0.66258698,0.0,0.00051902,0.044379,False
ETTh1,DLinear,42,118,0.66105751,0.00152947,0.00070148,0.05997993,False
ETTh1,DLinear,42,119,0.66278945,0.0,0.00117853,0.10077027,False
ETTh1,DLinear,42,120,0.66143901,0.00135045,0.00117853,0.10077027,False
ETTh1,DLinear,42,121,0.65842629,0.00301271,0.00219177,0.18740772,False
ETTh1,DLinear,42,122,0.66327031,0.0,0.00219177,0.18740772,False
ETTh1,DLinear,42,123,0.65667465,0.00659567,0.00281949,0.24108164,False
ETTh1,DLinear,42,124,0.66128176,0.0,0.00225554,0.19286118,False
ETTh1,DLinear,42,125,0.65679268,0.00448908,0.00225554,0.19286118,False
ETTh1,DLinear,42,126,0.6565997,0.00019298,0.0015754,0.13470474,False
ETTh1,DLinear,42,127,0.66058078,0.0,0.0015754,0.13470474,False
ETTh1,DLinear,42,128,0.65738586,0.00319492,0.00067758,0.05793674,False
ETTh1,DLinear,42,129,0.65983647,0.0,0.00063898,0.05463656,False
ETTh1,DLinear,42,130,0.66209984,0.0,0.00166606,0.14245665,False
ETTh1,DLinear,42,131,0.66313063,0.0,0.00159275,0.13618867,False
ETTh1,DLinear,42,132,0.65799527,0.00513536,0.00159275,0.13618867,False
ETTh1,DLinear,42,133,0.65516688,0.00282839,0.00159275,0.13618867,False
ETTh1,DLinear,42,134,0.65704077,0.0,0.00159275,0.13618867,False
ETTh1,DLinear,42,135,0.65912665,0.0,0.00056568,0.04836857,False
ETTh1,DLinear,42,136,0.66070839,0.0,0.00022727,0.0194329,False
ETTh1,DLinear,42,137,0.66170704,0.0,0.00033116,0.02831599,False
ETTh1,DLinear,42,138,0.66057068,0.00113636,0.00033116,0.02831599,False
ETTh1,DLinear,42,139,0.66005124,0.00051945,0.00142092,0.12149651,False
ETTh1,DLinear,42,140,0.6608013,0.0,0.00142092,0.12149651,False
ETTh1,DLinear,42,141,0.65535249,0.00544881,0.00119365,0.10206361,False
ETTh1,DLinear,42,142,0.65824316,0.0,0.00108976,0.09318052,False
ETTh1,DLinear,42,143,0.65994845,0.0,0.00190509,0.16289562,False
ETTh1,DLinear,42,144,0.6617405,0.0,0.00081533,0.0697151,False
ETTh1,DLinear,42,145,0.65766385,0.00407665,0.00081533,0.0697151,False
ETTh1,DLinear,42,146,0.6640587,0.0,0.00081533,0.0697151,False
ETTh1,DLinear,42,147,0.66689892,0.0,0.00241394,0.20640479,False
ETTh1,DLinear,42,148,0.66761169,0.0,0.00159861,0.13668969,False
ETTh1,DLinear,42,149,0.65961864,0.00799305,0.00302146,0.25835112,False
ETTh1,DLinear,42,150,0.66210073,0.0,0.00302146,0.25835112,False
ETTh1,DLinear,42,151,0.65498647,0.00711426,0.00440743,0.37685871,False
ETTh1,DLinear,42,152,0.66229611,0.0,0.00280882,0.24016902,False
ETTh1,DLinear,42,153,0.65536627,0.00692983,0.00344997,0.29499086,False
ETTh1,DLinear,42,154,0.66394341,0.0,0.00307396,0.26284044,False
ETTh1,DLinear,42,155,0.66073766,0.00320575,0.00307396,0.26284044,False
ETTh1,DLinear,42,156,0.65550343,0.00523423,0.00310809,0.26575815,False
ETTh1,DLinear,42,157,0.66096507,0.0,0.00310809,0.26575815,False
ETTh1,DLinear,42,158,0.65386462,0.00710045,0.00246694,0.21093631,False
ETTh1,DLinear,42,159,0.66131047,0.0,0.00146168,0.12498174,False
ETTh1,DLinear,42,160,0.66206841,0.0,0.00153532,0.13127818,False
ETTh1,DLinear,42,161,0.66186045,0.00020797,0.00080516,0.06884528,False
ETTh1,DLinear,42,162,0.66149226,0.00036819,0.00080516,0.06884528,False
ETTh1,DLinear,42,163,0.65804263,0.00344963,0.00192279,0.16440852,False
ETTh1,DLinear,42,164,0.66337893,0.0,0.00188119,0.16085208,False
ETTh1,DLinear,42,165,0.65779078,0.00558814,0.00253064,0.21638347,False
ETTh1,DLinear,42,166,0.65865088,0.0,0.00184072,0.15739108,False
ETTh1,DLinear,42,167,0.65503545,0.00361544,0.00184072,0.15739108,False
ETTh1,DLinear,42,168,0.65740948,0.0,0.00072309,0.06182784,False
ETTh1,DLinear,42,169,0.65908384,0.0,0.00093758,0.08016777,False
ETTh1,DLinear,42,170,0.66161521,0.0,0.00073941,0.06322319,False
ETTh1,DLinear,42,171,0.66054277,0.00107244,0.00073941,0.06322319,False
ETTh1,DLinear,42,172,0.65791818,0.00262459,0.00073941,0.06322319,False
ETTh1,DLinear,42,173,0.66050276,0.0,0.00106858,0.09136963,False
ETTh1,DLinear,42,174,0.66169827,0.0,0.0008541,0.0730297,False
ETTh1,DLinear,42,175,0.66005238,0.00164589,0.00066129,0.05654361,False
ETTh1,DLinear,42,176,0.66113494,0.0,0.00066129,0.05654361,False
ETTh1,DLinear,42,177,0.65947439,0.00166055,0.00066129,0.05654361,False
ETTh1,DLinear,42,178,0.65963598,0.0,0.00033211,0.02839717,False
ETTh1,DLinear,42,179,0.66473093,0.0,0.00165761,0.14173443,False
ETTh1,DLinear,42,180,0.66573961,0.0,0.0013255,0.11333726,False
ETTh1,DLinear,42,181,0.65911211,0.00662749,0.0013255,0.11333726,False
ETTh1,DLinear,42,182,0.65959762,0.0,0.0013255,0.11333726,False
ETTh1,DLinear,42,183,0.66050309,0.0,0.00318073,0.27196952,False
ETTh1,DLinear,42,184,0.66480074,0.0,0.00185523,0.15863226,False
ETTh1,DLinear,42,185,0.65552458,0.00927616,0.00185523,0.15863226,False
ETTh1,DLinear,42,186,0.6591634,0.0,0.00185523,0.15863226,False
ETTh1,DLinear,42,187,0.66017203,0.0,0.00245802,0.21017369,False
ETTh1,DLinear,42,188,0.66070357,0.0,0.00060279,0.05154143,False
ETTh1,DLinear,42,189,0.65768964,0.00301393,0.00114784,0.0981462,False
ETTh1,DLinear,42,190,0.66497843,0.0,0.00215021,0.18385446,False
ETTh1,DLinear,42,191,0.66225318,0.00272525,0.00215021,0.18385446,False
ETTh1,DLinear,42,192,0.65724131,0.00501186,0.00227238,0.19430039,False
ETTh1,DLinear,42,193,0.66322834,0.0,0.0024811,0.21214742,False
ETTh1,DLinear,42,194,0.65960358,0.00362476,0.00193605,0.16554265,False
ETTh1,DLinear,42,195,0.65855996,0.00104362,0.00107147,0.0916163,False
ETTh1,DLinear,42,196,0.6591216,0.0,0.00107147,0.0916163,False
ETTh1,DLinear,42,197,0.65843264,0.00068896,0.00053812,0.04601242,False
ETTh1,DLinear,42,198,0.66177547,0.0,0.0003294,0.02816539,False
ETTh1,DLinear,42,199,0.66081743,0.00095804,0.00086299,0.07379043,False
ETTh1,DLinear,42,200,0.66328803,0.0,0.0007252,0.06200851,False
ETTh1,DLinear,42,201,0.66062007,0.00266796,0.0007252,0.06200851,False
ETTh1,DLinear,42,202,0.66246693,0.0,0.00172852,0.14779792,False
ETTh1,DLinear,42,203,0.66526129,0.0,0.00221903,0.18973878,False
ETTh1,DLinear,42,204,0.65928665,0.00597465,0.00168544,0.14411374,False
ETTh1,DLinear,42,205,0.65683412,0.00245253,0.00181849,0.15549023,False
ETTh1,DLinear,42,206,0.660179,0.0,0.00188719,0.16136517,False
ETTh1,DLinear,42,207,0.65951375,0.00066525,0.00089791,0.07677585,False
ETTh1,DLinear,42,208,0.65917021,0.00034354,0.0004074,0.03483499,False
ETTh1,DLinear,42,209,0.658142,0.00102821,0.0004074,0.03483499,False
ETTh1,DLinear,42,210,0.66422105,0.0,0.00216475,0.18509775,False
ETTh1,DLinear,42,211,0.66522079,0.0,0.00209604,0.17922281,False
ETTh1,DLinear,42,212,0.65576879,0.00945199,0.0018904,0.16163925,False
ETTh1,DLinear,42,213,0.6570214,0.0,0.00248077,0.21211929,False
ETTh1,DLinear,42,214,0.66373403,0.0,0.00248077,0.21211929,False
ETTh1,DLinear,42,215,0.66078216,0.00295186,0.00191421,0.1636754,False
ETTh1,DLinear,42,216,0.66724412,0.0,0.00197377,0.16876783,False
ETTh1,DLinear,42,217,0.66062493,0.0066192,0.00197377,0.16876783,False
ETTh1,DLinear,42,218,0.66032714,0.00029778,0.0013834,0.11828778,False
ETTh1,DLinear,42,219,0.66055707,0.0,0.00296041,0.25313081,False
ETTh1,DLinear,42,220,0.66446857,0.0,0.00163657,0.13993546,False
ETTh1,DLinear,42,221,0.65658351,0.00788506,0.00244544,0.20909785,False
ETTh1,DLinear,42,222,0.66351771,0.0,0.00264225,0.22592694,False
ETTh1,DLinear,42,223,0.6591756,0.00434211,0.00264225,0.22592694,False
ETTh1,DLinear,42,224,0.6581915,0.0009841,0.0018146,0.15515801,False
ETTh1,DLinear,42,225,0.66604968,0.0,0.002385,0.20393062,False
ETTh1,DLinear,42,226,0.6623029,0.00374679,0.00269588,0.23051261,False
ETTh1,DLinear,42,227,0.65945088,0.00285202,0.00249907,0.21368352,False
ETTh1,DLinear,42,228,0.65355436,0.00589652,0.0039179,0.33500134,False
ETTh1,DLinear,42,229,0.6622789,0.0,0.00316854,0.27092724,False
ETTh1,DLinear,42,230,0.65518474,0.00709416,0.0038285,0.32735729,False
ETTh1,DLinear,42,231,0.66098696,0.0,0.0026492,0.22652049,False
ETTh1,DLinear,42,232,0.65483514,0.00615182,0.0026492,0.22652049,False
ETTh1,DLinear,42,233,0.65998227,0.0,0.0017356,0.14840338,False
ETTh1,DLinear,42,234,0.66435908,0.0,0.00367994,0.31465427,False
ETTh1,DLinear,42,235,0.66183289,0.0025262,0.00244957,0.2094516,False
ETTh1,DLinear,42,236,0.65211122,0.00972166,0.00309052,0.26425612,False
ETTh1,DLinear,42,237,0.66297029,0.0,0.00309052,0.26425612,False
ETTh1,DLinear,42,238,0.65976555,0.00320474,0.00363948,0.31119466,False
ETTh1,DLinear,42,239,0.66571827,0.0,0.00169514,0.14494378,False
ETTh1,DLinear,42,240,0.6604473,0.00527097,0.00308787,0.2640298,False
ETTh1,DLinear,42,241,0.66558021,0.0,0.00261409,0.22351863,False
ETTh1,DLinear,42,242,0.65861655,0.00696366,0.00261409,0.22351863,False
ETTh1,DLinear,42,243,0.65778073,0.00083582,0.00214106,0.18307228,False
ETTh1,DLinear,42,244,0.66067761,0.0,0.00214106,0.18307228,False
ETTh1,DLinear,42,245,0.65777177,0.00290584,0.00182314,0.15588823,False
ETTh1,DLinear,42,246,0.66399576,0.0,0.00165598,0.14159489,False
ETTh1,DLinear,42,247,0.65862172,0.00537405,0.00216192,0.18485595,False
ETTh1,DLinear,42,248,0.66456406,0.0,0.00158076,0.13516304,False
ETTh1,DLinear,42,249,0.66203433,0.00252973,0.0032619,0.27890979,False
ETTh1,DLinear,42,250,0.66641683,0.0,0.00218709,0.18700782,False
ETTh1,DLinear,42,251,0.65801112,0.00840572,0.00218709,0.18700782,False
ETTh1,DLinear,42,252,0.65938986,0.0,0.00269125,0.23011591,False
ETTh1,DLinear,42,253,0.6602793,0.0,0.00269125,0.23011591,False
ETTh1,DLinear,42,254,0.65522879,0.00505051,0.00129712,0.11091054,False
ETTh1,DLinear,42,255,0.65954643,0.0,0.00129712,0.11091054,False
ETTh1,DLinear,42,256,0.65811135,0.00143508,0.0013168,0.11259354,False
ETTh1,DLinear,42,257,0.66064859,0.0,0.0003067,0.02622439,False
ETTh1,DLinear,42,258,0.66055017,9.842e-05,0.00099592,0.08515646,False
ETTh1,DLinear,42,259,0.66091523,0.0,0.0007089,0.06061507,False
ETTh1,DLinear,42,260,0.65746913,0.0034461,0.0007089,0.06061507,False
ETTh1,DLinear,42,261,0.65892272,0.0,0.00187577,0.1603882,False
ETTh1,DLinear,42,262,0.66693772,0.0,0.00187577,0.1603882,False
ETTh1,DLinear,42,263,0.66100499,0.00593274,0.00131144,0.11213533,False
ETTh1,DLinear,42,264,0.66100911,0.0,0.00183554,0.15694879,False
ETTh1,DLinear,42,265,0.66038463,0.00062448,0.00183554,0.15694879,False
ETTh1,DLinear,42,266,0.65776413,0.00262051,0.000649,0.05549266,False
ETTh1,DLinear,42,267,0.66186768,0.0,0.000649,0.05549266,False
ETTh1,DLinear,42,268,0.66235119,0.0,0.00194724,0.1664994,False
ETTh1,DLinear,42,269,0.66498687,0.0,0.00142314,0.12168594,False
ETTh1,DLinear,42,270,0.65787118,0.00711569,0.00142314,0.12168594,False
ETTh1,DLinear,42,271,0.66047291,0.0,0.00143078,0.1223391,False
ETTh1,DLinear,42,272,0.66339885,0.0,0.00223783,0.19134629,False
ETTh1,DLinear,42,273,0.66336065,3.819e-05,0.00081469,0.06966035,False
ETTh1,DLinear,42,274,0.6593254,0.00403525,0.00106657,0.0911973,False
ETTh1,DLinear,42,275,0.66127085,0.0,0.00132977,0.11370288,False
ETTh1,DLinear,42,276,0.66001146,0.00125939,0.00132214,0.11304972,False
ETTh1,DLinear,42,277,0.65869543,0.00131603,0.00051509,0.04404253,False
ETTh1,DLinear,42,278,0.66051933,0.0,0.00051509,0.04404253,False
ETTh1,DLinear,42,279,0.66165169,0.0,0.00026321,0.02250558,False
ETTh1,DLinear,42,280,0.66217432,0.0,0.00021876,0.01870537,False
ETTh1,DLinear,42,281,0.66314645,0.0,0.00021876,0.01870537,False
ETTh1,DLinear,42,282,0.66205264,0.00109381,0.00036042,0.03081827,False
ETTh1,DLinear,42,283,0.66250704,0.0,0.00069859,0.05973326,False
ETTh1,DLinear,42,284,0.66179873,0.00070831,0.00069859,0.05973326,False
ETTh1,DLinear,42,285,0.6601079,0.00169083,0.00126092,0.10781506,False
ETTh1,DLinear,42,286,0.66444807,0.0,0.00169372,0.14482248,False
ETTh1,DLinear,42,287,0.66054263,0.00390544,0.00155206,0.13270959,False
ETTh1,DLinear,42,288,0.65837859,0.00216404,0.0012139,0.10379459,False
ETTh1,DLinear,42,289,0.66185002,0.0,0.00227956,0.1949148,False
ETTh1,DLinear,42,290,0.66336002,0.0,0.00149847,0.12812762,False
ETTh1,DLinear,42,291,0.65803169,0.00532833,0.00106567,0.0911202,False
ETTh1,DLinear,42,292,0.66312884,0.0,0.00323746,0.2768199,False
ETTh1,DLinear,42,293,0.67169339,0.0,0.00387385,0.33123504,False
ETTh1,DLinear,42,294,0.66083444,0.01085895,0.00280818,0.24011483,False
ETTh1,DLinear,42,295,0.65765247,0.00318197,0.00280818,0.24011483,False
ETTh1,DLinear,42,296,0.65969722,0.0,0.00341422,0.29193383,False
ETTh1,DLinear,42,297,0.66177039,0.0,0.00137498,0.11756777,False
ETTh1,DLinear,42,298,0.65874023,0.00303016,0.00073858,0.06315263,False
ETTh1,DLinear,42,299,0.65807749,0.00066274,0.00092323,0.07894079,False
ETTh1,DLinear,42,300,0.66113962,0.0,0.00123097,0.10525438,False
ETTh1,MLP,42,2,0.84071837,0.14751679,0.08375083,1.6798638,False
ETTh1,MLP,42,3,0.76515604,0.07556233,0.0678678,1.36128379,False
ETTh1,MLP,42,4,0.73698266,0.02817338,0.05584517,1.12013551,False
ETTh1,MLP,42,5,0.71676398,0.02021868,0.0280754,0.56313288,False
ETTh1,MLP,42,6,0.7090093,0.00775468,0.01373944,0.27558402,False
ETTh1,MLP,42,7,0.70034137,0.00866793,0.00951384,0.19082746,False
ETTh1,MLP,42,8,0.69645883,0.00388254,0.00664357,0.13325581,False
ETTh1,MLP,42,9,0.68941345,0.00704538,0.00561944,0.11271399,False
ETTh1,MLP,42,10,0.68354615,0.0058673,0.00388585,0.07794195,False
ETTh1,MLP,42,11,0.68091211,0.00263404,0.00528639,0.10603379,False
ETTh1,MLP,42,12,0.68831934,0.0,0.00387732,0.07777071,False
ETTh1,MLP,42,13,0.6774341,0.01088524,0.00270386,0.05423361,False
ETTh1,MLP,42,14,0.68342075,0.0,0.00324648,0.06511741,False
ETTh1,MLP,42,15,0.68351547,0.0,0.00377181,0.07565442,False
ETTh1,MLP,42,16,0.67816833,0.00534714,0.0020014,0.04014386,True
ETTh1,MLP,42,17,0.67554168,0.00262665,0.0020014,0.04014386,False
ETTh1,MLP,42,18,0.67350847,0.00203321,0.00292152,0.05859945,False
ETTh1,MLP,42,19,0.67700465,0.0,0.00224036,0.04493683,False
ETTh1,MLP,42,20,0.67240407,0.00460058,0.00171503,0.03439982,False
ETTh1,MLP,42,21,0.67046272,0.00194134,0.00132864,0.02664973,False
ETTh1,MLP,42,22,0.67497677,0.0,0.00132864,0.02664973,False
ETTh1,MLP,42,23,0.67487549,0.00010128,0.00149995,0.03008586,False
ETTh1,MLP,42,24,0.67633326,0.0,0.00111168,0.02229802,False
ETTh1,MLP,42,25,0.67087612,0.00545714,0.00111168,0.02229802,False
ETTh1,MLP,42,26,0.67109641,0.0,0.00109143,0.02189172,False
ETTh1,MLP,42,27,0.67127895,0.0,0.00151984,0.03048472,False
ETTh1,MLP,42,28,0.67253796,0.0,0.00091594,0.01837187,False
ETTh1,MLP,42,29,0.67039591,0.00214205,0.00101703,0.02039948,False
ETTh1,MLP,42,30,0.66795825,0.00243766,0.00101703,0.02039948,False
ETTh1,MLP,42,31,0.66745281,0.00050544,0.00249121,0.04996842,False
ETTh1,MLP,42,32,0.67562807,0.0,0.0020628,0.04137542,False
ETTh1,MLP,42,33,0.66825717,0.00737091,0.00178585,0.03582033,False
ETTh1,MLP,42,34,0.67129042,0.0,0.00254859,0.05111933,False
ETTh1,MLP,42,35,0.67023752,0.0010529,0.00254859,0.05111933,False
ETTh1,MLP,42,36,0.66591837,0.00431915,0.00107441,0.02155039,False
ETTh1,MLP,42,37,0.66795229,0.0,0.0022686,0.04550337,False
ETTh1,MLP,42,38,0.67081645,0.0,0.00205802,0.04127959,False
ETTh1,MLP,42,39,0.66484548,0.00597097,0.00119419,0.02395298,False
ETTh1,MLP,42,40,0.66903255,0.0,0.00202168,0.0405506,False
ETTh1,MLP,42,41,0.66967938,0.0,0.00202168,0.0405506,False
ETTh1,MLP,42,42,0.66554195,0.00413743,0.00082749,0.01659762,False
ETTh1,MLP,42,43,0.667736,0.0,0.00101927,0.0204443,False
ETTh1,MLP,42,44,0.66790074,0.0,0.00128509,0.02577611,False
ETTh1,MLP,42,45,0.66694184,0.0009589,0.0004576,0.0091785,False
ETTh1,MLP,42,46,0.66561273,0.00132911,0.00075253,0.01509406,False
ETTh1,MLP,42,47,0.66854622,0.0,0.00089898,0.01803164,False
ETTh1,MLP,42,48,0.6670716,0.00147462,0.00113042,0.02267374,False
ETTh1,MLP,42,49,0.66633932,0.00073227,0.00086459,0.01734192,False
ETTh1,MLP,42,50,0.66422325,0.00211607,0.00161359,0.03236509,False
ETTh1,MLP,42,51,0.66816431,0.0,0.00140208,0.0281227,False
ETTh1,MLP,42,52,0.66441936,0.00374496,0.00125562,0.02518513,False
ETTh1,MLP,42,53,0.66400227,0.00041709,0.00094227,0.01889985,False
ETTh1,MLP,42,54,0.66581513,0.0,0.00119794,0.02402823,False
ETTh1,MLP,42,55,0.66526585,0.00054929,0.00044895,0.00900506,False
ETTh1,MLP,42,56,0.66398745,0.0012784,0.00127049,0.02548331,False
ETTh1,MLP,42,57,0.66639826,0.0,0.00127049,0.02548331,False
ETTh1,MLP,42,58,0.66187349,0.00452476,0.00182667,0.03663919,False
ETTh1,MLP,42,59,0.66413319,0.0,0.00157099,0.03151082,False
ETTh1,MLP,42,60,0.66080298,0.00333021,0.00172497,0.03459932,False
ETTh1,MLP,42,61,0.66237826,0.0,0.00082002,0.0164479,False
ETTh1,MLP,42,62,0.66160837,0.0007699,0.00143842,0.02885157,False
ETTh1,MLP,42,63,0.66466157,0.0,0.00077237,0.01549218,False
ETTh1,MLP,42,64,0.6615696,0.00309197,0.00077237,0.01549218,False
ETTh1,MLP,42,65,0.66161887,0.0,0.00154944,0.03107847,False
ETTh1,MLP,42,66,0.66665554,0.0,0.00154944,0.03107847,False
ETTh1,MLP,42,67,0.66200031,0.00465523,0.00177308,0.03556417,False
ETTh1,MLP,42,68,0.6647068,0.0,0.00215558,0.04323629,False
ETTh1,MLP,42,69,0.66049664,0.00421016,0.00215558,0.04323629,False
ETTh1,MLP,42,70,0.65858414,0.0019125,0.00222612,0.04465122,False
ETTh1,MLP,42,71,0.66359649,0.0,0.00222612,0.04465122,False
ETTh1,MLP,42,72,0.65858855,0.00500794,0.00347743,0.06974994,False
ETTh1,MLP,42,73,0.66741411,0.0,0.00309493,0.06207781,False
ETTh1,MLP,42,74,0.65694738,0.01046673,0.0035799,0.07180525,False
ETTh1,MLP,42,75,0.6651062,0.0,0.00257832,0.05171553,False
ETTh1,MLP,42,76,0.66268136,0.00242484,0.00451739,0.09060922,False
ETTh1,MLP,42,77,0.66816611,0.0,0.00242404,0.04862113,False
ETTh1,MLP,42,78,0.65847074,0.00969537,0.00279341,0.0560298,False
ETTh1,MLP,42,79,0.66096143,0.0,0.00230844,0.04630237,False
ETTh1,MLP,42,80,0.6591146,0.00184682,0.00230844,0.04630237,False
ETTh1,MLP,42,81,0.65998061,0.0,0.00105646,0.02119042,False
ETTh1,MLP,42,82,0.66001224,0.0,0.00105646,0.02119042,False
ETTh1,MLP,42,83,0.65657675,0.00343549,0.0006871,0.01378174,False
ETTh1,MLP,42,84,0.66222185,0.0,0.00101873,0.02043365,False
ETTh1,MLP,42,85,0.66550423,0.0,0.0022083,0.04429378,False
ETTh1,MLP,42,86,0.66384605,0.00165818,0.0015212,0.03051203,False
ETTh1,MLP,42,87,0.65789824,0.00594782,0.0015212,0.03051203,False
ETTh1,MLP,42,88,0.65912156,0.0,0.0015212,0.03051203,False
ETTh1,MLP,42,89,0.65941797,0.0,0.00249695,0.05008361,False
ETTh1,MLP,42,90,0.66251722,0.0,0.00130739,0.02622349,False
ETTh1,MLP,42,91,0.65598027,0.00653696,0.00130739,0.02622349,False
ETTh1,MLP,42,92,0.6585106,0.0,0.00159687,0.03202989,False
ETTh1,MLP,42,93,0.65893303,0.0,0.00159687,0.03202989,False
ETTh1,MLP,42,94,0.65748562,0.00144741,0.00028948,0.00580641,False
ETTh1,MLP,42,95,0.6582511,0.0,0.00140276,0.02813641,False
ETTh1,MLP,42,96,0.66302434,0.0,0.00140276,0.02813641,False
ETTh1,MLP,42,97,0.65745795,0.00556639,0.00111328,0.02233,False
ETTh1,MLP,42,98,0.66078164,0.0,0.00239804,0.04809956,False
ETTh1,MLP,42,99,0.66412177,0.0,0.00239804,0.04809956,False
ETTh1,MLP,42,100,0.65769797,0.0064238,0.00229968,0.04612679,False
ETTh1,MLP,42,101,0.66275062,0.0,0.00229968,0.04612679,False
ETTh1,MLP,42,102,0.65767599,0.00507462,0.00343576,0.06891408,False
ETTh1,MLP,42,103,0.66315325,0.0,0.002151,0.04314452,False
ETTh1,MLP,42,104,0.65747286,0.00568038,0.002151,0.04314452,False
ETTh1,MLP,42,105,0.65762481,0.0,0.00113608,0.02278729,False
ETTh1,MLP,42,106,0.65990999,0.0,0.00183367,0.03677952,False
ETTh1,MLP,42,107,0.66208662,0.0,0.00132043,0.02648493,False
ETTh1,MLP,42,108,0.65859866,0.00348796,0.00132043,0.02648493,False
ETTh1,MLP,42,109,0.65548449,0.00311416,0.00319948,0.06417473,False
ETTh1,MLP,42,110,0.66449953,0.0,0.00319948,0.06417473,False
ETTh1,MLP,42,111,0.65510427,0.00939526,0.00250188,0.05018249,False
ETTh1,MLP,42,112,0.65741181,0.0,0.00187905,0.0376898,False
ETTh1,MLP,42,113,0.66088134,0.0,0.00285039,0.05717274,False
ETTh1,MLP,42,114,0.66264024,0.0,0.00097134,0.01948294,False
ETTh1,MLP,42,115,0.65778356,0.00485668,0.00142095,0.02850119,False
ETTh1,MLP,42,116,0.65992058,0.0,0.00193386,0.03878915,False
ETTh1,MLP,42,117,0.65767252,0.00224806,0.00193386,0.03878915,False
ETTh1,MLP,42,118,0.65510795,0.00256457,0.00096253,0.01930621,False
ETTh1,MLP,42,119,0.65802084,0.0,0.00097232,0.01950259,False
ETTh1,MLP,42,120,0.659285,0.0,0.00083788,0.01680612,False
ETTh1,MLP,42,121,0.65923605,4.895e-05,0.00053766,0.0107843,False
ETTh1,MLP,42,122,0.65766017,0.00157588,0.00053766,0.0107843,False
ETTh1,MLP,42,123,0.65659671,0.00106346,0.00092325,0.01851848,False
ETTh1,MLP,42,124,0.66059535,0.0,0.0015696,0.0314829,False
ETTh1,MLP,42,125,0.65866739,0.00192797,0.00129381,0.02595108,False
ETTh1,MLP,42,126,0.65538668,0.00328071,0.00108112,0.02168494,False
ETTh1,MLP,42,127,0.65518976,0.00019692,0.00108112,0.02168494,False
ETTh1,MLP,42,128,0.65720247,0.0,0.00154749,0.03103945,False
ETTh1,MLP,42,129,0.66200911,0.0,0.00118349,0.0237382,False
ETTh1,MLP,42,130,0.65774926,0.00425985,0.00169329,0.03396374,False
ETTh1,MLP,42,131,0.6562886,0.00146066,0.00169329,0.03396374,False
ETTh1,MLP,42,132,0.65354267,0.00274593,0.00175205,0.0351423,False
ETTh1,MLP,42,133,0.65774969,0.0,0.00090008,0.01805361,False
ETTh1,MLP,42,134,0.6574559,0.00029379,0.00072446,0.01453104,False
ETTh1,MLP,42,135,0.65953694,0.0,0.00184488,0.0370044,False
ETTh1,MLP,42,136,0.65895438,0.00058256,0.00184488,0.0370044,False
ETTh1,MLP,42,137,0.65060633,0.00834806,0.00195965,0.03930635,False
ETTh1,MLP,42,138,0.65752748,0.0,0.0026227,0.05260588,False
ETTh1,MLP,42,139,0.65665987,0.00086762,0.00250619,0.0502689,False
ETTh1,MLP,42,140,0.65334458,0.00331529,0.00083658,0.01678004,False
ETTh1,MLP,42,141,0.65603012,0.0,0.00244182,0.04897778,False
ETTh1,MLP,42,142,0.66440805,0.0,0.00228342,0.04580062,False
ETTh1,MLP,42,143,0.65638184,0.00802621,0.00162037,0.03250109,False
ETTh1,MLP,42,144,0.65630622,7.562e-05,0.00216799,0.04348527,False
ETTh1,MLP,42,145,0.6628586,0.0,0.00292598,0.05868885,False
ETTh1,MLP,42,146,0.66012047,0.00273812,0.00133166,0.02671037,False
ETTh1,MLP,42,147,0.65633055,0.00378993,0.00176782,0.03545864,False
ETTh1,MLP,42,148,0.65627589,5.465e-05,0.00176782,0.03545864,False
ETTh1,MLP,42,149,0.65401951,0.00225638,0.00250366,0.05021802,False
ETTh1,MLP,42,150,0.66119756,0.0,0.00174567,0.03501444,False
ETTh1,MLP,42,151,0.65478024,0.00641732,0.00321107,0.0644073,False
ETTh1,MLP,42,152,0.66254745,0.0,0.0027598,0.05535568,False
ETTh1,MLP,42,153,0.65516578,0.00738167,0.00319352,0.0640553,False
ETTh1,MLP,42,154,0.65990376,0.0,0.00216205,0.04336603,False
ETTh1,MLP,42,155,0.65773513,0.00216863,0.00238645,0.04786708,False
ETTh1,MLP,42,156,0.6564752,0.00125993,0.00091011,0.01825496,False
ETTh1,MLP,42,157,0.65535318,0.00112201,0.00232736,0.04668191,False
ETTh1,MLP,42,158,0.65736821,0.0,0.00189363,0.03798228,False
ETTh1,MLP,42,159,0.65028198,0.00708623,0.00164165,0.03292799,False
ETTh1,MLP,42,160,0.65465999,0.0,0.00170136,0.03412566,False
ETTh1,MLP,42,161,0.65538061,0.0,0.00170136,0.03412566,False
ETTh1,MLP,42,162,0.65396005,0.00142057,0.00028411,0.00569872,False
ETTh1,MLP,42,163,0.65816223,0.0,0.00240152,0.04816934,False
ETTh1,MLP,42,164,0.66021884,0.0,0.00240152,0.04816934,False
ETTh1,MLP,42,165,0.64963182,0.01058702,0.00356529,0.07151206,False
ETTh1,MLP,42,166,0.65567888,0.0,0.00356529,0.07151206,False
ETTh1,MLP,42,167,0.64843947,0.00723941,0.00356529,0.07151206,False
ETTh1,MLP,42,168,0.65364689,0.0,0.00178741,0.03585167,False
ETTh1,MLP,42,169,0.65495782,0.0,0.00178741,0.03585167,False
ETTh1,MLP,42,170,0.65326017,0.00169764,0.0010358,0.02077594,False
ETTh1,MLP,42,171,0.65733255,0.0,0.00186751,0.03745832,False
ETTh1,MLP,42,172,0.6538512,0.00348135,0.00186751,0.03745832,False
ETTh1,MLP,42,173,0.64969264,0.00415856,0.00186339,0.03737573,False
ETTh1,MLP,42,174,0.65638352,0.0,0.0020666,0.04145153,False
ETTh1,MLP,42,175,0.65470646,0.00167706,0.00137033,0.02748582,False
ETTh1,MLP,42,176,0.65369045,0.00101601,0.00184771,0.03706104,False
ETTh1,MLP,42,177,0.65865623,0.0,0.00184771,0.03706104,False
ETTh1,MLP,42,178,0.65211077,0.00654546,0.00242604,0.04866117,False
ETTh1,MLP,42,179,0.65648589,0.0,0.00254204,0.05098783,False
ETTh1,MLP,42,180,0.65191717,0.00456872,0.00254204,0.05098783,False
ETTh1,MLP,42,181,0.65032118,0.001596,0.00123294,0.02473022,False
ETTh1,MLP,42,182,0.65308683,0.0,0.00238372,0.04781244,False
ETTh1,MLP,42,183,0.65700158,0.0,0.00146998,0.02948468,False
ETTh1,MLP,42,184,0.65124767,0.0057539,0.00115078,0.02308222,False
ETTh1,MLP,42,185,0.65592172,0.0,0.00115078,0.02308222,False
ETTh1,MLP,42,186,0.65699409,0.0,0.00115078,0.02308222,False
ETTh1,MLP,42,187,0.6589763,0.0,0.00290727,0.05831364,False
ETTh1,MLP,42,188,0.66380281,0.0,0.00290727,0.05831364,False
ETTh1,MLP,42,189,0.64926646,0.01453635,0.00303762,0.06092823,False
ETTh1,MLP,42,190,0.656358,0.0,0.00347773,0.06975585,False
ETTh1,MLP,42,191,0.65570624,0.00065176,0.00347773,0.06975585,False
ETTh1,MLP,42,192,0.65350571,0.00220054,0.00146491,0.02938299,False
ETTh1,MLP,42,193,0.65979171,0.0,0.00146491,0.02938299,False
ETTh1,MLP,42,194,0.65531945,0.00447225,0.00133456,0.0267684,False
ETTh1,MLP,42,195,0.65544681,0.0,0.00232233,0.04658092,False
ETTh1,MLP,42,196,0.65835011,0.0,0.00232233,0.04658092,False
ETTh1,MLP,42,197,0.65121074,0.00713938,0.00272563,0.05467041,False
ETTh1,MLP,42,198,0.66023449,0.0,0.00366148,0.07344151,False
ETTh1,MLP,42,199,0.6537457,0.00648879,0.00366148,0.07344151,False
ETTh1,MLP,42,200,0.64906647,0.00467923,0.0022336,0.04480137,False
ETTh1,MLP,42,201,0.65203006,0.0,0.0022336,0.04480137,False
ETTh1,MLP,42,202,0.65284049,0.0,0.00093585,0.0187711,False
ETTh1,MLP,42,203,0.66169879,0.0,0.00188527,0.03781458,False
ETTh1,MLP,42,204,0.66386415,0.0,0.00188527,0.03781458,False
ETTh1,MLP,42,205,0.65443778,0.00942637,0.00255159,0.05117942,False
ETTh1,MLP,42,206,0.65617662,0.0,0.00265448,0.0532432,False
ETTh1,MLP,42,207,0.65284505,0.00333157,0.0030154,0.06048261,False
ETTh1,MLP,42,208,0.6523306,0.00051446,0.00113013,0.02266802,False
ETTh1,MLP,42,209,0.65052597,0.00180463,0.00275495,0.05525841,False
ETTh1,MLP,42,210,0.65780277,0.0,0.00208863,0.04189357,False
ETTh1,MLP,42,211,0.64967869,0.00812409,0.0045562,0.09138773,False
ETTh1,MLP,42,212,0.6600173,0.0,0.00419528,0.08414832,False
ETTh1,MLP,42,213,0.64716501,0.01285229,0.007091,0.14223046,False
ETTh1,MLP,42,214,0.65578604,0.0,0.00546619,0.10964007,False
ETTh1,MLP,42,215,0.6413074,0.01447864,0.0059386,0.11911578,False
ETTh1,MLP,42,216,0.65689475,0.0,0.00429024,0.08605317,False
ETTh1,MLP,42,217,0.65453266,0.00236209,0.00429024,0.08605317,False
ETTh1,MLP,42,218,0.64992217,0.00461049,0.00139452,0.02797103,False
ETTh1,MLP,42,219,0.65210433,0.0,0.00341911,0.06858001,False
ETTh1,MLP,42,220,0.65718698,0.0,0.00294669,0.0591043,False
ETTh1,MLP,42,221,0.64706403,0.01012295,0.00202459,0.04060898,False
ETTh1,MLP,42,222,0.653882,0.0,0.00238252,0.04778826,False
ETTh1,MLP,42,223,0.65503463,0.0,0.00277894,0.05573968,False
ETTh1,MLP,42,224,0.65324499,0.00178964,0.00075435,0.0151307,False
ETTh1,MLP,42,225,0.65126287,0.00198212,0.00196747,0.03946323,False
ETTh1,MLP,42,226,0.65849938,0.0,0.00217664,0.04365884,False
ETTh1,MLP,42,227,0.6524338,0.00606558,0.00181871,0.03647955,False
ETTh1,MLP,42,228,0.65138793,0.00104587,0.00263641,0.05288086,False
ETTh1,MLP,42,229,0.66147345,0.0,0.00311277,0.06243565,False
ETTh1,MLP,42,230,0.65540284,0.00607061,0.0032202,0.06459045,False
ETTh1,MLP,42,231,0.65302103,0.00238181,0.00301103,0.06039485,False
ETTh1,MLP,42,232,0.6464183,0.00660273,0.00322751,0.06473706,False
ETTh1,MLP,42,233,0.6549538,0.0,0.00291281,0.05842483,False
ETTh1,MLP,42,234,0.65387138,0.00108242,0.00243645,0.04887004,False
ETTh1,MLP,42,235,0.64937427,0.00449711,0.00271756,0.05450857,False
ETTh1,MLP,42,236,0.65516838,0.0,0.00271756,0.05450857,False
ETTh1,MLP,42,237,0.64716009,0.00800829,0.00316661,0.06351539,False
ETTh1,MLP,42,238,0.65488334,0.0,0.00226718,0.0454749,False
ETTh1,MLP,42,239,0.65155571,0.00332763,0.00250278,0.0502004,False
ETTh1,MLP,42,240,0.65486263,0.0,0.00196922,0.03949839,False
ETTh1,MLP,42,241,0.65368466,0.00117797,0.00196922,0.03949839,False
ETTh1,MLP,42,242,0.64834415,0.00534051,0.0013037,0.02614936,False
ETTh1,MLP,42,243,0.65065824,0.0,0.00290536,0.05827532,False
ETTh1,MLP,42,244,0.65416614,0.0,0.00266977,0.05354981,False
ETTh1,MLP,42,245,0.64615783,0.00800832,0.00160166,0.03212596,False
ETTh1,MLP,42,246,0.64697459,0.0,0.00231366,0.04640717,False
ETTh1,MLP,42,247,0.64859267,0.0,0.00231366,0.04640717,False
ETTh1,MLP,42,248,0.64503267,0.00356,0.00253631,0.05087304,False
ETTh1,MLP,42,249,0.66093731,0.0,0.00300566,0.06028714,False
ETTh1,MLP,42,250,0.65181575,0.00912156,0.00320034,0.06419194,False
ETTh1,MLP,42,251,0.64946901,0.00234673,0.00248834,0.04991073,False
ETTh1,MLP,42,252,0.64849563,0.00097338,0.00297501,0.05967236,False
ETTh1,MLP,42,253,0.65177921,0.0,0.0011507,0.02308052,False
ETTh1,MLP,42,254,0.64934585,0.00243337,0.00188279,0.03776478,False
ETTh1,MLP,42,255,0.65558495,0.0,0.00168811,0.03385998,False
ETTh1,MLP,42,256,0.64957775,0.0060072,0.00172028,0.03450513,False
ETTh1,MLP,42,257,0.65351321,0.0,0.00123361,0.0247435,False
ETTh1,MLP,42,258,0.65335239,0.00016082,0.00240085,0.04815601,False
ETTh1,MLP,42,259,0.65375548,0.0,0.00119941,0.02405766,False
ETTh1,MLP,42,260,0.64791924,0.00583624,0.00119941,0.02405766,False
ETTh1,MLP,42,261,0.64845608,0.0,0.0020352,0.04082185,False
ETTh1,MLP,42,262,0.65523941,0.0,0.0020352,0.04082185,False
ETTh1,MLP,42,263,0.65089964,0.00433978,0.00193091,0.03872989,False
ETTh1,MLP,42,264,0.65611539,0.0,0.00198396,0.0397941,False
ETTh1,MLP,42,265,0.65080063,0.00531476,0.00322207,0.06462788,False
ETTh1,MLP,42,266,0.65053534,0.00026528,0.00235411,0.04721854,False
ETTh1,MLP,42,267,0.64434481,0.00619053,0.00284735,0.05711184,False
ETTh1,MLP,42,268,0.6520666,0.0,0.0017844,0.03579128,False
ETTh1,MLP,42,269,0.64960041,0.00246619,0.00426047,0.08545607,False
ETTh1,MLP,42,270,0.65494025,0.0,0.00302237,0.06062229,False
ETTh1,MLP,42,271,0.64229459,0.01264565,0.00435533,0.08735857,False
ETTh1,MLP,42,272,0.65672095,0.0,0.0039388,0.07900388,False
ETTh1,MLP,42,273,0.65005617,0.00666478,0.00448688,0.08999724,False
ETTh1,MLP,42,274,0.64967263,0.00038354,0.00246558,0.0494542,False
ETTh1,MLP,42,275,0.64693222,0.00274041,0.00246558,0.0494542,False
ETTh1,MLP,42,276,0.64439308,0.00253914,0.00113262,0.02271792,False
ETTh1,MLP,42,277,0.65353352,0.0,0.00313003,0.06278177,False
ETTh1,MLP,42,278,0.65894548,0.0,0.00258195,0.0517884,False
ETTh1,MLP,42,279,0.64857488,0.0103706,0.0048398,0.09707614,False
ETTh1,MLP,42,280,0.65870443,0.0,0.0048398,0.09707614,False
ETTh1,MLP,42,281,0.64487603,0.0138284,0.00574467,0.11522589,False
ETTh1,MLP,42,282,0.65263834,0.0,0.00367055,0.07362343,False
ETTh1,MLP,42,283,0.648114,0.00452435,0.0049131,0.09854628,False
ETTh1,MLP,42,284,0.65431317,0.0,0.00214742,0.0430726,False
ETTh1,MLP,42,285,0.64810044,0.00621273,0.00214742,0.0430726,False
ETTh1,MLP,42,286,0.65281261,0.0,0.004252,0.08528609,False
ETTh1,MLP,42,287,0.65790735,0.0,0.004252,0.08528609,False
ETTh1,MLP,42,288,0.64286008,0.01504727,0.00300945,0.06036324,False
ETTh1,MLP,42,289,0.6474975,0.0,0.0041551,0.08334249,False
ETTh1,MLP,42,290,0.65167528,0.0,0.0041551,0.08334249,False
ETTh1,MLP,42,291,0.64594704,0.00572824,0.00217412,0.04360829,False
ETTh1,MLP,42,292,0.6503976,0.0,0.00241899,0.04851974,False
ETTh1,MLP,42,293,0.64525522,0.00514238,0.00241899,0.04851974,False
ETTh1,MLP,42,294,0.64403091,0.00122432,0.00154941,0.03107779,False
ETTh1,MLP,42,295,0.64685396,0.0,0.00154941,0.03107779,False
ETTh1,MLP,42,296,0.64547363,0.00138033,0.00052093,0.01044874,False
ETTh1,MLP,42,297,0.64852293,0.0,0.00276926,0.05554544,False
ETTh1,MLP,42,298,0.65673601,0.0,0.00276926,0.05554544,False
ETTh1,MLP,42,299,0.64427004,0.01246596,0.00311649,0.06251018,False
ETTh1,MLP,42,300,0.65076145,0.0,0.00415532,0.08334691,False
ETTh1,CNN,42,2,0.7728538,0.14193566,0.0680069,1.79071149,False
ETTh1,CNN,42,3,0.7397925,0.0330613,0.05181891,1.36446053,False
ETTh1,CNN,42,4,0.71076878,0.02902372,0.04369019,1.15042052,False
ETTh1,CNN,42,5,0.70751381,0.00325497,0.01558738,0.41043643,False
ETTh1,CNN,42,6,0.6963385,0.0111753,0.01078453,0.28397103,False
ETTh1,CNN,42,7,0.69491688,0.00142162,0.00594444,0.15652506,False
ETTh1,CNN,42,8,0.68586983,0.00904705,0.00585111,0.15406734,False
ETTh1,CNN,42,9,0.68104656,0.00482328,0.00369232,0.09722354,False
ETTh1,CNN,42,10,0.67825828,0.00278828,0.00340799,0.0897369,False
ETTh1,CNN,42,11,0.67787693,0.00038135,0.00271403,0.07146412,False
ETTh1,CNN,42,12,0.68524193,0.0,0.00174938,0.04606347,True
ETTh1,CNN,42,13,0.67966466,0.00557727,0.00273611,0.07204532,False
ETTh1,CNN,42,14,0.68258525,0.0,0.00278472,0.07332535,False
ETTh1,CNN,42,15,0.67486333,0.00772192,0.00278472,0.07332535,False
ETTh1,CNN,42,16,0.67423892,0.00062441,0.00360894,0.09502808,False
ETTh1,CNN,42,17,0.6783306,0.0,0.00360894,0.09502808,False
ETTh1,CNN,42,18,0.66863224,0.00969835,0.00229805,0.0605108,False
ETTh1,CNN,42,19,0.67331439,0.0,0.00217317,0.05722248,False
ETTh1,CNN,42,20,0.67214688,0.0011675,0.00248706,0.06548755,False
ETTh1,CNN,42,21,0.67543352,0.0,0.00114236,0.03007974,False
ETTh1,CNN,42,22,0.67386408,0.00156944,0.00121799,0.03207119,False
ETTh1,CNN,42,23,0.67088924,0.00297484,0.00098449,0.02592281,False
ETTh1,CNN,42,24,0.67051109,0.00037815,0.00191644,0.05046252,False
ETTh1,CNN,42,25,0.6730693,0.0,0.00160256,0.04219746,False
ETTh1,CNN,42,26,0.66840951,0.0046598,0.00100759,0.02653117,False
ETTh1,CNN,42,27,0.668865,0.0,0.0012052,0.03173458,False
ETTh1,CNN,42,28,0.66919761,0.0,0.0012052,0.03173458,False
ETTh1,CNN,42,29,0.6678314,0.00136622,0.00027324,0.00719486,False
ETTh1,CNN,42,30,0.66815988,0.0,0.00082852,0.0218159,False
ETTh1,CNN,42,31,0.67211004,0.0,0.00125359,0.03300856,False
ETTh1,CNN,42,32,0.66933368,0.00277636,0.00098034,0.0258137,False
ETTh1,CNN,42,33,0.66720833,0.00212535,0.00229933,0.06054443,False
ETTh1,CNN,42,34,0.67520959,0.0,0.00229933,0.06054443,False
ETTh1,CNN,42,35,0.66861464,0.00659495,0.00174406,0.04592339,False
ETTh1,CNN,42,36,0.67064398,0.0,0.0024037,0.06329252,False
ETTh1,CNN,42,37,0.67234814,0.0,0.00283089,0.07454109,False
ETTh1,CNN,42,38,0.6669246,0.00542354,0.0015119,0.03981036,False
ETTh1,CNN,42,39,0.66478863,0.00213597,0.00217891,0.05737368,False
ETTh1,CNN,42,40,0.67053983,0.0,0.00217891,0.05737368,False
ETTh1,CNN,42,41,0.66720477,0.00333506,0.00151325,0.03984581,False
ETTh1,CNN,42,42,0.66752333,0.0,0.00108605,0.02859724,False
ETTh1,CNN,42,43,0.66542812,0.00209521,0.00146764,0.0386449,False
ETTh1,CNN,42,44,0.67496659,0.0,0.00206829,0.05446078,False
ETTh1,CNN,42,45,0.67305866,0.00190793,0.00206829,0.05446078,False
ETTh1,CNN,42,46,0.66672036,0.00633831,0.00221325,0.05827771,False
ETTh1,CNN,42,47,0.66684827,0.0,0.00221325,0.05827771,False
ETTh1,CNN,42,48,0.66402827,0.00282,0.00230783,0.06076828,False
ETTh1,CNN,42,49,0.66559591,0.0,0.00104017,0.02738908,False
ETTh1,CNN,42,50,0.66321505,0.00238086,0.00146289,0.03851988,False
ETTh1,CNN,42,51,0.66858494,0.0,0.00089889,0.02366903,False
ETTh1,CNN,42,52,0.66647134,0.0021136,0.002878,0.07578147,False
ETTh1,CNN,42,53,0.67301726,0.0,0.00300253,0.07906067,False
ETTh1,CNN,42,54,0.66312174,0.00989552,0.00300253,0.07906067,False
ETTh1,CNN,42,55,0.6601182,0.00300354,0.00428614,0.11285983,False
ETTh1,CNN,42,56,0.6698848,0.0,0.00428614,0.11285983,False
ETTh1,CNN,42,57,0.66135315,0.00853165,0.00230704,0.06074738,False
ETTh1,CNN,42,58,0.66477042,0.0,0.00217477,0.05726454,False
ETTh1,CNN,42,59,0.66664009,0.0,0.00217477,0.05726454,False
ETTh1,CNN,42,60,0.6642979,0.00234219,0.0012402,0.03265613,False
ETTh1,CNN,42,61,0.66482492,0.0,0.0012402,0.03265613,False
ETTh1,CNN,42,62,0.66096611,0.00385881,0.0012402,0.03265613,False
ETTh1,CNN,42,63,0.66287295,0.0,0.00088386,0.02327329,False
ETTh1,CNN,42,64,0.66379728,0.0,0.00120005,0.03159896,False
ETTh1,CNN,42,65,0.66323678,0.0005605,0.00042829,0.01127742,False
ETTh1,CNN,42,66,0.66165584,0.00158094,0.00042829,0.01127742,False
ETTh1,CNN,42,67,0.66641534,0.0,0.00132458,0.03487783,False
ETTh1,CNN,42,68,0.66840104,0.0,0.00121247,0.03192607,False
ETTh1,CNN,42,69,0.66391961,0.00448143,0.00089629,0.02360041,False
ETTh1,CNN,42,70,0.66626365,0.0,0.00256567,0.06755753,False
ETTh1,CNN,42,71,0.66857337,0.0,0.00256567,0.06755753,False
ETTh1,CNN,42,72,0.66022644,0.00834693,0.00166939,0.04395713,False
ETTh1,CNN,42,73,0.66518342,0.0,0.00200582,0.05281585,False
ETTh1,CNN,42,74,0.66647294,0.0,0.00274721,0.07233779,False
ETTh1,CNN,42,75,0.66479078,0.00168216,0.00110353,0.02905743,False
ETTh1,CNN,42,76,0.6610838,0.00370698,0.00110353,0.02905743,False
ETTh1,CNN,42,77,0.66095529,0.00012851,0.00186826,0.04919367,False
ETTh1,CNN,42,78,0.66561306,0.0,0.00153182,0.04033495,False
ETTh1,CNN,42,79,0.66178943,0.00382363,0.00104453,0.02750376,False
ETTh1,CNN,42,80,0.66259529,0.0,0.0014447,0.03804088,False
ETTh1,CNN,42,81,0.6613248,0.00127049,0.0014447,0.03804088,False
ETTh1,CNN,42,82,0.65919542,0.00212938,0.00067997,0.01790463,False
ETTh1,CNN,42,83,0.66041083,0.0,0.00067997,0.01790463,False
ETTh1,CNN,42,84,0.66043179,0.0,0.00057483,0.01513591,False
ETTh1,CNN,42,85,0.66146695,0.0,0.00014895,0.00392203,False
ETTh1,CNN,42,86,0.6607222,0.00074475,0.00014895,0.00392203,False
ETTh1,CNN,42,87,0.66085712,0.0,0.00137035,0.03608324,False
ETTh1,CNN,42,88,0.66657442,0.0,0.00137035,0.03608324,False
ETTh1,CNN,42,89,0.66046739,0.00610702,0.0021267,0.05599895,False
ETTh1,CNN,42,90,0.6612165,0.0,0.0021267,0.05599895,False
ETTh1,CNN,42,91,0.65669,0.0045265,0.0021267,0.05599895,False
ETTh1,CNN,42,92,0.66299373,0.0,0.001272,0.03349348,False
ETTh1,CNN,42,93,0.66633723,0.0,0.00168683,0.04441647,False
ETTh1,CNN,42,94,0.66450372,0.00183351,0.00078153,0.02057872,False
ETTh1,CNN,42,95,0.66242958,0.00207414,0.0015725,0.04140602,False
ETTh1,CNN,42,96,0.66254827,0.0,0.0015725,0.04140602,False
ETTh1,CNN,42,97,0.65859342,0.00395485,0.0012058,0.03175029,False
ETTh1,CNN,42,98,0.6595175,0.0,0.00079097,0.0208273,False
ETTh1,CNN,42,99,0.6617269,0.0,0.00091781,0.02416709,False
ETTh1,CNN,42,100,0.66199294,0.0,0.00012684,0.00333979,False
ETTh1,CNN,42,101,0.66135875,0.00063419,0.00012684,0.00333979,False
ETTh1,CNN,42,102,0.66148065,0.0,0.00098289,0.02588066,False
ETTh1,CNN,42,103,0.66380597,0.0,0.00102504,0.02699055,False
ETTh1,CNN,42,104,0.65952573,0.00428024,0.0008982,0.02365076,False
ETTh1,CNN,42,105,0.65931498,0.00021075,0.0008982,0.02365076,False
ETTh1,CNN,42,106,0.65988886,0.0,0.00196943,0.05185776,False
ETTh1,CNN,42,107,0.66276618,0.0,0.00111338,0.02931689,False
ETTh1,CNN,42,108,0.65741001,0.00535617,0.00261502,0.06885693,False
ETTh1,CNN,42,109,0.6655344,0.0,0.00261502,0.06885693,False
ETTh1,CNN,42,110,0.65781547,0.00771893,0.00261502,0.06885693,False
ETTh1,CNN,42,111,0.66561,0.0,0.00254044,0.06689309,False
ETTh1,CNN,42,112,0.66645065,0.0,0.00254044,0.06689309,False
ETTh1,CNN,42,113,0.66146739,0.00498326,0.0013352,0.03515769,False
ETTh1,CNN,42,114,0.66231822,0.0,0.00177354,0.04669975,False
ETTh1,CNN,42,115,0.66062546,0.00169276,0.00177354,0.04669975,False
ETTh1,CNN,42,116,0.65843376,0.0021917,0.00077689,0.02045659,False
ETTh1,CNN,42,117,0.65869221,0.0,0.00077689,0.02045659,False
ETTh1,CNN,42,118,0.65959685,0.0,0.00075638,0.01991661,False
ETTh1,CNN,42,119,0.65985011,0.0,0.00042186,0.0111082,False
ETTh1,CNN,42,120,0.65825988,0.00159022,0.00042186,0.0111082,False
ETTh1,CNN,42,121,0.6577408,0.00051909,0.00182111,0.04795214,False
ETTh1,CNN,42,122,0.66800468,0.0,0.00234565,0.06176402,False
ETTh1,CNN,42,123,0.66100846,0.00699622,0.0020276,0.05338948,False
ETTh1,CNN,42,124,0.65838575,0.00262271,0.00192379,0.05065582,False
ETTh1,CNN,42,125,0.6587967,0.0,0.00249891,0.06579961,False
ETTh1,CNN,42,126,0.66067397,0.0,0.00109967,0.02895566,False
ETTh1,CNN,42,127,0.65779835,0.00287562,0.00057512,0.01514379,False
ETTh1,CNN,42,128,0.65987191,0.0,0.00187207,0.04929403,False
ETTh1,CNN,42,129,0.66131863,0.0,0.00187207,0.04929403,False
ETTh1,CNN,42,130,0.65483391,0.00648472,0.00153818,0.04050241,False
ETTh1,CNN,42,131,0.65771998,0.0,0.00153818,0.04050241,False
ETTh1,CNN,42,132,0.65651378,0.0012062,0.00199631,0.05256556,False
ETTh1,CNN,42,133,0.659486,0.0,0.00069937,0.01841532,False
ETTh1,CNN,42,134,0.65719535,0.00229065,0.0015278,0.040229,False
ETTh1,CNN,42,135,0.6624826,0.0,0.00128656,0.03387683,False
ETTh1,CNN,42,136,0.65834045,0.00414215,0.00128656,0.03387683,False
ETTh1,CNN,42,137,0.65886377,0.0,0.00082843,0.02181368,False
ETTh1,CNN,42,138,0.65962846,0.0,0.00082843,0.02181368,False
ETTh1,CNN,42,139,0.6603291,0.0,6.822e-05,0.00179629,False
ETTh1,CNN,42,140,0.66047353,0.0,0.00072093,0.01898294,False
ETTh1,CNN,42,141,0.66013243,0.00034109,0.0008477,0.02232095,False
ETTh1,CNN,42,142,0.6568689,0.00326354,0.0008477,0.02232095,False
ETTh1,CNN,42,143,0.65623505,0.00063385,0.0008477,0.02232095,False
ETTh1,CNN,42,144,0.65635133,0.0,0.00125919,0.03315603,False
ETTh1,CNN,42,145,0.66319558,0.0,0.00123342,0.03247749,False
ETTh1,CNN,42,146,0.66079704,0.00239854,0.00145412,0.0382889,False
ETTh1,CNN,42,147,0.65766234,0.00313469,0.00145412,0.0382889,False
ETTh1,CNN,42,148,0.65592498,0.00173736,0.00145412,0.0382889,False
ETTh1,CNN,42,149,0.65718878,0.0,0.00097441,0.02565754,False
ETTh1,CNN,42,150,0.66101364,0.0,0.00195586,0.05150046,False
ETTh1,CNN,42,151,0.66109133,0.0,0.00160839,0.04235104,False
ETTh1,CNN,42,152,0.65304938,0.00804195,0.00160839,0.04235104,False
ETTh1,CNN,42,153,0.6562735,0.0,0.00160839,0.04235104,False
ETTh1,CNN,42,154,0.66196891,0.0,0.00363429,0.09569565,False
ETTh1,CNN,42,155,0.66648293,0.0,0.00204642,0.05388484,False
ETTh1,CNN,42,156,0.65635343,0.0101295,0.00244683,0.06442829,False
ETTh1,CNN,42,157,0.65625085,0.00010258,0.00244683,0.06442829,False
ETTh1,CNN,42,158,0.65424878,0.00200207,0.00244683,0.06442829,False
ETTh1,CNN,42,159,0.65688929,0.0,0.00061551,0.01620721,False
ETTh1,CNN,42,160,0.66750332,0.0,0.00142216,0.03744723,False
ETTh1,CNN,42,161,0.66653042,0.0009729,0.00177037,0.0466163,False
ETTh1,CNN,42,162,0.66239461,0.00413581,0.00177037,0.0466163,False
ETTh1,CNN,42,163,0.65865145,0.00374317,0.00177037,0.0466163,False
ETTh1,CNN,42,164,0.65953672,0.0,0.00243687,0.06416597,False
ETTh1,CNN,42,165,0.66013699,0.0,0.00191294,0.05037024,False
ETTh1,CNN,42,166,0.65583162,0.00430537,0.00116431,0.03065772,False
ETTh1,CNN,42,167,0.65431546,0.00151616,0.00141806,0.03733934,False
ETTh1,CNN,42,168,0.6632943,0.0,0.00169992,0.04476111,False
ETTh1,CNN,42,169,0.66202554,0.00126876,0.00083885,0.0220879,False
ETTh1,CNN,42,170,0.66061624,0.0014093,0.00126207,0.03323208,False
ETTh1,CNN,42,171,0.66443351,0.0,0.00164046,0.04319542,False
ETTh1,CNN,42,172,0.6608012,0.00363231,0.00192166,0.05059973,False
ETTh1,CNN,42,173,0.65890928,0.00189192,0.00163979,0.04317796,False
ETTh1,CNN,42,174,0.65623454,0.00267475,0.00163979,0.04317796,False
ETTh1,CNN,42,175,0.65792225,0.0,0.0018246,0.04804404,False
ETTh1,CNN,42,176,0.65873393,0.0,0.00144621,0.03808071,False
ETTh1,CNN,42,177,0.65417761,0.00455632,0.00157599,0.04149787,False
ETTh1,CNN,42,178,0.65997482,0.0,0.00210267,0.05536608,False
ETTh1,CNN,42,179,0.6566512,0.00332363,0.00210267,0.05536608,False
ETTh1,CNN,42,180,0.65401779,0.00263341,0.0023269,0.06127024,False
ETTh1,CNN,42,181,0.65893494,0.0,0.0023269,0.06127024,False
ETTh1,CNN,42,182,0.65325749,0.00567745,0.00166217,0.04376715,False
ETTh1,CNN,42,183,0.65808068,0.0,0.00200534,0.05280332,False
ETTh1,CNN,42,184,0.66395795,0.0,0.00200534,0.05280332,False
ETTh1,CNN,42,185,0.65960869,0.00434927,0.00230999,0.06082501,False
ETTh1,CNN,42,186,0.66264472,0.0,0.00230999,0.06082501,False
ETTh1,CNN,42,187,0.65544405,0.00720067,0.00230999,0.06082501,False
ETTh1,CNN,42,188,0.6565604,0.0,0.00161558,0.04254042,False
ETTh1,CNN,42,189,0.65956558,0.0,0.00211727,0.05575046,False
ETTh1,CNN,42,190,0.65868833,0.00087724,0.00067713,0.01782983,False
ETTh1,CNN,42,191,0.65617991,0.00250843,0.00067713,0.01782983,False
ETTh1,CNN,42,192,0.65780554,0.0,0.00170778,0.04496815,False
ETTh1,CNN,42,193,0.65828914,0.0,0.00153233,0.04034836,False
ETTh1,CNN,42,194,0.65313591,0.00515324,0.00211366,0.05565541,False
ETTh1,CNN,42,195,0.66209017,0.0,0.00211366,0.05565541,False
ETTh1,CNN,42,196,0.65667512,0.00541505,0.0030821,0.08115587,False
ETTh1,CNN,42,197,0.66428082,0.0,0.00233648,0.06152273,False
ETTh1,CNN,42,198,0.65943859,0.00484223,0.00233648,0.06152273,False
ETTh1,CNN,42,199,0.65801345,0.00142514,0.00269791,0.07103949,False
ETTh1,CNN,42,200,0.66139995,0.0,0.00269791,0.07103949,False
ETTh1,CNN,42,201,0.65417778,0.00722217,0.00172946,0.04553903,False
ETTh1,CNN,42,202,0.65775962,0.0,0.00194822,0.05129928,False
ETTh1,CNN,42,203,0.65915942,0.0,0.00236318,0.06222567,False
ETTh1,CNN,42,204,0.65664047,0.00251895,0.00091875,0.02419183,False
ETTh1,CNN,42,205,0.65456568,0.00207479,0.00170892,0.04499803,False
ETTh1,CNN,42,206,0.65771854,0.0,0.00170892,0.04499803,False
ETTh1,CNN,42,207,0.6537677,0.00395085,0.00120513,0.0317326,False
ETTh1,CNN,42,208,0.65469279,0.0,0.0008245,0.0217103,False
ETTh1,CNN,42,209,0.65792729,0.0,0.00162954,0.04290794,False
ETTh1,CNN,42,210,0.65775561,0.00017168,0.00083937,0.02210174,False
ETTh1,CNN,42,211,0.65373044,0.00402517,0.00176817,0.0465583,False
ETTh1,CNN,42,212,0.65769123,0.0,0.00176817,0.0465583,False
ETTh1,CNN,42,213,0.65304722,0.00464401,0.00173384,0.0456542,False
ETTh1,CNN,42,214,0.65772078,0.0,0.00192819,0.05077179,False
ETTh1,CNN,42,215,0.66389024,0.0,0.00272389,0.0717236,False
ETTh1,CNN,42,216,0.65889329,0.00499694,0.00179509,0.04726704,False
ETTh1,CNN,42,217,0.6549148,0.00397849,0.00200158,0.05270414,False
ETTh1,CNN,42,218,0.65729439,0.0,0.00200158,0.05270414,False
ETTh1,CNN,42,219,0.65626195,0.00103244,0.00169892,0.04473468,False
ETTh1,CNN,42,220,0.6573454,0.0,0.00090322,0.02378288,False
ETTh1,CNN,42,221,0.65386175,0.00348364,0.00152792,0.04023205,False
ETTh1,CNN,42,222,0.66232753,0.0,0.00199529,0.05253865,False
ETTh1,CNN,42,223,0.65920403,0.0031235,0.00199529,0.05253865,False
ETTh1,CNN,42,224,0.65583472,0.00336931,0.00251421,0.06620248,False
ETTh1,CNN,42,225,0.66512925,0.0,0.00251421,0.06620248,False
ETTh1,CNN,42,226,0.65905101,0.00607824,0.00279035,0.07347348,False
ETTh1,CNN,42,227,0.6594683,0.0,0.00211648,0.05572979,False
ETTh1,CNN,42,228,0.65496412,0.00450418,0.00211648,0.05572979,False
ETTh1,CNN,42,229,0.65950647,0.0,0.00214619,0.05651202,False
ETTh1,CNN,42,230,0.66452519,0.0,0.00214619,0.05651202,False
ETTh1,CNN,42,231,0.65829842,0.00622677,0.00124535,0.03279184,False
ETTh1,CNN,42,232,0.66031115,0.0,0.00295069,0.07769565,False
ETTh1,CNN,42,233,0.6617906,0.0,0.00295069,0.07769565,False
ETTh1,CNN,42,234,0.65326391,0.00852669,0.00197557,0.05201933,False
ETTh1,CNN,42,235,0.65734889,0.0,0.00197557,0.05201933,False
ETTh1,CNN,42,236,0.65599774,0.00135115,0.00281401,0.07409648,False
ETTh1,CNN,42,237,0.65961021,0.0,0.00154962,0.04080344,False
ETTh1,CNN,42,238,0.65541803,0.00419218,0.00154962,0.04080344,False
ETTh1,CNN,42,239,0.65321328,0.00220474,0.00127939,0.03368792,False
ETTh1,CNN,42,240,0.6550241,0.0,0.00127939,0.03368792,False
ETTh1,CNN,42,241,0.65508677,0.0,0.00084381,0.02221875,False
ETTh1,CNN,42,242,0.65754721,0.0,0.00040287,0.01060798,False
ETTh1,CNN,42,243,0.65553288,0.00201433,0.00126747,0.03337405,False
ETTh1,CNN,42,244,0.65885691,0.0,0.00126747,0.03337405,False
ETTh1,CNN,42,245,0.65453391,0.004323,0.00151351,0.03985266,False
ETTh1,CNN,42,246,0.65878025,0.0,0.00111064,0.02924468,False
ETTh1,CNN,42,247,0.65755004,0.00123021,0.00125524,0.03305221,False
ETTh1,CNN,42,248,0.65970306,0.0,0.00039064,0.01028614,False
ETTh1,CNN,42,249,0.65898006,0.000723,0.00106947,0.02816059,False
ETTh1,CNN,42,250,0.66425601,0.0,0.00159851,0.042091,False
ETTh1,CNN,42,251,0.66086187,0.00339414,0.00159851,0.042091,False
ETTh1,CNN,42,252,0.65698645,0.00387542,0.00182922,0.04816569,False
ETTh1,CNN,42,253,0.65840348,0.0,0.00213586,0.05624002,False
ETTh1,CNN,42,254,0.65652696,0.00187651,0.00145703,0.03836557,False
ETTh1,CNN,42,255,0.65499375,0.00153322,0.00068195,0.01795655,False
ETTh1,CNN,42,256,0.65812316,0.0,0.00098451,0.02592346,False
ETTh1,CNN,42,257,0.6614181,0.0,0.00130424,0.03434242,False
ETTh1,CNN,42,258,0.65990528,0.00151282,0.0009976,0.02626808,False
ETTh1,CNN,42,259,0.65643011,0.00347517,0.00113822,0.0299709,False
ETTh1,CNN,42,260,0.65918767,0.0,0.00129243,0.03403139,False
ETTh1,CNN,42,261,0.65848455,0.00070312,0.00163004,0.0429212,False
ETTh1,CNN,42,262,0.65771351,0.00077104,0.00093501,0.02462002,False
ETTh1,CNN,42,263,0.65451263,0.00320089,0.00093501,0.02462002,False
ETTh1,CNN,42,264,0.65580699,0.0,0.00111636,0.02939517,False
ETTh1,CNN,42,265,0.65715288,0.0,0.00096215,0.02533468,False
ETTh1,CNN,42,266,0.65554302,0.00160986,0.00175716,0.04626841,False
ETTh1,CNN,42,267,0.66075358,0.0,0.00175716,0.04626841,False
ETTh1,CNN,42,268,0.65357763,0.00717595,0.00292765,0.07708895,False
ETTh1,CNN,42,269,0.65939225,0.0,0.00260568,0.06861098,False
ETTh1,CNN,42,270,0.6535398,0.00585245,0.00260568,0.06861098,False
ETTh1,CNN,42,271,0.65581031,0.0,0.00155363,0.04090903,False
ETTh1,CNN,42,272,0.65822494,0.0,0.0018687,0.04920521,False
ETTh1,CNN,42,273,0.65630926,0.00191568,0.00069821,0.01838468,False
ETTh1,CNN,42,274,0.65473391,0.00157535,0.00069821,0.01838468,False
ETTh1,CNN,42,275,0.65475998,0.0,0.00069821,0.01838468,False
ETTh1,CNN,42,276,0.65666948,0.0,0.00051853,0.01365356,False
ETTh1,CNN,42,277,0.6592328,0.0,0.00112018,0.0294959,False
ETTh1,CNN,42,278,0.6582155,0.0010173,0.00112018,0.0294959,False
ETTh1,CNN,42,279,0.65363188,0.00458361,0.0014317,0.03769846,False
ETTh1,CNN,42,280,0.65745101,0.0,0.0014317,0.03769846,False
ETTh1,CNN,42,281,0.65589344,0.00155757,0.00122824,0.03234108,False
ETTh1,CNN,42,282,0.65749156,0.0,0.00152522,0.04016108,False
ETTh1,CNN,42,283,0.66478075,0.0,0.00159099,0.04189289,False
ETTh1,CNN,42,284,0.65871221,0.00606854,0.00127948,0.03369033,False
ETTh1,CNN,42,285,0.65838336,0.00032885,0.00233614,0.06151358,False
ETTh1,CNN,42,286,0.66189553,0.0,0.00249202,0.06561829,False
ETTh1,CNN,42,287,0.65661223,0.0052833,0.00127832,0.03365978,False
ETTh1,CNN,42,288,0.6558328,0.00077944,0.00161709,0.0425802,False
ETTh1,CNN,42,289,0.65657847,0.0,0.00161709,0.0425802,False
ETTh1,CNN,42,290,0.65455574,0.00202273,0.00056043,0.01475695,False
ETTh1,CNN,42,291,0.6546671,0.0,0.00040455,0.01065224,False
ETTh1,CNN,42,292,0.65910076,0.0,0.00149535,0.03937465,False
ETTh1,CNN,42,293,0.66066917,0.0,0.00117315,0.0308905,False
ETTh1,CNN,42,294,0.65521513,0.00545404,0.00117315,0.0308905,False
ETTh1,CNN,42,295,0.65480344,0.00041169,0.00176103,0.04637021,False
ETTh1,CNN,42,296,0.65746959,0.0,0.00176103,0.04637021,False
ETTh1,CNN,42,297,0.65453017,0.00293941,0.00186455,0.049096,False
ETTh1,CNN,42,298,0.6588003,0.0,0.00178221,0.04692791,False
ETTh1,CNN,42,299,0.65282867,0.00597163,0.00222776,0.05865989,False
ETTh1,CNN,42,300,0.6634302,0.0,0.00199054,0.05241366,False
ETTh2,DLinear,42,2,0.2538881,0.01138483,0.00576588,0.82362073,False
ETTh2,DLinear,42,3,0.24797531,0.0059128,0.01023503,1.46201288,False
ETTh2,DLinear,42,4,0.25750555,0.0,0.00818803,1.16961031,False
ETTh2,DLinear,42,5,0.23386305,0.0236425,0.00591106,0.84435934,False
ETTh2,DLinear,42,6,0.2407282,0.0,0.00490323,0.70039674,False
ETTh2,DLinear,42,7,0.24276818,0.0,0.00718158,1.02584503,False
ETTh2,DLinear,42,8,0.24189454,0.00087364,0.00245308,0.35040716,False
ETTh2,DLinear,42,9,0.2305028,0.01139174,0.0029779,0.42537449,False
ETTh2,DLinear,42,10,0.24517054,0.0,0.00381519,0.54497642,False
ETTh2,DLinear,42,11,0.24254644,0.0026241,0.00364046,0.52001755,False
ETTh2,DLinear,42,12,0.23835999,0.00418645,0.00251691,0.35952502,False
ETTh2,DLinear,42,13,0.246033,0.0,0.00381242,0.54458072,False
ETTh2,DLinear,42,14,0.24025901,0.00577398,0.0032876,0.46961339,False
ETTh2,DLinear,42,15,0.23378147,0.00647755,0.00348083,0.49721543,False
ETTh2,DLinear,42,16,0.23653656,0.0,0.00348083,0.49721543,False
ETTh2,DLinear,42,17,0.23138395,0.00515261,0.00431215,0.6159645,False
ETTh2,DLinear,42,18,0.24447583,0.0,0.00301664,0.4309088,False
ETTh2,DLinear,42,19,0.23454525,0.00993058,0.00301664,0.4309088,False
ETTh2,DLinear,42,20,0.24169851,0.0,0.00198612,0.28370483,False
ETTh2,DLinear,42,21,0.2473258,0.0,0.0047916,0.68445078,False
ETTh2,DLinear,42,22,0.24737974,0.0,0.00441283,0.63034678,False
ETTh2,DLinear,42,23,0.23335234,0.0140274,0.00441283,0.63034678,False
ETTh2,DLinear,42,24,0.22531557,0.00803677,0.00441283,0.63034678,False
ETTh2,DLinear,42,25,0.23231469,0.0,0.00441283,0.63034678,False
ETTh2,DLinear,42,26,0.23825402,0.0,0.00265252,0.37889595,False
ETTh2,DLinear,42,27,0.23928286,0.0,0.00118113,0.16871691,False
ETTh2,DLinear,42,28,0.23405705,0.00522581,0.00270519,0.38641971,False
ETTh2,DLinear,42,29,0.23337722,0.00067983,0.00270519,0.38641971,False
ETTh2,DLinear,42,30,0.22575692,0.0076203,0.00270519,0.38641971,False
ETTh2,DLinear,42,31,0.23687384,0.0,0.00380548,0.5435895,False
ETTh2,DLinear,42,32,0.2396898,0.0,0.00366951,0.52416771,False
ETTh2,DLinear,42,33,0.22896254,0.01072726,0.002877,0.4109615,False
ETTh2,DLinear,42,34,0.23392658,0.0,0.00292789,0.41823214,False
ETTh2,DLinear,42,35,0.23026886,0.00365772,0.00292789,0.41823214,False
ETTh2,DLinear,42,36,0.23001436,0.0002545,0.00142938,0.20417861,False
ETTh2,DLinear,42,37,0.23407971,0.0,0.00142938,0.20417861,False
ETTh2,DLinear,42,38,0.23084501,0.0032347,0.00129939,0.1856099,False
ETTh2,DLinear,42,39,0.23890746,0.0,0.00328399,0.46909833,False
ETTh2,DLinear,42,40,0.23589971,0.00300775,0.00328399,0.46909833,False
ETTh2,DLinear,42,41,0.22572221,0.0101775,0.00263705,0.37668695,False
ETTh2,DLinear,42,42,0.23343517,0.0,0.00513003,0.73279339,False
ETTh2,DLinear,42,43,0.24615391,0.0,0.00452848,0.6468655,False
ETTh2,DLinear,42,44,0.23368904,0.01246487,0.00265199,0.37882047,False
ETTh2,DLinear,42,45,0.23717721,0.0,0.00370756,0.52960267,False
ETTh2,DLinear,42,46,0.23638215,0.00079506,0.00370756,0.52960267,False
ETTh2,DLinear,42,47,0.23110429,0.00527786,0.00273942,0.39130976,False
ETTh2,DLinear,42,48,0.2360201,0.0,0.00273942,0.39130976,False
ETTh2,DLinear,42,49,0.22839593,0.00762418,0.00385242,0.55029551,False
ETTh2,DLinear,42,50,0.24022175,0.0,0.00279685,0.39951332,False
ETTh2,DLinear,42,51,0.23386167,0.00636008,0.0047968,0.68519336,False
ETTh2,DLinear,42,52,0.24480532,0.0,0.00327196,0.46737982,False
ETTh2,DLinear,42,53,0.2348056,0.00999972,0.00555953,0.794146,False
ETTh2,DLinear,42,54,0.24651641,0.0,0.00428752,0.61244622,False
ETTh2,DLinear,42,55,0.23507854,0.01143787,0.00808028,1.15421943,False
ETTh2,DLinear,42,56,0.24202582,0.0,0.00608034,0.86853939,False
ETTh2,DLinear,42,57,0.22306201,0.01896381,0.00608034,0.86853939,False
ETTh2,DLinear,42,58,0.22886837,0.0,0.00683465,0.9762885,False
ETTh2,DLinear,42,59,0.24692244,0.0,0.00683465,0.9762885,False
ETTh2,DLinear,42,60,0.23171301,0.01520943,0.00304189,0.43451528,False
ETTh2,DLinear,42,61,0.23434001,0.0,0.00567841,0.81112713,False
ETTh2,DLinear,42,62,0.24621014,0.0,0.006471,0.92434358,False
ETTh2,DLinear,42,63,0.23302751,0.01318263,0.00363541,0.51929611,False
ETTh2,DLinear,42,64,0.22906457,0.00396294,0.00363541,0.51929611,False
ETTh2,DLinear,42,65,0.2280331,0.00103147,0.00600831,0.85825041,False
ETTh2,DLinear,42,66,0.24573534,0.0,0.00337178,0.48163856,False
ETTh2,DLinear,42,67,0.23387084,0.01186449,0.00257919,0.36842211,False
ETTh2,DLinear,42,68,0.23420323,0.0,0.0023729,0.33895429,False
ETTh2,DLinear,42,69,0.23727813,0.0,0.00347452,0.49631424,False
ETTh2,DLinear,42,70,0.24427433,0.0,0.00122917,0.17557932,False
ETTh2,DLinear,42,71,0.23876622,0.00550811,0.00190343,0.27189324,False
ETTh2,DLinear,42,72,0.23812848,0.00063774,0.00349477,0.49920733,False
ETTh2,DLinear,42,73,0.23475719,0.0033713,0.00349477,0.49920733,False
ETTh2,DLinear,42,74,0.22680046,0.00795673,0.00320043,0.45716248,False
ETTh2,DLinear,42,75,0.24281114,0.0,0.00307288,0.43894311,False
ETTh2,DLinear,42,76,0.23877474,0.0040364,0.00399563,0.57075211,False
ETTh2,DLinear,42,77,0.24201464,0.0,0.00307211,0.43883278,False
ETTh2,DLinear,42,78,0.2340296,0.00798504,0.00307211,0.43883278,False
ETTh2,DLinear,42,79,0.23069048,0.00333912,0.0034981,0.49968249,False
ETTh2,DLinear,42,80,0.24071618,0.0,0.00381433,0.54485374,False
ETTh2,DLinear,42,81,0.23454984,0.00616634,0.00221732,0.31673082,False
ETTh2,DLinear,42,82,0.2329687,0.00158114,0.0015495,0.22133607,False
ETTh2,DLinear,42,83,0.23432845,0.0,0.00290771,0.41534934,False
ETTh2,DLinear,42,84,0.23729356,0.0,0.00167445,0.23918452,False
ETTh2,DLinear,42,85,0.23050247,0.00679109,0.00262056,0.37433143,False
ETTh2,DLinear,42,86,0.23601943,0.0,0.00262056,0.37433143,False
ETTh2,DLinear,42,87,0.22970771,0.00631172,0.00537419,0.76767084,False
ETTh2,DLinear,42,88,0.24494437,0.0,0.00401597,0.57365757,False
ETTh2,DLinear,42,89,0.23117622,0.01376815,0.00783325,1.11893293,False
ETTh2,DLinear,42,90,0.24694332,0.0,0.00657091,0.93861476,False
ETTh2,DLinear,42,91,0.22785693,0.01908639,0.00719068,1.0271461,False
ETTh2,DLinear,42,92,0.23470198,0.0,0.00458666,0.65517666,False
ETTh2,DLinear,42,93,0.2316031,0.00309888,0.00458666,0.65517666,False
ETTh2,DLinear,42,94,0.23085508,0.00074802,0.0016797,0.23993464,False
ETTh2,DLinear,42,95,0.23695096,0.0,0.0016797,0.23993464,False
ETTh2,DLinear,42,96,0.23239938,0.00455159,0.00194582,0.27794817,False
ETTh2,DLinear,42,97,0.23819378,0.0,0.00187899,0.26840174,False
ETTh2,DLinear,42,98,0.2337643,0.00442948,0.00187899,0.26840174,False
ETTh2,DLinear,42,99,0.23335044,0.00041386,0.00096867,0.1383684,False
ETTh2,DLinear,42,100,0.23567716,0.0,0.00341926,0.48842007,False
ETTh2,DLinear,42,101,0.24557508,0.0,0.00261139,0.3730212,False
ETTh2,DLinear,42,102,0.23332214,0.01225294,0.00252862,0.36119767,False
ETTh2,DLinear,42,103,0.23293199,0.00039015,0.00377229,0.53884867,False
ETTh2,DLinear,42,104,0.23402426,0.0,0.00377229,0.53884867,False
ETTh2,DLinear,42,105,0.2278059,0.00621836,0.00192046,0.27432654,False
ETTh2,DLinear,42,106,0.23491785,0.0,0.00184243,0.26318055,False
ETTh2,DLinear,42,107,0.23192404,0.00299381,0.00539788,0.77105464,False
ETTh2,DLinear,42,108,0.24331391,0.0,0.00415421,0.59340363,False
ETTh2,DLinear,42,109,0.22553668,0.01777723,0.00559509,0.79922452,False
ETTh2,DLinear,42,110,0.2432718,0.0,0.00556155,0.7944338,False
ETTh2,DLinear,42,111,0.2360674,0.00720439,0.00729463,1.0419946,False
ETTh2,DLinear,42,112,0.23324128,0.00282612,0.00373919,0.53412051,False
ETTh2,DLinear,42,113,0.22457586,0.00866543,0.00373919,0.53412051,False
ETTh2,DLinear,42,114,0.22920339,0.0,0.00335228,0.47885306,False
ETTh2,DLinear,42,115,0.23571478,0.0,0.00278706,0.39811424,False
ETTh2,DLinear,42,116,0.23044493,0.00526986,0.00488258,0.69744709,False
ETTh2,DLinear,42,117,0.24173831,0.0,0.00488258,0.69744709,False
ETTh2,DLinear,42,118,0.22259527,0.01914304,0.00488258,0.69744709,False
ETTh2,DLinear,42,119,0.23437743,0.0,0.00510077,0.72861432,False
ETTh2,DLinear,42,120,0.23937021,0.0,0.00510077,0.72861432,False
ETTh2,DLinear,42,121,0.2330094,0.00636081,0.00178107,0.2544154,False
ETTh2,DLinear,42,122,0.23587207,0.0,0.00178107,0.2544154,False
ETTh2,DLinear,42,123,0.23332752,0.00254455,0.00178107,0.2544154,False
ETTh2,DLinear,42,124,0.23488001,0.0,0.00050891,0.07269474,False
ETTh2,DLinear,42,125,0.23951026,0.0,0.00075027,0.10717219,False
ETTh2,DLinear,42,126,0.23965717,0.0,0.00024136,0.03447746,True
ETTh2,DLinear,42,127,0.23845035,0.00120682,0.00208945,0.29846573,False
ETTh2,DLinear,42,128,0.23983732,0.0,0.00208945,0.29846573,False
ETTh2,DLinear,42,129,0.23059688,0.00924044,0.00208945,0.29846573,False
ETTh2,DLinear,42,130,0.23715495,0.0,0.00184809,0.26398827,False
ETTh2,DLinear,42,131,0.23764964,0.0,0.00184809,0.26398827,False
ETTh2,DLinear,42,132,0.23799659,0.0,0.0,0.0,False
ETTh2,DLinear,42,133,0.24090235,0.0,0.002137,0.305257,False
ETTh2,DLinear,42,134,0.24415428,0.0,0.002137,0.305257,False
ETTh2,DLinear,42,135,0.2334693,0.01068498,0.002137,0.305257,False
ETTh2,DLinear,42,136,0.23741555,0.0,0.00540046,0.7714233,False
ETTh2,DLinear,42,137,0.24857397,0.0,0.00540046,0.7714233,False
ETTh2,DLinear,42,138,0.23225664,0.01631732,0.00326346,0.46616631,False
ETTh2,DLinear,42,139,0.23366574,0.0,0.00736903,1.05262116,False
ETTh2,DLinear,42,140,0.24529762,0.0,0.00736903,1.05262116,False
ETTh2,DLinear,42,141,0.22476981,0.02052781,0.00530768,0.75816981,False
ETTh2,DLinear,42,142,0.24188743,0.0,0.00614613,0.8779372,False
ETTh2,DLinear,42,143,0.23587685,0.00601058,0.00614613,0.8779372,False
ETTh2,DLinear,42,144,0.23168461,0.00419224,0.00312014,0.44569317,False
ETTh2,DLinear,42,145,0.24023231,0.0,0.00312014,0.44569317,False
ETTh2,DLinear,42,146,0.23483444,0.00539788,0.00312851,0.44688844,False
ETTh2,DLinear,42,147,0.23662536,0.0,0.00299777,0.42821373,False
ETTh2,DLinear,42,148,0.23057294,0.00605241,0.00299777,0.42821373,False
ETTh2,DLinear,42,149,0.22703437,0.00353857,0.0019182,0.2740029,False
ETTh2,DLinear,42,150,0.23222033,0.0,0.0019182,0.2740029,False
ETTh2,DLinear,42,151,0.2331065,0.0,0.00090377,0.12909824,False
ETTh2,DLinear,42,152,0.23987692,0.0,0.00019606,0.02800557,False
ETTh2,DLinear,42,153,0.23889664,0.00098029,0.00019606,0.02800557,False
ETTh2,DLinear,42,154,0.23995868,0.0,0.00366287,0.52321903,False
ETTh2,DLinear,42,155,0.24860056,0.0,0.00428014,0.61139167,False
ETTh2,DLinear,42,156,0.23126649,0.01733407,0.00408408,0.5833861,False
ETTh2,DLinear,42,157,0.22818016,0.00308633,0.00458359,0.65473887,False
ETTh2,DLinear,42,158,0.23899889,0.0,0.00458359,0.65473887,False
ETTh2,DLinear,42,159,0.23650131,0.00249758,0.00111678,0.1595254,False
ETTh2,DLinear,42,160,0.23738339,0.0,0.00127034,0.1814605,False
ETTh2,DLinear,42,161,0.25033333,0.0,0.00152056,0.21720356,False
ETTh2,DLinear,42,162,0.24647921,0.00385413,0.00445491,0.63635754,False
ETTh2,DLinear,42,163,0.24522809,0.00125112,0.00445491,0.63635754,False
ETTh2,DLinear,42,164,0.22805877,0.01716932,0.00536107,0.76579649,False
ETTh2,DLinear,42,165,0.23033978,0.0,0.00459024,0.65568877,False
ETTh2,DLinear,42,166,0.225809,0.00453078,0.00434002,0.6199457,False
ETTh2,DLinear,42,167,0.22995306,0.0,0.00090616,0.12943895,False
ETTh2,DLinear,42,168,0.24157645,0.0,0.0035178,0.50249669,False
ETTh2,DLinear,42,169,0.24454703,0.0,0.00261164,0.37305773,False
ETTh2,DLinear,42,170,0.23148881,0.01305822,0.00261164,0.37305773,False
ETTh2,DLinear,42,171,0.23320498,0.0,0.00261732,0.37386779,False
ETTh2,DLinear,42,172,0.2354619,0.0,0.00261732,0.37386779,False
ETTh2,DLinear,42,173,0.23543354,2.835e-05,0.00146301,0.20898212,False
ETTh2,DLinear,42,174,0.24414811,0.0,0.00195537,0.27931241,False
ETTh2,DLinear,42,175,0.23686142,0.00728669,0.00195537,0.27931241,False
ETTh2,DLinear,42,176,0.23439963,0.00246179,0.00463054,0.66144506,False
ETTh2,DLinear,42,177,0.24572963,0.0,0.00463054,0.66144506,False
ETTh2,DLinear,42,178,0.2323254,0.01340423,0.00500109,0.71437585,False
ETTh2,DLinear,42,179,0.24502707,0.0,0.00636063,0.90857791,False
ETTh2,DLinear,42,180,0.23588763,0.00913944,0.00670148,0.95726626,False
ETTh2,DLinear,42,181,0.22662815,0.00925948,0.00402063,0.57432355,False
ETTh2,DLinear,42,182,0.2249239,0.00170425,0.00402063,0.57432355,False
ETTh2,DLinear,42,183,0.23622545,0.0,0.00219275,0.3132207,False
ETTh2,DLinear,42,184,0.23759896,0.0,0.00225995,0.3228207,False
ETTh2,DLinear,42,185,0.23820858,0.0,0.0019191,0.27413235,False
ETTh2,DLinear,42,186,0.22861306,0.00959552,0.0019191,0.27413235,False
ETTh2,DLinear,42,187,0.23770124,0.0,0.0031132,0.4447017,False
ETTh2,DLinear,42,188,0.23779351,0.0,0.0031132,0.4447017,False
ETTh2,DLinear,42,189,0.23182304,0.00597048,0.0011941,0.17056935,False
ETTh2,DLinear,42,190,0.23565301,0.0,0.00243939,0.3484517,False
ETTh2,DLinear,42,191,0.23642763,0.0,0.00243939,0.3484517,False
ETTh2,DLinear,42,192,0.23020118,0.00622646,0.00216834,0.309735,False
ETTh2,DLinear,42,193,0.24179945,0.0,0.00216834,0.309735,False
ETTh2,DLinear,42,194,0.23718418,0.00461527,0.00361767,0.51676267,False
ETTh2,DLinear,42,195,0.24619706,0.0,0.00362522,0.51784038,False
ETTh2,DLinear,42,196,0.23895042,0.00724664,0.00362522,0.51784038,False
ETTh2,DLinear,42,197,0.23268624,0.00626418,0.00331824,0.47399046,False
ETTh2,DLinear,42,198,0.25683935,0.0,0.00756463,1.08056173,False
ETTh2,DLinear,42,199,0.25375897,0.00308038,0.00713371,1.01900708,False
ETTh2,DLinear,42,200,0.23252702,0.02123195,0.00588087,0.84004701,False
ETTh2,DLinear,42,201,0.227435,0.00509202,0.00741499,1.05918667,False
ETTh2,DLinear,42,202,0.2338004,0.0,0.00679891,0.97118394,False
ETTh2,DLinear,42,203,0.2261298,0.00767059,0.00329401,0.47052935,False
ETTh2,DLinear,42,204,0.23147559,0.0,0.0022756,0.32505634,False
ETTh2,DLinear,42,205,0.22776817,0.00370743,0.00293028,0.41857343,False
ETTh2,DLinear,42,206,0.2320244,0.0,0.00139616,0.19943377,False
ETTh2,DLinear,42,207,0.228751,0.0032734,0.00259383,0.37051324,False
ETTh2,DLinear,42,208,0.23859985,0.0,0.00295589,0.42223048,False
ETTh2,DLinear,42,209,0.23261152,0.00598833,0.00295589,0.42223048,False
ETTh2,DLinear,42,210,0.22709382,0.0055177,0.00230121,0.32871339,False
ETTh2,DLinear,42,211,0.23251711,0.0,0.00230121,0.32871339,False
ETTh2,DLinear,42,212,0.23874073,0.0,0.00324603,0.46367607,False
ETTh2,DLinear,42,213,0.24061235,0.0,0.00214249,0.30604215,False
ETTh2,DLinear,42,214,0.22989989,0.01071246,0.00347641,0.49658432,False
ETTh2,DLinear,42,215,0.23751118,0.0,0.00347641,0.49658432,False
ETTh2,DLinear,42,216,0.23084159,0.00666959,0.00619327,0.88467212,False
ETTh2,DLinear,42,217,0.23847929,0.0,0.00405078,0.57862997,False
ETTh2,DLinear,42,218,0.22489497,0.01358432,0.00506769,0.7238889,False
ETTh2,DLinear,42,219,0.24328949,0.0,0.00478964,0.68417152,False
ETTh2,DLinear,42,220,0.23820496,0.00508453,0.00478964,0.68417152,False
ETTh2,DLinear,42,221,0.2329256,0.00527935,0.0022377,0.31964204,False
ETTh2,DLinear,42,222,0.23611676,0.0,0.0022377,0.31964204,False
ETTh2,DLinear,42,223,0.23529214,0.00082462,0.00217729,0.31101303,False
ETTh2,DLinear,42,224,0.24068189,0.0,0.0014545,0.20776714,False
ETTh2,DLinear,42,225,0.2358994,0.00478249,0.0014545,0.20776714,False
ETTh2,DLinear,42,226,0.23423399,0.00166541,0.00259815,0.37113074,False
ETTh2,DLinear,42,227,0.23528831,0.0,0.00259815,0.37113074,False
ETTh2,DLinear,42,228,0.22874544,0.00654287,0.00164166,0.23450082,False
ETTh2,DLinear,42,229,0.23233846,0.0,0.00410458,0.5863148,False
ETTh2,DLinear,42,230,0.24649313,0.0,0.00410458,0.5863148,False
ETTh2,DLinear,42,231,0.2325131,0.01398004,0.00440626,0.62940774,False
ETTh2,DLinear,42,232,0.24611949,0.0,0.00563187,0.80447902,False
ETTh2,DLinear,42,233,0.23806823,0.00805126,0.00563187,0.80447902,False
ETTh2,DLinear,42,234,0.23194017,0.00612806,0.00287704,0.41096755,False
ETTh2,DLinear,42,235,0.23295508,0.0,0.00287704,0.41096755,False
ETTh2,DLinear,42,236,0.23274921,0.00020587,0.00126679,0.18095269,False
ETTh2,DLinear,42,237,0.23352743,0.0,0.0012178,0.17395506,False
ETTh2,DLinear,42,238,0.23613363,0.0,0.0012178,0.17395506,False
ETTh2,DLinear,42,239,0.23025051,0.00588312,0.00117662,0.16807364,False
ETTh2,DLinear,42,240,0.23332653,0.0,0.00229558,0.32790917,False
ETTh2,DLinear,42,241,0.24520807,0.0,0.00282241,0.40316459,False
ETTh2,DLinear,42,242,0.23961332,0.00559476,0.00164579,0.23509094,False
ETTh2,DLinear,42,243,0.23697913,0.00263418,0.00174289,0.24896128,False
ETTh2,DLinear,42,244,0.24134247,0.0,0.00311812,0.44540409,False
ETTh2,DLinear,42,245,0.24085696,0.00048551,0.00199916,0.28556856,False
ETTh2,DLinear,42,246,0.23398083,0.00687613,0.00287378,0.41050286,False
ETTh2,DLinear,42,247,0.23744639,0.0,0.00287378,0.41050286,False
ETTh2,DLinear,42,248,0.2304391,0.00700728,0.0063749,0.91061671,False
ETTh2,DLinear,42,249,0.24880782,0.0,0.00499968,0.71417391,False
ETTh2,DLinear,42,250,0.23081672,0.0179911,0.00499968,0.71417391,False
ETTh2,DLinear,42,251,0.23588588,0.0,0.00577306,0.82464763,False
ETTh2,DLinear,42,252,0.24546158,0.0,0.00577306,0.82464763,False
ETTh2,DLinear,42,253,0.23458736,0.01087422,0.00217484,0.31066343,False
ETTh2,DLinear,42,254,0.2346835,0.0,0.00268026,0.38285863,False
ETTh2,DLinear,42,255,0.23815786,0.0,0.00268026,0.38285863,False
ETTh2,DLinear,42,256,0.2356308,0.00252706,0.00328038,0.4685826,False
ETTh2,DLinear,42,257,0.23873534,0.0,0.00328038,0.4685826,False
ETTh2,DLinear,42,258,0.2248605,0.01387484,0.00328038,0.4685826,False
ETTh2,DLinear,42,259,0.24262096,0.0,0.00440887,0.62978082,False
ETTh2,DLinear,42,260,0.24597374,0.0,0.00659654,0.94227547,False
ETTh2,DLinear,42,261,0.23780422,0.00816952,0.00382157,0.54588807,False
ETTh2,DLinear,42,262,0.2268659,0.01093832,0.00382157,0.54588807,False
ETTh2,DLinear,42,263,0.22694476,0.0,0.00423667,0.60518289,False
ETTh2,DLinear,42,264,0.23051736,0.0,0.00260277,0.37178947,False
ETTh2,DLinear,42,265,0.22844185,0.00207551,0.0004151,0.05929483,False
ETTh2,DLinear,42,266,0.22988013,0.0,0.0004151,0.05929483,False
ETTh2,DLinear,42,267,0.23630082,0.0,0.00238736,0.3410198,False
ETTh2,DLinear,42,268,0.23879862,0.0,0.00197226,0.28172497,False
ETTh2,DLinear,42,269,0.22893734,0.00986128,0.00225512,0.32213048,False
ETTh2,DLinear,42,270,0.23836108,0.0,0.00225512,0.32213048,False
ETTh2,DLinear,42,271,0.23694675,0.00141432,0.00277153,0.39589622,False
ETTh2,DLinear,42,272,0.23809309,0.0,0.00216491,0.30924389,False
ETTh2,DLinear,42,273,0.23551105,0.00258204,0.00216491,0.30924389,False
ETTh2,DLinear,42,274,0.22868288,0.00682817,0.00564236,0.80597735,False
ETTh2,DLinear,42,275,0.24861832,0.0,0.00564236,0.80597735,False
ETTh2,DLinear,42,276,0.22981673,0.01880159,0.00661621,0.94508545,False
ETTh2,DLinear,42,277,0.23674473,0.0,0.00525057,0.75001281,False
ETTh2,DLinear,42,278,0.22929346,0.00745127,0.00525057,0.75001281,False
ETTh2,DLinear,42,279,0.23259867,0.0,0.00188384,0.26909511,False
ETTh2,DLinear,42,280,0.23898778,0.0,0.00211485,0.30209426,False
ETTh2,DLinear,42,281,0.23701986,0.00196793,0.00225448,0.32203888,False
ETTh2,DLinear,42,282,0.23586478,0.00115508,0.00225448,0.32203888,False
ETTh2,DLinear,42,283,0.22771539,0.0081494,0.00225448,0.32203888,False
ETTh2,DLinear,42,284,0.22927073,0.0,0.0047436,0.67759408,False
ETTh2,DLinear,42,285,0.25241309,0.0,0.00649719,0.9280847,False
ETTh2,DLinear,42,286,0.23799959,0.0144135,0.00486731,0.69526624,False
ETTh2,DLinear,42,287,0.22807653,0.00992306,0.00486731,0.69526624,False
ETTh2,DLinear,42,288,0.23029199,0.0,0.00486731,0.69526624,False
ETTh2,DLinear,42,289,0.23470841,0.0,0.00246841,0.35259745,False
ETTh2,DLinear,42,290,0.24418213,0.0,0.00277137,0.39587327,False
ETTh2,DLinear,42,291,0.24176314,0.00241899,0.00277137,0.39587327,False
ETTh2,DLinear,42,292,0.23032529,0.01143785,0.00277137,0.39587327,False
ETTh2,DLinear,42,293,0.23553118,0.0,0.00402787,0.57535689,False
ETTh2,DLinear,42,294,0.23845777,0.0,0.0037782,0.53969368,False
ETTh2,DLinear,42,295,0.23217526,0.0062825,0.00149063,0.2129281,False
ETTh2,DLinear,42,296,0.2310046,0.00117066,0.00149063,0.2129281,False
ETTh2,DLinear,42,297,0.23184131,0.0,0.00149063,0.2129281,False
ETTh2,DLinear,42,298,0.237142,0.0,0.00248648,0.35517849,False
ETTh2,DLinear,42,299,0.24457941,0.0,0.00281543,0.40216752,False
ETTh2,DLinear,42,300,0.23331768,0.01126173,0.00375391,0.53622336,False
ETTh2,MLP,42,2,0.27608258,0.01673873,0.01149973,1.03866979,False
ETTh2,MLP,42,3,0.28498679,0.0,0.01224585,1.10606015,False
ETTh2,MLP,42,4,0.26722631,0.01776048,0.00979668,0.88484812,False
ETTh2,MLP,42,5,0.2527421,0.01448421,0.01075082,0.97102696,False
ETTh2,MLP,42,6,0.27658011,0.0,0.0110649,0.99939497,False
ETTh2,MLP,42,7,0.2550707,0.02150941,0.0075128,0.67856548,False
ETTh2,MLP,42,8,0.2535003,0.0015704,0.00461596,0.41691924,False
ETTh2,MLP,42,9,0.25753171,0.0,0.00863169,0.7796245,False
ETTh2,MLP,42,10,0.26621728,0.0,0.00432981,0.39107327,False
ETTh2,MLP,42,11,0.24613865,0.02007863,0.00401573,0.36270526,False
ETTh2,MLP,42,12,0.25079835,0.0,0.00620898,0.56080236,False
ETTh2,MLP,42,13,0.25669538,0.0,0.00620898,0.56080236,False
ETTh2,MLP,42,14,0.24572912,0.01096626,0.00219325,0.1980971,False
ETTh2,MLP,42,15,0.25609788,0.0,0.00709329,0.64067446,False
ETTh2,MLP,42,16,0.25893554,0.0,0.00709329,0.64067446,False
ETTh2,MLP,42,17,0.23443535,0.02450019,0.00490004,0.44257736,False
ETTh2,MLP,42,18,0.23535878,0.0,0.0093362,0.84325646,False
ETTh2,MLP,42,19,0.26387092,0.0,0.0093362,0.84325646,False
ETTh2,MLP,42,20,0.24169013,0.02218079,0.00443616,0.40067909,False
ETTh2,MLP,42,21,0.24861893,0.0,0.00528459,0.47731044,False
ETTh2,MLP,42,22,0.24997323,0.0,0.00528459,0.47731044,False
ETTh2,MLP,42,23,0.24573108,0.00424216,0.00084843,0.07663135,False
ETTh2,MLP,42,24,0.24602547,0.0,0.00634373,0.5729732,False
ETTh2,MLP,42,25,0.26332725,0.0,0.00634373,0.5729732,False
ETTh2,MLP,42,26,0.23585076,0.02747649,0.00771763,0.69706575,False
ETTh2,MLP,42,27,0.25715491,0.0,0.00771763,0.69706575,False
ETTh2,MLP,42,28,0.24604324,0.01111167,0.01083968,0.9790531,False
ETTh2,MLP,42,29,0.24818237,0.0,0.00534438,0.48271125,False
ETTh2,MLP,42,30,0.23257212,0.01561025,0.00897423,0.81056302,False
ETTh2,MLP,42,31,0.25764306,0.0,0.00699791,0.63205978,False
ETTh2,MLP,42,32,0.23949385,0.01814921,0.00699791,0.63205978,False
ETTh2,MLP,42,33,0.23826376,0.00123009,0.00599942,0.54187517,False
ETTh2,MLP,42,34,0.25199953,0.0,0.00599942,0.54187517,False
ETTh2,MLP,42,35,0.24138172,0.01061781,0.00347924,0.31424919,False
ETTh2,MLP,42,36,0.24317147,0.0,0.0040923,0.36962114,False
ETTh2,MLP,42,37,0.23762318,0.0055483,0.0040923,0.36962114,False
ETTh2,MLP,42,38,0.2333278,0.00429537,0.00498298,0.45006882,False
ETTh2,MLP,42,39,0.25015176,0.0,0.00498298,0.45006882,False
ETTh2,MLP,42,40,0.23508053,0.01507124,0.00387332,0.34984303,False
ETTh2,MLP,42,41,0.24302359,0.0,0.00364203,0.3289526,False
ETTh2,MLP,42,42,0.24336211,0.0,0.00364203,0.3289526,False
ETTh2,MLP,42,43,0.24022319,0.00313892,0.00189519,0.17117587,False
ETTh2,MLP,42,44,0.25532701,0.0,0.00318115,0.28732558,False
ETTh2,MLP,42,45,0.24898998,0.00633703,0.00318115,0.28732558,False
ETTh2,MLP,42,46,0.24256017,0.00642981,0.00354128,0.31985282,False
ETTh2,MLP,42,47,0.24472773,0.0,0.00448527,0.40511469,False
ETTh2,MLP,42,48,0.23978817,0.00493956,0.00321786,0.29064099,False
ETTh2,MLP,42,49,0.23506824,0.00471993,0.00664585,0.60026133,False
ETTh2,MLP,42,50,0.25236552,0.0,0.00664585,0.60026133,False
ETTh2,MLP,42,51,0.22879575,0.02356977,0.00565794,0.51103191,False
ETTh2,MLP,42,52,0.25249137,0.0,0.01038138,0.93765914,False
ETTh2,MLP,42,53,0.25843255,0.0,0.01038138,0.93765914,False
ETTh2,MLP,42,54,0.23009539,0.02833715,0.00566743,0.5118891,False
ETTh2,MLP,42,55,0.23883203,0.0,0.00923595,0.83420197,False
ETTh2,MLP,42,56,0.24799166,0.0,0.00923595,0.83420197,False
ETTh2,MLP,42,57,0.23014907,0.01784259,0.00356852,0.32231286,False
ETTh2,MLP,42,58,0.23445235,0.0,0.00356852,0.32231286,False
ETTh2,MLP,42,59,0.24352613,0.0,0.00712441,0.64348484,False
ETTh2,MLP,42,60,0.25492062,0.0,0.00355589,0.32117198,False
ETTh2,MLP,42,61,0.23714119,0.01777943,0.00629936,0.56896607,False
ETTh2,MLP,42,62,0.26097523,0.0,0.00629936,0.56896607,False
ETTh2,MLP,42,63,0.24725785,0.01371738,0.01089758,0.9842823,False
ETTh2,MLP,42,64,0.26012758,0.0,0.00835882,0.75497834,False
ETTh2,MLP,42,65,0.23713651,0.02299107,0.00835882,0.75497834,False
ETTh2,MLP,42,66,0.23205088,0.00508563,0.00886414,0.80061954,False
ETTh2,MLP,42,67,0.25482784,0.0,0.00886414,0.80061954,False
ETTh2,MLP,42,68,0.23858385,0.01624399,0.00560033,0.50582845,False
ETTh2,MLP,42,69,0.25119062,0.0,0.0045832,0.41396044,False
ETTh2,MLP,42,70,0.24451859,0.00667203,0.00799866,0.72244885,False
ETTh2,MLP,42,71,0.2691633,0.0,0.00534797,0.48303484,False
ETTh2,MLP,42,72,0.252086,0.0170773,0.00865465,0.78169866,False
ETTh2,MLP,42,73,0.24909549,0.00299051,0.00732025,0.66117352,False
ETTh2,MLP,42,74,0.23256206,0.01653343,0.00732025,0.66117352,False
ETTh2,MLP,42,75,0.23855005,0.0,0.00605733,0.54710576,False
ETTh2,MLP,42,76,0.23977204,0.0,0.00545923,0.49308448,False
ETTh2,MLP,42,77,0.2290093,0.01076274,0.00215255,0.19442066,False
ETTh2,MLP,42,78,0.25289383,0.0,0.01193906,1.07835053,False
ETTh2,MLP,42,79,0.28009269,0.0,0.01193906,1.07835053,False
ETTh2,MLP,42,80,0.23116011,0.04893258,0.01175329,1.06157099,False
ETTh2,MLP,42,81,0.25555239,0.0,0.01175329,1.06157099,False
ETTh2,MLP,42,82,0.24571853,0.00983386,0.02119514,1.91437085,False
ETTh2,MLP,42,83,0.2754332,0.0,0.01140863,1.03044098,False
ETTh2,MLP,42,84,0.22822391,0.04720929,0.01140863,1.03044098,False
ETTh2,MLP,42,85,0.22937362,0.0,0.00944186,0.85279986,False
ETTh2,MLP,42,86,0.24496571,0.0,0.01627736,1.47019052,False
ETTh2,MLP,42,87,0.27188138,0.0,0.0068355,0.61739066,False
ETTh2,MLP,42,88,0.23770387,0.03417751,0.00783178,0.70737536,False
ETTh2,MLP,42,89,0.24259509,0.0,0.00783178,0.70737536,False
ETTh2,MLP,42,90,0.23761372,0.00498137,0.01109212,1.00185336,False
ETTh2,MLP,42,91,0.24950439,0.0,0.00425662,0.38446271,False
ETTh2,MLP,42,92,0.23320268,0.01630171,0.00655002,0.59160607,False
ETTh2,MLP,42,93,0.24051709,0.0,0.00555375,0.50162137,False
ETTh2,MLP,42,94,0.22905005,0.01146704,0.00740674,0.66898604,False
ETTh2,MLP,42,95,0.24165748,0.0,0.0041464,0.37450805,False
ETTh2,MLP,42,96,0.23239251,0.00926497,0.02050943,1.85243637,False
ETTh2,MLP,42,97,0.33568645,0.0,0.0218576,1.97420471,False
ETTh2,MLP,42,98,0.25387131,0.08181514,0.0218576,1.97420471,False
ETTh2,MLP,42,99,0.23566342,0.01820789,0.02008943,1.81450137,False
ETTh2,MLP,42,100,0.23996569,0.0,0.02167152,1.95739727,False
ETTh2,MLP,42,101,0.23954158,0.00042412,0.00530849,0.47946894,False
ETTh2,MLP,42,102,0.23163115,0.00791043,0.00279121,0.25210525,False
ETTh2,MLP,42,103,0.23431259,0.0,0.00279121,0.25210525,False
ETTh2,MLP,42,104,0.2286911,0.00562149,0.00373847,0.3376631,False
ETTh2,MLP,42,105,0.23704041,0.0,0.00215638,0.1947672,False
ETTh2,MLP,42,106,0.23187998,0.00516043,0.00215638,0.1947672,False
ETTh2,MLP,42,107,0.26469644,0.0,0.006536,0.59033936,False
ETTh2,MLP,42,108,0.28132763,0.0,0.01175732,1.06193538,False
ETTh2,MLP,42,109,0.25380805,0.02751957,0.01072524,0.96871619,False
ETTh2,MLP,42,110,0.22770145,0.02610661,0.01072524,0.96871619,False
ETTh2,MLP,42,111,0.23798321,0.0,0.01133761,1.02402662,False
ETTh2,MLP,42,112,0.25301582,0.0,0.0058337,0.52690644,False
ETTh2,MLP,42,113,0.24995394,0.00306187,0.00546855,0.49392588,False
ETTh2,MLP,42,114,0.25801063,0.0,0.00546855,0.49392588,False
ETTh2,MLP,42,115,0.23372976,0.02428087,0.00589044,0.53203198,False
ETTh2,MLP,42,116,0.27089607,0.0,0.01104684,0.99776355,False
ETTh2,MLP,42,117,0.26878659,0.00210948,0.01104684,0.99776355,False
ETTh2,MLP,42,118,0.23994276,0.02884384,0.01174665,1.06097123,False
ETTh2,MLP,42,119,0.25502683,0.0,0.01174665,1.06097123,False
ETTh2,MLP,42,120,0.22724691,0.02777992,0.01132475,1.02286513,False
ETTh2,MLP,42,121,0.23741506,0.0,0.00990578,0.89470196,False
ETTh2,MLP,42,122,0.25348826,0.0,0.01000425,0.90359626,False
ETTh2,MLP,42,123,0.23173928,0.02174898,0.00444827,0.40177313,False
ETTh2,MLP,42,124,0.23124691,0.00049237,0.00456338,0.41217039,False
ETTh2,MLP,42,125,0.23464607,0.0,0.00504046,0.45526061,False
ETTh2,MLP,42,126,0.2340705,0.00057557,0.00069067,0.06238178,False
ETTh2,MLP,42,127,0.23168511,0.00238539,0.00059219,0.05348748,False
ETTh2,MLP,42,128,0.23489837,0.0,0.00194602,0.17576698,False
ETTh2,MLP,42,129,0.23683634,0.0,0.00183091,0.16536971,False
ETTh2,MLP,42,130,0.23006719,0.00676915,0.001857,0.1677262,False
ETTh2,MLP,42,131,0.24059381,0.0,0.001857,0.1677262,False
ETTh2,MLP,42,132,0.23807798,0.00251584,0.001857,0.1677262,False
ETTh2,MLP,42,133,0.24904778,0.0,0.0139141,1.25673844,False
ETTh2,MLP,42,134,0.2967293,0.0,0.0139141,1.25673844,False
ETTh2,MLP,42,135,0.22967462,0.06705468,0.01341094,1.21129174,False
ETTh2,MLP,42,136,0.23506236,0.0,0.01589513,1.43566694,False
ETTh2,MLP,42,137,0.25364502,0.0,0.01660478,1.49976346,False
ETTh2,MLP,42,138,0.24122406,0.01242096,0.00435584,0.39342491,False
ETTh2,MLP,42,139,0.2376758,0.00354825,0.00435584,0.39342491,False
ETTh2,MLP,42,140,0.2318658,0.00581,0.00777303,0.70206954,False
ETTh2,MLP,42,141,0.25471001,0.0,0.005757,0.51997879,False
ETTh2,MLP,42,142,0.23762406,0.01708595,0.00516006,0.46606267,False
ETTh2,MLP,42,143,0.23528328,0.00234078,0.00466952,0.42175701,False
ETTh2,MLP,42,144,0.23471971,0.00056357,0.00466952,0.42175701,False
ETTh2,MLP,42,145,0.23136239,0.00335733,0.00125233,0.11311238,False
ETTh2,MLP,42,146,0.23381656,0.0,0.00078418,0.07082794,False
ETTh2,MLP,42,147,0.23634435,0.0,0.00067147,0.06064753,False
ETTh2,MLP,42,148,0.23904501,0.0,0.06823347,6.16292904,False
ETTh2,MLP,42,149,0.57365556,0.0,0.06823347,6.16292904,False
ETTh2,MLP,42,150,0.2324882,0.34116736,0.07048581,6.36636334,False
ETTh2,MLP,42,151,0.24601149,0.0,0.07048581,6.36636334,False
ETTh2,MLP,42,152,0.23474977,0.01126171,0.07048581,6.36636334,False
ETTh2,MLP,42,153,0.23753564,0.0,0.00887087,0.80122753,False
ETTh2,MLP,42,154,0.26070751,0.0,0.00887087,0.80122753,False
ETTh2,MLP,42,155,0.22761488,0.03309263,0.00661853,0.59779323,False
ETTh2,MLP,42,156,0.23991414,0.0,0.00697461,0.62995538,False
ETTh2,MLP,42,157,0.24516691,0.0,0.00697461,0.62995538,False
ETTh2,MLP,42,158,0.24338648,0.00178043,0.00174824,0.15790284,False
ETTh2,MLP,42,159,0.24411704,0.0,0.00265167,0.23950215,False
ETTh2,MLP,42,160,0.23715629,0.00696075,0.00265167,0.23950215,False
ETTh2,MLP,42,161,0.23263912,0.00451717,0.00229559,0.20734,False
ETTh2,MLP,42,162,0.24471413,0.0,0.00229559,0.20734,False
ETTh2,MLP,42,163,0.25958339,0.0,0.00739045,0.66751433,False
ETTh2,MLP,42,164,0.2625635,0.0,0.00648702,0.58591502,False
ETTh2,MLP,42,165,0.23012842,0.03243508,0.00648702,0.58591502,False
ETTh2,MLP,42,166,0.23285748,0.0,0.00648702,0.58591502,False
ETTh2,MLP,42,167,0.23305047,0.0,0.00813527,0.73478699,False
ETTh2,MLP,42,168,0.24919568,0.0,0.00224664,0.20291948,False
ETTh2,MLP,42,169,0.24095442,0.00824125,0.00224664,0.20291948,False
ETTh2,MLP,42,170,0.23796246,0.00299196,0.00224664,0.20291948,False
ETTh2,MLP,42,171,0.24207607,0.0,0.00224664,0.20291948,False
ETTh2,MLP,42,172,0.24346152,0.0,0.00059839,0.0540475,False
ETTh2,MLP,42,173,0.24464209,0.0,0.00896772,0.80997495,False
ETTh2,MLP,42,174,0.27988924,0.0,0.00896772,0.80997495,False
ETTh2,MLP,42,175,0.23505066,0.04483858,0.01096242,0.9901392,False
ETTh2,MLP,42,176,0.24118133,0.0,0.01096242,0.9901392,False
ETTh2,MLP,42,177,0.2312078,0.00997353,0.01096242,0.9901392,False
ETTh2,MLP,42,178,0.23450134,0.0,0.00475971,0.4299024,False
ETTh2,MLP,42,179,0.25487616,0.0,0.00475971,0.4299024,False
ETTh2,MLP,42,180,0.24105116,0.013825,0.002765,0.24973814,False
ETTh2,MLP,42,181,0.24191115,0.0,0.00971015,0.87703271,False
ETTh2,MLP,42,182,0.28554621,0.0,0.01173165,1.05961659,False
ETTh2,MLP,42,183,0.25082044,0.03472577,0.01142805,1.03219551,False
ETTh2,MLP,42,184,0.24071296,0.01010748,0.01142805,1.03219551,False
ETTh2,MLP,42,185,0.22840594,0.01230703,0.01471081,1.32869809,False
ETTh2,MLP,42,186,0.25013202,0.0,0.00776566,0.70140352,False
ETTh2,MLP,42,187,0.23371823,0.01641379,0.00885126,0.79945674,False
ETTh2,MLP,42,188,0.24555109,0.0,0.00638986,0.57713968,False
ETTh2,MLP,42,189,0.23001559,0.01553551,0.00959476,0.86661021,False
ETTh2,MLP,42,190,0.24809175,0.0,0.006312,0.57010763,False
ETTh2,MLP,42,191,0.23206724,0.01602451,0.006312,0.57010763,False
ETTh2,MLP,42,192,0.23252625,0.0,0.0032049,0.28947053,False
ETTh2,MLP,42,193,0.23654861,0.0,0.03983364,3.59782185,False
ETTh2,MLP,42,194,0.42155488,0.0,0.03662874,3.30835131,False
ETTh2,MLP,42,195,0.2384112,0.18314368,0.03662874,3.30835131,False
ETTh2,MLP,42,196,0.23916743,0.0,0.03859811,3.48622768,False
ETTh2,MLP,42,197,0.24422147,0.0,0.03980499,3.59523474,False
ETTh2,MLP,42,198,0.23437459,0.00984688,0.00317626,0.28688343,False
ETTh2,MLP,42,199,0.22834018,0.00603441,0.00317626,0.28688343,False
ETTh2,MLP,42,200,0.2318058,0.0,0.00654613,0.59125404,False
ETTh2,MLP,42,201,0.25207326,0.0,0.00457675,0.41337768,False
ETTh2,MLP,42,202,0.23522392,0.01684934,0.00336987,0.30437061,False
ETTh2,MLP,42,203,0.23609152,0.0,0.00754865,0.68180296,False
ETTh2,MLP,42,204,0.25172338,0.0,0.00754865,0.68180296,False
ETTh2,MLP,42,205,0.23082948,0.0208939,0.00637556,0.57584833,False
ETTh2,MLP,42,206,0.24250014,0.0,0.00650207,0.58727497,False
ETTh2,MLP,42,207,0.23151623,0.01098391,0.00650207,0.58727497,False
ETTh2,MLP,42,208,0.23088368,0.00063256,0.00731549,0.66074399,False
ETTh2,MLP,42,209,0.25835639,0.0,0.00731549,0.66074399,False
ETTh2,MLP,42,210,0.23339539,0.02496099,0.00597327,0.53951271,False
ETTh2,MLP,42,211,0.23509002,0.0,0.00584676,0.52808607,False
ETTh2,MLP,42,212,0.23081723,0.00427279,0.00602684,0.54435117,False
ETTh2,MLP,42,213,0.24334356,0.0,0.00103464,0.0934498,False
ETTh2,MLP,42,214,0.24244315,0.0009004,0.00103464,0.0934498,False
ETTh2,MLP,42,215,0.29607961,0.0,0.01359044,1.2275046,False
ETTh2,MLP,42,216,0.29830377,0.0,0.01359044,1.2275046,False
ETTh2,MLP,42,217,0.23125199,0.06705178,0.01341036,1.2112395,False
ETTh2,MLP,42,218,0.23189418,0.0,0.01341036,1.2112395,False
ETTh2,MLP,42,219,0.23873509,0.0,0.01341036,1.2112395,False
ETTh2,MLP,42,220,0.24812177,0.0,0.0232351,2.09862189,False
ETTh2,MLP,42,221,0.35469954,0.0,0.0232351,2.09862189,False
ETTh2,MLP,42,222,0.23852406,0.11617549,0.0232351,2.09862189,False
ETTh2,MLP,42,223,0.24294342,0.0,0.02994232,2.70442595,False
ETTh2,MLP,42,224,0.26962583,0.0,0.02994232,2.70442595,False
ETTh2,MLP,42,225,0.23608974,0.03353609,0.00860459,0.77717658,False
ETTh2,MLP,42,226,0.24335404,0.0,0.00860459,0.77717658,False
ETTh2,MLP,42,227,0.2338672,0.00948684,0.00860459,0.77717658,False
ETTh2,MLP,42,228,0.33075194,0.0,0.02063908,1.86414631,False
ETTh2,MLP,42,229,0.33677201,0.0,0.02063908,1.86414631,False
ETTh2,MLP,42,230,0.24306346,0.09370855,0.02453159,2.21572277,False
ETTh2,MLP,42,231,0.27437047,0.0,0.02466353,2.22763958,False
ETTh2,MLP,42,232,0.24542106,0.0289494,0.02466353,2.22763958,False
ETTh2,MLP,42,233,0.24476137,0.00065969,0.0139659,1.26141708,False
ETTh2,MLP,42,234,0.27594786,0.0,0.01431779,1.29320019,False
ETTh2,MLP,42,235,0.23572744,0.04022042,0.00852791,0.7702512,False
ETTh2,MLP,42,236,0.23396799,0.00175945,0.00894786,0.80818142,False
ETTh2,MLP,42,237,0.24238555,0.0,0.01036995,0.93662618,False
ETTh2,MLP,42,238,0.23962612,0.00275943,0.00232586,0.21007489,False
ETTh2,MLP,42,239,0.23251567,0.00711044,0.0037348,0.33733126,False
ETTh2,MLP,42,240,0.24242705,0.0,0.00417305,0.37691463,False
ETTh2,MLP,42,241,0.23362294,0.00880411,0.00362116,0.32706761,False
ETTh2,MLP,42,242,0.23143168,0.00219126,0.00385964,0.34860767,False
ETTh2,MLP,42,243,0.24096932,0.0,0.0043333,0.3913893,False
ETTh2,MLP,42,244,0.23266646,0.00830286,0.00257248,0.23234982,False
ETTh2,MLP,42,245,0.23029815,0.00236831,0.00213423,0.19276645,False
ETTh2,MLP,42,246,0.24342551,0.0,0.00602441,0.54413166,False
ETTh2,MLP,42,247,0.25550593,0.0,0.00436384,0.39414684,False
ETTh2,MLP,42,248,0.23605506,0.01945087,0.00389017,0.35136521,False
ETTh2,MLP,42,249,0.23674947,0.0,0.00613137,0.5537924,False
ETTh2,MLP,42,250,0.24667444,0.0,0.00613137,0.5537924,False
ETTh2,MLP,42,251,0.23546848,0.01120596,0.00336441,0.30387781,False
ETTh2,MLP,42,252,0.24407437,0.0,0.00336441,0.30387781,False
ETTh2,MLP,42,253,0.23845827,0.0056161,0.01132426,1.02282074,False
ETTh2,MLP,42,254,0.27162828,0.0,0.00908307,0.82039355,False
ETTh2,MLP,42,255,0.23182904,0.03979923,0.01024959,0.92575554,False
ETTh2,MLP,42,256,0.235459,0.0,0.00912637,0.82430491,False
ETTh2,MLP,42,257,0.22962637,0.00583263,0.00912637,0.82430491,False
ETTh2,MLP,42,258,0.23427969,0.0,0.00258544,0.23352042,False
ETTh2,MLP,42,259,0.24937784,0.0,0.00258544,0.23352042,False
ETTh2,MLP,42,260,0.24228324,0.00709459,0.00675762,0.61035611,False
ETTh2,MLP,42,261,0.26174033,0.0,0.00675762,0.61035611,False
ETTh2,MLP,42,262,0.23504683,0.02669349,0.02040684,1.84317048,False
ETTh2,MLP,42,263,0.30103254,0.0,0.01898792,1.71501205,False
ETTh2,MLP,42,264,0.23278641,0.06824612,0.01898792,1.71501205,False
ETTh2,MLP,42,265,0.23387242,0.0,0.01589857,1.43597809,False
ETTh2,MLP,42,266,0.25044623,0.0,0.01589857,1.43597809,False
ETTh2,MLP,42,267,0.2391995,0.01124674,0.00224935,0.20316372,False
ETTh2,MLP,42,268,0.2463675,0.0,0.00224935,0.20316372,False
ETTh2,MLP,42,269,0.26083668,0.0,0.01835883,1.65819187,False
ETTh2,MLP,42,270,0.33824723,0.0,0.01851217,1.67204119,False
ETTh2,MLP,42,271,0.2576998,0.08054743,0.01851217,1.67204119,False
ETTh2,MLP,42,272,0.2456864,0.01201341,0.02282358,2.06145354,False
ETTh2,MLP,42,273,0.25390328,0.0,0.02282358,2.06145354,False
ETTh2,MLP,42,274,0.2323462,0.02155708,0.0067141,0.60642539,False
ETTh2,MLP,42,275,0.23844835,0.0,0.00431142,0.38941235,False
ETTh2,MLP,42,276,0.26680086,0.0,0.01053023,0.95110314,False
ETTh2,MLP,42,277,0.27108701,0.0,0.00764096,0.69014079,False
ETTh2,MLP,42,278,0.23999294,0.03109407,0.00810436,0.7319957,False
ETTh2,MLP,42,279,0.23288221,0.00711073,0.00810436,0.7319957,False
ETTh2,MLP,42,280,0.2305652,0.002317,0.00810436,0.7319957,False
ETTh2,MLP,42,281,0.27265701,0.0,0.13413152,12.11491938,False
ETTh2,MLP,42,282,0.90856407,0.0,0.13270937,11.98646938,False
ETTh2,MLP,42,283,0.24733423,0.66122984,0.13287785,12.00168721,False
ETTh2,MLP,42,284,0.25283019,0.0,0.13522566,12.21374366,False
ETTh2,MLP,42,285,0.24967076,0.00315943,0.13594801,12.27898722,False
ETTh2,MLP,42,286,0.23793174,0.01173902,0.00370204,0.33437275,False
ETTh2,MLP,42,287,0.23431999,0.00361175,0.00370204,0.33437275,False
ETTh2,MLP,42,288,0.24058996,0.0,0.00307015,0.27730002,False
ETTh2,MLP,42,289,0.24096388,0.0,0.00324151,0.29277697,False
ETTh2,MLP,42,290,0.26114887,0.0,0.00251916,0.22753341,False
ETTh2,MLP,42,291,0.24855308,0.01259579,0.009495,0.85760013,False
ETTh2,MLP,42,292,0.27153207,0.0,0.01032155,0.93225448,False
ETTh2,MLP,42,293,0.23665284,0.03487923,0.01032155,0.93225448,False
ETTh2,MLP,42,294,0.23252013,0.00413271,0.01058019,0.9556156,False
ETTh2,MLP,42,295,0.25650142,0.0,0.01058019,0.9556156,False
ETTh2,MLP,42,296,0.2426124,0.01388902,0.00848899,0.76673532,False
ETTh2,MLP,42,297,0.26005115,0.0,0.00766244,0.69208097,False
ETTh2,MLP,42,298,0.23562795,0.02442319,0.00866991,0.78307674,False
ETTh2,MLP,42,299,0.23977932,0.0,0.00736513,0.66522777,False
ETTh2,MLP,42,300,0.23474197,0.00503734,0.00982018,0.88697037,False
ETTh2,CNN,42,2,0.32350567,0.0,0.02123798,1.25688121,False
ETTh2,CNN,42,3,0.30167161,0.02183406,0.01592848,0.94266091,False
ETTh2,CNN,42,4,0.25979174,0.04187987,0.01722905,1.01962983,False
ETTh2,CNN,42,5,0.26214321,0.0,0.01722905,1.01962983,False
ETTh2,CNN,42,6,0.23971187,0.02243134,0.01286224,0.76119822,False
ETTh2,CNN,42,7,0.29404054,0.0,0.01581677,0.93604952,False
ETTh2,CNN,42,8,0.29766384,0.0,0.01581677,0.93604952,False
ETTh2,CNN,42,9,0.24101135,0.0566525,0.01314282,0.77780299,False
ETTh2,CNN,42,10,0.26227644,0.0,0.01584448,0.93768928,False
ETTh2,CNN,42,11,0.25321484,0.0090616,0.01584448,0.93768928,False
ETTh2,CNN,42,12,0.23970656,0.01350828,0.00980031,0.57999074,False
ETTh2,CNN,42,13,0.24979638,0.0,0.00980031,0.57999074,False
ETTh2,CNN,42,14,0.22336469,0.02643169,0.00798799,0.47273615,False
ETTh2,CNN,42,15,0.23301617,0.0,0.00528634,0.31284987,False
ETTh2,CNN,42,16,0.24774783,0.0,0.00528634,0.31284987,False
ETTh2,CNN,42,17,0.29309468,0.0,0.01928941,1.14156356,False
ETTh2,CNN,42,18,0.36065875,0.0,0.02261321,1.33826835,False
ETTh2,CNN,42,19,0.26421168,0.09644707,0.02261321,1.33826835,False
ETTh2,CNN,42,20,0.24759272,0.01661896,0.02501997,1.48070284,False
ETTh2,CNN,42,21,0.25741591,0.0,0.02738721,1.62079773,False
ETTh2,CNN,42,22,0.24538207,0.01203384,0.00809779,0.47923417,False
ETTh2,CNN,42,23,0.2335459,0.01183617,0.0099338,0.58789029,False
ETTh2,CNN,42,24,0.2645497,0.0,0.01010797,0.59819834,False
ETTh2,CNN,42,25,0.23875073,0.02579897,0.00770121,0.45576385,False
ETTh2,CNN,42,26,0.23787984,0.00087089,0.00533397,0.31566895,False
ETTh2,CNN,42,27,0.24979409,0.0,0.00533397,0.31566895,False
ETTh2,CNN,42,28,0.25669724,0.0,0.00972637,0.57561469,False
ETTh2,CNN,42,29,0.28104134,0.0,0.00955219,0.56530665,False
ETTh2,CNN,42,30,0.23328039,0.04776096,0.01731302,1.02459894,False
ETTh2,CNN,42,31,0.29276361,0.0,0.02099303,1.24238491,False
ETTh2,CNN,42,32,0.25395947,0.03880414,0.02099303,1.24238491,False
ETTh2,CNN,42,33,0.23555942,0.01840004,0.01491764,0.88283861,False
ETTh2,CNN,42,34,0.26101779,0.0,0.01491764,0.88283861,False
ETTh2,CNN,42,35,0.24363375,0.01738404,0.00715682,0.42354633,False
ETTh2,CNN,42,36,0.24532577,0.0,0.00347681,0.20576035,False
ETTh2,CNN,42,37,0.27497007,0.0,0.01838528,1.08805631,False
ETTh2,CNN,42,38,0.31165412,0.0,0.01490847,0.88229596,False
ETTh2,CNN,42,39,0.23711175,0.07454237,0.01490847,0.88229596,False
ETTh2,CNN,42,40,0.26836147,0.0,0.02180011,1.29014858,False
ETTh2,CNN,42,41,0.27032857,0.0,0.02180011,1.29014858,False
ETTh2,CNN,42,42,0.23587041,0.03445817,0.01062991,0.62908699,False
ETTh2,CNN,42,43,0.30836652,0.0,0.01062991,0.62908699,False
ETTh2,CNN,42,44,0.28967514,0.01869139,0.01836287,1.08673012,False
ETTh2,CNN,42,45,0.30432538,0.0,0.01147124,0.67887749,False
ETTh2,CNN,42,46,0.26566057,0.03866481,0.01147124,0.67887749,False
ETTh2,CNN,42,47,0.2811107,0.0,0.04495042,2.66020319,False
ETTh2,CNN,42,48,0.40761441,0.0,0.04495042,2.66020319,False
ETTh2,CNN,42,49,0.22152713,0.18608728,0.03721746,2.20256007,False
ETTh2,CNN,42,50,0.23068205,0.0,0.03721746,2.20256007,False
ETTh2,CNN,42,51,0.23226647,0.0,0.03721746,2.20256007,False
ETTh2,CNN,42,52,0.24268044,0.0,0.0,0.0,True
ETTh2,CNN,42,53,0.24531231,0.0,0.00805065,0.47644409,False
ETTh2,CNN,42,54,0.28520749,0.0,0.00805065,0.47644409,False
ETTh2,CNN,42,55,0.24495425,0.04025324,0.00805065,0.47644409,False
ETTh2,CNN,42,56,0.24703615,0.0,0.01220194,0.72212116,False
ETTh2,CNN,42,57,0.26895,0.0,0.01220194,0.72212116,False
ETTh2,CNN,42,58,0.24819352,0.02075647,0.02839188,1.68025529,False
ETTh2,CNN,42,59,0.35249424,0.0,0.02839188,1.68025529,False
ETTh2,CNN,42,60,0.2312913,0.12120294,0.03324738,1.96760777,False
ETTh2,CNN,42,61,0.26439651,0.0,0.0298256,1.76510391,False
ETTh2,CNN,42,62,0.24011902,0.02427749,0.0298256,1.76510391,False
ETTh2,CNN,42,63,0.23647145,0.00364757,0.00558501,0.33052569,False
ETTh2,CNN,42,64,0.24761329,0.0,0.00558501,0.33052569,False
ETTh2,CNN,42,65,0.28428886,0.0,0.00493394,0.29199478,False
ETTh2,CNN,42,66,0.29658406,0.0,0.01023191,0.6055328,False
ETTh2,CNN,42,67,0.27556192,0.02102214,0.01276223,0.75527967,False
ETTh2,CNN,42,68,0.24542452,0.03013739,0.01276223,0.75527967,False
ETTh2,CNN,42,69,0.23277288,0.01265164,0.01276223,0.75527967,False
ETTh2,CNN,42,70,0.26223188,0.0,0.00855781,0.5064581,False
ETTh2,CNN,42,71,0.26832609,0.0,0.01079606,0.63891995,False
ETTh2,CNN,42,72,0.30683447,0.0,0.00826573,0.48917308,False
ETTh2,CNN,42,73,0.26550579,0.04132867,2.29646304,135.90659795,False
ETTh2,CNN,42,74,11.80872382,0.0,2.29646304,135.90659795,False
ETTh2,CNN,42,75,0.36773727,11.44098655,2.29924234,136.07107907,False
ETTh2,CNN,42,76,0.3943775,0.0,2.29123171,135.59700304,False
ETTh2,CNN,42,77,0.38048101,0.01389649,2.30331238,136.31194734,False
ETTh2,CNN,42,78,0.37920551,0.0012755,0.01511507,0.89452248,False
ETTh2,CNN,42,79,0.31880214,0.06040336,0.06276284,3.7143575,False
ETTh2,CNN,42,80,0.58447405,0.0,0.06009202,3.55629606,False
ETTh2,CNN,42,81,0.34623518,0.23823887,0.07115585,4.21106239,False
ETTh2,CNN,42,82,0.3456928,0.00054238,0.05907517,3.4961181,False
ETTh2,CNN,42,83,0.28909817,0.05659462,0.05907517,3.4961181,False
ETTh2,CNN,42,84,0.29589623,0.0,0.0114274,0.67628307,False
ETTh2,CNN,42,85,0.31470487,0.0,0.01131892,0.66986339,False
ETTh2,CNN,42,86,0.32746778,0.0,0.0043482,0.2573303,False
ETTh2,CNN,42,87,0.33097906,0.0,0.0043482,0.2573303,False
ETTh2,CNN,42,88,0.30923805,0.02174102,0.00438303,0.25939151,False
ETTh2,CNN,42,89,0.31965251,0.0,0.00576864,0.34139271,False
ETTh2,CNN,42,90,0.31947837,0.00017415,0.00576864,0.34139271,False
ETTh2,CNN,42,91,0.31255035,0.00692802,0.00503813,0.29816074,False
ETTh2,CNN,42,92,0.32809693,0.0,0.01064163,0.62978072,False
ETTh2,CNN,42,93,0.31000844,0.01808848,0.0106068,0.62771951,False
ETTh2,CNN,42,94,0.28199093,0.02801752,0.01815468,1.07440908,False
ETTh2,CNN,42,95,0.34487017,0.0,0.01815468,1.07440908,False
ETTh2,CNN,42,96,0.30020278,0.0446674,0.01453698,0.86031076,False
ETTh2,CNN,42,97,0.34364519,0.0,0.01890464,1.11879217,False
ETTh2,CNN,42,98,0.34685185,0.0,0.01890464,1.11879217,False
ETTh2,CNN,42,99,0.29699607,0.04985579,0.01858688,1.09998727,False
ETTh2,CNN,42,100,0.36384011,0.0,0.01858688,1.09998727,False
ETTh2,CNN,42,101,0.32076148,0.04307863,0.01858688,1.09998727,False
ETTh2,CNN,42,102,0.32928761,0.0,0.0131381,0.77752357,False
ETTh2,CNN,42,103,0.35557136,0.0,0.01781109,1.05407518,False
ETTh2,CNN,42,104,0.33295951,0.02261186,0.00919536,0.5441893,False
ETTh2,CNN,42,105,0.30959454,0.02336496,0.01040414,0.61572571,False
ETTh2,CNN,42,106,0.32316873,0.0,0.01040414,0.61572571,False
ETTh2,CNN,42,107,0.31712485,0.00604388,0.00684886,0.40532152,False
ETTh2,CNN,42,108,0.3177859,0.0,0.00395484,0.23405088,False
ETTh2,CNN,42,109,0.31295043,0.00483548,0.00395484,0.23405088,False
ETTh2,CNN,42,110,0.30405557,0.00889485,0.01053086,0.62322481,False
ETTh2,CNN,42,111,0.32440123,0.0,0.01053086,0.62322481,False
ETTh2,CNN,42,112,0.28547728,0.03892395,0.00980568,0.58030829,False
ETTh2,CNN,42,113,0.30225807,0.0,0.00802671,0.47502732,False
ETTh2,CNN,42,114,0.30104848,0.0012096,0.01278648,0.75671446,False
ETTh2,CNN,42,115,0.32362245,0.0,0.00500169,0.29600411,False
ETTh2,CNN,42,116,0.29982361,0.02379885,0.00783906,0.46392227,False
ETTh2,CNN,42,117,0.31009981,0.0,0.00759714,0.4496053,False
ETTh2,CNN,42,118,0.29591294,0.01418687,0.01643761,0.97279146,False
ETTh2,CNN,42,119,0.3359202,0.0,0.01423853,0.84264827,False
ETTh2,CNN,42,120,0.29171787,0.04420233,0.01423853,0.84264827,False
ETTh2,CNN,42,121,0.2789144,0.01280347,0.01140116,0.67473012,False
ETTh2,CNN,42,122,0.30067634,0.0,0.01385094,0.81971012,False
ETTh2,CNN,42,123,0.31444602,0.0,0.00608522,0.3601281,False
ETTh2,CNN,42,124,0.30219712,0.0122489,0.00825982,0.48882317,False
ETTh2,CNN,42,125,0.29682341,0.00537371,0.00825982,0.48882317,False
ETTh2,CNN,42,126,0.27314691,0.0236765,0.00962609,0.56968018,False
ETTh2,CNN,42,127,0.28541734,0.0,0.00908746,0.53780347,False
ETTh2,CNN,42,128,0.27858599,0.00683135,0.00801272,0.47419932,False
ETTh2,CNN,42,129,0.26903025,0.00955574,0.00327742,0.1939603,False
ETTh2,CNN,42,130,0.27050464,0.0,0.04814587,2.84931276,False
ETTh2,CNN,42,131,0.49479589,0.0,0.04815322,2.84974764,False
ETTh2,CNN,42,132,0.27045363,0.22434226,0.04624207,2.73664436,False
ETTh2,CNN,42,133,0.26358553,0.00686809,0.04624207,2.73664436,False
ETTh2,CNN,42,134,0.2778399,0.0,0.05269589,3.11858671,False
ETTh2,CNN,42,135,0.28981164,0.0,0.00788423,0.46659508,False
ETTh2,CNN,42,136,0.25754255,0.03226909,0.00651061,0.38530318,False
ETTh2,CNN,42,137,0.2572586,0.00028395,0.00651061,0.38530318,False
ETTh2,CNN,42,138,0.28666686,0.0,0.01338169,0.79193984,False
ETTh2,CNN,42,139,0.29066527,0.0,0.00692788,0.40999749,False
ETTh2,CNN,42,140,0.25630983,0.03435544,0.00793127,0.46937905,False
ETTh2,CNN,42,141,0.26063324,0.0,0.00793127,0.46937905,False
ETTh2,CNN,42,142,0.25533234,0.0053009,0.00793127,0.46937905,False
ETTh2,CNN,42,143,0.2629919,0.0,0.00106018,0.06274239,False
ETTh2,CNN,42,144,0.27305402,0.0,0.00437812,0.25910056,False
ETTh2,CNN,42,145,0.29207298,0.0,0.00648649,0.38387583,False
ETTh2,CNN,42,146,0.27548331,0.01658968,0.00648649,0.38387583,False
ETTh2,CNN,42,147,0.25964054,0.01584277,0.00816933,0.48346786,False
ETTh2,CNN,42,148,0.28097643,0.0,0.00816933,0.48346786,False
ETTh2,CNN,42,149,0.27256222,0.00841421,0.00762258,0.45111073,False
ETTh2,CNN,42,150,0.27268986,0.0,0.00445403,0.26359307,False
ETTh2,CNN,42,151,0.25883394,0.01385593,0.00554273,0.32802343,False
ETTh2,CNN,42,152,0.26786805,0.0,0.00398288,0.23570988,False
ETTh2,CNN,42,153,0.26242454,0.00544352,0.00398288,0.23570988,False
ETTh2,CNN,42,154,0.2618096,0.00061494,0.02531792,1.4983358,False
ETTh2,CNN,42,155,0.37053059,0.0,0.02531792,1.4983358,False
ETTh2,CNN,42,156,0.24999942,0.12053116,0.02422922,1.43390545,False
ETTh2,CNN,42,157,0.25249468,0.0,0.02410623,1.42662697,False
ETTh2,CNN,42,158,0.26171287,0.0,0.02495492,1.47685286,False
ETTh2,CNN,42,159,0.26647399,0.0,0.00084869,0.05022589,False
ETTh2,CNN,42,160,0.26223056,0.00424343,0.01675612,0.99164086,False
ETTh2,CNN,42,161,0.34320825,0.0,0.01735424,1.02703845,False
ETTh2,CNN,42,162,0.2636711,0.07953715,0.01735424,1.02703845,False
ETTh2,CNN,42,163,0.26068047,0.00299063,0.01838675,1.08814313,False
ETTh2,CNN,42,164,0.2671748,0.0,0.01838675,1.08814313,False
ETTh2,CNN,42,165,0.25776883,0.00940597,0.00247932,0.14672816,False
ETTh2,CNN,42,166,0.26547306,0.0,0.00667774,0.39519411,False
ETTh2,CNN,42,167,0.26729448,0.0,0.00667774,0.39519411,False
ETTh2,CNN,42,168,0.24331175,0.02398273,0.00479655,0.28386354,False
ETTh2,CNN,42,169,0.24801374,0.0,0.0507451,3.00313733,False
ETTh2,CNN,42,170,0.48543084,0.0,0.05251963,3.10815578,False
ETTh2,CNN,42,171,0.25568806,0.22974277,0.04827492,2.85695007,False
ETTh2,CNN,42,172,0.24681539,0.00887267,0.04827492,2.85695007,False
ETTh2,CNN,42,173,0.24405623,0.00275916,0.0501691,2.96904925,False
ETTh2,CNN,42,174,0.26287275,0.0,0.00422055,0.24977546,False
ETTh2,CNN,42,175,0.25340185,0.0094709,0.00513904,0.3041328,False
ETTh2,CNN,42,176,0.28034702,0.0,0.00592723,0.35077828,False
ETTh2,CNN,42,177,0.26688187,0.01346515,0.00592723,0.35077828,False
ETTh2,CNN,42,178,0.26018178,0.00670008,0.00403305,0.2386791,False
ETTh2,CNN,42,179,0.28115084,0.0,0.00870673,0.51527145,False
ETTh2,CNN,42,180,0.28304859,0.0,0.0060137,0.35589567,False
ETTh2,CNN,42,181,0.25968018,0.02336841,0.01027545,0.6081099,False
ETTh2,CNN,42,182,0.2953534,0.0,0.0120466,0.71292798,False
ETTh2,CNN,42,183,0.26734453,0.02800886,0.01419817,0.84025977,False
ETTh2,CNN,42,184,0.25848879,0.00885575,0.00952449,0.56366743,False
ETTh2,CNN,42,185,0.24773093,0.01075786,0.0132568,0.7845487,False
ETTh2,CNN,42,186,0.30169753,0.0,0.00954215,0.56471234,False
ETTh2,CNN,42,187,0.28303597,0.01866155,0.01212038,0.71729426,False
ETTh2,CNN,42,188,0.27360039,0.00943559,0.00996881,0.58996247,False
ETTh2,CNN,42,189,0.25185348,0.02174691,0.00996881,0.58996247,False
ETTh2,CNN,42,190,0.25970032,0.0,0.00647691,0.38330881,False
ETTh2,CNN,42,191,0.29275364,0.0,0.00458979,0.27162761,False
ETTh2,CNN,42,192,0.29155159,0.00120205,0.00692326,0.40972402,False
ETTh2,CNN,42,193,0.30053086,0.0,0.00741423,0.43878006,False
ETTh2,CNN,42,194,0.26711663,0.03341423,0.00741423,0.43878006,False
ETTh2,CNN,42,195,0.26466178,0.00245485,0.01727217,1.02218149,False
ETTh2,CNN,42,196,0.29597678,0.0,0.01727217,1.02218149,False
ETTh2,CNN,42,197,0.24548501,0.05049177,0.01058932,0.62668507,False
ETTh2,CNN,42,198,0.26217023,0.0,0.01693547,1.00225534,False
ETTh2,CNN,42,199,0.30092167,0.0,0.01693547,1.00225534,False
ETTh2,CNN,42,200,0.26673608,0.03418559,0.00948385,0.56126236,False
ETTh2,CNN,42,201,0.27305119,0.0,0.00985786,0.58339638,False
ETTh2,CNN,42,202,0.25981751,0.01323368,0.00985786,0.58339638,False
ETTh2,CNN,42,203,0.25794747,0.00187003,0.00609544,0.36073341,False
ETTh2,CNN,42,204,0.26036688,0.0,0.00609544,0.36073341,False
ETTh2,CNN,42,205,0.24499338,0.0153735,0.00344871,0.20409736,False
ETTh2,CNN,42,206,0.25260708,0.0,0.00511597,0.30276751,False
ETTh2,CNN,42,207,0.290074,0.0,0.00923046,0.5462666,False
ETTh2,CNN,42,208,0.27986765,0.01020636,0.00615576,0.36430326,False
ETTh2,CNN,42,209,0.25929518,0.02057246,0.00795198,0.47060485,False
ETTh2,CNN,42,210,0.27616447,0.0,0.00859039,0.5083865,False
ETTh2,CNN,42,211,0.26718339,0.00898108,0.0098165,0.58094836,False
ETTh2,CNN,42,212,0.26399134,0.00319205,0.005702,0.33744927,False
ETTh2,CNN,42,213,0.24765446,0.01633688,0.01020627,0.60401564,False
ETTh2,CNN,42,214,0.26183527,0.0,0.00841005,0.49771405,False
ETTh2,CNN,42,215,0.23931393,0.02252134,0.00777164,0.4599324,False
ETTh2,CNN,42,216,0.25177775,0.0,0.00450427,0.26656636,False
ETTh2,CNN,42,217,0.26434975,0.0,0.01457735,0.86269953,False
ETTh2,CNN,42,218,0.29157298,0.0,0.01007308,0.59613316,False
ETTh2,CNN,42,219,0.24120759,0.05036539,0.01007308,0.59613316,False
ETTh2,CNN,42,220,0.2463579,0.0,0.01007308,0.59613316,False
ETTh2,CNN,42,221,0.2764027,0.0,0.01007308,0.59613316,False
ETTh2,CNN,42,222,0.27724687,0.0,0.01099016,0.65040683,False
ETTh2,CNN,42,223,0.28892613,0.0,0.01099016,0.65040683,False
ETTh2,CNN,42,224,0.23397533,0.0549508,0.01726192,1.02157455,False
ETTh2,CNN,42,225,0.26976945,0.0,0.01726192,1.02157455,False
ETTh2,CNN,42,226,0.23841067,0.03135878,0.01726192,1.02157455,False
ETTh2,CNN,42,227,0.26394561,0.0,0.01594154,0.9434335,False
ETTh2,CNN,42,228,0.29950926,0.0,0.01912634,1.13191277,False
ETTh2,CNN,42,229,0.25116035,0.04834891,0.01285459,0.76074506,False
ETTh2,CNN,42,230,0.23523633,0.01592401,0.01549733,0.91714508,False
ETTh2,CNN,42,231,0.27469245,0.0,0.01925183,1.13933934,False
ETTh2,CNN,42,232,0.26147871,0.01321374,0.00958205,0.56707356,False
ETTh2,CNN,42,233,0.24270622,0.01877249,0.01014033,0.60011296,False
ETTh2,CNN,42,234,0.27975137,0.0,0.01487828,0.88050903,False
ETTh2,CNN,42,235,0.26103596,0.01871541,0.01223553,0.72410902,False
ETTh2,CNN,42,236,0.23734619,0.02368977,0.01188964,0.70363902,False
ETTh2,CNN,42,237,0.27079933,0.0,0.01188964,0.70363902,False
ETTh2,CNN,42,238,0.25375629,0.01704304,0.0121922,0.72154441,False
ETTh2,CNN,42,239,0.25390194,0.0,0.00797155,0.47176292,False
ETTh2,CNN,42,240,0.23367377,0.02022818,0.00797155,0.47176292,False
ETTh2,CNN,42,241,0.23108724,0.00258653,0.00609251,0.3605597,False
ETTh2,CNN,42,242,0.25856756,0.0,0.01185755,0.70173984,False
ETTh2,CNN,42,243,0.25091972,0.00764784,0.00781192,0.46231578,False
ETTh2,CNN,42,244,0.2220945,0.02882522,0.00729461,0.4317012,False
ETTh2,CNN,42,245,0.25002574,0.0,0.01071684,0.6342317,False
ETTh2,CNN,42,246,0.26204985,0.0,0.00918728,0.54371064,False
ETTh2,CNN,42,247,0.24493869,0.01711116,0.00751619,0.44481444,False
ETTh2,CNN,42,248,0.28734908,0.0,0.00751619,0.44481444,False
ETTh2,CNN,42,249,0.26687928,0.0204698,0.00751619,0.44481444,False
ETTh2,CNN,42,250,0.2716415,0.0,0.01334124,0.78954586,False
ETTh2,CNN,42,251,0.31590944,0.0,0.01699157,1.00557499,False
ETTh2,CNN,42,252,0.26967303,0.04623641,0.0166123,0.98312995,False
ETTh2,CNN,42,253,0.25142142,0.01825161,0.0166123,0.98312995,False
ETTh2,CNN,42,254,0.23284793,0.01857349,0.13765393,8.14647433,False
ETTh2,CNN,42,255,0.86733291,0.0,0.13098172,7.75160713,False
ETTh2,CNN,42,256,0.26212478,0.60520813,0.12854952,7.6076677,False
ETTh2,CNN,42,257,0.24924943,0.01287534,0.12483482,7.3878288,False
ETTh2,CNN,42,258,0.2431588,0.00609063,0.12483482,7.3878288,False
ETTh2,CNN,42,259,0.24511951,0.0,0.03549708,2.10074663,False
ETTh2,CNN,42,260,0.43353392,0.0,0.03670678,2.17233791,False
ETTh2,CNN,42,261,0.2750145,0.15851941,0.03548866,2.10024821,False
ETTh2,CNN,42,262,0.25609064,0.01892386,0.03847326,2.27687977,False
ETTh2,CNN,42,263,0.26335124,0.0,0.03847326,2.27687977,False
ETTh2,CNN,42,264,0.2484282,0.01492304,0.00676938,0.40061755,False
ETTh2,CNN,42,265,0.25853104,0.0,0.00298461,0.17663156,False
ETTh2,CNN,42,266,0.25984196,0.0,0.00689483,0.40804173,False
ETTh2,CNN,42,267,0.27254359,0.0,0.00391022,0.23141017,False
ETTh2,CNN,42,268,0.25299248,0.01955111,0.00496508,0.29383731,False
ETTh2,CNN,42,269,0.28268552,0.0,0.00717785,0.4247909,False
ETTh2,CNN,42,270,0.27741125,0.00527427,0.00717785,0.4247909,False
ETTh2,CNN,42,271,0.2663474,0.01106385,0.00924358,0.54704297,False
ETTh2,CNN,42,272,0.28573717,0.0,0.00924358,0.54704297,False
ETTh2,CNN,42,273,0.25585738,0.0298798,0.01196922,0.70834863,False
ETTh2,CNN,42,274,0.27089186,0.0,0.00975645,0.57739504,False
ETTh2,CNN,42,275,0.25198939,0.01890247,0.00975645,0.57739504,False
ETTh2,CNN,42,276,0.29080402,0.0,0.00649915,0.38462489,False
ETTh2,CNN,42,277,0.29678779,0.0,0.00649915,0.38462489,False
ETTh2,CNN,42,278,0.28319453,0.01359326,0.02849888,1.68658773,False
ETTh2,CNN,42,279,0.40235342,0.0,0.02849888,1.68658773,False
ETTh2,CNN,42,280,0.27345226,0.12890116,0.0383447,2.26927111,False
ETTh2,CNN,42,281,0.29920705,0.0,0.03562604,2.10837902,False
ETTh2,CNN,42,282,0.24997799,0.04922906,0.03562604,2.10837902,False
ETTh2,CNN,42,283,0.28534814,0.0,0.00984581,0.58268337,False
ETTh2,CNN,42,284,0.29195848,0.0,0.01355145,0.80198604,False
ETTh2,CNN,42,285,0.29576089,0.0,0.00962241,0.56946247,False
ETTh2,CNN,42,286,0.2772327,0.01852818,0.00962241,0.56946247,False
ETTh2,CNN,42,287,0.24764882,0.02958389,0.00962241,0.56946247,False
ETTh2,CNN,42,288,0.30069058,0.0,0.01185634,0.70166832,False
ETTh2,CNN,42,289,0.33488264,0.0,0.02175775,1.28764158,False
ETTh2,CNN,42,290,0.32371298,0.01116965,0.01584097,0.93748178,False
ETTh2,CNN,42,291,0.25567779,0.0680352,0.02203058,1.30378819,False
ETTh2,CNN,42,292,0.28455931,0.0,0.02203058,1.30378819,False
ETTh2,CNN,42,293,0.25361124,0.03094806,0.01979665,1.17158234,False
ETTh2,CNN,42,294,0.2761409,0.0,0.00976039,0.57762819,False
ETTh2,CNN,42,295,0.29740872,0.0,0.01222839,0.72368647,False
ETTh2,CNN,42,296,0.27955482,0.0178539,0.00603878,0.35738006,False
ETTh2,CNN,42,297,0.26721482,0.01234,0.00794514,0.47019978,False
ETTh2,CNN,42,298,0.29255765,0.0,0.00794514,0.47019978,False
ETTh2,CNN,42,299,0.28302588,0.00953178,0.00546794,0.3235975,False
ETTh2,CNN,42,300,0.28573313,0.0,0.00317726,0.18803286,False
ETTm1,DLinear,42,2,0.40782467,0.01313956,0.00703496,1.73313525,False
ETTm1,DLinear,42,3,0.40198944,0.00583522,0.00546533,1.34644045,False
ETTm1,DLinear,42,4,0.39985934,0.0021301,0.00437226,1.07715236,False
ETTm1,DLinear,42,5,0.39910291,0.00075644,0.00229498,0.56539264,False
ETTm1,DLinear,42,6,0.40004885,0.0,0.00112794,0.2778793,False
ETTm1,DLinear,42,7,0.39729569,0.00275316,0.00077821,0.19171995,False
ETTm1,DLinear,42,8,0.39740927,0.0,0.00062692,0.15444874,False
ETTm1,DLinear,42,9,0.39702781,0.00038146,0.00081355,0.20042542,False
ETTm1,DLinear,42,10,0.39774816,0.0,0.00026291,0.06477179,False
ETTm1,DLinear,42,11,0.39681504,0.00093312,0.00026291,0.06477179,False
ETTm1,DLinear,42,12,0.39778207,0.0,0.00018662,0.04597669,True
ETTm1,DLinear,42,13,0.39814973,0.0,0.00031872,0.07852114,False
ETTm1,DLinear,42,14,0.3985698,0.0,0.00026892,0.06625052,False
ETTm1,DLinear,42,15,0.3979093,0.00066051,0.00026892,0.06625052,False
ETTm1,DLinear,42,16,0.39722521,0.00068408,0.00047816,0.11779928,False
ETTm1,DLinear,42,17,0.39811194,0.0,0.00047816,0.11779928,False
ETTm1,DLinear,42,18,0.39706574,0.00104621,0.00034606,0.08525483,False
ETTm1,DLinear,42,19,0.39770082,0.0,0.00020924,0.05154877,False
ETTm1,DLinear,42,20,0.39770879,0.0,0.00020924,0.05154877,False
ETTm1,DLinear,42,21,0.39779917,0.0,0.0,0.0,False
ETTm1,DLinear,42,22,0.39828835,0.0,0.00025887,0.06377605,False
ETTm1,DLinear,42,23,0.39900332,0.0,0.00025887,0.06377605,False
ETTm1,DLinear,42,24,0.39770896,0.00129437,0.00043598,0.10740715,False
ETTm1,DLinear,42,25,0.39881726,0.0,0.00061396,0.15125603,False
ETTm1,DLinear,42,26,0.39793175,0.00088551,0.00061396,0.15125603,False
ETTm1,DLinear,42,27,0.39704181,0.00088993,0.00065879,0.16230022,False
ETTm1,DLinear,42,28,0.39794862,0.0,0.00065879,0.16230022,False
ETTm1,DLinear,42,29,0.39643011,0.00151851,0.00070437,0.1735292,False
ETTm1,DLinear,42,30,0.39733438,0.0,0.00052638,0.12968032,False
ETTm1,DLinear,42,31,0.39622097,0.00111341,0.00094825,0.2336109,False
ETTm1,DLinear,42,32,0.39759488,0.0,0.00064455,0.15879065,False
ETTm1,DLinear,42,33,0.39548556,0.00210932,0.00090899,0.22393801,False
ETTm1,DLinear,42,34,0.39797486,0.0,0.0006863,0.16907793,False
ETTm1,DLinear,42,35,0.39665266,0.0013222,0.0006863,0.16907793,False
ETTm1,DLinear,42,36,0.39668977,0.0,0.00026444,0.06514735,False
ETTm1,DLinear,42,37,0.39730106,0.0,0.00038656,0.09523309,False
ETTm1,DLinear,42,38,0.39750012,0.0,0.00012212,0.03008574,False
ETTm1,DLinear,42,39,0.39688952,0.0006106,0.00028768,0.07087317,False
ETTm1,DLinear,42,40,0.39768001,0.0,0.00033644,0.08288641,False
ETTm1,DLinear,42,41,0.39685221,0.0008278,0.00033644,0.08288641,False
ETTm1,DLinear,42,42,0.3966084,0.00024381,0.00021432,0.05280067,False
ETTm1,DLinear,42,43,0.39667121,0.0,0.00047042,0.11589251,False
ETTm1,DLinear,42,44,0.39781597,0.0,0.00058859,0.14500472,False
ETTm1,DLinear,42,45,0.39653549,0.00128048,0.00053983,0.13299148,False
ETTm1,DLinear,42,46,0.39511684,0.00141865,0.00053983,0.13299148,False
ETTm1,DLinear,42,47,0.3962379,0.0,0.00076959,0.18959649,False
ETTm1,DLinear,42,48,0.39763812,0.0,0.00051349,0.12650465,False
ETTm1,DLinear,42,49,0.39648929,0.00114883,0.0004922,0.12125923,False
ETTm1,DLinear,42,50,0.39840535,0.0,0.00061052,0.15040694,False
ETTm1,DLinear,42,51,0.39709316,0.00131219,0.00061052,0.15040694,False
ETTm1,DLinear,42,52,0.3965016,0.00059157,0.00076061,0.18738522,False
ETTm1,DLinear,42,53,0.39895325,0.0,0.0007626,0.18787542,False
ETTm1,DLinear,42,54,0.39705393,0.00189932,0.00050017,0.1232212,False
ETTm1,DLinear,42,55,0.39704398,9.95e-06,0.00038185,0.09407349,False
ETTm1,DLinear,42,56,0.39726915,0.0,0.00038185,0.09407349,False
ETTm1,DLinear,42,57,0.39794068,0.0,0.00037075,0.09133771,False
ETTm1,DLinear,42,58,0.39833105,0.0,0.00036876,0.09084751,False
ETTm1,DLinear,42,59,0.39648726,0.00184379,0.00040055,0.09867939,False
ETTm1,DLinear,42,60,0.39749892,0.0,0.00040055,0.09867939,False
ETTm1,DLinear,42,61,0.39733997,0.00015895,0.0005171,0.12739306,False
ETTm1,DLinear,42,62,0.39787058,0.0,0.00014834,0.03654556,False
ETTm1,DLinear,42,63,0.39728783,0.00058276,0.00014834,0.03654556,False
ETTm1,DLinear,42,64,0.39753052,0.0,0.00042751,0.10532059,False
ETTm1,DLinear,42,65,0.39797656,0.0,0.00042751,0.10532059,False
ETTm1,DLinear,42,66,0.39642179,0.00155477,0.00031095,0.07660692,False
ETTm1,DLinear,42,67,0.39699093,0.0,0.00031095,0.07660692,False
ETTm1,DLinear,42,68,0.39716613,0.0,0.00044171,0.10881903,False
ETTm1,DLinear,42,69,0.39821114,0.0,0.00013075,0.03221211,False
ETTm1,DLinear,42,70,0.39755738,0.00065376,0.00064483,0.15885962,False
ETTm1,DLinear,42,71,0.39916179,0.0,0.00085246,0.21001177,False
ETTm1,DLinear,42,72,0.39659142,0.00257037,0.00085246,0.21001177,False
ETTm1,DLinear,42,73,0.39555326,0.00103816,0.00072171,0.17779966,False
ETTm1,DLinear,42,74,0.39611809,0.0,0.00102413,0.2523041,False
ETTm1,DLinear,42,75,0.39817216,0.0,0.00051005,0.12565659,False
ETTm1,DLinear,42,76,0.39666005,0.0015121,0.00082998,0.20447474,False
ETTm1,DLinear,42,77,0.39808424,0.0,0.00082998,0.20447474,False
ETTm1,DLinear,42,78,0.39544643,0.00263781,0.00082998,0.20447474,False
ETTm1,DLinear,42,79,0.39602314,0.0,0.00052756,0.1299703,False
ETTm1,DLinear,42,80,0.39655386,0.0,0.00052756,0.1299703,False
ETTm1,DLinear,42,81,0.39659535,0.0,1.046e-05,0.00257686,False
ETTm1,DLinear,42,82,0.39737895,0.0,1.046e-05,0.00257686,False
ETTm1,DLinear,42,83,0.39732665,5.23e-05,1.046e-05,0.00257686,False
ETTm1,DLinear,42,84,0.39761062,0.0,0.00026745,0.06588969,False
ETTm1,DLinear,42,85,0.39828955,0.0,0.00026745,0.06588969,False
ETTm1,DLinear,42,86,0.39700459,0.00128496,0.00045888,0.11304979,False
ETTm1,DLinear,42,87,0.39784517,0.0,0.00065026,0.16019876,False
ETTm1,DLinear,42,88,0.39683574,0.00100944,0.00065026,0.16019876,False
ETTm1,DLinear,42,89,0.39587882,0.00095691,0.00039327,0.09688594,False
ETTm1,DLinear,42,90,0.39673782,0.0,0.00039327,0.09688594,False
ETTm1,DLinear,42,91,0.39683947,0.0,0.00019138,0.04714897,False
ETTm1,DLinear,42,92,0.39774005,0.0,5.366e-05,0.01321962,False
ETTm1,DLinear,42,93,0.39783772,0.0,6.754e-05,0.016638,False
ETTm1,DLinear,42,94,0.39756942,0.0002683,6.754e-05,0.016638,False
ETTm1,DLinear,42,95,0.39750005,6.938e-05,0.00058708,0.14463297,False
ETTm1,DLinear,42,96,0.39841328,0.0,0.00058708,0.14463297,False
ETTm1,DLinear,42,97,0.39581556,0.00259772,0.00081291,0.20026934,False
ETTm1,DLinear,42,98,0.39772317,0.0,0.00079904,0.19685096,False
ETTm1,DLinear,42,99,0.39632571,0.00139747,0.00119804,0.29515066,False
ETTm1,DLinear,42,100,0.39714385,0.0,0.0006785,0.16715569,False
ETTm1,DLinear,42,101,0.39514882,0.00199504,0.0006785,0.16715569,False
ETTm1,DLinear,42,102,0.39622125,0.0,0.00039901,0.0982997,False
ETTm1,DLinear,42,103,0.39707053,0.0,0.00039901,0.0982997,False
ETTm1,DLinear,42,104,0.39737842,0.0,0.00038405,0.09461432,False
ETTm1,DLinear,42,105,0.39853631,0.0,0.00071704,0.17664962,False
ETTm1,DLinear,42,106,0.39661607,0.00192024,0.00071704,0.17664962,False
ETTm1,DLinear,42,107,0.39495113,0.00166495,0.00090124,0.22202958,False
ETTm1,DLinear,42,108,0.39750563,0.0,0.00090124,0.22202958,False
ETTm1,DLinear,42,109,0.39658462,0.00092101,0.00051719,0.12741526,False
ETTm1,DLinear,42,110,0.39692779,0.0,0.00039591,0.09753595,False
ETTm1,DLinear,42,111,0.39897245,0.0,0.00062511,0.15400272,False
ETTm1,DLinear,42,112,0.39791392,0.00105853,0.00044091,0.10862276,False
ETTm1,DLinear,42,113,0.3967679,0.00114602,0.00045378,0.11179445,False
ETTm1,DLinear,42,114,0.39758813,0.0,0.00097871,0.24111602,False
ETTm1,DLinear,42,115,0.39752376,6.437e-05,0.00076701,0.18896003,False
ETTm1,DLinear,42,116,0.39489911,0.00262464,0.00071702,0.17664579,False
ETTm1,DLinear,42,117,0.39834161,0.0,0.00071702,0.17664579,False
ETTm1,DLinear,42,118,0.39744551,0.0008961,0.00076022,0.18728845,False
ETTm1,DLinear,42,119,0.3982916,0.0,0.0004536,0.11174979,False
ETTm1,DLinear,42,120,0.39801123,0.00028037,0.0004536,0.11174979,False
ETTm1,DLinear,42,121,0.39691968,0.00109155,0.00027438,0.06759726,False
ETTm1,DLinear,42,122,0.39720587,0.0,0.00045785,0.1127968,False
ETTm1,DLinear,42,123,0.39813643,0.0,0.00055451,0.13660849,False
ETTm1,DLinear,42,124,0.39721909,0.00091735,0.0003362,0.08282558,False
ETTm1,DLinear,42,125,0.39645545,0.00076364,0.0003362,0.08282558,False
ETTm1,DLinear,42,126,0.39735815,0.0,0.00064511,0.15892872,False
ETTm1,DLinear,42,127,0.3992348,0.0,0.00046164,0.11372919,False
ETTm1,DLinear,42,128,0.39769025,0.00154455,0.00057709,0.14217179,False
ETTm1,DLinear,42,129,0.39885683,0.0,0.00080979,0.19950111,False
ETTm1,DLinear,42,130,0.39751593,0.00134089,0.00080979,0.19950111,False
ETTm1,DLinear,42,131,0.39635241,0.00116353,0.00050088,0.12339796,False
ETTm1,DLinear,42,132,0.39702797,0.0,0.0009382,0.23113578,False
ETTm1,DLinear,42,133,0.39867726,0.0,0.0006715,0.16543053,False
ETTm1,DLinear,42,134,0.39649067,0.00218659,0.00043879,0.10810122,False
ETTm1,DLinear,42,135,0.39648329,7.38e-06,0.00060583,0.1492517,False
ETTm1,DLinear,42,136,0.39798931,0.0,0.00060583,0.1492517,False
ETTm1,DLinear,42,137,0.39715414,0.00083517,0.00036504,0.0899313,False
ETTm1,DLinear,42,138,0.39769046,0.0,0.00036356,0.08956791,False
ETTm1,DLinear,42,139,0.39670781,0.00098265,0.00036356,0.08956791,False
ETTm1,DLinear,42,140,0.39777484,0.0,0.00067063,0.16521597,False
ETTm1,DLinear,42,141,0.39851793,0.0,0.00067063,0.16521597,False
ETTm1,DLinear,42,142,0.39614745,0.00237048,0.00058893,0.14508793,False
ETTm1,DLinear,42,143,0.39753611,0.0,0.00058893,0.14508793,False
ETTm1,DLinear,42,144,0.39696196,0.00057415,0.00059913,0.14760172,False
ETTm1,DLinear,42,145,0.39732665,0.0,0.00012503,0.03080318,False
ETTm1,DLinear,42,146,0.39727563,5.102e-05,0.00020364,0.05016841,False
ETTm1,DLinear,42,147,0.39791118,0.0,0.00024416,0.06015045,False
ETTm1,DLinear,42,148,0.39751816,0.00039303,0.00024416,0.06015045,False
ETTm1,DLinear,42,149,0.39674142,0.00077674,0.00044673,0.11005725,False
ETTm1,DLinear,42,150,0.39794217,0.0,0.00060588,0.14926512,False
ETTm1,DLinear,42,151,0.39687827,0.0010639,0.00052728,0.12989989,False
ETTm1,DLinear,42,152,0.39608253,0.00079574,0.00037193,0.09162846,False
ETTm1,DLinear,42,153,0.39699104,0.0,0.00069748,0.17183181,False
ETTm1,DLinear,42,154,0.3977226,0.0,0.0004847,0.11941121,False
ETTm1,DLinear,42,155,0.39609483,0.00162777,0.00071904,0.17714323,False
ETTm1,DLinear,42,156,0.39906004,0.0,0.00071904,0.17714323,False
ETTm1,DLinear,42,157,0.39709259,0.00196744,0.00071904,0.17714323,False
ETTm1,DLinear,42,158,0.39718046,0.0,0.00045516,0.11213341,False
ETTm1,DLinear,42,159,0.39774681,0.0,0.00054147,0.13339565,False
ETTm1,DLinear,42,160,0.39743845,0.00030836,0.00014798,0.03645577,False
ETTm1,DLinear,42,161,0.39700692,0.00043153,0.00014798,0.03645577,False
ETTm1,DLinear,42,162,0.39736018,0.0,0.00067342,0.16590415,False
ETTm1,DLinear,42,163,0.39855471,0.0,0.00061175,0.15071063,False
ETTm1,DLinear,42,164,0.39592749,0.00262722,0.0006189,0.15247239,False
ETTm1,DLinear,42,165,0.39748548,0.0,0.0006189,0.15247239,False
ETTm1,DLinear,42,166,0.3970182,0.00046728,0.0006189,0.15247239,False
ETTm1,DLinear,42,167,0.39778367,0.0,9.346e-05,0.02302401,False
ETTm1,DLinear,42,168,0.3983593,0.0,0.00025615,0.06310551,False
ETTm1,DLinear,42,169,0.39915337,0.0,0.00020405,0.05027086,False
ETTm1,DLinear,42,170,0.3983399,0.00081347,0.00027256,0.06714807,False
ETTm1,DLinear,42,171,0.3981331,0.0002068,0.00027256,0.06714807,False
ETTm1,DLinear,42,172,0.39779057,0.00034253,0.00074669,0.18395561,False
ETTm1,DLinear,42,173,0.39930745,0.0,0.000584,0.14387411,False
ETTm1,DLinear,42,174,0.39693678,0.00237067,0.00054264,0.13368475,False
ETTm1,DLinear,42,175,0.39775153,0.0,0.00047413,0.11680755,False
ETTm1,DLinear,42,176,0.39816691,0.0,0.00081818,0.20156616,False
ETTm1,DLinear,42,177,0.39855216,0.0,0.00034404,0.08475861,False
ETTm1,DLinear,42,178,0.39683194,0.00172022,0.00057319,0.14121147,False
ETTm1,DLinear,42,179,0.39710616,0.0,0.00057319,0.14121147,False
ETTm1,DLinear,42,180,0.39596043,0.00114574,0.00057319,0.14121147,False
ETTm1,DLinear,42,181,0.39641778,0.0,0.00022915,0.05645286,False
ETTm1,DLinear,42,182,0.39664945,0.0,0.00022915,0.05645286,False
ETTm1,DLinear,42,183,0.39710244,0.0,0.0,0.0,False
ETTm1,DLinear,42,184,0.39828131,0.0,0.00043275,0.10661273,False
ETTm1,DLinear,42,185,0.39843776,0.0,0.00053308,0.13132927,False
ETTm1,DLinear,42,186,0.396274,0.00216376,0.00053308,0.13132927,False
ETTm1,DLinear,42,187,0.39577237,0.00050163,0.00053308,0.13132927,False
ETTm1,DLinear,42,188,0.3961817,0.0,0.00053308,0.13132927,False
ETTm1,DLinear,42,189,0.39693705,0.0,0.00081142,0.19990243,False
ETTm1,DLinear,42,190,0.39882789,0.0,0.0007111,0.17518589,False
ETTm1,DLinear,42,191,0.39527241,0.00355548,0.0007111,0.17518589,False
ETTm1,DLinear,42,192,0.39705127,0.0,0.0008409,0.20716539,False
ETTm1,DLinear,42,193,0.39805661,0.0,0.0008409,0.20716539,False
ETTm1,DLinear,42,194,0.39740757,0.00064904,0.00048399,0.11923512,False
ETTm1,DLinear,42,195,0.39763927,0.0,0.00048399,0.11923512,False
ETTm1,DLinear,42,196,0.39586837,0.00177089,0.00057886,0.14260889,False
ETTm1,DLinear,42,197,0.39792124,0.0,0.00058745,0.14472479,False
ETTm1,DLinear,42,198,0.39744686,0.00047438,0.00058745,0.14472479,False
ETTm1,DLinear,42,199,0.39675488,0.00069198,0.00040105,0.09880349,False
ETTm1,DLinear,42,200,0.39843159,0.0,0.00055258,0.13613321,False
ETTm1,DLinear,42,201,0.39759269,0.0008389,0.00064396,0.15864729,False
ETTm1,DLinear,42,202,0.39683507,0.00075762,0.00050557,0.12455189,False
ETTm1,DLinear,42,203,0.39590375,0.00093132,0.00060354,0.14868916,False
ETTm1,DLinear,42,204,0.39680428,0.0,0.00043576,0.10735484,False
ETTm1,DLinear,42,205,0.39631441,0.00048988,0.00073848,0.18193333,False
ETTm1,DLinear,42,206,0.39956399,0.0,0.00055222,0.13604547,False
ETTm1,DLinear,42,207,0.39729276,0.00227123,0.00055222,0.13604547,False
ETTm1,DLinear,42,208,0.39731565,0.0,0.00076409,0.18824045,False
ETTm1,DLinear,42,209,0.39816554,0.0,0.00076409,0.18824045,False
ETTm1,DLinear,42,210,0.39661634,0.0015492,0.00030984,0.07633225,False
ETTm1,DLinear,42,211,0.39729551,0.0,0.00030984,0.07633225,False
ETTm1,DLinear,42,212,0.39763581,0.0,0.00039913,0.09833069,False
ETTm1,DLinear,42,213,0.39779171,0.0,0.00035758,0.08809377,False
ETTm1,DLinear,42,214,0.39734524,0.00044647,0.00035758,0.08809377,False
ETTm1,DLinear,42,215,0.3960038,0.00134144,0.00053546,0.13191586,False
ETTm1,DLinear,42,216,0.39831042,0.0,0.00053546,0.13191586,False
ETTm1,DLinear,42,217,0.39742103,0.00088939,0.00047004,0.11579945,False
ETTm1,DLinear,42,218,0.39821711,0.0,0.00029794,0.0734,False
ETTm1,DLinear,42,219,0.39809773,0.00011938,0.00057827,0.1424639,False
ETTm1,DLinear,42,220,0.39761681,0.00048092,0.0004004,0.09864181,False
ETTm1,DLinear,42,221,0.39621512,0.00140168,0.00053066,0.13073395,False
ETTm1,DLinear,42,222,0.39744479,0.0,0.00051643,0.12722694,False
ETTm1,DLinear,42,223,0.39679346,0.00065133,0.00042024,0.10353106,False
ETTm1,DLinear,42,224,0.39674526,4.82e-05,0.00043317,0.10671526,False
ETTm1,DLinear,42,225,0.39879441,0.0,0.0005437,0.13394526,False
ETTm1,DLinear,42,226,0.3973281,0.00146631,0.0006625,0.16321259,False
ETTm1,DLinear,42,227,0.39677546,0.00055265,0.00065286,0.16083758,False
ETTm1,DLinear,42,228,0.39553014,0.00124532,0.00065286,0.16083758,False
ETTm1,DLinear,42,229,0.39801625,0.0,0.00073491,0.1810515,False
ETTm1,DLinear,42,230,0.39857355,0.0,0.00062438,0.1538215,False
ETTm1,DLinear,42,231,0.39669698,0.00187656,0.00059823,0.147381,False
ETTm1,DLinear,42,232,0.39791183,0.0,0.00059823,0.147381,False
ETTm1,DLinear,42,233,0.39679722,0.00111461,0.00067187,0.16552145,False
ETTm1,DLinear,42,234,0.39736236,0.0,0.00035826,0.08826079,False
ETTm1,DLinear,42,235,0.39699419,0.00036817,0.00035826,0.08826079,False
ETTm1,DLinear,42,236,0.39668567,0.00030852,0.0001659,0.04087081,False
ETTm1,DLinear,42,237,0.39816003,0.0,0.00028821,0.07100228,False
ETTm1,DLinear,42,238,0.39800723,0.0001528,0.00022557,0.05557136,False
ETTm1,DLinear,42,239,0.39739569,0.00061153,0.00016387,0.04036999,False
ETTm1,DLinear,42,240,0.3973407,5.499e-05,0.00016387,0.04036999,False
ETTm1,DLinear,42,241,0.39757764,0.0,0.00053524,0.13186283,False
ETTm1,DLinear,42,242,0.39775871,0.0,0.00041294,0.10173136,False
ETTm1,DLinear,42,243,0.39574901,0.0020097,0.0006872,0.16929778,False
ETTm1,DLinear,42,244,0.39844218,0.0,0.0006872,0.16929778,False
ETTm1,DLinear,42,245,0.39701589,0.00142628,0.00076503,0.18847331,False
ETTm1,DLinear,42,246,0.39814216,0.0,0.00068511,0.16878294,False
ETTm1,DLinear,42,247,0.39775298,0.00038918,0.00068511,0.16878294,False
ETTm1,DLinear,42,248,0.39614291,0.00161007,0.00042224,0.10402205,False
ETTm1,DLinear,42,249,0.39774605,0.0,0.00054604,0.13452338,False
ETTm1,DLinear,42,250,0.39763411,0.00011193,0.00046821,0.11534785,False
ETTm1,DLinear,42,251,0.39701508,0.00061904,0.00026066,0.06421549,False
ETTm1,DLinear,42,252,0.39736889,0.0,0.00026066,0.06421549,False
ETTm1,DLinear,42,253,0.39679658,0.00057231,0.00024625,0.06066642,False
ETTm1,DLinear,42,254,0.39796674,0.0,0.00030135,0.07424138,False
ETTm1,DLinear,42,255,0.39792684,3.99e-05,0.00030135,0.07424138,False
ETTm1,DLinear,42,256,0.39703229,0.00089455,0.00018689,0.04604228,False
ETTm1,DLinear,42,257,0.39737536,0.0,0.00018689,0.04604228,False
ETTm1,DLinear,42,258,0.39760681,0.0,0.00034513,0.0850271,False
ETTm1,DLinear,42,259,0.3977694,0.0,0.00016622,0.04095081,False
ETTm1,DLinear,42,260,0.39693828,0.00083112,0.00016622,0.04095081,False
ETTm1,DLinear,42,261,0.39735415,0.0,0.000415,0.1022402,False
ETTm1,DLinear,42,262,0.39760308,0.0,0.000415,0.1022402,False
ETTm1,DLinear,42,263,0.39635919,0.0012439,0.00079068,0.19479271,False
ETTm1,DLinear,42,264,0.39936869,0.0,0.00079068,0.19479271,False
ETTm1,DLinear,42,265,0.39665917,0.00270951,0.00081863,0.20167823,False
ETTm1,DLinear,42,266,0.39776153,0.0,0.00065665,0.16177151,False
ETTm1,DLinear,42,267,0.39762178,0.00013974,0.00072065,0.17753873,False
ETTm1,DLinear,42,268,0.39718781,0.00043397,0.00017874,0.0440354,False
ETTm1,DLinear,42,269,0.39686781,0.00032,0.00017874,0.0440354,False
ETTm1,DLinear,42,270,0.39802635,0.0,0.00026955,0.06640716,False
ETTm1,DLinear,42,271,0.39908284,0.0,0.0004033,0.09935644,False
ETTm1,DLinear,42,272,0.39848905,0.00059379,0.00042462,0.10460833,False
ETTm1,DLinear,42,273,0.39738636,0.00110269,0.0006369,0.15690783,False
ETTm1,DLinear,42,274,0.39695977,0.00042659,0.0006369,0.15690783,False
ETTm1,DLinear,42,275,0.39589832,0.00106144,0.00051815,0.12765056,False
ETTm1,DLinear,42,276,0.39694574,0.0,0.00029761,0.0733186,False
ETTm1,DLinear,42,277,0.398603,0.0,0.00053857,0.13268342,False
ETTm1,DLinear,42,278,0.39882041,0.0,0.00065584,0.1615722,False
ETTm1,DLinear,42,279,0.39718898,0.00163143,0.00065584,0.1615722,False
ETTm1,DLinear,42,280,0.39554123,0.00164775,0.00079181,0.1950714,False
ETTm1,DLinear,42,281,0.39777061,0.0,0.00082392,0.20298041,False
ETTm1,DLinear,42,282,0.39709073,0.00067988,0.00049763,0.12259649,False
ETTm1,DLinear,42,283,0.39693021,0.00016052,0.00045988,0.11329592,False
ETTm1,DLinear,42,284,0.39724505,0.0,0.00045988,0.11329592,False
ETTm1,DLinear,42,285,0.39578605,0.001459,0.0003239,0.07979671,False
ETTm1,DLinear,42,286,0.39635594,0.0,0.0002918,0.0718877,False
ETTm1,DLinear,42,287,0.39768004,0.0,0.0006993,0.17227913,False
ETTm1,DLinear,42,288,0.39831166,0.0,0.0004075,0.10039143,False
ETTm1,DLinear,42,289,0.39627416,0.00203749,0.0004075,0.10039143,False
ETTm1,DLinear,42,290,0.39707802,0.0,0.00041617,0.10252847,False
ETTm1,DLinear,42,291,0.39782453,0.0,0.00076574,0.18864857,False
ETTm1,DLinear,42,292,0.39778116,4.337e-05,0.00035824,0.08825714,False
ETTm1,DLinear,42,293,0.39603331,0.00174785,0.00035824,0.08825714,False
ETTm1,DLinear,42,294,0.39685826,0.0,0.00058736,0.14470184,False
ETTm1,DLinear,42,295,0.39813401,0.0,0.00057868,0.14256481,False
ETTm1,DLinear,42,296,0.39698843,0.00114557,0.00022911,0.05644471,False
ETTm1,DLinear,42,297,0.39781249,0.0,0.00050417,0.12420624,False
ETTm1,DLinear,42,298,0.39812106,0.0,0.00050417,0.12420624,False
ETTm1,DLinear,42,299,0.39674581,0.00137525,0.00034381,0.08470192,False
ETTm1,DLinear,42,300,0.39772314,0.0,0.00045842,0.1129359,False
ETTm1,MLP,42,2,0.43682987,0.03987971,0.01933292,1.79128261,False
ETTm1,MLP,42,3,0.4235984,0.01323147,0.0154261,1.42929837,False
ETTm1,MLP,42,4,0.41871082,0.00488759,0.01249602,1.15781305,False
ETTm1,MLP,42,5,0.41500516,0.00370565,0.00467757,0.4333985,False
ETTm1,MLP,42,6,0.41422947,0.0007757,0.00203128,0.18820746,False
ETTm1,MLP,42,7,0.41344199,0.00078747,0.00124658,0.11550111,False
ETTm1,MLP,42,8,0.41359389,0.0,0.00050545,0.04683197,True
ETTm1,MLP,42,9,0.41262982,0.00096407,0.00046164,0.04277332,False
ETTm1,MLP,42,10,0.41338764,0.0,0.00030415,0.02818072,False
ETTm1,MLP,42,11,0.41283096,0.00055668,0.00065602,0.06078344,False
ETTm1,MLP,42,12,0.41283188,0.0,0.00046321,0.04291842,False
ETTm1,MLP,42,13,0.41107251,0.00175937,0.00046321,0.04291842,False
ETTm1,MLP,42,14,0.4121922,0.0,0.00044526,0.04125542,False
ETTm1,MLP,42,15,0.41316024,0.0,0.00072006,0.0667169,False
ETTm1,MLP,42,16,0.41269331,0.00046693,0.00036819,0.03411419,False
ETTm1,MLP,42,17,0.4113193,0.001374,0.00042389,0.03927516,False
ETTm1,MLP,42,18,0.41219159,0.0,0.00042389,0.03927516,False
ETTm1,MLP,42,19,0.41191309,0.00027851,0.00089775,0.0831805,False
ETTm1,MLP,42,20,0.41398536,0.0,0.00062295,0.05771901,False
ETTm1,MLP,42,21,0.41114912,0.00283624,0.00088122,0.08164932,False
ETTm1,MLP,42,22,0.41232551,0.0,0.00082552,0.07648835,False
ETTm1,MLP,42,23,0.41103414,0.00129137,0.00121616,0.11268265,False
ETTm1,MLP,42,24,0.41142257,0.0,0.00064891,0.06012461,False
ETTm1,MLP,42,25,0.40946939,0.00195319,0.00065344,0.06054383,False
ETTm1,MLP,42,26,0.41021389,0.0,0.00039516,0.03661352,False
ETTm1,MLP,42,27,0.41019126,2.262e-05,0.00074113,0.06866948,False
ETTm1,MLP,42,28,0.41056987,0.0,0.0003505,0.03247518,False
ETTm1,MLP,42,29,0.40884,0.00172986,0.0003505,0.03247518,False
ETTm1,MLP,42,30,0.40999859,0.0,0.00034597,0.03205596,False
ETTm1,MLP,42,31,0.41083681,0.0,0.00044477,0.04121032,False
ETTm1,MLP,42,32,0.41096597,0.0,9.88e-05,0.00915436,False
ETTm1,MLP,42,33,0.41047197,0.000494,0.00087935,0.08147564,False
ETTm1,MLP,42,34,0.41626712,0.0,0.00144377,0.13377138,False
ETTm1,MLP,42,35,0.41236438,0.00390274,0.00144377,0.13377138,False
ETTm1,MLP,42,36,0.40954229,0.00282208,0.00162649,0.15070144,False
ETTm1,MLP,42,37,0.4111504,0.0,0.00162649,0.15070144,False
ETTm1,MLP,42,38,0.40974278,0.00140762,0.00084594,0.07838015,False
ETTm1,MLP,42,39,0.41037378,0.0,0.00052263,0.04842425,False
ETTm1,MLP,42,40,0.41233532,0.0,0.00052263,0.04842425,False
ETTm1,MLP,42,41,0.41112978,0.00120554,0.00043293,0.04011247,False
ETTm1,MLP,42,42,0.41202539,0.0,0.00043293,0.04011247,False
ETTm1,MLP,42,43,0.41106631,0.00095908,0.00043293,0.04011247,False
ETTm1,MLP,42,44,0.41164374,0.0,0.00019182,0.01777264,False
ETTm1,MLP,42,45,0.41190945,0.0,0.00037889,0.03510594,False
ETTm1,MLP,42,46,0.4122602,0.0,0.00040456,0.03748464,False
ETTm1,MLP,42,47,0.41132483,0.00093537,0.00040456,0.03748464,False
ETTm1,MLP,42,48,0.41023738,0.00108744,0.00040456,0.03748464,False
ETTm1,MLP,42,49,0.41355538,0.0,0.0015299,0.14175253,False
ETTm1,MLP,42,50,0.42162758,0.0,0.00221267,0.20501369,False
ETTm1,MLP,42,51,0.41600087,0.0056267,0.00199518,0.18486236,False
ETTm1,MLP,42,52,0.41165168,0.00434919,0.00199518,0.18486236,False
ETTm1,MLP,42,53,0.41377215,0.0,0.00284597,0.26369226,False
ETTm1,MLP,42,54,0.41645016,0.0,0.00172063,0.15942436,False
ETTm1,MLP,42,55,0.41219619,0.00425397,0.00085079,0.0788299,False
ETTm1,MLP,42,56,0.41465577,0.0,0.00145278,0.13460632,False
ETTm1,MLP,42,57,0.41493709,0.0,0.00145278,0.13460632,False
ETTm1,MLP,42,58,0.41192718,0.00300991,0.00083819,0.07766207,False
ETTm1,MLP,42,59,0.41499383,0.0,0.00083819,0.07766207,False
ETTm1,MLP,42,60,0.4138128,0.00118104,0.00083819,0.07766207,False
ETTm1,MLP,42,61,0.41473141,0.0,0.00023621,0.02188565,False
ETTm1,MLP,42,62,0.41571552,0.0,0.00024595,0.02278794,False
ETTm1,MLP,42,63,0.41642427,0.0,0.00012979,0.01202569,False
ETTm1,MLP,42,64,0.41637557,4.869e-05,0.00021041,0.01949587,False
ETTm1,MLP,42,65,0.41577531,0.00060026,0.00057986,0.05372671,False
ETTm1,MLP,42,66,0.41537219,0.00040312,0.00057986,0.05372671,False
ETTm1,MLP,42,67,0.41352496,0.00184723,0.00078431,0.07266989,False
ETTm1,MLP,42,68,0.41642275,0.0,0.00081312,0.0753394,False
ETTm1,MLP,42,69,0.41535181,0.00107094,0.0007325,0.06786921,False
ETTm1,MLP,42,70,0.4146075,0.00074432,0.00036305,0.03363837,False
ETTm1,MLP,42,71,0.41490621,0.0,0.00036305,0.03363837,False
ETTm1,MLP,42,72,0.41640007,0.0,0.00017068,0.01581412,False
ETTm1,MLP,42,73,0.41725458,0.0,2.181e-05,0.00202121,False
ETTm1,MLP,42,74,0.4171455,0.00010907,2.181e-05,0.00202121,False
ETTm1,MLP,42,75,0.41725551,0.0,0.00065165,0.06037821,False
ETTm1,MLP,42,76,0.42082319,0.0,0.00151927,0.14076725,False
ETTm1,MLP,42,77,0.41767402,0.00314917,0.00149746,0.13874604,False
ETTm1,MLP,42,78,0.41333591,0.00433811,0.00149746,0.13874604,False
ETTm1,MLP,42,79,0.4162997,0.0,0.00227641,0.2109198,False
ETTm1,MLP,42,80,0.41809184,0.0,0.00164658,0.15256281,False
ETTm1,MLP,42,81,0.41419706,0.00389478,0.0012401,0.11490042,False
ETTm1,MLP,42,82,0.41877689,0.0,0.0012401,0.11490042,False
ETTm1,MLP,42,83,0.4164712,0.0023057,0.00130881,0.12126678,False
ETTm1,MLP,42,84,0.41683697,0.0,0.00052985,0.04909301,False
ETTm1,MLP,42,85,0.41649342,0.00034355,0.00094516,0.08757364,False
ETTm1,MLP,42,86,0.41805619,0.0,0.00051753,0.04795107,False
ETTm1,MLP,42,87,0.41597963,0.00207656,0.00067504,0.06254506,False
ETTm1,MLP,42,88,0.41581212,0.00016751,0.00060632,0.0561787,False
ETTm1,MLP,42,89,0.41502457,0.00078755,0.00110879,0.10273458,False
ETTm1,MLP,42,90,0.42148449,0.0,0.0009536,0.08835557,False
ETTm1,MLP,42,91,0.41897215,0.00251234,0.0009201,0.08525148,False
ETTm1,MLP,42,92,0.41767154,0.00130062,0.00076259,0.07065749,False
ETTm1,MLP,42,93,0.41826732,0.0,0.00110521,0.10240265,False
ETTm1,MLP,42,94,0.42095148,0.0,0.00099303,0.09200895,False
ETTm1,MLP,42,95,0.41923839,0.00171309,0.00073291,0.06790734,False
ETTm1,MLP,42,96,0.41728694,0.00195145,0.00073291,0.06790734,False
ETTm1,MLP,42,97,0.41857646,0.0,0.00133532,0.12372388,False
ETTm1,MLP,42,98,0.4217064,0.0,0.00113261,0.10494148,False
ETTm1,MLP,42,99,0.41869432,0.00301208,0.00120799,0.11192616,False
ETTm1,MLP,42,100,0.4179948,0.00069952,0.00120799,0.11192616,False
ETTm1,MLP,42,101,0.41566642,0.00232837,0.00176025,0.16309541,False
ETTm1,MLP,42,102,0.42173895,0.0,0.00136051,0.12605718,False
ETTm1,MLP,42,103,0.41897766,0.00276129,0.0012206,0.11309442,False
ETTm1,MLP,42,104,0.41796431,0.00101335,0.00102361,0.09484222,False
ETTm1,MLP,42,105,0.41954592,0.0,0.00102361,0.09484222,False
ETTm1,MLP,42,106,0.41820251,0.00134341,0.00084849,0.07861686,False
ETTm1,MLP,42,107,0.42015449,0.0,0.00064582,0.05983855,False
ETTm1,MLP,42,108,0.41826878,0.00188571,0.00107841,0.09991988,False
ETTm1,MLP,42,109,0.42054012,0.0,0.00080973,0.07502522,False
ETTm1,MLP,42,110,0.41837717,0.00216295,0.00181434,0.16810727,False
ETTm1,MLP,42,111,0.42221313,0.0,0.0014372,0.13316338,False
ETTm1,MLP,42,112,0.41719006,0.00502307,0.0014372,0.13316338,False
ETTm1,MLP,42,113,0.41798283,0.0,0.00135955,0.12596808,False
ETTm1,MLP,42,114,0.41916806,0.0,0.00135955,0.12596808,False
ETTm1,MLP,42,115,0.4173934,0.00177466,0.00035493,0.03288603,False
ETTm1,MLP,42,116,0.41904423,0.0,0.00035493,0.03288603,False
ETTm1,MLP,42,117,0.41941376,0.0,0.00115282,0.10681425,False
ETTm1,MLP,42,118,0.42090466,0.0,0.00079789,0.07392822,False
ETTm1,MLP,42,119,0.41691521,0.00398946,0.00114397,0.10599426,False
ETTm1,MLP,42,120,0.42096004,0.0,0.00114397,0.10599426,False
ETTm1,MLP,42,121,0.41922963,0.00173041,0.00114397,0.10599426,False
ETTm1,MLP,42,122,0.41924234,0.0,0.003465,0.3210482,False
ETTm1,MLP,42,123,0.43481948,0.0,0.00381027,0.35303907,False
ETTm1,MLP,42,124,0.41922487,0.01559461,0.00351505,0.32568496,False
ETTm1,MLP,42,125,0.41749852,0.00172635,0.00351505,0.32568496,False
ETTm1,MLP,42,126,0.41724425,0.00025427,0.0035621,0.33004499,False
ETTm1,MLP,42,127,0.41904624,0.0,0.00044318,0.04106282,False
ETTm1,MLP,42,128,0.41881096,0.00023528,0.00057662,0.05342649,False
ETTm1,MLP,42,129,0.42102175,0.0,0.00052577,0.04871458,False
ETTm1,MLP,42,130,0.4186282,0.00239354,0.00052577,0.04871458,False
ETTm1,MLP,42,131,0.41877618,0.0,0.00047871,0.04435455,False
ETTm1,MLP,42,132,0.4208898,0.0,0.00215795,0.19994351,False
ETTm1,MLP,42,133,0.42287288,0.0,0.00167924,0.15558896,False
ETTm1,MLP,42,134,0.41447669,0.00839619,0.00181267,0.16795232,False
ETTm1,MLP,42,135,0.42259684,0.0,0.0023172,0.2146993,False
ETTm1,MLP,42,136,0.42192967,0.00066717,0.0023172,0.2146993,False
ETTm1,MLP,42,137,0.41940702,0.00252265,0.00063796,0.05911033,False
ETTm1,MLP,42,138,0.42077282,0.0,0.00152178,0.14099973,False
ETTm1,MLP,42,139,0.42303895,0.0,0.00138834,0.12863638,False
ETTm1,MLP,42,140,0.41861988,0.00441907,0.00169108,0.15668592,False
ETTm1,MLP,42,141,0.4218696,0.0,0.00169108,0.15668592,False
ETTm1,MLP,42,142,0.41783329,0.00403631,0.00169108,0.15668592,False
ETTm1,MLP,42,143,0.41959482,0.0,0.00080726,0.07479652,False
ETTm1,MLP,42,144,0.4207479,0.0,0.00199308,0.18466759,False
ETTm1,MLP,42,145,0.42580547,0.0,0.00142198,0.13175287,False
ETTm1,MLP,42,146,0.4198764,0.00592907,0.00149965,0.13894944,False
ETTm1,MLP,42,147,0.41869557,0.00118083,0.00149965,0.13894944,False
ETTm1,MLP,42,148,0.41830722,0.00038836,0.00149965,0.13894944,False
ETTm1,MLP,42,149,0.42066273,0.0,0.00063172,0.05853199,False
ETTm1,MLP,42,150,0.42242725,0.0,0.00039556,0.03665019,False
ETTm1,MLP,42,151,0.42083781,0.00158943,0.00108048,0.10011118,False
ETTm1,MLP,42,152,0.42631639,0.0,0.00181997,0.16862803,False
ETTm1,MLP,42,153,0.42250344,0.00381296,0.00181997,0.16862803,False
ETTm1,MLP,42,154,0.418806,0.00369744,0.00192813,0.17865007,False
ETTm1,MLP,42,155,0.42469871,0.0,0.0024158,0.22383472,False
ETTm1,MLP,42,156,0.42256845,0.00213026,0.00165321,0.15317716,False
ETTm1,MLP,42,157,0.42013011,0.00243834,0.00307911,0.28529329,False
ETTm1,MLP,42,158,0.42994686,0.0,0.00307911,0.28529329,False
ETTm1,MLP,42,159,0.41911992,0.01082694,0.00359079,0.33270326,False
ETTm1,MLP,42,160,0.42409041,0.0,0.00354087,0.32807774,False
ETTm1,MLP,42,161,0.41940172,0.00468869,0.00379463,0.35158968,False
ETTm1,MLP,42,162,0.41721299,0.00218873,0.00162924,0.15095669,False
ETTm1,MLP,42,163,0.41594419,0.0012688,0.00396289,0.36717948,False
ETTm1,MLP,42,164,0.42896206,0.0,0.00302515,0.28029387,False
ETTm1,MLP,42,165,0.41729384,0.01166823,0.00259052,0.24002301,False
ETTm1,MLP,42,166,0.42031004,0.0,0.00233676,0.21651107,False
ETTm1,MLP,42,167,0.42029449,1.556e-05,0.00237151,0.21973121,False
ETTm1,MLP,42,168,0.42043558,0.0,3.787e-05,0.00350841,False
ETTm1,MLP,42,169,0.4202618,0.00017377,3.787e-05,0.00350841,False
ETTm1,MLP,42,170,0.42099444,0.0,0.0050977,0.47232492,False
ETTm1,MLP,42,171,0.44390012,0.0,0.0054504,0.50500424,False
ETTm1,MLP,42,172,0.41858539,0.02531472,0.00541565,0.50178411,False
ETTm1,MLP,42,173,0.41682189,0.0017635,0.00541565,0.50178411,False
ETTm1,MLP,42,174,0.41862878,0.0,0.00607517,0.56289219,False
ETTm1,MLP,42,175,0.41885517,0.0,0.00101223,0.0937874,False
ETTm1,MLP,42,176,0.41555754,0.00329763,0.00065953,0.06110808,False
ETTm1,MLP,42,177,0.42088394,0.0,0.00065953,0.06110808,False
ETTm1,MLP,42,178,0.46053175,0.0,0.00892753,0.82717568,False
ETTm1,MLP,42,179,0.46151831,0.0,0.008268,0.76606759,False
ETTm1,MLP,42,180,0.42017831,0.04134,0.008268,0.76606759,False
ETTm1,MLP,42,181,0.42117233,0.0,0.01174366,1.08810319,False
ETTm1,MLP,42,182,0.43779524,0.0,0.01226972,1.13684478,False
ETTm1,MLP,42,183,0.42041695,0.0173783,0.00408734,0.3787103,False
ETTm1,MLP,42,184,0.41778666,0.00263029,0.00408734,0.3787103,False
ETTm1,MLP,42,185,0.41735856,0.0004281,0.00408734,0.3787103,False
ETTm1,MLP,42,186,0.41801612,0.0,0.00061168,0.05667471,False
ETTm1,MLP,42,187,0.41999414,0.0,0.00099651,0.09233109,False
ETTm1,MLP,42,188,0.42424763,0.0,0.00091089,0.08439798,False
ETTm1,MLP,42,189,0.41969319,0.00455444,0.00119604,0.11081815,False
ETTm1,MLP,42,190,0.42180224,0.0,0.00119604,0.11081815,False
ETTm1,MLP,42,191,0.4203765,0.00142574,0.001604,0.1486175,False
ETTm1,MLP,42,192,0.42104104,0.0,0.00134852,0.12494652,False
ETTm1,MLP,42,193,0.41900124,0.0020398,0.00134852,0.12494652,False
ETTm1,MLP,42,194,0.41572417,0.00327707,0.0014333,0.13280179,False
ETTm1,MLP,42,195,0.42423061,0.0,0.00171482,0.15888618,False
ETTm1,MLP,42,196,0.42238097,0.00184964,0.00198609,0.1840203,False
ETTm1,MLP,42,197,0.42097336,0.00140762,0.00133068,0.1232933,False
ETTm1,MLP,42,198,0.41757722,0.00339614,0.00134052,0.12420569,False
ETTm1,MLP,42,199,0.41988553,0.0,0.0017956,0.16637045,False
ETTm1,MLP,42,200,0.41983629,4.924e-05,0.00151408,0.14028606,False
ETTm1,MLP,42,201,0.41571128,0.00412501,0.00083485,0.07735258,False
ETTm1,MLP,42,202,0.41816069,0.0,0.00083816,0.07765968,False
ETTm1,MLP,42,203,0.41921355,0.0,0.00082832,0.07674729,False
ETTm1,MLP,42,204,0.41919698,1.657e-05,0.00076639,0.07100918,False
ETTm1,MLP,42,205,0.42075749,0.0,0.00076639,0.07100918,False
ETTm1,MLP,42,206,0.41694213,0.00381536,0.00076639,0.07100918,False
ETTm1,MLP,42,207,0.41789727,0.0,0.00100055,0.0927059,False
ETTm1,MLP,42,208,0.41994327,0.0,0.00153491,0.14221645,False
ETTm1,MLP,42,209,0.41875586,0.00118741,0.00077184,0.07151436,False
ETTm1,MLP,42,210,0.41608408,0.00267178,0.00077184,0.07151436,False
ETTm1,MLP,42,211,0.42261289,0.0,0.00228347,0.21157426,False
ETTm1,MLP,42,212,0.42428729,0.0,0.00204599,0.18957045,False
ETTm1,MLP,42,213,0.41672911,0.00755818,0.00151164,0.1400599,False
ETTm1,MLP,42,214,0.41740383,0.0,0.00166012,0.15381728,False
ETTm1,MLP,42,215,0.42014857,0.0,0.00193978,0.17972933,False
ETTm1,MLP,42,216,0.41940617,0.0007424,0.00104411,0.09674174,False
ETTm1,MLP,42,217,0.41800785,0.00139831,0.00104411,0.09674174,False
ETTm1,MLP,42,218,0.41492801,0.00307985,0.00104411,0.09674174,False
ETTm1,MLP,42,219,0.41753973,0.0,0.00089563,0.08298436,False
ETTm1,MLP,42,220,0.42000033,0.0,0.00061597,0.05707232,False
ETTm1,MLP,42,221,0.4209288,0.0,0.00179014,0.16586437,False
ETTm1,MLP,42,222,0.42957221,0.0,0.00179014,0.16586437,False
ETTm1,MLP,42,223,0.42062152,0.00895069,0.00246389,0.22829018,False
ETTm1,MLP,42,224,0.4221477,0.0,0.00246389,0.22829018,False
ETTm1,MLP,42,225,0.41877896,0.00336874,0.0027509,0.25488312,False
ETTm1,MLP,42,226,0.4219288,0.0,0.00096076,0.08901875,False
ETTm1,MLP,42,227,0.42049374,0.00143506,0.00096076,0.08901875,False
ETTm1,MLP,42,228,0.42074588,0.0,0.00028701,0.02659294,False
ETTm1,MLP,42,229,0.42361022,0.0,0.00231007,0.21403808,False
ETTm1,MLP,42,230,0.43204077,0.0,0.00209841,0.19442733,False
ETTm1,MLP,42,231,0.4219255,0.01011527,0.0031188,0.28897077,False
ETTm1,MLP,42,232,0.42154871,0.00037679,0.0031188,0.28897077,False
ETTm1,MLP,42,233,0.41644678,0.00510193,0.00335743,0.31108146,False
ETTm1,MLP,42,234,0.4180306,0.0,0.00133438,0.12363631,False
ETTm1,MLP,42,235,0.41683742,0.00119318,0.00186204,0.1725265,False
ETTm1,MLP,42,236,0.42611933,0.0,0.00178081,0.16500054,False
ETTm1,MLP,42,237,0.42310424,0.00301509,0.00178081,0.16500054,False
ETTm1,MLP,42,238,0.41840844,0.0046958,0.00236091,0.21874926,False
ETTm1,MLP,42,239,0.42129681,0.0,0.00236091,0.21874926,False
ETTm1,MLP,42,240,0.41720314,0.00409367,0.00175789,0.16287689,False
ETTm1,MLP,42,241,0.42018057,0.0,0.00108346,0.10038752,False
ETTm1,MLP,42,242,0.42055915,0.0,0.00108346,0.10038752,False
ETTm1,MLP,42,243,0.41923551,0.00132363,0.00026473,0.02452811,False
ETTm1,MLP,42,244,0.41991405,0.0,0.00044736,0.04145,False
ETTm1,MLP,42,245,0.42055169,0.0,0.00044736,0.04145,False
ETTm1,MLP,42,246,0.41963852,0.00091317,0.00022371,0.02072773,False
ETTm1,MLP,42,247,0.42267877,0.0,0.00028845,0.02672608,False
ETTm1,MLP,42,248,0.42247339,0.00020538,0.00028845,0.02672608,False
ETTm1,MLP,42,249,0.4221497,0.00032369,0.00266103,0.24655692,False
ETTm1,MLP,42,250,0.43278899,0.0,0.00266103,0.24655692,False
ETTm1,MLP,42,251,0.42001288,0.0127761,0.00261996,0.24275108,False
ETTm1,MLP,42,252,0.42049991,0.0,0.00255522,0.23675273,False
ETTm1,MLP,42,253,0.42090295,0.0,0.00276392,0.25608969,False
ETTm1,MLP,42,254,0.4217744,0.0,0.0002087,0.01933696,False
ETTm1,MLP,42,255,0.4207309,0.0010435,0.00108586,0.10060989,False
ETTm1,MLP,42,256,0.42168217,0.0,0.00108586,0.10060989,False
ETTm1,MLP,42,257,0.41729636,0.0043858,0.00108586,0.10060989,False
ETTm1,MLP,42,258,0.42026797,0.0,0.0037015,0.34296087,False
ETTm1,MLP,42,259,0.43258118,0.0,0.0037015,0.34296087,False
ETTm1,MLP,42,260,0.41845948,0.0141217,0.00342309,0.31716467,False
ETTm1,MLP,42,261,0.42268597,0.0,0.00434428,0.40251678,False
ETTm1,MLP,42,262,0.41969223,0.00299374,0.00434428,0.40251678,False
ETTm1,MLP,42,263,0.41508629,0.00460593,0.0015751,0.14593995,False
ETTm1,MLP,42,264,0.42286779,0.0,0.00207741,0.19248184,False
ETTm1,MLP,42,265,0.42259197,0.00027582,0.001692,0.15677154,False
ETTm1,MLP,42,266,0.42008039,0.00251158,0.00077081,0.07141943,False
ETTm1,MLP,42,267,0.41901372,0.00106667,0.00106741,0.09890074,False
ETTm1,MLP,42,268,0.4214884,0.0,0.00157185,0.14563943,False
ETTm1,MLP,42,269,0.4200054,0.001483,0.00106954,0.09909755,False
ETTm1,MLP,42,270,0.41720738,0.00279802,0.0008562,0.07933111,False
ETTm1,MLP,42,271,0.4189303,0.0,0.00219035,0.20294581,False
ETTm1,MLP,42,272,0.42216523,0.0,0.00189375,0.1754645,False
ETTm1,MLP,42,273,0.4154945,0.00667073,0.00133415,0.1236147,False
ETTm1,MLP,42,274,0.41741697,0.0,0.00133415,0.1236147,False
ETTm1,MLP,42,275,0.42417892,0.0,0.00269531,0.24973293,False
ETTm1,MLP,42,276,0.42510237,0.0,0.00136117,0.12611824,False
ETTm1,MLP,42,277,0.41829654,0.00680583,0.00136117,0.12611824,False
ETTm1,MLP,42,278,0.42048615,0.0,0.00136117,0.12611824,False
ETTm1,MLP,42,279,0.42533084,0.0,0.00180031,0.16680677,False
ETTm1,MLP,42,280,0.42825208,0.0,0.00043914,0.04068853,False
ETTm1,MLP,42,281,0.42605637,0.00219571,0.00172399,0.1597357,False
ETTm1,MLP,42,282,0.42648406,0.0,0.00172399,0.1597357,False
ETTm1,MLP,42,283,0.42005981,0.00642425,0.00188619,0.1747636,False
ETTm1,MLP,42,284,0.42385701,0.0,0.00174327,0.16152191,False
ETTm1,MLP,42,285,0.42304605,0.00081096,0.00191688,0.17760774,False
ETTm1,MLP,42,286,0.42156491,0.00148114,0.00077263,0.07158727,False
ETTm1,MLP,42,287,0.42069686,0.00086805,0.00117916,0.10925416,False
ETTm1,MLP,42,288,0.41999389,0.00070297,0.00101696,0.09422626,False
ETTm1,MLP,42,289,0.41796123,0.00203265,0.00072074,0.06677942,False
ETTm1,MLP,42,290,0.4191191,0.0,0.00080352,0.07445012,False
ETTm1,MLP,42,291,0.42092108,0.0,0.00131543,0.12188017,False
ETTm1,MLP,42,292,0.41963909,0.001282,0.0009089,0.08421328,False
ETTm1,MLP,42,293,0.41637661,0.00326248,0.00091288,0.08458275,False
ETTm1,MLP,42,294,0.41777431,0.0,0.00091288,0.08458275,False
ETTm1,MLP,42,295,0.41775437,1.994e-05,0.00114787,0.10635572,False
ETTm1,MLP,42,296,0.42182928,0.0,0.00049538,0.04589898,False
ETTm1,MLP,42,297,0.41937233,0.00245695,0.00149447,0.13846907,False
ETTm1,MLP,42,298,0.42554122,0.0,0.00209068,0.19371063,False
ETTm1,MLP,42,299,0.42054577,0.00499544,0.00261335,0.24213829,False
ETTm1,MLP,42,300,0.41754478,0.00300099,0.00266548,0.24696854,False
ETTm1,CNN,42,2,0.42392691,0.01046227,0.00651467,1.24672213,False
ETTm1,CNN,42,3,0.41814523,0.00578168,0.00665208,1.2730193,False
ETTm1,CNN,42,4,0.41484519,0.00330004,0.00532166,1.01841544,False
ETTm1,CNN,42,5,0.40778086,0.00706432,0.00423714,0.8108681,False
ETTm1,CNN,42,6,0.4103394,0.0,0.00340163,0.65097503,False
ETTm1,CNN,42,7,0.40529975,0.00503965,0.00274162,0.5246681,False
ETTm1,CNN,42,8,0.40369562,0.00160413,0.00175258,0.33539354,False
ETTm1,CNN,42,9,0.40608013,0.0,0.00190009,0.36362359,False
ETTm1,CNN,42,10,0.40396102,0.00211911,0.00089216,0.1707346,False
ETTm1,CNN,42,11,0.40322345,0.00073757,0.00081719,0.15638609,False
ETTm1,CNN,42,12,0.40548393,0.0,0.00096439,0.18455631,False
ETTm1,CNN,42,13,0.40425469,0.00122924,0.00077535,0.14837908,False
ETTm1,CNN,42,14,0.40351868,0.00073601,0.00062783,0.12014903,False
ETTm1,CNN,42,15,0.40234478,0.0011739,0.00217794,0.4167966,False
ETTm1,CNN,42,16,0.40766043,0.0,0.0020455,0.39144977,False
ETTm1,CNN,42,17,0.39990986,0.00775056,0.00189829,0.36327955,False
ETTm1,CNN,42,18,0.39934286,0.000567,0.00166351,0.31834917,False
ETTm1,CNN,42,19,0.40166896,0.0,0.00219989,0.42099604,False
ETTm1,CNN,42,20,0.40266958,0.0,0.00097091,0.18580427,False
ETTm1,CNN,42,21,0.39998771,0.00268187,0.00085751,0.16410267,False
ETTm1,CNN,42,22,0.39838204,0.00160567,0.00085751,0.16410267,False
ETTm1,CNN,42,23,0.40090316,0.0,0.00085751,0.16410267,False
ETTm1,CNN,42,24,0.40352673,0.0,0.0011061,0.21167605,False
ETTm1,CNN,42,25,0.40386907,0.0,0.00115518,0.22106923,False
ETTm1,CNN,42,26,0.39994423,0.00392483,0.00115518,0.22106923,False
ETTm1,CNN,42,27,0.39809315,0.00185108,0.00115518,0.22106923,False
ETTm1,CNN,42,28,0.3995806,0.0,0.00139621,0.26719544,False
ETTm1,CNN,42,29,0.40077,0.0,0.00061125,0.1169752,False
ETTm1,CNN,42,30,0.39956485,0.00120515,0.00083157,0.15913882,False
ETTm1,CNN,42,31,0.40519585,0.0,0.00083157,0.15913882,False
ETTm1,CNN,42,32,0.40224315,0.0029527,0.0019111,0.36573109,False
ETTm1,CNN,42,33,0.40278608,0.0,0.00167007,0.31960488,False
ETTm1,CNN,42,34,0.3973884,0.00539767,0.00167007,0.31960488,False
ETTm1,CNN,42,35,0.39991627,0.0,0.00107953,0.20659228,False
ETTm1,CNN,42,36,0.40068019,0.0,0.00150127,0.28730099,False
ETTm1,CNN,42,37,0.40163982,0.0,0.00065326,0.12501505,False
ETTm1,CNN,42,38,0.39953113,0.00210869,0.00065326,0.12501505,False
ETTm1,CNN,42,39,0.39837353,0.0011576,0.00085836,0.1642654,False
ETTm1,CNN,42,40,0.40218831,0.0,0.00085836,0.1642654,False
ETTm1,CNN,42,41,0.40116281,0.0010255,0.00221006,0.42294223,False
ETTm1,CNN,42,42,0.40766893,0.0,0.00197854,0.37863589,False
ETTm1,CNN,42,43,0.39880175,0.00886719,0.00197854,0.37863589,False
ETTm1,CNN,42,44,0.39928356,0.0,0.00181582,0.34749637,False
ETTm1,CNN,42,45,0.40592331,0.0,0.00215925,0.4132195,False
ETTm1,CNN,42,46,0.40571139,0.00021191,0.00038581,0.07383396,False
ETTm1,CNN,42,47,0.40399423,0.00171716,0.00038581,0.07383396,False
ETTm1,CNN,42,48,0.40503952,0.0,0.00213675,0.40891232,False
ETTm1,CNN,42,49,0.4146032,0.0,0.00225974,0.43244912,False
ETTm1,CNN,42,50,0.40584855,0.00875465,0.00216083,0.41352183,False
ETTm1,CNN,42,51,0.40502169,0.00082686,0.0024708,0.47284034,False
ETTm1,CNN,42,52,0.40379904,0.00122264,0.0024708,0.47284034,False
ETTm1,CNN,42,53,0.40224922,0.00154983,0.00071987,0.13776198,False
ETTm1,CNN,42,54,0.4085905,0.0,0.00219045,0.41918939,False
ETTm1,CNN,42,55,0.4095769,0.0,0.00194592,0.37239355,False
ETTm1,CNN,42,56,0.40139713,0.00817977,0.00262505,0.50236089,False
ETTm1,CNN,42,57,0.4078916,0.0,0.00262505,0.50236089,False
ETTm1,CNN,42,58,0.4029461,0.00494551,0.00491741,0.94105201,False
ETTm1,CNN,42,59,0.41553179,0.0,0.00341493,0.65352058,False
ETTm1,CNN,42,60,0.40407002,0.01146176,0.00369727,0.70755222,False
ETTm1,CNN,42,61,0.40340264,0.00066738,0.00270817,0.51826637,False
ETTm1,CNN,42,62,0.40199095,0.00141169,0.00270817,0.51826637,False
ETTm1,CNN,42,63,0.40293687,0.0,0.00160964,0.30803989,False
ETTm1,CNN,42,64,0.40965351,0.0,0.00159301,0.30485598,False
ETTm1,CNN,42,65,0.40368437,0.00596914,0.0016248,0.31093982,False
ETTm1,CNN,42,66,0.40310017,0.0005842,0.0016248,0.31093982,False
ETTm1,CNN,42,67,0.40152952,0.00157065,0.00200061,0.38285995,False
ETTm1,CNN,42,68,0.40714756,0.0,0.00080678,0.15439531,False
ETTm1,CNN,42,69,0.40526849,0.00187907,0.0013079,0.25029572,False
ETTm1,CNN,42,70,0.41044864,0.0,0.00208464,0.3989411,False
ETTm1,CNN,42,71,0.40735884,0.0030898,0.00208464,0.3989411,False
ETTm1,CNN,42,72,0.40190451,0.00545433,0.00282631,0.54087509,False
ETTm1,CNN,42,73,0.4095657,0.0,0.0032688,0.62555634,False
ETTm1,CNN,42,74,0.40397829,0.00558741,0.00265084,0.50729623,False
ETTm1,CNN,42,75,0.40176581,0.00221248,0.00155998,0.29853537,False
ETTm1,CNN,42,76,0.40562481,0.0,0.00232708,0.4453362,False
ETTm1,CNN,42,77,0.40884659,0.0,0.00120959,0.23148208,False
ETTm1,CNN,42,78,0.4050111,0.00383549,0.0007671,0.14680083,False
ETTm1,CNN,42,79,0.4068049,0.0,0.00122094,0.2336541,False
ETTm1,CNN,42,80,0.41008611,0.0,0.00122094,0.2336541,False
ETTm1,CNN,42,81,0.40781688,0.00226923,0.00158068,0.30249652,False
ETTm1,CNN,42,82,0.40932995,0.0,0.00158068,0.30249652,False
ETTm1,CNN,42,83,0.4036958,0.00563415,0.00243586,0.46615418,False
ETTm1,CNN,42,84,0.40618666,0.0,0.00198201,0.37930091,False
ETTm1,CNN,42,85,0.40191075,0.00427591,0.00198201,0.37930091,False
ETTm1,CNN,42,86,0.40848751,0.0,0.00363257,0.69517041,False
ETTm1,CNN,42,87,0.41504838,0.0,0.00363257,0.69517041,False
ETTm1,CNN,42,88,0.40116145,0.01388693,0.00299154,0.57249518,False
ETTm1,CNN,42,89,0.40480059,0.0,0.00299154,0.57249518,False
ETTm1,CNN,42,90,0.40372984,0.00107076,0.00299154,0.57249518,False
ETTm1,CNN,42,91,0.41013656,0.0,0.00295881,0.56623292,False
ETTm1,CNN,42,92,0.41649615,0.0,0.00295881,0.56623292,False
ETTm1,CNN,42,93,0.40277283,0.01372331,0.00274466,0.52525049,False
ETTm1,CNN,42,94,0.40742751,0.0,0.00407728,0.78027605,False
ETTm1,CNN,42,95,0.41288699,0.0,0.00407728,0.78027605,False
ETTm1,CNN,42,96,0.40622389,0.0066631,0.00133293,0.25508518,False
ETTm1,CNN,42,97,0.40871132,0.0,0.00133293,0.25508518,False
ETTm1,CNN,42,98,0.40870976,1.56e-06,0.00391529,0.74927579,False
ETTm1,CNN,42,99,0.41443496,0.0,0.00258267,0.49425024,False
ETTm1,CNN,42,100,0.40152315,0.01291181,0.00780579,1.49380711,False
ETTm1,CNN,42,101,0.43411308,0.0,0.00780548,1.49374748,False
ETTm1,CNN,42,102,0.40799748,0.0261156,0.00971612,1.85938944,False
ETTm1,CNN,42,103,0.41980887,0.0,0.00867955,1.66101826,False
ETTm1,CNN,42,104,0.41025568,0.00955319,0.00867955,1.66101826,False
ETTm1,CNN,42,105,0.40252675,0.00772893,0.00345642,0.66146139,False
ETTm1,CNN,42,106,0.42361793,0.0,0.00408194,0.78116659,False
ETTm1,CNN,42,107,0.43511673,0.0,0.00436574,0.83547786,False
ETTm1,CNN,42,108,0.43198917,0.00312756,0.00604737,1.15729536,False
ETTm1,CNN,42,109,0.42101698,0.01097219,0.00604737,1.15729536,False
ETTm1,CNN,42,110,0.40487986,0.01613711,0.00604737,1.15729536,False
ETTm1,CNN,42,111,0.41760789,0.0,0.00981063,1.87747604,False
ETTm1,CNN,42,112,0.43803032,0.0,0.00761619,1.45752281,False
ETTm1,CNN,42,113,0.41608647,0.02194385,0.01535129,2.93779968,False
ETTm1,CNN,42,114,0.46984847,0.0,0.01535129,2.93779968,False
ETTm1,CNN,42,115,0.41503589,0.05481257,0.02730087,5.2246115,False
ETTm1,CNN,42,116,0.46105292,0.0,0.0229121,4.38472562,False
ETTm1,CNN,42,117,0.40130498,0.05974795,0.0229121,4.38472562,False
ETTm1,CNN,42,118,0.40343126,0.0,0.01298094,2.48418222,False
ETTm1,CNN,42,119,0.40714855,0.0,0.01298094,2.48418222,False
ETTm1,CNN,42,120,0.40199181,0.00515673,0.00190107,0.36381158,False
ETTm1,CNN,42,121,0.4108766,0.0,0.00190107,0.36381158,False
ETTm1,CNN,42,122,0.40652797,0.00434864,0.00433665,0.82991222,False
ETTm1,CNN,42,123,0.41762631,0.0,0.00396889,0.75953337,False
ETTm1,CNN,42,124,0.40544842,0.0121779,0.00396889,0.75953337,False
ETTm1,CNN,42,125,0.40213049,0.00331793,0.00590054,1.12919522,False
ETTm1,CNN,42,126,0.4162573,0.0,0.00590054,1.12919522,False
ETTm1,CNN,42,127,0.40225044,0.01400686,0.00681662,1.30450665,False
ETTm1,CNN,42,128,0.41968012,0.0,0.00615303,1.17751511,False
ETTm1,CNN,42,129,0.40292184,0.01675829,0.00615303,1.17751511,False
ETTm1,CNN,42,130,0.4127573,0.0,0.0043674,0.83579624,False
ETTm1,CNN,42,131,0.41309661,0.0,0.00490843,0.93933444,False
ETTm1,CNN,42,132,0.4080179,0.00507871,0.00184611,0.35329339,False
ETTm1,CNN,42,133,0.40531274,0.00270516,0.00184611,0.35329339,False
ETTm1,CNN,42,134,0.40386605,0.00144669,0.00187214,0.35827394,False
ETTm1,CNN,42,135,0.40421117,0.0,0.00112044,0.21442015,False
ETTm1,CNN,42,136,0.40408104,0.00013013,0.00057941,0.11088195,False
ETTm1,CNN,42,137,0.40276083,0.00132022,0.00316107,0.60493807,False
ETTm1,CNN,42,138,0.41777472,0.0,0.00316107,0.60493807,False
ETTm1,CNN,42,139,0.40341974,0.01435498,0.00886374,1.69626753,False
ETTm1,CNN,42,140,0.4479984,0.0,0.01108193,2.12076573,False
ETTm1,CNN,42,141,0.41935491,0.02864349,0.01133448,2.16909811,False
ETTm1,CNN,42,142,0.40694375,0.01241116,0.00888169,1.6997036,False
ETTm1,CNN,42,143,0.40568096,0.00126279,0.00888169,1.6997036,False
ETTm1,CNN,42,144,0.40358994,0.00209103,0.00696712,1.33330794,False
ETTm1,CNN,42,145,0.42691765,0.0,0.00448488,0.85827937,False
ETTm1,CNN,42,146,0.40784704,0.0190706,0.00637235,1.21948668,False
ETTm1,CNN,42,147,0.41784668,0.0,0.00627821,1.20147027,False
ETTm1,CNN,42,148,0.40714656,0.01070012,0.00646296,1.23682683,False
ETTm1,CNN,42,149,0.40552625,0.00162031,0.00264884,0.50691247,False
ETTm1,CNN,42,150,0.40460248,0.00092377,0.00394214,0.75441275,False
ETTm1,CNN,42,151,0.41843384,0.0,0.00230694,0.44148338,False
ETTm1,CNN,42,152,0.41196735,0.00646648,0.00198288,0.37946717,False
ETTm1,CNN,42,153,0.4094432,0.00252416,0.00478565,0.91583829,False
ETTm1,CNN,42,154,0.41778961,0.0,0.00478565,0.91583829,False
ETTm1,CNN,42,155,0.40285198,0.01493763,0.00349236,0.66833801,False
ETTm1,CNN,42,156,0.4037993,0.0,0.00704372,1.34796867,False
ETTm1,CNN,42,157,0.42483853,0.0,0.00704372,1.34796867,False
ETTm1,CNN,42,158,0.40455754,0.02028099,0.0040562,0.77624098,False
ETTm1,CNN,42,159,0.40712746,0.0,0.00566015,1.08319212,False
ETTm1,CNN,42,160,0.41316632,0.0,0.00566015,1.08319212,False
ETTm1,CNN,42,161,0.40514655,0.00801977,0.00508811,0.97371958,False
ETTm1,CNN,42,162,0.43220535,0.0,0.00508811,0.97371958,False
ETTm1,CNN,42,163,0.41478457,0.01742078,0.00508811,0.97371958,False
ETTm1,CNN,42,164,0.42338161,0.0,0.00749536,1.43439934,False
ETTm1,CNN,42,165,0.4257149,0.0,0.00749536,1.43439934,False
ETTm1,CNN,42,166,0.40565887,0.02005603,0.00425321,0.81394383,False
ETTm1,CNN,42,167,0.40775152,0.0,0.00425321,0.81394383,False
ETTm1,CNN,42,168,0.40654149,0.00121003,0.00540272,1.03392612,False
ETTm1,CNN,42,169,0.41512086,0.0,0.00238811,0.45701706,False
ETTm1,CNN,42,170,0.40937335,0.00574752,0.00238811,0.45701706,False
ETTm1,CNN,42,171,0.40439032,0.00498302,0.00360209,0.68933739,False
ETTm1,CNN,42,172,0.422041,0.0,0.004747,0.90844022,False
ETTm1,CNN,42,173,0.4147611,0.0072799,0.00384949,0.73668269,False
ETTm1,CNN,42,174,0.40903656,0.00572454,0.00285288,0.54596085,False
ETTm1,CNN,42,175,0.40777658,0.00125998,0.00285288,0.54596085,False
ETTm1,CNN,42,176,0.41023614,0.0,0.00282827,0.5412501,False
ETTm1,CNN,42,177,0.4176046,0.0,0.00172319,0.32976999,False
ETTm1,CNN,42,178,0.41044777,0.00715682,0.0014712,0.28154523,False
ETTm1,CNN,42,179,0.41024861,0.00019916,0.00239164,0.45769232,False
ETTm1,CNN,42,180,0.41101365,0.0,0.00239164,0.45769232,False
ETTm1,CNN,42,181,0.40641142,0.00460223,0.00244202,0.46733281,False
ETTm1,CNN,42,182,0.41557962,0.0,0.00240219,0.4597101,False
ETTm1,CNN,42,183,0.40817092,0.0074087,0.0029689,0.56816357,False
ETTm1,CNN,42,184,0.4171751,0.0,0.00457515,0.87555305,False
ETTm1,CNN,42,185,0.41434152,0.00283358,0.00457515,0.87555305,False
ETTm1,CNN,42,186,0.40170807,0.01263345,0.00459949,0.88021191,False
ETTm1,CNN,42,187,0.40767915,0.0,0.00459949,0.88021191,False
ETTm1,CNN,42,188,0.40014873,0.00753043,0.00403277,0.77175843,False
ETTm1,CNN,42,189,0.40272226,0.0,0.00256742,0.4913308,False
ETTm1,CNN,42,190,0.40674122,0.0,0.00256742,0.4913308,False
ETTm1,CNN,42,191,0.40143456,0.00530666,0.04146867,7.93592432,False
ETTm1,CNN,42,192,0.60986148,0.0,0.0426355,8.15922273,False
ETTm1,CNN,42,193,0.40782481,0.20203667,0.04280477,8.19161697,False
ETTm1,CNN,42,194,0.40199065,0.00583416,0.04208686,8.0542284,False
ETTm1,CNN,42,195,0.40114428,0.00084637,0.04208686,8.0542284,False
ETTm1,CNN,42,196,0.3994272,0.00171709,0.00167952,0.32141301,False
ETTm1,CNN,42,197,0.40582744,0.0,0.01259618,2.41055021,False
ETTm1,CNN,42,198,0.46607314,0.0,0.0124269,2.37815596,False
ETTm1,CNN,42,199,0.40565572,0.06041742,0.01208348,2.31243561,False
ETTm1,CNN,42,200,0.40780861,0.0,0.01616918,3.09432122,False
ETTm1,CNN,42,201,0.42211734,0.0,0.01616918,3.09432122,False
ETTm1,CNN,42,202,0.40168887,0.02042847,0.00408569,0.78188561,False
ETTm1,CNN,42,203,0.40550262,0.0,0.03250378,6.22029963,False
ETTm1,CNN,42,204,0.54823882,0.0,0.03250378,6.22029963,False
ETTm1,CNN,42,205,0.40614839,0.14209043,0.03167031,6.06079809,False
ETTm1,CNN,42,206,0.43425893,0.0,0.0345097,6.60417639,False
ETTm1,CNN,42,207,0.41799779,0.01626114,0.0345097,6.60417639,False
ETTm1,CNN,42,208,0.40380085,0.01419694,0.00975311,1.8664677,False
ETTm1,CNN,42,209,0.4313102,0.0,0.01134968,2.1720056,False
ETTm1,CNN,42,210,0.41300274,0.01830746,0.00809745,1.54962153,False
ETTm1,CNN,42,211,0.4050199,0.00798284,0.01221919,2.33840509,False
ETTm1,CNN,42,212,0.4559599,0.0,0.01221919,2.33840509,False
ETTm1,CNN,42,213,0.42115426,0.03480563,0.00983359,1.88186981,False
ETTm1,CNN,42,214,0.42447865,0.0,0.01169476,2.23804408,False
ETTm1,CNN,42,215,0.41809918,0.00637947,0.01169476,2.23804408,False
ETTm1,CNN,42,216,0.4008105,0.01728867,0.00631467,1.20844772,False
ETTm1,CNN,42,217,0.4136291,0.0,0.00792309,1.51625448,False
ETTm1,CNN,42,218,0.40572392,0.00790518,0.0066472,1.27208444,False
ETTm1,CNN,42,219,0.39768179,0.00804212,0.00318946,0.61037226,False
ETTm1,CNN,42,220,0.4215858,0.0,0.00617464,1.18165131,False
ETTm1,CNN,42,221,0.42335284,0.0,0.00539401,1.03226026,False
ETTm1,CNN,42,222,0.40842693,0.01492591,0.00423585,0.81062218,False
ETTm1,CNN,42,223,0.40442491,0.00400202,0.00423585,0.81062218,False
ETTm1,CNN,42,224,0.40217357,0.00225134,0.00950865,1.81968515,False
ETTm1,CNN,42,225,0.42884048,0.0,0.00652347,1.2484061,False
ETTm1,CNN,42,226,0.4024765,0.02636397,0.00572306,1.09523164,False
ETTm1,CNN,42,227,0.40613083,0.0,0.00527279,1.00906297,False
ETTm1,CNN,42,228,0.41727798,0.0,0.00924492,1.76921496,False
ETTm1,CNN,42,229,0.42801389,0.0,0.00397213,0.760152,False
ETTm1,CNN,42,230,0.40815326,0.01986063,0.00397213,0.760152,False
ETTm1,CNN,42,231,0.43831151,0.0,0.00397213,0.760152,False
ETTm1,CNN,42,232,0.54171401,0.0,0.04470787,8.55581584,False
ETTm1,CNN,42,233,0.61255061,0.0,0.04073574,7.79566384,False
ETTm1,CNN,42,234,0.40887188,0.20367872,0.04179178,7.99775852,False
ETTm1,CNN,42,235,0.41269394,0.0,0.04260808,8.15397564,False
ETTm1,CNN,42,236,0.40741378,0.00528016,0.04273848,8.17893096,False
ETTm1,CNN,42,237,0.40333226,0.00408151,0.00200274,0.38326712,False
ETTm1,CNN,42,238,0.40268025,0.00065201,0.00736316,1.40910046,False
ETTm1,CNN,42,239,0.42851554,0.0,0.00630713,1.20700578,False
ETTm1,CNN,42,240,0.4017134,0.02680213,0.01111237,2.12659134,False
ETTm1,CNN,42,241,0.4636799,0.0,0.0171743,3.28667328,False
ETTm1,CNN,42,242,0.43557221,0.02810769,0.0171743,3.28667328,False
ETTm1,CNN,42,243,0.40461053,0.03096168,0.01181388,2.26083994,False
ETTm1,CNN,42,244,0.40632449,0.0,0.0119855,2.29368332,False
ETTm1,CNN,42,245,0.41893471,0.0,0.00636396,1.21788065,False
ETTm1,CNN,42,246,0.41807661,0.00085811,0.04650415,8.89957306,False
ETTm1,CNN,42,247,0.64217396,0.0,0.04650415,8.89957306,False
ETTm1,CNN,42,248,0.41051131,0.23166266,0.04945573,9.46442183,False
ETTm1,CNN,42,249,0.4444198,0.0,0.04928411,9.43157844,False
ETTm1,CNN,42,250,0.4296619,0.01475791,0.05377854,10.29168381,False
ETTm1,CNN,42,251,0.45423437,0.0,0.00744601,1.42495414,False
ETTm1,CNN,42,252,0.43176224,0.02247213,0.00842217,1.61176354,False
ETTm1,CNN,42,253,0.43755691,0.0,0.01031764,1.97450227,False
ETTm1,CNN,42,254,0.43267611,0.0048808,0.01031764,1.97450227,False
ETTm1,CNN,42,255,0.40844086,0.02423525,0.01111435,2.12696987,False
ETTm1,CNN,42,256,0.45723122,0.0,0.01531529,2.93091053,False
ETTm1,CNN,42,257,0.43077554,0.02645568,0.01433913,2.74410113,False
ETTm1,CNN,42,258,0.40977084,0.0210047,0.00949208,1.81651364,False
ETTm1,CNN,42,259,0.41974766,0.0,0.01673145,3.2019236,False
ETTm1,CNN,42,260,0.43961751,0.0,0.01144031,2.18935062,False
ETTm1,CNN,42,261,0.40342065,0.03619686,0.00723937,1.38540997,False
ETTm1,CNN,42,262,0.47963322,0.0,0.0208677,3.99348388,False
ETTm1,CNN,42,263,0.50512175,0.0,0.02356707,4.51006744,False
ETTm1,CNN,42,264,0.43698013,0.06814162,0.0163277,3.12465747,False
ETTm1,CNN,42,265,0.42348326,0.01349687,0.01794616,3.43438458,False
ETTm1,CNN,42,266,0.43535448,0.0,0.01794616,3.43438458,False
ETTm1,CNN,42,267,0.42726219,0.0080923,0.00431783,0.82631066,False
ETTm1,CNN,42,268,0.44659034,0.0,0.00911725,1.74478286,False
ETTm1,CNN,42,269,0.46332422,0.0,0.00911725,1.74478286,False
ETTm1,CNN,42,270,0.42583026,0.03749396,0.01339505,2.56343197,False
ETTm1,CNN,42,271,0.44872193,0.0,0.01377473,2.63609216,False
ETTm1,CNN,42,272,0.41924064,0.02948129,0.01472423,2.81779846,False
ETTm1,CNN,42,273,0.41734223,0.00189841,0.00722543,1.38274271,False
ETTm1,CNN,42,274,0.41259476,0.00474747,0.00722543,1.38274271,False
ETTm1,CNN,42,275,0.41387332,0.0,0.00132918,0.25436649,False
ETTm1,CNN,42,276,0.41674023,0.0,0.00581689,1.11318723,False
ETTm1,CNN,42,277,0.42764498,0.0,0.00486739,0.93148093,False
ETTm1,CNN,42,278,0.40330801,0.02433697,0.01771424,3.39000124,False
ETTm1,CNN,42,279,0.49014932,0.0,0.01998687,3.82491883,False
ETTm1,CNN,42,280,0.42591512,0.06423421,0.01998687,3.82491883,False
ETTm1,CNN,42,281,0.41455195,0.01136317,0.02059363,3.94103561,False
ETTm1,CNN,42,282,0.44429948,0.0,0.02120978,4.05894826,False
ETTm1,CNN,42,283,0.4169287,0.02737078,0.00836293,1.60042794,False
ETTm1,CNN,42,284,0.41384798,0.00308073,0.0060903,1.16551035,False
ETTm1,CNN,42,285,0.42841337,0.0,0.01252331,2.39660583,False
ETTm1,CNN,42,286,0.46387001,0.0,0.00704916,1.34900812,False
ETTm1,CNN,42,287,0.43170496,0.03216505,0.01026544,1.96451282,False
ETTm1,CNN,42,288,0.44318191,0.0,0.01026544,1.96451282,False
ETTm1,CNN,42,289,0.42401979,0.01916213,0.01436336,2.74873799,False
ETTm1,CNN,42,290,0.43310711,0.0,0.00793034,1.51764252,False
ETTm1,CNN,42,291,0.41261752,0.02048959,0.01134607,2.17131452,False
ETTm1,CNN,42,292,0.49610014,0.0,0.01441066,2.75779157,False
ETTm1,CNN,42,293,0.47902154,0.01707861,0.01441066,2.75779157,False
ETTm1,CNN,42,294,0.44453642,0.03448512,0.01269357,2.42918897,False
ETTm1,CNN,42,295,0.44799375,0.0,0.01625082,3.10994576,False
ETTm1,CNN,42,296,0.43608962,0.01190413,0.0128351,2.45627376,False
ETTm1,CNN,42,297,0.41830336,0.01778626,0.00687228,1.31515881,False
ETTm1,CNN,42,298,0.43880652,0.0,0.0116131,2.22241817,False
ETTm1,CNN,42,299,0.43413551,0.004671,0.01154035,2.20849449,False
ETTm1,CNN,42,300,0.41043138,0.02370413,0.00945838,1.81006467,False
ETTm2,DLinear,42,2,0.14191642,0.00143582,0.00540305,1.20958943,False
ETTm2,DLinear,42,3,0.14824669,0.0,0.00405228,0.90719208,False
ETTm2,DLinear,42,4,0.13347336,0.01477332,0.00324183,0.72575366,False
ETTm2,DLinear,42,5,0.13435181,0.0,0.00481853,1.07873242,False
ETTm2,DLinear,42,6,0.14051098,0.0,0.00481853,1.07873242,False
ETTm2,DLinear,42,7,0.13119166,0.00931932,0.00259565,0.58109291,False
ETTm2,DLinear,42,8,0.13245193,0.0,0.00259565,0.58109291,False
ETTm2,DLinear,42,9,0.128793,0.00365893,0.00259565,0.58109291,False
ETTm2,DLinear,42,10,0.13313313,0.0,0.00153764,0.344235,False
ETTm2,DLinear,42,11,0.14273702,0.0,0.00217237,0.48633235,False
ETTm2,DLinear,42,12,0.13870773,0.00402928,0.00150896,0.33781345,False
ETTm2,DLinear,42,13,0.1355341,0.00317363,0.00150896,0.33781345,False
ETTm2,DLinear,42,14,0.13519222,0.00034188,0.00150896,0.33781345,False
ETTm2,DLinear,42,15,0.13532842,0.0,0.01439622,3.22290643,False
ETTm2,DLinear,42,16,0.20171188,0.0,0.0141365,3.16476232,False
ETTm2,DLinear,42,17,0.13324631,0.06846558,0.01418253,3.17506763,False
ETTm2,DLinear,42,18,0.13137128,0.00187503,0.01418253,3.17506763,False
ETTm2,DLinear,42,19,0.13079923,0.00057204,0.01462192,3.27343403,False
ETTm2,DLinear,42,20,0.13847624,0.0,0.00194828,0.43616419,False
ETTm2,DLinear,42,21,0.1362793,0.00219694,0.00157327,0.35221094,False
ETTm2,DLinear,42,22,0.13118193,0.00509738,0.00465359,1.04180671,False
ETTm2,DLinear,42,23,0.14524102,0.0,0.00465359,1.04180671,False
ETTm2,DLinear,42,24,0.1292674,0.01597362,0.0042142,0.94344031,False
ETTm2,DLinear,42,25,0.13149864,0.0,0.00402884,0.901943,False
ETTm2,DLinear,42,26,0.13613261,0.0,0.00453514,1.01529031,False
ETTm2,DLinear,42,27,0.13196204,0.00417057,0.00134042,0.30008174,False
ETTm2,DLinear,42,28,0.12943052,0.00253152,0.00134042,0.30008174,False
ETTm2,DLinear,42,29,0.13290463,0.0,0.00167472,0.37492155,False
ETTm2,DLinear,42,30,0.13568311,0.0,0.00158866,0.35565598,False
ETTm2,DLinear,42,31,0.13401162,0.00167149,0.00108235,0.24230867,False
ETTm2,DLinear,42,32,0.13027134,0.00374029,0.00108235,0.24230867,False
ETTm2,DLinear,42,33,0.13361911,0.0,0.00272013,0.60896014,False
ETTm2,DLinear,42,34,0.13945064,0.0,0.00238583,0.53412033,False
ETTm2,DLinear,42,35,0.13126176,0.00818887,0.00173013,0.38732617,False
ETTm2,DLinear,42,36,0.13672154,0.0,0.00252666,0.56564806,False
ETTm2,DLinear,42,37,0.13625979,0.00046175,0.00252666,0.56564806,False
ETTm2,DLinear,42,38,0.13227711,0.00398268,0.00290868,0.65117115,False
ETTm2,DLinear,42,39,0.14333323,0.0,0.00290868,0.65117115,False
ETTm2,DLinear,42,40,0.13323426,0.01009896,0.00309884,0.69374341,False
ETTm2,DLinear,42,41,0.13671971,0.0,0.00255649,0.57232521,False
ETTm2,DLinear,42,42,0.13530714,0.00141257,0.00255649,0.57232521,False
ETTm2,DLinear,42,43,0.13403624,0.0012709,0.00067829,0.15184892,False
ETTm2,DLinear,42,44,0.13501714,0.0,0.00143242,0.32067919,False
ETTm2,DLinear,42,45,0.13430918,0.00070796,0.00114991,0.25743223,False
ETTm2,DLinear,42,46,0.13053849,0.00377069,0.00155471,0.34805638,False
ETTm2,DLinear,42,47,0.13455915,0.0,0.00155471,0.34805638,False
ETTm2,DLinear,42,48,0.13126423,0.00329492,0.00264596,0.59235607,False
ETTm2,DLinear,42,49,0.13706873,0.0,0.00189182,0.4235258,False
ETTm2,DLinear,42,50,0.13090453,0.0061642,0.00189182,0.4235258,False
ETTm2,DLinear,42,51,0.13122374,0.0,0.0015614,0.34955247,False
ETTm2,DLinear,42,52,0.13801905,0.0,0.0015614,0.34955247,False
ETTm2,DLinear,42,53,0.13637626,0.00164278,0.00073515,0.16457953,False
ETTm2,DLinear,42,54,0.13858248,0.0,0.00073515,0.16457953,False
ETTm2,DLinear,42,55,0.13654951,0.00203297,0.00224314,0.50217575,False
ETTm2,DLinear,42,56,0.14399915,0.0,0.00260131,0.58235988,False
ETTm2,DLinear,42,57,0.1364592,0.00753995,0.00260131,0.58235988,False
ETTm2,DLinear,42,58,0.13302557,0.00343363,0.00257926,0.57742423,False
ETTm2,DLinear,42,59,0.13316515,0.0,0.00257926,0.57742423,False
ETTm2,DLinear,42,60,0.13124241,0.00192274,0.00107127,0.23982801,False
ETTm2,DLinear,42,61,0.13472345,0.0,0.00038455,0.08608937,False
ETTm2,DLinear,42,62,0.13924075,0.0,0.0033128,0.74164168,False
ETTm2,DLinear,42,63,0.14382689,0.0,0.00292825,0.65555231,False
ETTm2,DLinear,42,64,0.12918564,0.01464125,0.00293513,0.65709189,False
ETTm2,DLinear,42,65,0.14020412,0.0,0.00326823,0.73166486,False
ETTm2,DLinear,42,66,0.14016974,3.439e-05,0.00443962,0.99390486,False
ETTm2,DLinear,42,67,0.13850421,0.00166553,0.00177353,0.3970435,False
ETTm2,DLinear,42,68,0.13264729,0.00585693,0.00177353,0.3970435,False
ETTm2,DLinear,42,69,0.13133647,0.00131082,0.00176665,0.39550393,False
ETTm2,DLinear,42,70,0.13305169,0.0,0.0024203,0.54183746,False
ETTm2,DLinear,42,71,0.14146417,0.0,0.00156721,0.35085335,False
ETTm2,DLinear,42,72,0.1365304,0.00493377,0.0020343,0.45542252,False
ETTm2,DLinear,42,73,0.13493895,0.00159144,0.0020343,0.45542252,False
ETTm2,DLinear,42,74,0.13129267,0.00364629,0.0028838,0.64560151,False
ETTm2,DLinear,42,75,0.13266696,0.0,0.00189705,0.424695,False
ETTm2,DLinear,42,76,0.12841947,0.0042475,0.00475256,1.06396393,False
ETTm2,DLinear,42,77,0.14690361,0.0,0.0040233,0.9007038,False
ETTm2,DLinear,42,78,0.13103459,0.01586902,0.0040233,0.9007038,False
ETTm2,DLinear,42,79,0.132128,0.0,0.00413644,0.92603154,False
ETTm2,DLinear,42,80,0.13513083,0.0,0.00413644,0.92603154,False
ETTm2,DLinear,42,81,0.13031766,0.00481317,0.00433939,0.97146646,False
ETTm2,DLinear,42,82,0.15051394,0.0,0.00433939,0.97146646,False
ETTm2,DLinear,42,83,0.13363018,0.01688377,0.0045559,1.01993782,False
ETTm2,DLinear,42,84,0.1348923,0.0,0.00359327,0.8044311,False
ETTm2,DLinear,42,85,0.13380973,0.00108257,0.00567241,1.26989337,False
ETTm2,DLinear,42,86,0.1450845,0.0,0.00229566,0.51393363,False
ETTm2,DLinear,42,87,0.13468877,0.01039574,0.00286605,0.6416272,False
ETTm2,DLinear,42,88,0.1364791,0.0,0.00264953,0.59315584,False
ETTm2,DLinear,42,89,0.13362717,0.00285194,0.00484708,1.08512487,False
ETTm2,DLinear,42,90,0.14277503,0.0,0.00276794,0.61966261,False
ETTm2,DLinear,42,91,0.13178729,0.01098774,0.00382651,0.85664779,False
ETTm2,DLinear,42,92,0.13585483,0.0,0.00325612,0.72895423,False
ETTm2,DLinear,42,93,0.13056195,0.00529288,0.00356221,0.79747885,False
ETTm2,DLinear,42,94,0.13611736,0.0,0.00136466,0.30550981,False
ETTm2,DLinear,42,95,0.13458691,0.00153044,0.00136466,0.30550981,False
ETTm2,DLinear,42,96,0.13737538,0.0,0.00094911,0.21247863,False
ETTm2,DLinear,42,97,0.14088771,0.0,0.0023409,0.52406175,False
ETTm2,DLinear,42,98,0.13767261,0.0032151,0.00203481,0.45553712,False
ETTm2,DLinear,42,99,0.13071364,0.00695897,0.00230041,0.51499702,False
ETTm2,DLinear,42,100,0.13473145,0.0,0.00241566,0.54079771,False
ETTm2,DLinear,42,101,0.13340346,0.00132799,0.00232287,0.52002455,False
ETTm2,DLinear,42,102,0.13282722,0.00057624,0.00093108,0.20844142,False
ETTm2,DLinear,42,103,0.13007607,0.00275115,0.00093108,0.20844142,False
ETTm2,DLinear,42,104,0.13089075,0.0,0.00168861,0.37803251,False
ETTm2,DLinear,42,105,0.13797175,0.0,0.00157336,0.35223182,False
ETTm2,DLinear,42,106,0.13285608,0.00511567,0.0013171,0.29486206,False
ETTm2,DLinear,42,107,0.13452893,0.0,0.0013171,0.29486206,False
ETTm2,DLinear,42,108,0.13305909,0.00146984,0.00218354,0.48883328,False
ETTm2,DLinear,42,109,0.13999529,0.0,0.00116041,0.25978229,False
ETTm2,DLinear,42,110,0.1356631,0.0043322,0.00275944,0.61776026,False
ETTm2,DLinear,42,111,0.1412583,0.0,0.00246547,0.55194918,False
ETTm2,DLinear,42,112,0.13326314,0.00799516,0.00498825,1.11672779,False
ETTm2,DLinear,42,113,0.14523314,0.0,0.00412181,0.92275658,False
ETTm2,DLinear,42,114,0.13261926,0.01261389,0.00412181,0.92275658,False
ETTm2,DLinear,42,115,0.13298652,0.0,0.00252278,0.56477861,False
ETTm2,DLinear,42,116,0.1360837,0.0,0.0029044,0.65021197,False
ETTm2,DLinear,42,117,0.13973039,0.0,0.00038162,0.08543336,False
ETTm2,DLinear,42,118,0.1378223,0.00190809,0.00059827,0.13393624,False
ETTm2,DLinear,42,119,0.13807863,0.0,0.00059827,0.13393624,False
ETTm2,DLinear,42,120,0.13699536,0.00108327,0.00059827,0.13393624,False
ETTm2,DLinear,42,121,0.13713026,0.0,0.00094183,0.21084955,False
ETTm2,DLinear,42,122,0.13816711,0.0,0.00149545,0.33478894,False
ETTm2,DLinear,42,123,0.13454122,0.00362589,0.0012788,0.28628607,False
ETTm2,DLinear,42,124,0.13177313,0.00276809,0.00353748,0.79194095,False
ETTm2,DLinear,42,125,0.14606785,0.0,0.00353748,0.79194095,False
ETTm2,DLinear,42,126,0.13477445,0.01129341,0.0040214,0.90027673,False
ETTm2,DLinear,42,127,0.13632314,0.0,0.00346778,0.77633733,False
ETTm2,DLinear,42,128,0.13027766,0.00604548,0.00346778,0.77633733,False
ETTm2,DLinear,42,129,0.13232551,0.0,0.00223484,0.50031828,False
ETTm2,DLinear,42,130,0.13671832,0.0,0.00223484,0.50031828,False
ETTm2,DLinear,42,131,0.13158959,0.00512874,0.00110843,0.24814653,False
ETTm2,DLinear,42,132,0.13659892,0.0,0.00110843,0.24814653,False
ETTm2,DLinear,42,133,0.1361855,0.00041342,0.00288293,0.64540609,False
ETTm2,DLinear,42,134,0.14035274,0.0,0.00185718,0.41577025,False
ETTm2,DLinear,42,135,0.13148026,0.00887248,0.00202672,0.45372456,False
ETTm2,DLinear,42,136,0.1329098,0.0,0.00194403,0.43521386,False
ETTm2,DLinear,42,137,0.13206212,0.00084768,0.00194403,0.43521386,False
ETTm2,DLinear,42,138,0.13218607,0.0,0.00016954,0.0379543,True
ETTm2,DLinear,42,139,0.13271311,0.0,0.00026572,0.05948749,False
ETTm2,DLinear,42,140,0.13734288,0.0,0.00026961,0.06035778,False
ETTm2,DLinear,42,141,0.13686195,0.00048093,0.00072824,0.16303326,False
ETTm2,DLinear,42,142,0.13599484,0.00086712,0.00072824,0.16303326,False
ETTm2,DLinear,42,143,0.13370166,0.00229318,0.00249274,0.55805366,False
ETTm2,DLinear,42,144,0.13826853,0.0,0.00239655,0.53652047,False
ETTm2,DLinear,42,145,0.12944606,0.00882247,0.00222313,0.49769588,False
ETTm2,DLinear,42,146,0.130757,0.0,0.00179199,0.40117481,False
ETTm2,DLinear,42,147,0.13402024,0.0,0.00179199,0.40117481,False
ETTm2,DLinear,42,148,0.13388279,0.00013745,0.00047493,0.10632311,False
ETTm2,DLinear,42,149,0.13490582,0.0,0.00047493,0.10632311,False
ETTm2,DLinear,42,150,0.13266863,0.00223719,0.00047493,0.10632311,False
ETTm2,DLinear,42,151,0.13402987,0.0,0.00044744,0.10016869,False
ETTm2,DLinear,42,152,0.13532898,0.0,0.00263158,0.58913675,False
ETTm2,DLinear,42,153,0.14576457,0.0,0.00276267,0.61848401,False
ETTm2,DLinear,42,154,0.13484385,0.01092072,0.00276267,0.61848401,False
ETTm2,DLinear,42,155,0.13195121,0.00289264,0.00430589,0.96396817,False
ETTm2,DLinear,42,156,0.13956189,0.0,0.00430589,0.96396817,False
ETTm2,DLinear,42,157,0.13184578,0.00771612,0.00284487,0.63688548,False
ETTm2,DLinear,42,158,0.14273115,0.0,0.00344478,0.77118923,False
ETTm2,DLinear,42,159,0.13911556,0.00361558,0.00344478,0.77118923,False
ETTm2,DLinear,42,160,0.13322336,0.00589221,0.00225638,0.50514054,False
ETTm2,DLinear,42,161,0.13577661,0.0,0.00225638,0.50514054,False
ETTm2,DLinear,42,162,0.13400248,0.00177413,0.00239306,0.53573822,False
ETTm2,DLinear,42,163,0.13661393,0.0,0.00121462,0.2719185,False
ETTm2,DLinear,42,164,0.13231498,0.00429896,0.00163903,0.36693142,False
ETTm2,DLinear,42,165,0.13612131,0.0,0.00197607,0.44238652,False
ETTm2,DLinear,42,166,0.13399927,0.00212204,0.00197607,0.44238652,False
ETTm2,DLinear,42,167,0.13053991,0.00345936,0.00111628,0.24990349,False
ETTm2,DLinear,42,168,0.13200553,0.0,0.00111628,0.24990349,False
ETTm2,DLinear,42,169,0.13272489,0.0,0.0010831,0.24247623,False
ETTm2,DLinear,42,170,0.13764177,0.0,0.00091158,0.20407599,False
ETTm2,DLinear,42,171,0.13568561,0.00195616,0.00091158,0.20407599,False
ETTm2,DLinear,42,172,0.13308389,0.00260172,0.00091158,0.20407599,False
ETTm2,DLinear,42,173,0.1370395,0.0,0.00294865,0.66011927,False
ETTm2,DLinear,42,174,0.14151915,0.0,0.00255742,0.57253362,False
ETTm2,DLinear,42,175,0.13133378,0.01018537,0.00414366,0.92764736,False
ETTm2,DLinear,42,176,0.14624844,0.0,0.00455401,1.019514,False
ETTm2,DLinear,42,177,0.13571554,0.01053291,0.00455401,1.019514,False
ETTm2,DLinear,42,178,0.13366377,0.00205177,0.00251694,0.56347071,False
ETTm2,DLinear,42,179,0.13608024,0.0,0.00510528,1.14292853,False
ETTm2,DLinear,42,180,0.14444931,0.0,0.0029987,0.67132445,False
ETTm2,DLinear,42,181,0.13150757,0.01294174,0.00350356,0.7843491,False
ETTm2,DLinear,42,182,0.1371673,0.0,0.00381835,0.8548201,False
ETTm2,DLinear,42,183,0.13259121,0.00457609,0.00381835,0.8548201,False
ETTm2,DLinear,42,184,0.1310173,0.00157391,0.00203376,0.45530133,False
ETTm2,DLinear,42,185,0.1362431,0.0,0.00203376,0.45530133,False
ETTm2,DLinear,42,186,0.1322243,0.0040188,0.00111854,0.25041004,False
ETTm2,DLinear,42,187,0.13326124,0.0,0.00137897,0.30871243,False
ETTm2,DLinear,42,188,0.13597564,0.0,0.00137897,0.30871243,False
ETTm2,DLinear,42,189,0.13309958,0.00287605,0.00057521,0.12877338,False
ETTm2,DLinear,42,190,0.13685811,0.0,0.00226466,0.50699282,False
ETTm2,DLinear,42,191,0.14237771,0.0,0.00273493,0.61227383,False
ETTm2,DLinear,42,192,0.13393048,0.00844723,0.00215972,0.48350044,False
ETTm2,DLinear,42,193,0.13157911,0.00235137,0.00215972,0.48350044,False
ETTm2,DLinear,42,194,0.13173104,0.0,0.00215972,0.48350044,False
ETTm2,DLinear,42,195,0.13245393,0.0,0.00206637,0.46260259,False
ETTm2,DLinear,42,196,0.14205926,0.0,0.0015961,0.35732158,False
ETTm2,DLinear,42,197,0.13407876,0.0079805,0.00181839,0.40708685,False
ETTm2,DLinear,42,198,0.1347018,0.0,0.00181839,0.40708685,False
ETTm2,DLinear,42,199,0.13359034,0.00111147,0.00181839,0.40708685,False
ETTm2,DLinear,42,200,0.13902283,0.0,0.00207009,0.4634354,False
ETTm2,DLinear,42,201,0.13950692,0.0,0.00207009,0.4634354,False
ETTm2,DLinear,42,202,0.13026792,0.009239,0.0026965,0.60367012,False
ETTm2,DLinear,42,203,0.14416847,0.0,0.00395851,0.88619845,False
ETTm2,DLinear,42,204,0.13992497,0.0042435,0.00395851,0.88619845,False
ETTm2,DLinear,42,205,0.13361492,0.00631005,0.00236381,0.52918964,False
ETTm2,DLinear,42,206,0.13479555,0.0,0.00236381,0.52918964,False
ETTm2,DLinear,42,207,0.13353007,0.00126549,0.00193334,0.43282031,False
ETTm2,DLinear,42,208,0.13664023,0.0,0.00128865,0.28849142,False
ETTm2,DLinear,42,209,0.13454907,0.00209117,0.00128865,0.28849142,False
ETTm2,DLinear,42,210,0.13146249,0.00308658,0.00195631,0.43796285,False
ETTm2,DLinear,42,211,0.13433869,0.0,0.00195631,0.43796285,False
ETTm2,DLinear,42,212,0.12973488,0.00460381,0.00223204,0.49969064,False
ETTm2,DLinear,42,213,0.13431602,0.0,0.00161472,0.36149119,False
ETTm2,DLinear,42,214,0.13084621,0.00346981,0.00162229,0.36318539,False
ETTm2,DLinear,42,215,0.13755337,0.0,0.00122225,0.27362718,False
ETTm2,DLinear,42,216,0.13751553,3.784e-05,0.00253994,0.56862184,False
ETTm2,DLinear,42,217,0.13491193,0.0026036,0.00184598,0.41326338,False
ETTm2,DLinear,42,218,0.12832346,0.00658847,0.00184598,0.41326338,False
ETTm2,DLinear,42,219,0.13275919,0.0,0.00183842,0.41156919,False
ETTm2,DLinear,42,220,0.13352373,0.0,0.00131769,0.29499466,False
ETTm2,DLinear,42,221,0.14227374,0.0,0.00257556,0.57659526,False
ETTm2,DLinear,42,222,0.14384767,0.0,0.00257556,0.57659526,False
ETTm2,DLinear,42,223,0.13096986,0.0128778,0.0025849,0.5786864,False
ETTm2,DLinear,42,224,0.13547035,0.0,0.0025849,0.5786864,False
ETTm2,DLinear,42,225,0.13542364,4.67e-05,0.00272952,0.61106321,False
ETTm2,DLinear,42,226,0.13688692,0.0,0.00015396,0.03446796,False
ETTm2,DLinear,42,227,0.13616381,0.00072311,0.00216234,0.48408572,False
ETTm2,DLinear,42,228,0.14075454,0.0,0.00215299,0.48199457,False
ETTm2,DLinear,42,229,0.13071268,0.01004186,0.00255442,0.57186286,False
ETTm2,DLinear,42,230,0.13589946,0.0,0.00251013,0.56194633,False
ETTm2,DLinear,42,231,0.13389233,0.00200714,0.00278097,0.62257986,False
ETTm2,DLinear,42,232,0.13339069,0.00050163,0.00077259,0.1729621,False
ETTm2,DLinear,42,233,0.13203649,0.0013542,0.00199489,0.44659959,False
ETTm2,DLinear,42,234,0.13540019,0.0,0.00159346,0.3567313,False
ETTm2,DLinear,42,235,0.12928871,0.00611148,0.00180024,0.40302309,False
ETTm2,DLinear,42,236,0.13851403,0.0,0.0015294,0.34238957,False
ETTm2,DLinear,42,237,0.1369785,0.00153552,0.0017182,0.38465626,False
ETTm2,DLinear,42,238,0.13959311,0.0,0.00123559,0.27661404,False
ETTm2,DLinear,42,239,0.13864912,0.00094399,0.00177111,0.39650099,False
ETTm2,DLinear,42,240,0.13495068,0.00369844,0.00147199,0.32953738,False
ETTm2,DLinear,42,241,0.1322731,0.00267758,0.00147199,0.32953738,False
ETTm2,DLinear,42,242,0.13223315,3.994e-05,0.00162752,0.36435501,False
ETTm2,DLinear,42,243,0.13580416,0.0,0.00088783,0.19875975,False
ETTm2,DLinear,42,244,0.13408254,0.00172162,0.00126153,0.28242042,False
ETTm2,DLinear,42,245,0.14299847,0.0,0.00127748,0.2859924,False
ETTm2,DLinear,42,246,0.13845239,0.00454608,0.00127748,0.2859924,False
ETTm2,DLinear,42,247,0.13833267,0.00011972,0.00409419,0.91657381,False
ETTm2,DLinear,42,248,0.14992901,0.0,0.00446245,0.99901724,False
ETTm2,DLinear,42,249,0.13412385,0.01580516,0.00417632,0.9349602,False
ETTm2,DLinear,42,250,0.13228254,0.00184131,0.00415238,0.92959975,False
ETTm2,DLinear,42,251,0.12916712,0.00311541,0.00487664,1.09174228,False
ETTm2,DLinear,42,252,0.13558488,0.0,0.00171561,0.38407654,False
ETTm2,DLinear,42,253,0.13196355,0.00362133,0.00134735,0.30163311,False
ETTm2,DLinear,42,254,0.1320806,0.0,0.00184883,0.41390148,False
ETTm2,DLinear,42,255,0.14352703,0.0,0.00331708,0.74260049,False
ETTm2,DLinear,42,256,0.13790419,0.00562284,0.00274538,0.61461358,False
ETTm2,DLinear,42,257,0.13056295,0.00734124,0.00274538,0.61461358,False
ETTm2,DLinear,42,258,0.12980011,0.00076284,0.00274538,0.61461358,False
ETTm2,DLinear,42,259,0.13189582,0.0,0.00162081,0.36285463,False
ETTm2,DLinear,42,260,0.13192041,0.0,0.00091739,0.20537877,False
ETTm2,DLinear,42,261,0.13285956,0.0,0.00076483,0.17122316,False
ETTm2,DLinear,42,262,0.12903542,0.00382414,0.00077251,0.17294215,False
ETTm2,DLinear,42,263,0.13234477,0.0,0.00077251,0.17294215,False
ETTm2,DLinear,42,264,0.13230638,3.839e-05,0.00103322,0.23130901,False
ETTm2,DLinear,42,265,0.13623494,0.0,0.00129787,0.290557,False
ETTm2,DLinear,42,266,0.13493137,0.00130358,0.00129787,0.290557,False
ETTm2,DLinear,42,267,0.12978397,0.00514739,0.00129019,0.288838,False
ETTm2,DLinear,42,268,0.13913405,0.0,0.00200042,0.44783826,False
ETTm2,DLinear,42,269,0.13926994,0.0,0.00173971,0.3894714,False
ETTm2,DLinear,42,270,0.13571879,0.00355115,0.00071023,0.15900025,False
ETTm2,DLinear,42,271,0.13923486,0.0,0.00187865,0.42057751,False
ETTm2,DLinear,42,272,0.14005023,0.0,0.00187865,0.42057751,False
ETTm2,DLinear,42,273,0.1342081,0.00584212,0.0012031,0.2693401,False
ETTm2,DLinear,42,274,0.13437913,0.0,0.0012031,0.2693401,False
ETTm2,DLinear,42,275,0.13420575,0.00017338,0.0012031,0.2693401,False
ETTm2,DLinear,42,276,0.13474981,0.0,0.00145105,0.32484986,False
ETTm2,DLinear,42,277,0.13721338,0.0,0.00145105,0.32484986,False
ETTm2,DLinear,42,278,0.13013149,0.00708189,0.00141638,0.31708702,False
ETTm2,DLinear,42,279,0.13558854,0.0,0.00290435,0.65020235,False
ETTm2,DLinear,42,280,0.14514703,0.0,0.00372198,0.83324677,False
ETTm2,DLinear,42,281,0.13770716,0.00743987,0.0023056,0.51615975,False
ETTm2,DLinear,42,282,0.13361901,0.00408815,0.0023056,0.51615975,False
ETTm2,DLinear,42,283,0.13496845,0.0,0.0023056,0.51615975,False
ETTm2,DLinear,42,284,0.13742065,0.0,0.00251732,0.56355696,False
ETTm2,DLinear,42,285,0.14836197,0.0,0.00221206,0.49521746,False
ETTm2,DLinear,42,286,0.13986352,0.00849845,0.0031158,0.69753925,False
ETTm2,DLinear,42,287,0.13730168,0.00256184,0.00342271,0.76624841,False
ETTm2,DLinear,42,288,0.13278298,0.0045187,0.00342271,0.76624841,False
ETTm2,DLinear,42,289,0.13124841,0.00153457,0.00172302,0.38573586,False
ETTm2,DLinear,42,290,0.13726683,0.0,0.00159339,0.35671474,False
ETTm2,DLinear,42,291,0.1379581,0.0,0.00068965,0.15439295,False
ETTm2,DLinear,42,292,0.13604442,0.00191368,0.00151744,0.33971243,False
ETTm2,DLinear,42,293,0.1375821,0.0,0.00151744,0.33971243,False
ETTm2,DLinear,42,294,0.13190857,0.00567353,0.00229559,0.51391665,False
ETTm2,DLinear,42,295,0.13503096,0.0,0.00191285,0.42823286,False
ETTm2,DLinear,42,296,0.13114025,0.00389071,0.00191285,0.42823286,False
ETTm2,DLinear,42,297,0.13425645,0.0,0.00103802,0.23238331,False
ETTm2,DLinear,42,298,0.13432458,0.0,0.00103802,0.23238331,False
ETTm2,DLinear,42,299,0.13302519,0.00129938,0.00032485,0.07272386,False
ETTm2,DLinear,42,300,0.13410523,0.0,0.00043313,0.09696514,False
ETTm2,MLP,42,2,0.1569322,0.00065496,0.00372743,1.00127249,False
ETTm2,MLP,42,3,0.15007341,0.00685878,0.00397872,1.0687756,False
ETTm2,MLP,42,4,0.14640487,0.00366854,0.00397506,1.06779306,False
ETTm2,MLP,42,5,0.14167227,0.0047326,0.004152,1.11532205,False
ETTm2,MLP,42,6,0.13771184,0.00396043,0.00278024,0.7468368,False
ETTm2,MLP,42,7,0.1361722,0.00153964,0.00325809,0.87519877,False
ETTm2,MLP,42,8,0.141237,0.0,0.00231157,0.62094178,False
ETTm2,MLP,42,9,0.1351792,0.0060578,0.00151949,0.4081692,False
ETTm2,MLP,42,10,0.13567572,0.0,0.00121156,0.32545263,False
ETTm2,MLP,42,11,0.13617228,0.0,0.00277409,0.74518402,False
ETTm2,MLP,42,12,0.13914708,0.0,0.00156253,0.41973139,False
ETTm2,MLP,42,13,0.13133443,0.00781265,0.00299295,0.80397495,False
ETTm2,MLP,42,14,0.14062009,0.0,0.00299295,0.80397495,False
ETTm2,MLP,42,15,0.13346799,0.0071521,0.00421808,1.13307258,False
ETTm2,MLP,42,16,0.1389135,0.0,0.00265555,0.71334119,False
ETTm2,MLP,42,17,0.13278786,0.00612564,0.00265555,0.71334119,False
ETTm2,MLP,42,18,0.13386169,0.0,0.00122513,0.32909763,False
ETTm2,MLP,42,19,0.13450568,0.0,0.00122513,0.32909763,False
ETTm2,MLP,42,20,0.13483542,0.0,0.0,0.0,True
ETTm2,MLP,42,21,0.13890719,0.0,0.00815087,2.18951071,False
ETTm2,MLP,42,22,0.17950231,0.0,0.00996105,2.67576499,False
ETTm2,MLP,42,23,0.13874795,0.04075436,0.00996105,2.67576499,False
ETTm2,MLP,42,24,0.12969708,0.00905087,0.00996105,2.67576499,False
ETTm2,MLP,42,25,0.1342811,0.0,0.05251369,14.10637789,False
ETTm2,MLP,42,26,0.35149904,0.0,0.04436281,11.91686719,False
ETTm2,MLP,42,27,0.13873584,0.2127632,0.04479014,12.03165663,False
ETTm2,MLP,42,28,0.14451104,0.0,0.04479014,12.03165663,False
ETTm2,MLP,42,29,0.13332354,0.0111875,0.05370679,14.42687315,False
ETTm2,MLP,42,30,0.18667636,0.0,0.01255987,3.37386852,False
ETTm2,MLP,42,31,0.1420931,0.04458325,0.01255987,3.37386852,False
ETTm2,MLP,42,32,0.13506451,0.00702859,0.01364477,3.66529789,False
ETTm2,MLP,42,33,0.15024949,0.0,0.01451666,3.89950812,False
ETTm2,MLP,42,34,0.13363748,0.01661201,0.00560001,1.5042916,False
ETTm2,MLP,42,35,0.12927802,0.00435946,0.00419429,1.12668333,False
ETTm2,MLP,42,36,0.13001153,0.0,0.00592217,1.59082922,False
ETTm2,MLP,42,37,0.14427725,0.0,0.00381921,1.02592637,False
ETTm2,MLP,42,38,0.13563789,0.00863936,0.00294731,0.79171614,False
ETTm2,MLP,42,39,0.12954067,0.00609721,0.00294731,0.79171614,False
ETTm2,MLP,42,40,0.13132903,0.0,0.00491824,1.32115308,False
ETTm2,MLP,42,41,0.13731661,0.0,0.00319037,0.85700718,False
ETTm2,MLP,42,42,0.12746196,0.00985465,0.00210733,0.56607724,False
ETTm2,MLP,42,43,0.13087785,0.0,0.00274574,0.73756926,False
ETTm2,MLP,42,44,0.13019585,0.000682,0.00274574,0.73756926,False
ETTm2,MLP,42,45,0.12700379,0.00319206,0.00110056,0.29563613,False
ETTm2,MLP,42,46,0.13199325,0.0,0.00110056,0.29563613,False
ETTm2,MLP,42,47,0.1303645,0.00162875,0.00218243,0.58625097,False
ETTm2,MLP,42,48,0.13529026,0.0,0.00154402,0.41475895,False
ETTm2,MLP,42,49,0.12919891,0.00609135,0.00154402,0.41475895,False
ETTm2,MLP,42,50,0.13102003,0.0,0.00367738,0.98782888,False
ETTm2,MLP,42,51,0.14124185,0.0,0.00374851,1.00693582,False
ETTm2,MLP,42,52,0.12894629,0.01229556,0.00253024,0.67968068,False
ETTm2,MLP,42,53,0.12859064,0.00035565,0.00407854,1.09558825,False
ETTm2,MLP,42,54,0.13411846,0.0,0.00407854,1.09558825,False
ETTm2,MLP,42,55,0.12637699,0.00774148,0.00161942,0.43501452,False
ETTm2,MLP,42,56,0.12791816,0.0,0.00617064,1.6575745,False
ETTm2,MLP,42,57,0.14932792,0.0,0.00617064,1.6575745,False
ETTm2,MLP,42,58,0.12621621,0.02311171,0.00524057,1.40773713,False
ETTm2,MLP,42,59,0.13145197,0.0,0.00524057,1.40773713,False
ETTm2,MLP,42,60,0.12836083,0.00309114,0.00606042,1.62796773,False
ETTm2,MLP,42,61,0.13103888,0.0,0.00143808,0.38630081,False
ETTm2,MLP,42,62,0.12693963,0.00409925,0.00143808,0.38630081,False
ETTm2,MLP,42,63,0.12820194,0.0,0.00161519,0.43387804,False
ETTm2,MLP,42,64,0.13670122,0.0,0.00197806,0.53135176,False
ETTm2,MLP,42,65,0.1327245,0.00397672,0.00115821,0.31112116,False
ETTm2,MLP,42,66,0.13091018,0.00181432,0.00307771,0.82674454,False
ETTm2,MLP,42,67,0.137315,0.0,0.00330807,0.88862293,False
ETTm2,MLP,42,68,0.12771746,0.00959753,0.00251273,0.67497549,False
ETTm2,MLP,42,69,0.12656569,0.00115177,0.00618652,1.66184084,False
ETTm2,MLP,42,70,0.14767678,0.0,0.00618652,1.66184084,False
ETTm2,MLP,42,71,0.12749349,0.0201833,0.00532358,1.43003446,False
ETTm2,MLP,42,72,0.13266313,0.0,0.00517788,1.39089752,False
ETTm2,MLP,42,73,0.12738032,0.00528281,0.00517788,1.39089752,False
ETTm2,MLP,42,74,0.12695702,0.0004233,0.003362,0.9031108,False
ETTm2,MLP,42,75,0.14244943,0.0,0.00427887,1.14940249,False
ETTm2,MLP,42,76,0.13134553,0.0111039,0.00322231,0.8655855,False
ETTm2,MLP,42,77,0.1267612,0.00458434,0.00658437,1.76871259,False
ETTm2,MLP,42,78,0.14508417,0.0,0.00658437,1.76871259,False
ETTm2,MLP,42,79,0.12785056,0.01723361,0.00513615,1.37968831,False
ETTm2,MLP,42,80,0.1305124,0.0,0.00422473,1.13485939,False
ETTm2,MLP,42,81,0.12664958,0.00386281,0.00422473,1.13485939,False
ETTm2,MLP,42,82,0.12662235,2.723e-05,0.00280853,0.75443428,False
ETTm2,MLP,42,83,0.14002707,0.0,0.00280853,0.75443428,False
ETTm2,MLP,42,84,0.12987449,0.01015259,0.00220518,0.59236152,False
ETTm2,MLP,42,85,0.13051666,0.0,0.00219973,0.59089875,False
ETTm2,MLP,42,86,0.12967058,0.00084608,0.00228637,0.61417065,False
ETTm2,MLP,42,87,0.13359542,0.0,0.00152992,0.41097251,False
ETTm2,MLP,42,88,0.13316225,0.00043317,0.00152992,0.41097251,False
ETTm2,MLP,42,89,0.12679188,0.00637037,0.00247751,0.66551499,False
ETTm2,MLP,42,90,0.13660492,0.0,0.0029722,0.79840125,False
ETTm2,MLP,42,91,0.13102092,0.005584,0.00288557,0.77512935,False
ETTm2,MLP,42,92,0.12854745,0.00247347,0.00837691,2.25022894,False
ETTm2,MLP,42,93,0.15954479,0.0,0.00857196,2.30262558,False
ETTm2,MLP,42,94,0.12571772,0.03382707,0.00745516,2.00262778,False
ETTm2,MLP,42,95,0.12474244,0.00097528,0.00822105,2.20836277,False
ETTm2,MLP,42,96,0.13206728,0.0,0.00822105,2.20836277,False
ETTm2,MLP,42,97,0.12576437,0.00630291,0.00216913,0.58267682,False
ETTm2,MLP,42,98,0.1309607,0.0,0.00197407,0.53028019,False
ETTm2,MLP,42,99,0.12739327,0.00356744,0.00432375,1.16145929,False
ETTm2,MLP,42,100,0.15026762,0.0,0.00306317,0.82283804,False
ETTm2,MLP,42,101,0.1385192,0.01174842,0.00427852,1.14930894,False
ETTm2,MLP,42,102,0.14016286,0.0,0.00490187,1.31675552,False
ETTm2,MLP,42,103,0.13408611,0.00607675,0.00490187,1.31675552,False
ETTm2,MLP,42,104,0.12740192,0.00668419,0.00283721,0.76214053,False
ETTm2,MLP,42,105,0.13251013,0.0,0.00283721,0.76214053,False
ETTm2,MLP,42,106,0.13108501,0.00142512,0.00162186,0.43566963,False
ETTm2,MLP,42,107,0.14031735,0.0,0.00364943,0.98032058,False
ETTm2,MLP,42,108,0.14267444,0.0,0.00364943,0.98032058,False
ETTm2,MLP,42,109,0.12585241,0.01682203,0.00420544,1.12967642,False
ETTm2,MLP,42,110,0.13135225,0.0,0.00420544,1.12967642,False
ETTm2,MLP,42,111,0.1271471,0.00420515,0.00432692,1.16230947,False
ETTm2,MLP,42,112,0.13317615,0.0,0.00096251,0.25855301,False
ETTm2,MLP,42,113,0.13256873,0.00060741,0.00178418,0.47927191,False
ETTm2,MLP,42,114,0.13645528,0.0,0.00094315,0.25335196,False
ETTm2,MLP,42,115,0.13234694,0.00410834,0.00501784,1.34790538,False
ETTm2,MLP,42,116,0.15156779,0.0,0.00587252,1.57749236,False
ETTm2,MLP,42,117,0.13119436,0.02037342,0.00587252,1.57749236,False
ETTm2,MLP,42,118,0.12631354,0.00488082,0.00505085,1.35677346,False
ETTm2,MLP,42,119,0.12694617,0.0,0.00607967,1.63313793,False
ETTm2,MLP,42,120,0.1342491,0.0,0.00200498,0.53858451,False
ETTm2,MLP,42,121,0.129105,0.0051441,0.00384328,1.03239283,False
ETTm2,MLP,42,122,0.14293529,0.0,0.00384787,1.03362557,False
ETTm2,MLP,42,123,0.12886299,0.0140723,0.00384787,1.03362557,False
ETTm2,MLP,42,124,0.12884005,2.295e-05,0.00493981,1.32694618,False
ETTm2,MLP,42,125,0.13827015,0.0,0.00518305,1.39228528,False
ETTm2,MLP,42,126,0.12766635,0.01060381,0.0025557,0.68652024,False
ETTm2,MLP,42,127,0.12645016,0.00121619,0.00255111,0.68528751,False
ETTm2,MLP,42,128,0.12551458,0.00093557,0.0027156,0.7294736,False
ETTm2,MLP,42,129,0.13289379,0.0,0.00059484,0.15978851,False
ETTm2,MLP,42,130,0.13207134,0.00082246,0.00035161,0.09444941,False
ETTm2,MLP,42,131,0.13680521,0.0,0.01734251,4.65859512,False
ETTm2,MLP,42,132,0.22088465,0.0,0.01797316,4.82800084,False
ETTm2,MLP,42,133,0.13499455,0.08589009,0.01804006,4.84597325,False
ETTm2,MLP,42,134,0.13184133,0.00315323,0.01804006,4.84597325,False
ETTm2,MLP,42,135,0.13068434,0.00115698,0.01836519,4.93331003,False
ETTm2,MLP,42,136,0.13079902,0.0,0.00159835,0.42935206,False
ETTm2,MLP,42,137,0.12917338,0.00162564,0.0009677,0.25994634,False
ETTm2,MLP,42,138,0.12711751,0.00205588,0.0007363,0.19778785,False
ETTm2,MLP,42,139,0.13170068,0.0,0.00147611,0.39651582,False
ETTm2,MLP,42,140,0.14071013,0.0,0.00260992,0.70108377,False
ETTm2,MLP,42,141,0.13701111,0.00369901,0.00219874,0.5906327,False
ETTm2,MLP,42,142,0.12971641,0.0072947,0.00325297,0.8738217,False
ETTm2,MLP,42,143,0.13223478,0.0,0.00325297,0.8738217,False
ETTm2,MLP,42,144,0.12696365,0.00527113,0.00251317,0.67509372,False
ETTm2,MLP,42,145,0.13031294,0.0,0.00363651,0.97685096,False
ETTm2,MLP,42,146,0.14311633,0.0,0.00363651,0.97685096,False
ETTm2,MLP,42,147,0.13020488,0.01291145,0.00258229,0.69366197,False
ETTm2,MLP,42,148,0.13527221,0.0,0.00272168,0.73110602,False
ETTm2,MLP,42,149,0.14657698,0.0,0.00566176,1.52087782,False
ETTm2,MLP,42,150,0.14588001,0.00069696,0.00434369,1.16681567,False
ETTm2,MLP,42,151,0.13117963,0.01470038,0.00434369,1.16681567,False
ETTm2,MLP,42,152,0.12485851,0.00632113,0.00434369,1.16681567,False
ETTm2,MLP,42,153,0.12781783,0.0,0.00462482,1.2423336,False
ETTm2,MLP,42,154,0.13196691,0.0,0.00195556,0.52530683,False
ETTm2,MLP,42,155,0.1298643,0.00210261,0.00069133,0.18570701,False
ETTm2,MLP,42,156,0.12851026,0.00135404,0.00092288,0.24790681,False
ETTm2,MLP,42,157,0.1322091,0.0,0.00169524,0.45537985,False
ETTm2,MLP,42,158,0.13105134,0.00115775,0.00127472,0.34241786,False
ETTm2,MLP,42,159,0.12718955,0.00386179,0.00258521,0.69444668,False
ETTm2,MLP,42,160,0.14440652,0.0,0.00315476,0.84744128,False
ETTm2,MLP,42,161,0.13650001,0.00790651,0.00435053,1.16865227,False
ETTm2,MLP,42,162,0.13365225,0.00284776,0.00357817,0.96117923,False
ETTm2,MLP,42,163,0.12651565,0.0071366,0.00357817,0.96117923,False
ETTm2,MLP,42,164,0.12782834,0.0,0.00330269,0.88717709,False
ETTm2,MLP,42,165,0.13414916,0.0,0.00315753,0.84818456,False
ETTm2,MLP,42,166,0.12762009,0.00652907,0.00173021,0.46477377,False
ETTm2,MLP,42,167,0.12549811,0.00212197,0.00173021,0.46477377,False
ETTm2,MLP,42,168,0.13092892,0.0,0.0045249,1.21549139,False
ETTm2,MLP,42,169,0.14158087,0.0,0.00321908,0.86471968,False
ETTm2,MLP,42,170,0.12760743,0.01397345,0.00279469,0.75071761,False
ETTm2,MLP,42,171,0.13458822,0.0,0.00279469,0.75071761,False
ETTm2,MLP,42,172,0.13811891,0.0,0.00661889,1.77798431,False
ETTm2,MLP,42,173,0.15125604,0.0,0.0038242,1.0272667,False
ETTm2,MLP,42,174,0.13213506,0.01912098,0.00560368,1.50527642,False
ETTm2,MLP,42,175,0.14126962,0.0,0.00697519,1.87369529,False
ETTm2,MLP,42,176,0.13237221,0.00889741,0.00697519,1.87369529,False
ETTm2,MLP,42,177,0.12551466,0.00685755,0.00491419,1.32006335,False
ETTm2,MLP,42,178,0.13848739,0.0,0.00514448,1.38192517,False
ETTm2,MLP,42,179,0.12967141,0.00881598,0.003365,0.90391545,False
ETTm2,MLP,42,180,0.12851995,0.00115146,0.00398695,1.07098717,False
ETTm2,MLP,42,181,0.13788007,0.0,0.00398695,1.07098717,False
ETTm2,MLP,42,182,0.12791274,0.00996733,0.00222376,0.59735241,False
ETTm2,MLP,42,183,0.12914413,0.0,0.00199347,0.53549059,False
ETTm2,MLP,42,184,0.13092316,0.0,0.0048305,1.29758244,False
ETTm2,MLP,42,185,0.14339479,0.0,0.00283703,0.76209185,False
ETTm2,MLP,42,186,0.12920963,0.01418516,0.00283703,0.76209185,False
ETTm2,MLP,42,187,0.13725952,0.0,0.00990411,2.6604709,False
ETTm2,MLP,42,188,0.16591611,0.0,0.01035513,2.78162561,False
ETTm2,MLP,42,189,0.13058072,0.03533539,0.0075181,2.01953376,False
ETTm2,MLP,42,190,0.12832561,0.00225511,0.0075181,2.01953376,False
ETTm2,MLP,42,191,0.12886686,0.0,0.0075181,2.01953376,False
ETTm2,MLP,42,192,0.13164183,0.0,0.00045102,0.12115471,False
ETTm2,MLP,42,193,0.13792385,0.0,0.00139452,0.37459991,False
ETTm2,MLP,42,194,0.13871135,0.0,0.00253467,0.68086911,False
ETTm2,MLP,42,195,0.13173875,0.0069726,0.00253467,0.68086911,False
ETTm2,MLP,42,196,0.12603802,0.00570073,0.00354381,0.95194803,False
ETTm2,MLP,42,197,0.13125954,0.0,0.00354381,0.95194803,False
ETTm2,MLP,42,198,0.12621383,0.00504572,0.0027501,0.73874073,False
ETTm2,MLP,42,199,0.14180834,0.0,0.00319808,0.85907781,False
ETTm2,MLP,42,200,0.13880427,0.00300407,0.00345547,0.92821881,False
ETTm2,MLP,42,201,0.13086365,0.00794062,0.00244633,0.65713989,False
ETTm2,MLP,42,202,0.1295767,0.00128695,0.00462096,1.24129535,False
ETTm2,MLP,42,203,0.14015938,0.0,0.00402014,1.07990274,False
ETTm2,MLP,42,204,0.12928623,0.01087315,0.00416072,1.11766406,False
ETTm2,MLP,42,205,0.14549721,0.0,0.0055479,1.49029304,False
ETTm2,MLP,42,206,0.13685373,0.00864349,0.0055479,1.49029304,False
ETTm2,MLP,42,207,0.12863086,0.00822287,0.00337327,0.90613758,False
ETTm2,MLP,42,208,0.13028152,0.0,0.00401971,1.07978656,False
ETTm2,MLP,42,209,0.13046692,0.0,0.00229101,0.61541895,False
ETTm2,MLP,42,210,0.12723471,0.00323221,0.01524357,4.09477079,False
ETTm2,MLP,42,211,0.20429592,0.0,0.016121,4.33047042,False
ETTm2,MLP,42,212,0.13131029,0.07298562,0.016121,4.33047042,False
ETTm2,MLP,42,213,0.12692311,0.00438718,0.01547456,4.15682144,False
ETTm2,MLP,42,214,0.12760168,0.0,0.01636158,4.39509558,False
ETTm2,MLP,42,215,0.13053477,0.0,0.00176446,0.47397376,False
ETTm2,MLP,42,216,0.12609967,0.0044351,0.00088702,0.23827413,False
ETTm2,MLP,42,217,0.1595086,0.0,0.10660667,28.63699144,False
ETTm2,MLP,42,218,0.65597797,0.0,0.10660667,28.63699144,False
ETTm2,MLP,42,219,0.12737972,0.52859825,0.10571965,28.39871731,False
ETTm2,MLP,42,220,0.12761503,0.0,0.10694203,28.72707552,False
ETTm2,MLP,42,221,0.13836844,0.0,0.10694203,28.72707552,False
ETTm2,MLP,42,222,0.13225656,0.00611188,0.03649974,9.80466558,False
ETTm2,MLP,42,223,0.3060163,0.0,0.03649974,9.80466558,False
ETTm2,MLP,42,224,0.12962948,0.17638682,0.03649974,9.80466558,False
ETTm2,MLP,42,225,0.13113896,0.0,0.03527736,9.47630737,False
ETTm2,MLP,42,226,0.13881518,0.0,0.0402184,10.8035817,False
ETTm2,MLP,42,227,0.15111358,0.0,0.00494103,1.32727433,False
ETTm2,MLP,42,228,0.12640842,0.02470516,0.00734084,1.97191884,False
ETTm2,MLP,42,229,0.1392264,0.0,0.00751316,2.01820796,False
ETTm2,MLP,42,230,0.12722734,0.01199906,0.00751316,2.01820796,False
ETTm2,MLP,42,231,0.12636574,0.0008616,0.00257213,0.69093363,False
ETTm2,MLP,42,232,0.13028419,0.0,0.00257213,0.69093363,False
ETTm2,MLP,42,233,0.13168569,0.0,0.00137194,0.36853323,False
ETTm2,MLP,42,234,0.1318281,0.0,0.00119962,0.32224411,False
ETTm2,MLP,42,235,0.12583003,0.00599808,0.02681654,7.20353657,False
ETTm2,MLP,42,236,0.25693577,0.0,0.02681654,7.20353657,False
ETTm2,MLP,42,237,0.12885114,0.12808463,0.02703502,7.26222412,False
ETTm2,MLP,42,238,0.13229186,0.0,0.0258354,6.93998001,False
ETTm2,MLP,42,239,0.13119948,0.00109238,0.02926688,7.86175325,False
ETTm2,MLP,42,240,0.15564011,0.0,0.00432801,1.16260141,False
ETTm2,MLP,42,241,0.13848273,0.01715738,0.00512082,1.3755701,False
ETTm2,MLP,42,242,0.13509246,0.00339027,0.00490235,1.31688255,False
ETTm2,MLP,42,243,0.13112838,0.00396408,0.00490235,1.31688255,False
ETTm2,MLP,42,244,0.13896114,0.0,0.00152498,0.40964542,False
ETTm2,MLP,42,245,0.14996576,0.0,0.00333984,0.89715803,False
ETTm2,MLP,42,246,0.14969519,0.00027057,0.00474387,1.27431329,False
ETTm2,MLP,42,247,0.13723063,0.01246456,0.00474387,1.27431329,False
ETTm2,MLP,42,248,0.12624638,0.01098425,0.00474387,1.27431329,False
ETTm2,MLP,42,249,0.12904559,0.0,0.00753562,2.02424115,False
ETTm2,MLP,42,250,0.14116869,0.0,0.00504271,1.35458792,False
ETTm2,MLP,42,251,0.12693938,0.01422932,0.00284586,0.76446397,False
ETTm2,MLP,42,252,0.13034165,0.0,0.00478014,1.28405419,False
ETTm2,MLP,42,253,0.15405784,0.0,0.00833944,2.2401647,False
ETTm2,MLP,42,254,0.14438647,0.00967137,0.00549358,1.47570072,False
ETTm2,MLP,42,255,0.12658995,0.01779652,0.0059596,1.60088525,False
ETTm2,MLP,42,256,0.13315725,0.0,0.00670176,1.8002457,False
ETTm2,MLP,42,257,0.13082713,0.00233012,0.00476748,1.28065548,False
ETTm2,MLP,42,258,0.12711634,0.00371079,0.00120818,0.32454498,False
ETTm2,MLP,42,259,0.13915601,0.0,0.00690844,1.85576634,False
ETTm2,MLP,42,260,0.15527428,0.0,0.00644242,1.73058181,False
ETTm2,MLP,42,261,0.12677296,0.02850132,0.00592237,1.59088411,False
ETTm2,MLP,42,262,0.12721332,0.0,0.00592237,1.59088411,False
ETTm2,MLP,42,263,0.12610279,0.00111053,0.00592237,1.59088411,False
ETTm2,MLP,42,264,0.12819847,0.0,0.00102514,0.27537638,False
ETTm2,MLP,42,265,0.13056545,0.0,0.00102514,0.27537638,False
ETTm2,MLP,42,266,0.12655027,0.00401518,0.00373586,1.0035376,False
ETTm2,MLP,42,267,0.14603267,0.0,0.0042705,1.14715534,False
ETTm2,MLP,42,268,0.13136854,0.01466413,0.00446475,1.19933461,False
ETTm2,MLP,42,269,0.12869532,0.00267322,0.00366172,0.98362098,False
ETTm2,MLP,42,270,0.12772408,0.00097124,0.00366172,0.98362098,False
ETTm2,MLP,42,271,0.12804242,0.0,0.00072889,0.19579702,False
ETTm2,MLP,42,272,0.13008202,0.0,0.00231002,0.62052302,False
ETTm2,MLP,42,273,0.14028627,0.0,0.00211577,0.56834374,False
ETTm2,MLP,42,274,0.12970743,0.01057884,0.00296086,0.79535395,False
ETTm2,MLP,42,275,0.13176607,0.0,0.00296086,0.79535395,False
ETTm2,MLP,42,276,0.12754062,0.00422544,0.00296086,0.79535395,False
ETTm2,MLP,42,277,0.12817965,0.0,0.00222703,0.59823077,False
ETTm2,MLP,42,278,0.14360804,0.0,0.00374704,1.00653995,False
ETTm2,MLP,42,279,0.13669835,0.0069097,0.00290195,0.77952974,False
ETTm2,MLP,42,280,0.1290983,0.00760004,0.00456498,1.22625716,False
ETTm2,MLP,42,281,0.13572355,0.0,0.00456498,1.22625716,False
ETTm2,MLP,42,282,0.12740841,0.00831514,0.01006163,2.70278323,False
ETTm2,MLP,42,283,0.16501472,0.0,0.00854162,2.29447405,False
ETTm2,MLP,42,284,0.13062177,0.03439295,0.00854162,2.29447405,False
ETTm2,MLP,42,285,0.13736166,0.0,0.00687859,1.84774663,False
ETTm2,MLP,42,286,0.1375473,0.0,0.00687859,1.84774663,False
ETTm2,MLP,42,287,0.1417525,0.0,0.00408194,1.09650171,False
ETTm2,MLP,42,288,0.14995507,0.0,0.00416339,1.11838218,False
ETTm2,MLP,42,289,0.12954538,0.02040969,0.0045655,1.22639738,False
ETTm2,MLP,42,290,0.12913811,0.00040727,0.0045655,1.22639738,False
ETTm2,MLP,42,291,0.12712758,0.00201054,0.0045655,1.22639738,False
ETTm2,MLP,42,292,0.12883842,0.0,0.00318382,0.85524701,False
ETTm2,MLP,42,293,0.14080214,0.0,0.00310237,0.83336654,False
ETTm2,MLP,42,294,0.12730084,0.01350129,0.00614147,1.64973874,False
ETTm2,MLP,42,295,0.14405153,0.0,0.00614147,1.64973874,False
ETTm2,MLP,42,296,0.12684548,0.01720604,0.00938129,2.52003018,False
ETTm2,MLP,42,297,0.14747099,0.0,0.00668103,1.79467884,False
ETTm2,MLP,42,298,0.13127186,0.01619913,0.00668103,1.79467884,False
ETTm2,MLP,42,299,0.13226909,0.0,0.00404978,1.08786431,False
ETTm2,MLP,42,300,0.14704898,0.0,0.00539971,1.45048574,False
ETTm2,CNN,42,2,0.149006,9.257e-05,0.00384742,0.81702783,False
ETTm2,CNN,42,3,0.13755632,0.01144968,0.00528785,1.1229151,False
ETTm2,CNN,42,4,0.14346319,0.0,0.00423028,0.89833208,False
ETTm2,CNN,42,5,0.13385403,0.00960916,0.00421177,0.89440042,False
ETTm2,CNN,42,6,0.13728872,0.0,0.00596788,1.26732458,False
ETTm2,CNN,42,7,0.15169299,0.0,0.00596788,1.26732458,False
ETTm2,CNN,42,8,0.13146273,0.02023025,0.0093148,1.97806755,False
ETTm2,CNN,42,9,0.15930064,0.0,0.0093148,1.97806755,False
ETTm2,CNN,42,10,0.13295689,0.02634374,0.01210093,2.56972298,False
ETTm2,CNN,42,11,0.15038041,0.0,0.00805488,1.71051378,False
ETTm2,CNN,42,12,0.13644977,0.01393065,0.01120936,2.38039251,False
ETTm2,CNN,42,13,0.14789587,0.0,0.00594061,1.26153416,False
ETTm2,CNN,42,14,0.13212344,0.01577243,0.00594061,1.26153416,False
ETTm2,CNN,42,15,0.13575369,0.0,0.00315449,0.66987873,False
ETTm2,CNN,42,16,0.13868208,0.0,0.00830054,1.76268276,False
ETTm2,CNN,42,17,0.15863496,0.0,0.00514606,1.09280403,False
ETTm2,CNN,42,18,0.13290467,0.02573029,0.00724198,1.53788954,False
ETTm2,CNN,42,19,0.14931176,0.0,0.00724198,1.53788954,False
ETTm2,CNN,42,20,0.13883213,0.01047963,0.00841905,1.78784947,False
ETTm2,CNN,42,21,0.13949316,0.0,0.003273,0.69504543,False
ETTm2,CNN,42,22,0.1336078,0.00588536,0.00952175,2.02201544,False
ETTm2,CNN,42,23,0.16088397,0.0,0.00742583,1.57692993,False
ETTm2,CNN,42,24,0.1296402,0.03124378,0.00824715,1.75134319,False
ETTm2,CNN,42,25,0.13840919,0.0,0.00707007,1.50138326,False
ETTm2,CNN,42,26,0.1343026,0.00410659,0.01029983,2.18724644,False
ETTm2,CNN,42,27,0.14787188,0.0,0.00405108,0.86027643,False
ETTm2,CNN,42,28,0.1317231,0.01614879,0.00495072,1.05132324,False
ETTm2,CNN,42,29,0.14031403,0.0,0.00535199,1.13653446,False
ETTm2,CNN,42,30,0.13581579,0.00449824,0.00535199,1.13653446,False
ETTm2,CNN,42,31,0.12970288,0.00611291,0.0050016,1.06212832,False
ETTm2,CNN,42,32,0.14933291,0.0,0.0050016,1.06212832,False
ETTm2,CNN,42,33,0.13493603,0.01439688,0.00533596,1.13313125,False
ETTm2,CNN,42,34,0.14292768,0.0,0.00411338,0.87350677,False
ETTm2,CNN,42,35,0.13675767,0.00617001,0.00411338,0.87350677,False
ETTm2,CNN,42,36,0.14009024,0.0,0.00605357,1.28552111,False
ETTm2,CNN,42,37,0.16139425,0.0,0.00605357,1.28552111,False
ETTm2,CNN,42,38,0.13729642,0.02409784,0.00615242,1.30651359,False
ETTm2,CNN,42,39,0.14140932,0.0,0.00615242,1.30651359,False
ETTm2,CNN,42,40,0.13474504,0.00666429,0.00634987,1.34844296,False
ETTm2,CNN,42,41,0.13996434,0.0,0.0015303,0.32497158,False
ETTm2,CNN,42,42,0.13897711,0.00098724,0.00361943,0.76861272,False
ETTm2,CNN,42,43,0.14416285,0.0,0.00228657,0.48557051,False
ETTm2,CNN,42,44,0.13371723,0.01044562,0.00228657,0.48557051,False
ETTm2,CNN,42,45,0.13531251,0.0,0.00208912,0.44364114,False
ETTm2,CNN,42,46,0.14111692,0.0,0.00367919,0.78130289,False
ETTm2,CNN,42,47,0.14237041,0.0,0.00159006,0.33766175,False
ETTm2,CNN,42,48,0.13442009,0.00795031,0.0018162,0.38568293,False
ETTm2,CNN,42,49,0.14346444,0.0,0.00316454,0.67201356,False
ETTm2,CNN,42,50,0.14233377,0.00113067,0.00318797,0.67698842,False
ETTm2,CNN,42,51,0.13559206,0.00674171,0.0015979,0.33932666,False
ETTm2,CNN,42,52,0.13547493,0.00011713,0.00350879,0.74511802,False
ETTm2,CNN,42,53,0.14310615,0.0,0.00328266,0.69709685,False
ETTm2,CNN,42,54,0.13355171,0.00955444,0.00193431,0.41076622,False
ETTm2,CNN,42,55,0.13424528,0.0,0.00191089,0.40579136,False
ETTm2,CNN,42,56,0.13511086,0.0,0.00285263,0.60577791,False
ETTm2,CNN,42,57,0.13794924,0.0,0.00094174,0.19998655,False
ETTm2,CNN,42,58,0.13324052,0.00470872,0.00094174,0.19998655,False
ETTm2,CNN,42,59,0.13390855,0.0,0.00094174,0.19998655,False
ETTm2,CNN,42,60,0.13697185,0.0,0.00244838,0.51993214,False
ETTm2,CNN,42,61,0.14767401,0.0,0.00187882,0.39898083,False
ETTm2,CNN,42,62,0.14014083,0.00753318,0.00228011,0.48419775,False
ETTm2,CNN,42,63,0.13827993,0.0018609,0.00228011,0.48419775,False
ETTm2,CNN,42,64,0.13627348,0.00200645,0.00228011,0.48419775,False
ETTm2,CNN,42,65,0.14594636,0.0,0.00254968,0.54144318,False
ETTm2,CNN,42,66,0.14749513,0.0,0.0021775,0.46240795,False
ETTm2,CNN,42,67,0.13861409,0.00888104,0.00177621,0.37719102,False
ETTm2,CNN,42,68,0.14321809,0.0,0.00321834,0.6834395,False
ETTm2,CNN,42,69,0.14646882,0.0,0.00325622,0.69148371,False
ETTm2,CNN,42,70,0.13925814,0.00721068,0.00148002,0.31429269,False
ETTm2,CNN,42,71,0.13906873,0.0001894,0.00270204,0.5737977,False
ETTm2,CNN,42,72,0.13999289,0.0,0.00270204,0.5737977,False
ETTm2,CNN,42,73,0.13388279,0.0061101,0.00176696,0.37522644,False
ETTm2,CNN,42,74,0.14909243,0.0,0.00314472,0.6678044,False
ETTm2,CNN,42,75,0.14655715,0.00253528,0.00314472,0.6678044,False
ETTm2,CNN,42,76,0.13947894,0.00707821,0.00239592,0.50879172,False
ETTm2,CNN,42,77,0.14011521,0.0,0.00239592,0.50879172,False
ETTm2,CNN,42,78,0.13774909,0.00236611,0.00259054,0.55012021,False
ETTm2,CNN,42,79,0.14158044,0.0,0.0011749,0.24949804,False
ETTm2,CNN,42,80,0.13807207,0.00350837,0.0011749,0.24949804,False
ETTm2,CNN,42,81,0.13894295,0.0,0.00252133,0.5354227,False
ETTm2,CNN,42,82,0.14746368,0.0,0.00252133,0.5354227,False
ETTm2,CNN,42,83,0.13836541,0.00909827,0.00393262,0.83512033,False
ETTm2,CNN,42,84,0.14798148,0.0,0.00400062,0.84956253,False
ETTm2,CNN,42,85,0.13741667,0.01056481,0.00400062,0.84956253,False
ETTm2,CNN,42,86,0.13707663,0.00034004,0.00237451,0.50424586,False
ETTm2,CNN,42,87,0.14347243,0.0,0.00328463,0.69751612,False
ETTm2,CNN,42,88,0.14250471,0.00096772,0.00117167,0.24881279,False
ETTm2,CNN,42,89,0.13795413,0.00455059,0.00129412,0.27481545,False
ETTm2,CNN,42,90,0.1390749,0.0,0.00152574,0.32400155,False
ETTm2,CNN,42,91,0.13812262,0.00095228,0.00133219,0.28290122,False
ETTm2,CNN,42,92,0.13696452,0.0011581,0.00042208,0.08963096,False
ETTm2,CNN,42,93,0.14073069,0.0,0.00066456,0.14112397,False
ETTm2,CNN,42,94,0.1500379,0.0,0.00141603,0.30070413,False
ETTm2,CNN,42,95,0.14882549,0.00121241,0.0015926,0.3382012,False
ETTm2,CNN,42,96,0.14411586,0.00470963,0.0015926,0.3382012,False
ETTm2,CNN,42,97,0.14207488,0.00204097,0.00174799,0.37119814,False
ETTm2,CNN,42,98,0.14209927,0.0,0.0015055,0.31970512,False
ETTm2,CNN,42,99,0.14132235,0.00077692,0.00280421,0.59549445,False
ETTm2,CNN,42,100,0.1488691,0.0,0.00252464,0.53612635,False
ETTm2,CNN,42,101,0.13766595,0.01120314,0.00264313,0.56128857,False
ETTm2,CNN,42,102,0.13702281,0.00064314,0.00248775,0.52829163,False
ETTm2,CNN,42,103,0.13643036,0.00059245,0.00248775,0.52829163,False
ETTm2,CNN,42,104,0.14278117,0.0,0.00077051,0.16362398,False
ETTm2,CNN,42,105,0.14393254,0.0,0.00183914,0.39055527,False
ETTm2,CNN,42,106,0.14131557,0.00261697,0.00172065,0.36539306,False
ETTm2,CNN,42,107,0.13532928,0.00598628,0.00172065,0.36539306,False
ETTm2,CNN,42,108,0.13867895,0.0,0.00172065,0.36539306,False
ETTm2,CNN,42,109,0.1441603,0.0,0.00327531,0.69553586,False
ETTm2,CNN,42,110,0.15332204,0.0,0.00207805,0.44128949,False
ETTm2,CNN,42,111,0.14293179,0.01039025,0.00280593,0.59586123,False
ETTm2,CNN,42,112,0.15265067,0.0,0.00456277,0.96893911,False
ETTm2,CNN,42,113,0.14901125,0.00363942,0.00461213,0.97942068,False
ETTm2,CNN,42,114,0.14022706,0.00878419,0.00293386,0.62302692,False
ETTm2,CNN,42,115,0.13998027,0.00024679,0.00293386,0.62302692,False
ETTm2,CNN,42,116,0.13798138,0.00199889,0.00368549,0.78264083,False
ETTm2,CNN,42,117,0.14851897,0.0,0.00254403,0.54024458,False
ETTm2,CNN,42,118,0.14112141,0.00739756,0.00268642,0.5704819,False
ETTm2,CNN,42,119,0.13804449,0.00307693,0.00228664,0.48558617,False
ETTm2,CNN,42,120,0.13708575,0.00095873,0.00351925,0.7473396,False
ETTm2,CNN,42,121,0.14573155,0.0,0.00203974,0.43315394,False
ETTm2,CNN,42,122,0.13956852,0.00616304,0.00160985,0.34186426,False
ETTm2,CNN,42,123,0.14066362,0.0,0.00157488,0.33443818,False
ETTm2,CNN,42,124,0.13973612,0.00092749,0.00184544,0.39189369,False
ETTm2,CNN,42,125,0.13895224,0.00078389,0.00061284,0.13014027,False
ETTm2,CNN,42,126,0.13759944,0.0013528,0.00076099,0.16160144,False
ETTm2,CNN,42,127,0.141136,0.0,0.00057549,0.1222095,False
ETTm2,CNN,42,128,0.14039524,0.00074076,0.00071011,0.15079763,False
ETTm2,CNN,42,129,0.143792,0.0,0.00043955,0.09334212,False
ETTm2,CNN,42,130,0.142335,0.001457,0.00078154,0.16596653,False
ETTm2,CNN,42,131,0.14433141,0.0,0.00063339,0.13450535,False
ETTm2,CNN,42,132,0.14262146,0.00170996,0.00072204,0.15332978,False
ETTm2,CNN,42,133,0.14514628,0.0,0.00043064,0.09144884,False
ETTm2,CNN,42,134,0.14470305,0.00044322,0.00043064,0.09144884,False
ETTm2,CNN,42,135,0.14480114,0.0,8.864e-05,0.01882443,True
ETTm2,CNN,42,136,0.14752795,0.0,0.00051922,0.11026031,False
ETTm2,CNN,42,137,0.15011491,0.0,0.00165263,0.35094879,False
ETTm2,CNN,42,138,0.14796203,0.00215288,0.002447,0.51963805,False
ETTm2,CNN,42,139,0.14185175,0.00611028,0.002447,0.51963805,False
ETTm2,CNN,42,140,0.13787993,0.00397182,0.00298357,0.63358276,False
ETTm2,CNN,42,141,0.13934695,0.0,0.00255299,0.54214688,False
ETTm2,CNN,42,142,0.1366641,0.00268285,0.0021442,0.45533649,False
ETTm2,CNN,42,143,0.14917645,0.0,0.00161184,0.34228628,False
ETTm2,CNN,42,144,0.14511014,0.00406632,0.00161184,0.34228628,False
ETTm2,CNN,42,145,0.14380011,0.00131003,0.00291705,0.6194585,False
ETTm2,CNN,42,146,0.14885539,0.0,0.00291705,0.6194585,False
ETTm2,CNN,42,147,0.13964646,0.00920893,0.00384376,0.81625036,False
ETTm2,CNN,42,148,0.14650542,0.0,0.00358175,0.76061131,False
ETTm2,CNN,42,149,0.1378056,0.00869982,0.00687136,1.45918537,False
ETTm2,CNN,42,150,0.15346807,0.0,0.00502958,1.06806843,False
ETTm2,CNN,42,151,0.13702001,0.01644807,0.00502958,1.06806843,False
ETTm2,CNN,42,152,0.14000521,0.0,0.00328961,0.69857405,False
ETTm2,CNN,42,153,0.14335917,0.0,0.00328961,0.69857405,False
ETTm2,CNN,42,154,0.14528316,0.0,0.00078821,0.16738238,False
ETTm2,CNN,42,155,0.14858124,0.0,0.00078821,0.16738238,False
ETTm2,CNN,42,156,0.14464018,0.00394105,0.00146349,0.31078328,False
ETTm2,CNN,42,157,0.14956672,0.0,0.00146349,0.31078328,False
ETTm2,CNN,42,158,0.14619032,0.0033764,0.00276504,0.58717759,False
ETTm2,CNN,42,159,0.1498934,0.0,0.00197683,0.41979521,False
ETTm2,CNN,42,160,0.14338564,0.00650776,0.00319031,0.67748675,False
ETTm2,CNN,42,161,0.14539981,0.0,0.0026126,0.55480441,False
ETTm2,CNN,42,162,0.13933241,0.0060674,0.0026126,0.55480441,False
ETTm2,CNN,42,163,0.13884459,0.00048782,0.00280963,0.59664604,False
ETTm2,CNN,42,164,0.15123301,0.0,0.0033125,0.70343428,False
ETTm2,CNN,42,165,0.14374009,0.00749293,0.00209902,0.44574275,False
ETTm2,CNN,42,166,0.14122573,0.00251435,0.00327347,0.69514498,False
ETTm2,CNN,42,167,0.14579195,0.0,0.00327347,0.69514498,False
ETTm2,CNN,42,168,0.1394319,0.00636005,0.00191903,0.40751959,False
ETTm2,CNN,42,169,0.14474098,0.0,0.00205984,0.4374228,False
ETTm2,CNN,42,170,0.14402024,0.00072073,0.00205984,0.4374228,False
ETTm2,CNN,42,171,0.14080182,0.00321843,0.00109934,0.23345286,False
ETTm2,CNN,42,172,0.15013413,0.0,0.00253974,0.53933328,False
ETTm2,CNN,42,173,0.14857659,0.00155754,0.0023956,0.50872272,False
ETTm2,CNN,42,174,0.14137458,0.00720202,0.00224396,0.47652231,False
ETTm2,CNN,42,175,0.14346489,0.0,0.00224396,0.47652231,False
ETTm2,CNN,42,176,0.14100463,0.00246026,0.00300177,0.63744755,False
ETTm2,CNN,42,177,0.14624782,0.0,0.00156136,0.33156714,False
ETTm2,CNN,42,178,0.14090127,0.00534655,0.00195161,0.41443915,False
ETTm2,CNN,42,179,0.14845398,0.0,0.00145956,0.30994811,False
ETTm2,CNN,42,180,0.14650274,0.00195124,0.00185687,0.39432133,False
ETTm2,CNN,42,181,0.14694662,0.0,0.00159788,0.33932192,False
ETTm2,CNN,42,182,0.14496003,0.00198658,0.00191591,0.40685825,False
ETTm2,CNN,42,183,0.14090845,0.00405158,0.00152566,0.32398623,False
ETTm2,CNN,42,184,0.1393183,0.00159016,0.00152566,0.32398623,False
ETTm2,CNN,42,185,0.14975764,0.0,0.00261307,0.5549058,False
ETTm2,CNN,42,186,0.15056218,0.0,0.00180276,0.38282912,False
ETTm2,CNN,42,187,0.14313855,0.00742363,0.00173143,0.36768178,False
ETTm2,CNN,42,188,0.15960113,0.0,0.00440066,0.93451292,False
ETTm2,CNN,42,189,0.15836762,0.00123351,0.00464668,0.9867567,False
ETTm2,CNN,42,190,0.14502147,0.01334615,0.00316195,0.67146392,False
ETTm2,CNN,42,191,0.14379138,0.00123009,0.00408738,0.86798526,False
ETTm2,CNN,42,192,0.14396529,0.0,0.00384068,0.81559625,False
ETTm2,CNN,42,193,0.13933816,0.00462713,0.00117144,0.24876512,False
ETTm2,CNN,42,194,0.14572502,0.0,0.0034589,0.73452358,False
ETTm2,CNN,42,195,0.15158181,0.0,0.0034589,0.73452358,False
ETTm2,CNN,42,196,0.13891444,0.01266737,0.00261972,0.55631621,False
ETTm2,CNN,42,197,0.14242016,0.0,0.00293247,0.6227314,False
ETTm2,CNN,42,198,0.14198895,0.00043121,0.00293247,0.6227314,False
ETTm2,CNN,42,199,0.14042519,0.00156376,0.00039899,0.08472916,False
ETTm2,CNN,42,200,0.14685115,0.0,0.00186107,0.39521213,False
ETTm2,CNN,42,201,0.1470349,0.0,0.00177483,0.37689817,False
ETTm2,CNN,42,202,0.13972452,0.00731038,0.00146208,0.31048297,False
ETTm2,CNN,42,203,0.1414187,0.0,0.00397508,0.84413791,False
ETTm2,CNN,42,204,0.15380807,0.0,0.00397508,0.84413791,False
ETTm2,CNN,42,205,0.14124306,0.01256501,0.00275076,0.58414384,False
ETTm2,CNN,42,206,0.1420959,0.0,0.00275076,0.58414384,False
ETTm2,CNN,42,207,0.14090713,0.00118877,0.00275076,0.58414384,False
ETTm2,CNN,42,208,0.14157329,0.0,0.00101609,0.21577483,False
ETTm2,CNN,42,209,0.14972666,0.0,0.00117513,0.2495477,False
ETTm2,CNN,42,210,0.14583497,0.00389169,0.00093738,0.1990588,False
ETTm2,CNN,42,211,0.14503979,0.00079519,0.0011352,0.24106873,False
ETTm2,CNN,42,212,0.14671653,0.0,0.00167847,0.35643497,False
ETTm2,CNN,42,213,0.1457274,0.00098913,0.00090013,0.19114904,False
ETTm2,CNN,42,214,0.14301108,0.00271632,0.00159412,0.33852236,False
ETTm2,CNN,42,215,0.14790313,0.0,0.00159412,0.33852236,False
ETTm2,CNN,42,216,0.14363801,0.00426512,0.00232202,0.49309869,False
ETTm2,CNN,42,217,0.14905412,0.0,0.00177876,0.37773246,False
ETTm2,CNN,42,218,0.14442546,0.00462866,0.00614573,1.30509197,False
ETTm2,CNN,42,219,0.1616042,0.0,0.00529271,1.12394578,False
ETTm2,CNN,42,220,0.13976933,0.02183487,0.00617796,1.31193616,False
ETTm2,CNN,42,221,0.14322456,0.0,0.00525223,1.11534989,False
ETTm2,CNN,42,222,0.13879829,0.00442627,0.00674154,1.43161587,False
ETTm2,CNN,42,223,0.14850515,0.0,0.00289942,0.61571369,False
ETTm2,CNN,42,224,0.1410586,0.00744655,0.00289942,0.61571369,False
ETTm2,CNN,42,225,0.13843432,0.00262429,0.00201417,0.42772331,False
ETTm2,CNN,42,226,0.14258008,0.0,0.00201417,0.42772331,False
ETTm2,CNN,42,227,0.14406911,0.0,0.00206971,0.43951883,False
ETTm2,CNN,42,228,0.15558973,0.0,0.0023501,0.49906152,False
ETTm2,CNN,42,229,0.14786546,0.00772427,0.00341046,0.72423718,False
ETTm2,CNN,42,230,0.14383923,0.00402623,0.00341046,0.72423718,False
ETTm2,CNN,42,231,0.13853742,0.00530181,0.00385985,0.81966845,False
ETTm2,CNN,42,232,0.15330543,0.0,0.00364944,0.7749857,False
ETTm2,CNN,42,233,0.15105849,0.00224695,0.00284563,0.6042901,False
ETTm2,CNN,42,234,0.14438628,0.00667221,0.00191785,0.40727087,False
ETTm2,CNN,42,235,0.14437911,7.17e-06,0.00191785,0.40727087,False
ETTm2,CNN,42,236,0.14371616,0.00066295,0.00336458,0.71449388,False
ETTm2,CNN,42,237,0.14927634,0.0,0.00203014,0.43111514,False
ETTm2,CNN,42,238,0.13979577,0.00948058,0.0020287,0.43081071,False
ETTm2,CNN,42,239,0.14294141,0.0,0.00189612,0.40265429,False
ETTm2,CNN,42,240,0.14978682,0.0,0.00290582,0.61707269,False
ETTm2,CNN,42,241,0.15001208,0.0,0.00200594,0.42597626,False
ETTm2,CNN,42,242,0.14496356,0.00504852,0.00200594,0.42597626,False
ETTm2,CNN,42,243,0.13998238,0.00498117,0.00297841,0.63248867,False
ETTm2,CNN,42,244,0.15139407,0.0,0.00297841,0.63248867,False
ETTm2,CNN,42,245,0.1465317,0.00486238,0.00581282,1.23439587,False
ETTm2,CNN,42,246,0.16859768,0.0,0.00506049,1.07463381,False
ETTm2,CNN,42,247,0.14937713,0.01922055,0.00506049,1.07463381,False
ETTm2,CNN,42,248,0.14815759,0.00121954,0.00576562,1.22437218,False
ETTm2,CNN,42,249,0.15012963,0.0,0.00576562,1.22437218,False
ETTm2,CNN,42,250,0.14174164,0.008388,0.00192151,0.40804658,False
ETTm2,CNN,42,251,0.14560964,0.0,0.00344167,0.73086397,False
ETTm2,CNN,42,252,0.15192645,0.0,0.00344167,0.73086397,False
ETTm2,CNN,42,253,0.14310611,0.00882034,0.00229415,0.48718062,False
ETTm2,CNN,42,254,0.14795325,0.0,0.00244569,0.51936103,False
ETTm2,CNN,42,255,0.14530282,0.00265042,0.00244569,0.51936103,False
ETTm2,CNN,42,256,0.14454513,0.00075769,0.00179249,0.3806483,False
ETTm2,CNN,42,257,0.14721741,0.0,0.00179249,0.3806483,False
ETTm2,CNN,42,258,0.14166309,0.00555432,0.0012624,0.26808087,False
ETTm2,CNN,42,259,0.14264412,0.0,0.00111086,0.23590046,False
ETTm2,CNN,42,260,0.14276749,0.0,0.00150747,0.32012167,False
ETTm2,CNN,42,261,0.14719781,0.0,0.0003966,0.08422121,False
ETTm2,CNN,42,262,0.14521481,0.00198301,0.00159271,0.33822343,False
ETTm2,CNN,42,263,0.14569061,0.0,0.00159271,0.33822343,False
ETTm2,CNN,42,264,0.13971007,0.00598053,0.00159271,0.33822343,False
ETTm2,CNN,42,265,0.14044694,0.0,0.00119611,0.25400222,False
ETTm2,CNN,42,266,0.1421637,0.0,0.00119611,0.25400222,False
ETTm2,CNN,42,267,0.1432551,0.0,0.00068241,0.14491543,False
ETTm2,CNN,42,268,0.14666614,0.0,0.00068241,0.14491543,False
ETTm2,CNN,42,269,0.14325407,0.00341206,0.00068241,0.14491543,False
ETTm2,CNN,42,270,0.14603815,0.0,0.00085624,0.18182892,False
ETTm2,CNN,42,271,0.14675569,0.0,0.00085624,0.18182892,False
ETTm2,CNN,42,272,0.14588655,0.00086914,0.00051262,0.10885772,False
ETTm2,CNN,42,273,0.14748573,0.0,0.00051262,0.10885772,False
ETTm2,CNN,42,274,0.14579178,0.00169394,0.0017283,0.36701671,False
ETTm2,CNN,42,275,0.15010499,0.0,0.00155447,0.33010322,False
ETTm2,CNN,42,276,0.14402659,0.00607841,0.004306,0.91441194,False
ETTm2,CNN,42,277,0.16044817,0.0,0.00396721,0.84246771,False
ETTm2,CNN,42,278,0.1466905,0.01375767,0.00396721,0.84246771,False
ETTm2,CNN,42,279,0.14735467,0.0,0.00370865,0.78756042,False
ETTm2,CNN,42,280,0.14911681,0.0,0.0037601,0.79848458,False
ETTm2,CNN,42,281,0.14433121,0.0047856,0.00100856,0.21417586,False
ETTm2,CNN,42,282,0.14407399,0.00025721,0.0019776,0.41995925,False
ETTm2,CNN,42,283,0.14544452,0.0,0.0019776,0.41995925,False
ETTm2,CNN,42,284,0.14059931,0.00484521,0.0016742,0.35552868,False
ETTm2,CNN,42,285,0.14596332,0.0,0.00192028,0.40778495,False
ETTm2,CNN,42,286,0.14269475,0.00326857,0.00206508,0.43853463,False
ETTm2,CNN,42,287,0.14120715,0.0014876,0.00109603,0.23275124,False
ETTm2,CNN,42,288,0.14048315,0.00072401,0.00156409,0.33214535,False
ETTm2,CNN,42,289,0.15217244,0.0,0.00255106,0.5417359,False
ETTm2,CNN,42,290,0.14983219,0.00234025,0.00225354,0.47855548,False
ETTm2,CNN,42,291,0.14162876,0.00820342,0.00210874,0.44780579,False
ETTm2,CNN,42,292,0.14573097,0.0,0.00343357,0.72914388,False
ETTm2,CNN,42,293,0.14803308,0.0,0.00296552,0.62974977,False
ETTm2,CNN,42,294,0.14140892,0.00662416,0.00275202,0.58441297,False
ETTm2,CNN,42,295,0.15363268,0.0,0.00276071,0.58625694,False
ETTm2,CNN,42,296,0.14649672,0.00713596,0.00283114,0.60121377,False
ETTm2,CNN,42,297,0.14645331,4.342e-05,0.00163576,0.34736523,False
ETTm2,CNN,42,298,0.14610115,0.00035216,0.00163576,0.34736523,False
ETTm2,CNN,42,299,0.1454539,0.00064725,0.00026071,0.05536293,False
ETTm2,CNN,42,300,0.14963925,0.0,0.00033314,0.07074395,False
ETTh1,DLinear,42,2,0.69264596,0.03781318,0.01995778,1.70649722,False
ETTh1,DLinear,42,3,0.67998001,0.01266595,0.01496834,1.27987292,False
ETTh1,DLinear,42,4,0.6705858,0.00939421,0.01373607,1.17450769,False
ETTh1,DLinear,42,5,0.67380293,0.0,0.00617343,0.52786174,False
ETTh1,DLinear,42,6,0.66499592,0.00880701,0.00364024,0.31126043,False
ETTh1,DLinear,42,7,0.67186906,0.0,0.00318664,0.27247492,False
ETTh1,DLinear,42,8,0.67226448,0.0,0.00337184,0.28831001,False
ETTh1,DLinear,42,9,0.66513829,0.00712619,0.00161043,0.13770065,False
ETTh1,DLinear,42,10,0.66421232,0.00092597,0.00161043,0.13770065,False
ETTh1,DLinear,42,11,0.66460555,0.0,0.00287066,0.24545643,False
ETTh1,DLinear,42,12,0.66776118,0.0,0.0017551,0.15007079,False
ETTh1,DLinear,42,13,0.66146007,0.00630111,0.00156991,0.13423571,False
ETTh1,DLinear,42,14,0.65991163,0.00154844,0.00288853,0.24698468,False
ETTh1,DLinear,42,15,0.66435887,0.0,0.00288853,0.24698468,False
ETTh1,DLinear,42,16,0.65776577,0.00659309,0.00331881,0.28377564,False
ETTh1,DLinear,42,17,0.66558048,0.0,0.00300912,0.25729571,False
ETTh1,DLinear,42,18,0.65712799,0.0084525,0.00358276,0.30634491,False
ETTh1,DLinear,42,19,0.66190619,0.0,0.00226414,0.19359594,False
ETTh1,DLinear,42,20,0.659038,0.00286819,0.00226414,0.19359594,False
ETTh1,DLinear,42,21,0.66065111,0.0,0.00057364,0.0490492,True
ETTh1,DLinear,42,22,0.66080918,0.0,0.00153902,0.13159472,False
ETTh1,DLinear,42,23,0.66395164,0.0,0.00136764,0.11694017,False
ETTh1,DLinear,42,24,0.65912472,0.00482692,0.00136764,0.11694017,False
ETTh1,DLinear,42,25,0.65711346,0.00201126,0.00136764,0.11694017,False
ETTh1,DLinear,42,26,0.66034744,0.0,0.00136764,0.11694017,False
ETTh1,DLinear,42,27,0.66135997,0.0,0.00040225,0.03439464,False
ETTh1,DLinear,42,28,0.66152876,0.0,0.0,0.0,False
ETTh1,DLinear,42,29,0.66306988,0.0,0.00081231,0.06945699,False
ETTh1,DLinear,42,30,0.66455895,0.0,0.00081231,0.06945699,False
ETTh1,DLinear,42,31,0.66049739,0.00406156,0.0021192,0.18120299,False
ETTh1,DLinear,42,32,0.66191171,0.0,0.0021192,0.18120299,False
ETTh1,DLinear,42,33,0.65537727,0.00653444,0.00236432,0.20216173,False
ETTh1,DLinear,42,34,0.66062944,0.0,0.001552,0.13270475,False
ETTh1,DLinear,42,35,0.65940386,0.00122558,0.00187448,0.16027779,False
ETTh1,DLinear,42,36,0.66025005,0.0,0.00056759,0.04853179,False
ETTh1,DLinear,42,37,0.65863769,0.00161236,0.00056759,0.04853179,False
ETTh1,DLinear,42,38,0.65868277,0.0,0.00165464,0.14148096,False
ETTh1,DLinear,42,39,0.66436365,0.0,0.00165464,0.14148096,False
ETTh1,DLinear,42,40,0.65770279,0.00666086,0.00152571,0.13045627,False
ETTh1,DLinear,42,41,0.66156364,0.0,0.00195414,0.1670893,False
ETTh1,DLinear,42,42,0.66059596,0.00096768,0.00195414,0.1670893,False
ETTh1,DLinear,42,43,0.65845382,0.00214215,0.00143919,0.12305855,False
ETTh1,DLinear,42,44,0.66146288,0.0,0.00143919,0.12305855,False
ETTh1,DLinear,42,45,0.65737675,0.00408613,0.00150803,0.12894487,False
ETTh1,DLinear,42,46,0.66314483,0.0,0.00129789,0.11097698,False
ETTh1,DLinear,42,47,0.66183294,0.00131189,0.00158852,0.13582673,False
ETTh1,DLinear,42,48,0.66074148,0.00109146,0.00077129,0.06594957,False
ETTh1,DLinear,42,49,0.65928837,0.00145311,0.00090037,0.07698683,False
ETTh1,DLinear,42,50,0.66336586,0.0,0.000638,0.05455215,False
ETTh1,DLinear,42,51,0.66272045,0.00064541,0.00053035,0.04534796,False
ETTh1,DLinear,42,52,0.66323364,0.0,0.00079365,0.06786161,False
ETTh1,DLinear,42,53,0.6626804,0.00055324,0.00127776,0.10925542,False
ETTh1,DLinear,42,54,0.65991078,0.00276962,0.00114868,0.09821816,False
ETTh1,DLinear,42,55,0.65749024,0.00242054,0.00114868,0.09821816,False
ETTh1,DLinear,42,56,0.65821342,0.0,0.00124563,0.10650813,False
ETTh1,DLinear,42,57,0.66010507,0.0,0.00069171,0.05914472,False
ETTh1,DLinear,42,58,0.65906707,0.001038,0.0002076,0.01775091,False
ETTh1,DLinear,42,59,0.66009157,0.0,0.00076403,0.06532859,False
ETTh1,DLinear,42,60,0.66078325,0.0,0.00109121,0.09330399,False
ETTh1,DLinear,42,61,0.6580011,0.00278215,0.00088361,0.07555308,False
ETTh1,DLinear,42,62,0.65636522,0.00163589,0.00088361,0.07555308,False
ETTh1,DLinear,42,63,0.65770519,0.0,0.00088361,0.07555308,False
ETTh1,DLinear,42,64,0.65802393,0.0,0.00032718,0.02797541,False
ETTh1,DLinear,42,65,0.65975531,0.0,0.00055636,0.04757167,False
ETTh1,DLinear,42,66,0.66347199,0.0,0.00055636,0.04757167,False
ETTh1,DLinear,42,67,0.6606902,0.00278179,0.00103146,0.08819557,False
ETTh1,DLinear,42,68,0.66230153,0.0,0.00126479,0.10814642,False
ETTh1,DLinear,42,69,0.65992601,0.00237552,0.00126479,0.10814642,False
ETTh1,DLinear,42,70,0.65875937,0.00116664,0.00126305,0.10799718,False
ETTh1,DLinear,42,71,0.66349965,0.0,0.00169033,0.14453191,False
ETTh1,DLinear,42,72,0.66072658,0.00277307,0.00121522,0.10390801,False
ETTh1,DLinear,42,73,0.65859018,0.0021364,0.0016618,0.14209259,False
ETTh1,DLinear,42,74,0.66249476,0.0,0.0016618,0.14209259,False
ETTh1,DLinear,42,75,0.65909525,0.00339952,0.00110718,0.09467015,False
ETTh1,DLinear,42,76,0.66191001,0.0,0.00090098,0.07703868,False
ETTh1,DLinear,42,77,0.66508121,0.0,0.00223409,0.19102684,False
ETTh1,DLinear,42,78,0.66397582,0.00110538,0.00155419,0.13289142,False
ETTh1,DLinear,42,79,0.65731027,0.00666556,0.00203752,0.17421913,False
ETTh1,DLinear,42,80,0.66113156,0.0,0.00203752,0.17421913,False
ETTh1,DLinear,42,81,0.65871488,0.00241667,0.00227311,0.19436303,False
ETTh1,DLinear,42,82,0.66256315,0.0,0.00094,0.08037487,False
ETTh1,DLinear,42,83,0.66027983,0.00228332,0.00226119,0.19334362,False
ETTh1,DLinear,42,84,0.66596977,0.0,0.00177785,0.15201591,False
ETTh1,DLinear,42,85,0.65936383,0.00660595,0.00249213,0.21309075,False
ETTh1,DLinear,42,86,0.6624595,0.0,0.00229,0.19580748,False
ETTh1,DLinear,42,87,0.6588881,0.0035714,0.00229,0.19580748,False
ETTh1,DLinear,42,88,0.65761544,0.00127266,0.00096881,0.08283872,False
ETTh1,DLinear,42,89,0.65789487,0.0,0.00096881,0.08283872,False
ETTh1,DLinear,42,90,0.66189568,0.0,0.00088157,0.07537857,False
ETTh1,DLinear,42,91,0.66221119,0.0,0.00087893,0.07515289,False
ETTh1,DLinear,42,92,0.65907602,0.00313517,0.00087893,0.07515289,False
ETTh1,DLinear,42,93,0.65781656,0.00125947,0.0011344,0.09699702,False
ETTh1,DLinear,42,94,0.66133823,0.0,0.0011344,0.09699702,False
ETTh1,DLinear,42,95,0.66006087,0.00127735,0.00153582,0.13132076,False
ETTh1,DLinear,42,96,0.66754467,0.0,0.00267604,0.22881541,False
ETTh1,DLinear,42,97,0.6624024,0.00514228,0.00267604,0.22881541,False
ETTh1,DLinear,42,98,0.65544185,0.00696055,0.00308513,0.26379478,False
ETTh1,DLinear,42,99,0.6612445,0.0,0.00331328,0.28330359,False
ETTh1,DLinear,42,100,0.6579217,0.0033228,0.00228483,0.19536517,False
ETTh1,DLinear,42,101,0.6567809,0.00114079,0.00113148,0.09674774,False
ETTh1,DLinear,42,102,0.66144836,0.0,0.00113148,0.09674774,False
ETTh1,DLinear,42,103,0.66025455,0.00119381,0.00074855,0.06400494,False
ETTh1,DLinear,42,104,0.66052884,0.0,0.00161949,0.13847489,False
ETTh1,DLinear,42,105,0.6591207,0.00140814,0.00161949,0.13847489,False
ETTh1,DLinear,42,106,0.65362521,0.00549549,0.00156756,0.13403454,False
ETTh1,DLinear,42,107,0.66052511,0.0,0.00214083,0.18305284,False
ETTh1,DLinear,42,108,0.65959096,0.00093416,0.00185921,0.15897215,False
ETTh1,DLinear,42,109,0.65672457,0.00286639,0.00110009,0.09406344,False
ETTh1,DLinear,42,110,0.65905272,0.0,0.00110009,0.09406344,False
ETTh1,DLinear,42,111,0.65735282,0.0016999,0.00091326,0.07808837,False
ETTh1,DLinear,42,112,0.66065251,0.0,0.00035005,0.029931,False
ETTh1,DLinear,42,113,0.66089471,0.0,0.00043768,0.03742414,False
ETTh1,DLinear,42,114,0.66084437,5.034e-05,0.0002232,0.01908437,False
ETTh1,DLinear,42,115,0.6604062,0.00043817,0.0002232,0.01908437,False
ETTh1,DLinear,42,116,0.65977874,0.00062746,0.00052909,0.04523993,False
ETTh1,DLinear,42,117,0.66258698,0.0,0.00051902,0.044379,False
ETTh1,DLinear,42,118,0.66105751,0.00152947,0.00070148,0.05997993,False
ETTh1,DLinear,42,119,0.66278945,0.0,0.00117853,0.10077027,False
ETTh1,DLinear,42,120,0.66143901,0.00135045,0.00117853,0.10077027,False
ETTh1,DLinear,42,121,0.65842629,0.00301271,0.00219177,0.18740772,False
ETTh1,DLinear,42,122,0.66327031,0.0,0.00219177,0.18740772,False
ETTh1,DLinear,42,123,0.65667465,0.00659567,0.00281949,0.24108164,False
ETTh1,DLinear,42,124,0.66128176,0.0,0.00225554,0.19286118,False
ETTh1,DLinear,42,125,0.65679268,0.00448908,0.00225554,0.19286118,False
ETTh1,DLinear,42,126,0.6565997,0.00019298,0.0015754,0.13470474,False
ETTh1,DLinear,42,127,0.66058078,0.0,0.0015754,0.13470474,False
ETTh1,DLinear,42,128,0.65738586,0.00319492,0.00067758,0.05793674,False
ETTh1,DLinear,42,129,0.65983647,0.0,0.00063898,0.05463656,False
ETTh1,DLinear,42,130,0.66209984,0.0,0.00166606,0.14245665,False
ETTh1,DLinear,42,131,0.66313063,0.0,0.00159275,0.13618867,False
ETTh1,DLinear,42,132,0.65799527,0.00513536,0.00159275,0.13618867,False
ETTh1,DLinear,42,133,0.65516688,0.00282839,0.00159275,0.13618867,False
ETTh1,DLinear,42,134,0.65704077,0.0,0.00159275,0.13618867,False
ETTh1,DLinear,42,135,0.65912665,0.0,0.00056568,0.04836857,False
ETTh1,DLinear,42,136,0.66070839,0.0,0.00022727,0.0194329,False
ETTh1,DLinear,42,137,0.66170704,0.0,0.00033116,0.02831599,False
ETTh1,DLinear,42,138,0.66057068,0.00113636,0.00033116,0.02831599,False
ETTh1,DLinear,42,139,0.66005124,0.00051945,0.00142092,0.12149651,False
ETTh1,DLinear,42,140,0.6608013,0.0,0.00142092,0.12149651,False
ETTh1,DLinear,42,141,0.65535249,0.00544881,0.00119365,0.10206361,False
ETTh1,DLinear,42,142,0.65824316,0.0,0.00108976,0.09318052,False
ETTh1,DLinear,42,143,0.65994845,0.0,0.00190509,0.16289562,False
ETTh1,DLinear,42,144,0.6617405,0.0,0.00081533,0.0697151,False
ETTh1,DLinear,42,145,0.65766385,0.00407665,0.00081533,0.0697151,False
ETTh1,DLinear,42,146,0.6640587,0.0,0.00081533,0.0697151,False
ETTh1,DLinear,42,147,0.66689892,0.0,0.00241394,0.20640479,False
ETTh1,DLinear,42,148,0.66761169,0.0,0.00159861,0.13668969,False
ETTh1,DLinear,42,149,0.65961864,0.00799305,0.00302146,0.25835112,False
ETTh1,DLinear,42,150,0.66210073,0.0,0.00302146,0.25835112,False
ETTh1,DLinear,42,151,0.65498647,0.00711426,0.00440743,0.37685871,False
ETTh1,DLinear,42,152,0.66229611,0.0,0.00280882,0.24016902,False
ETTh1,DLinear,42,153,0.65536627,0.00692983,0.00344997,0.29499086,False
ETTh1,DLinear,42,154,0.66394341,0.0,0.00307396,0.26284044,False
ETTh1,DLinear,42,155,0.66073766,0.00320575,0.00307396,0.26284044,False
ETTh1,DLinear,42,156,0.65550343,0.00523423,0.00310809,0.26575815,False
ETTh1,DLinear,42,157,0.66096507,0.0,0.00310809,0.26575815,False
ETTh1,DLinear,42,158,0.65386462,0.00710045,0.00246694,0.21093631,False
ETTh1,DLinear,42,159,0.66131047,0.0,0.00146168,0.12498174,False
ETTh1,DLinear,42,160,0.66206841,0.0,0.00153532,0.13127818,False
ETTh1,DLinear,42,161,0.66186045,0.00020797,0.00080516,0.06884528,False
ETTh1,DLinear,42,162,0.66149226,0.00036819,0.00080516,0.06884528,False
ETTh1,DLinear,42,163,0.65804263,0.00344963,0.00192279,0.16440852,False
ETTh1,DLinear,42,164,0.66337893,0.0,0.00188119,0.16085208,False
ETTh1,DLinear,42,165,0.65779078,0.00558814,0.00253064,0.21638347,False
ETTh1,DLinear,42,166,0.65865088,0.0,0.00184072,0.15739108,False
ETTh1,DLinear,42,167,0.65503545,0.00361544,0.00184072,0.15739108,False
ETTh1,DLinear,42,168,0.65740948,0.0,0.00072309,0.06182784,False
ETTh1,DLinear,42,169,0.65908384,0.0,0.00093758,0.08016777,False
ETTh1,DLinear,42,170,0.66161521,0.0,0.00073941,0.06322319,False
ETTh1,DLinear,42,171,0.66054277,0.00107244,0.00073941,0.06322319,False
ETTh1,DLinear,42,172,0.65791818,0.00262459,0.00073941,0.06322319,False
ETTh1,DLinear,42,173,0.66050276,0.0,0.00106858,0.09136963,False
ETTh1,DLinear,42,174,0.66169827,0.0,0.0008541,0.0730297,False
ETTh1,DLinear,42,175,0.66005238,0.00164589,0.00066129,0.05654361,False
ETTh1,DLinear,42,176,0.66113494,0.0,0.00066129,0.05654361,False
ETTh1,DLinear,42,177,0.65947439,0.00166055,0.00066129,0.05654361,False
ETTh1,DLinear,42,178,0.65963598,0.0,0.00033211,0.02839717,False
ETTh1,DLinear,42,179,0.66473093,0.0,0.00165761,0.14173443,False
ETTh1,DLinear,42,180,0.66573961,0.0,0.0013255,0.11333726,False
ETTh1,DLinear,42,181,0.65911211,0.00662749,0.0013255,0.11333726,False
ETTh1,DLinear,42,182,0.65959762,0.0,0.0013255,0.11333726,False
ETTh1,DLinear,42,183,0.66050309,0.0,0.00318073,0.27196952,False
ETTh1,DLinear,42,184,0.66480074,0.0,0.00185523,0.15863226,False
ETTh1,DLinear,42,185,0.65552458,0.00927616,0.00185523,0.15863226,False
ETTh1,DLinear,42,186,0.6591634,0.0,0.00185523,0.15863226,False
ETTh1,DLinear,42,187,0.66017203,0.0,0.00245802,0.21017369,False
ETTh1,DLinear,42,188,0.66070357,0.0,0.00060279,0.05154143,False
ETTh1,DLinear,42,189,0.65768964,0.00301393,0.00114784,0.0981462,False
ETTh1,DLinear,42,190,0.66497843,0.0,0.00215021,0.18385446,False
ETTh1,DLinear,42,191,0.66225318,0.00272525,0.00215021,0.18385446,False
ETTh1,DLinear,42,192,0.65724131,0.00501186,0.00227238,0.19430039,False
ETTh1,DLinear,42,193,0.66322834,0.0,0.0024811,0.21214742,False
ETTh1,DLinear,42,194,0.65960358,0.00362476,0.00193605,0.16554265,False
ETTh1,DLinear,42,195,0.65855996,0.00104362,0.00107147,0.0916163,False
ETTh1,DLinear,42,196,0.6591216,0.0,0.00107147,0.0916163,False
ETTh1,DLinear,42,197,0.65843264,0.00068896,0.00053812,0.04601242,False
ETTh1,DLinear,42,198,0.66177547,0.0,0.0003294,0.02816539,False
ETTh1,DLinear,42,199,0.66081743,0.00095804,0.00086299,0.07379043,False
ETTh1,DLinear,42,200,0.66328803,0.0,0.0007252,0.06200851,False
ETTh1,DLinear,42,201,0.66062007,0.00266796,0.0007252,0.06200851,False
ETTh1,DLinear,42,202,0.66246693,0.0,0.00172852,0.14779792,False
ETTh1,DLinear,42,203,0.66526129,0.0,0.00221903,0.18973878,False
ETTh1,DLinear,42,204,0.65928665,0.00597465,0.00168544,0.14411374,False
ETTh1,DLinear,42,205,0.65683412,0.00245253,0.00181849,0.15549023,False
ETTh1,DLinear,42,206,0.660179,0.0,0.00188719,0.16136517,False
ETTh1,DLinear,42,207,0.65951375,0.00066525,0.00089791,0.07677585,False
ETTh1,DLinear,42,208,0.65917021,0.00034354,0.0004074,0.03483499,False
ETTh1,DLinear,42,209,0.658142,0.00102821,0.0004074,0.03483499,False
ETTh1,DLinear,42,210,0.66422105,0.0,0.00216475,0.18509775,False
ETTh1,DLinear,42,211,0.66522079,0.0,0.00209604,0.17922281,False
ETTh1,DLinear,42,212,0.65576879,0.00945199,0.0018904,0.16163925,False
ETTh1,DLinear,42,213,0.6570214,0.0,0.00248077,0.21211929,False
ETTh1,DLinear,42,214,0.66373403,0.0,0.00248077,0.21211929,False
ETTh1,DLinear,42,215,0.66078216,0.00295186,0.00191421,0.1636754,False
ETTh1,DLinear,42,216,0.66724412,0.0,0.00197377,0.16876783,False
ETTh1,DLinear,42,217,0.66062493,0.0066192,0.00197377,0.16876783,False
ETTh1,DLinear,42,218,0.66032714,0.00029778,0.0013834,0.11828778,False
ETTh1,DLinear,42,219,0.66055707,0.0,0.00296041,0.25313081,False
ETTh1,DLinear,42,220,0.66446857,0.0,0.00163657,0.13993546,False
ETTh1,DLinear,42,221,0.65658351,0.00788506,0.00244544,0.20909785,False
ETTh1,DLinear,42,222,0.66351771,0.0,0.00264225,0.22592694,False
ETTh1,DLinear,42,223,0.6591756,0.00434211,0.00264225,0.22592694,False
ETTh1,DLinear,42,224,0.6581915,0.0009841,0.0018146,0.15515801,False
ETTh1,DLinear,42,225,0.66604968,0.0,0.002385,0.20393062,False
ETTh1,DLinear,42,226,0.6623029,0.00374679,0.00269588,0.23051261,False
ETTh1,DLinear,42,227,0.65945088,0.00285202,0.00249907,0.21368352,False
ETTh1,DLinear,42,228,0.65355436,0.00589652,0.0039179,0.33500134,False
ETTh1,DLinear,42,229,0.6622789,0.0,0.00316854,0.27092724,False
ETTh1,DLinear,42,230,0.65518474,0.00709416,0.0038285,0.32735729,False
ETTh1,DLinear,42,231,0.66098696,0.0,0.0026492,0.22652049,False
ETTh1,DLinear,42,232,0.65483514,0.00615182,0.0026492,0.22652049,False
ETTh1,DLinear,42,233,0.65998227,0.0,0.0017356,0.14840338,False
ETTh1,DLinear,42,234,0.66435908,0.0,0.00367994,0.31465427,False
ETTh1,DLinear,42,235,0.66183289,0.0025262,0.00244957,0.2094516,False
ETTh1,DLinear,42,236,0.65211122,0.00972166,0.00309052,0.26425612,False
ETTh1,DLinear,42,237,0.66297029,0.0,0.00309052,0.26425612,False
ETTh1,DLinear,42,238,0.65976555,0.00320474,0.00363948,0.31119466,False
ETTh1,DLinear,42,239,0.66571827,0.0,0.00169514,0.14494378,False
ETTh1,DLinear,42,240,0.6604473,0.00527097,0.00308787,0.2640298,False
ETTh1,DLinear,42,241,0.66558021,0.0,0.00261409,0.22351863,False
ETTh1,DLinear,42,242,0.65861655,0.00696366,0.00261409,0.22351863,False
ETTh1,DLinear,42,243,0.65778073,0.00083582,0.00214106,0.18307228,False
ETTh1,DLinear,42,244,0.66067761,0.0,0.00214106,0.18307228,False
ETTh1,DLinear,42,245,0.65777177,0.00290584,0.00182314,0.15588823,False
ETTh1,DLinear,42,246,0.66399576,0.0,0.00165598,0.14159489,False
ETTh1,DLinear,42,247,0.65862172,0.00537405,0.00216192,0.18485595,False
ETTh1,DLinear,42,248,0.66456406,0.0,0.00158076,0.13516304,False
ETTh1,DLinear,42,249,0.66203433,0.00252973,0.0032619,0.27890979,False
ETTh1,DLinear,42,250,0.66641683,0.0,0.00218709,0.18700782,False
ETTh1,DLinear,42,251,0.65801112,0.00840572,0.00218709,0.18700782,False
ETTh1,DLinear,42,252,0.65938986,0.0,0.00269125,0.23011591,False
ETTh1,DLinear,42,253,0.6602793,0.0,0.00269125,0.23011591,False
ETTh1,DLinear,42,254,0.65522879,0.00505051,0.00129712,0.11091054,False
ETTh1,DLinear,42,255,0.65954643,0.0,0.00129712,0.11091054,False
ETTh1,DLinear,42,256,0.65811135,0.00143508,0.0013168,0.11259354,False
ETTh1,DLinear,42,257,0.66064859,0.0,0.0003067,0.02622439,False
ETTh1,DLinear,42,258,0.66055017,9.842e-05,0.00099592,0.08515646,False
ETTh1,DLinear,42,259,0.66091523,0.0,0.0007089,0.06061507,False
ETTh1,DLinear,42,260,0.65746913,0.0034461,0.0007089,0.06061507,False
ETTh1,DLinear,42,261,0.65892272,0.0,0.00187577,0.1603882,False
ETTh1,DLinear,42,262,0.66693772,0.0,0.00187577,0.1603882,False
ETTh1,DLinear,42,263,0.66100499,0.00593274,0.00131144,0.11213533,False
ETTh1,DLinear,42,264,0.66100911,0.0,0.00183554,0.15694879,False
ETTh1,DLinear,42,265,0.66038463,0.00062448,0.00183554,0.15694879,False
ETTh1,DLinear,42,266,0.65776413,0.00262051,0.000649,0.05549266,False
ETTh1,DLinear,42,267,0.66186768,0.0,0.000649,0.05549266,False
ETTh1,DLinear,42,268,0.66235119,0.0,0.00194724,0.1664994,False
ETTh1,DLinear,42,269,0.66498687,0.0,0.00142314,0.12168594,False
ETTh1,DLinear,42,270,0.65787118,0.00711569,0.00142314,0.12168594,False
ETTh1,DLinear,42,271,0.66047291,0.0,0.00143078,0.1223391,False
ETTh1,DLinear,42,272,0.66339885,0.0,0.00223783,0.19134629,False
ETTh1,DLinear,42,273,0.66336065,3.819e-05,0.00081469,0.06966035,False
ETTh1,DLinear,42,274,0.6593254,0.00403525,0.00106657,0.0911973,False
ETTh1,DLinear,42,275,0.66127085,0.0,0.00132977,0.11370288,False
ETTh1,DLinear,42,276,0.66001146,0.00125939,0.00132214,0.11304972,False
ETTh1,DLinear,42,277,0.65869543,0.00131603,0.00051509,0.04404253,False
ETTh1,DLinear,42,278,0.66051933,0.0,0.00051509,0.04404253,False
ETTh1,DLinear,42,279,0.66165169,0.0,0.00026321,0.02250558,False
ETTh1,DLinear,42,280,0.66217432,0.0,0.00021876,0.01870537,False
ETTh1,DLinear,42,281,0.66314645,0.0,0.00021876,0.01870537,False
ETTh1,DLinear,42,282,0.66205264,0.00109381,0.00036042,0.03081827,False
ETTh1,DLinear,42,283,0.66250704,0.0,0.00069859,0.05973326,False
ETTh1,DLinear,42,284,0.66179873,0.00070831,0.00069859,0.05973326,False
ETTh1,DLinear,42,285,0.6601079,0.00169083,0.00126092,0.10781506,False
ETTh1,DLinear,42,286,0.66444807,0.0,0.00169372,0.14482248,False
ETTh1,DLinear,42,287,0.66054263,0.00390544,0.00155206,0.13270959,False
ETTh1,DLinear,42,288,0.65837859,0.00216404,0.0012139,0.10379459,False
ETTh1,DLinear,42,289,0.66185002,0.0,0.00227956,0.1949148,False
ETTh1,DLinear,42,290,0.66336002,0.0,0.00149847,0.12812762,False
ETTh1,DLinear,42,291,0.65803169,0.00532833,0.00106567,0.0911202,False
ETTh1,DLinear,42,292,0.66312884,0.0,0.00323746,0.2768199,False
ETTh1,DLinear,42,293,0.67169339,0.0,0.00387385,0.33123504,False
ETTh1,DLinear,42,294,0.66083444,0.01085895,0.00280818,0.24011483,False
ETTh1,DLinear,42,295,0.65765247,0.00318197,0.00280818,0.24011483,False
ETTh1,DLinear,42,296,0.65969722,0.0,0.00341422,0.29193383,False
ETTh1,DLinear,42,297,0.66177039,0.0,0.00137498,0.11756777,False
ETTh1,DLinear,42,298,0.65874023,0.00303016,0.00073858,0.06315263,False
ETTh1,DLinear,42,299,0.65807749,0.00066274,0.00092323,0.07894079,False
ETTh1,DLinear,42,300,0.66113962,0.0,0.00123097,0.10525438,False
ETTh1,MLP,42,2,0.84071837,0.14751679,0.08375083,1.6798638,False
ETTh1,MLP,42,3,0.76515604,0.07556233,0.0678678,1.36128379,False
ETTh1,MLP,42,4,0.73698266,0.02817338,0.05584517,1.12013551,False
ETTh1,MLP,42,5,0.71676398,0.02021868,0.0280754,0.56313288,False
ETTh1,MLP,42,6,0.7090093,0.00775468,0.01373944,0.27558402,False
ETTh1,MLP,42,7,0.70034137,0.00866793,0.00951384,0.19082746,False
ETTh1,MLP,42,8,0.69645883,0.00388254,0.00664357,0.13325581,False
ETTh1,MLP,42,9,0.68941345,0.00704538,0.00561944,0.11271399,False
ETTh1,MLP,42,10,0.68354615,0.0058673,0.00388585,0.07794195,True
ETTh1,MLP,42,11,0.68091211,0.00263404,0.00528639,0.10603379,False
ETTh1,MLP,42,12,0.68831934,0.0,0.00387732,0.07777071,False
ETTh1,MLP,42,13,0.6774341,0.01088524,0.00270386,0.05423361,False
ETTh1,MLP,42,14,0.68342075,0.0,0.00324648,0.06511741,False
ETTh1,MLP,42,15,0.68351547,0.0,0.00377181,0.07565442,False
ETTh1,MLP,42,16,0.67816833,0.00534714,0.0020014,0.04014386,False
ETTh1,MLP,42,17,0.67554168,0.00262665,0.0020014,0.04014386,False
ETTh1,MLP,42,18,0.67350847,0.00203321,0.00292152,0.05859945,False
ETTh1,MLP,42,19,0.67700465,0.0,0.00224036,0.04493683,False
ETTh1,MLP,42,20,0.67240407,0.00460058,0.00171503,0.03439982,False
ETTh1,MLP,42,21,0.67046272,0.00194134,0.00132864,0.02664973,False
ETTh1,MLP,42,22,0.67497677,0.0,0.00132864,0.02664973,False
ETTh1,MLP,42,23,0.67487549,0.00010128,0.00149995,0.03008586,False
ETTh1,MLP,42,24,0.67633326,0.0,0.00111168,0.02229802,False
ETTh1,MLP,42,25,0.67087612,0.00545714,0.00111168,0.02229802,False
ETTh1,MLP,42,26,0.67109641,0.0,0.00109143,0.02189172,False
ETTh1,MLP,42,27,0.67127895,0.0,0.00151984,0.03048472,False
ETTh1,MLP,42,28,0.67253796,0.0,0.00091594,0.01837187,False
ETTh1,MLP,42,29,0.67039591,0.00214205,0.00101703,0.02039948,False
ETTh1,MLP,42,30,0.66795825,0.00243766,0.00101703,0.02039948,False
ETTh1,MLP,42,31,0.66745281,0.00050544,0.00249121,0.04996842,False
ETTh1,MLP,42,32,0.67562807,0.0,0.0020628,0.04137542,False
ETTh1,MLP,42,33,0.66825717,0.00737091,0.00178585,0.03582033,False
ETTh1,MLP,42,34,0.67129042,0.0,0.00254859,0.05111933,False
ETTh1,MLP,42,35,0.67023752,0.0010529,0.00254859,0.05111933,False
ETTh1,MLP,42,36,0.66591837,0.00431915,0.00107441,0.02155039,False
ETTh1,MLP,42,37,0.66795229,0.0,0.0022686,0.04550337,False
ETTh1,MLP,42,38,0.67081645,0.0,0.00205802,0.04127959,False
ETTh1,MLP,42,39,0.66484548,0.00597097,0.00119419,0.02395298,False
ETTh1,MLP,42,40,0.66903255,0.0,0.00202168,0.0405506,False
ETTh1,MLP,42,41,0.66967938,0.0,0.00202168,0.0405506,False
ETTh1,MLP,42,42,0.66554195,0.00413743,0.00082749,0.01659762,False
ETTh1,MLP,42,43,0.667736,0.0,0.00101927,0.0204443,False
ETTh1,MLP,42,44,0.66790074,0.0,0.00128509,0.02577611,False
ETTh1,MLP,42,45,0.66694184,0.0009589,0.0004576,0.0091785,False
ETTh1,MLP,42,46,0.66561273,0.00132911,0.00075253,0.01509406,False
ETTh1,MLP,42,47,0.66854622,0.0,0.00089898,0.01803164,False
ETTh1,MLP,42,48,0.6670716,0.00147462,0.00113042,0.02267374,False
ETTh1,MLP,42,49,0.66633932,0.00073227,0.00086459,0.01734192,False
ETTh1,MLP,42,50,0.66422325,0.00211607,0.00161359,0.03236509,False
ETTh1,MLP,42,51,0.66816431,0.0,0.00140208,0.0281227,False
ETTh1,MLP,42,52,0.66441936,0.00374496,0.00125562,0.02518513,False
ETTh1,MLP,42,53,0.66400227,0.00041709,0.00094227,0.01889985,False
ETTh1,MLP,42,54,0.66581513,0.0,0.00119794,0.02402823,False
ETTh1,MLP,42,55,0.66526585,0.00054929,0.00044895,0.00900506,False
ETTh1,MLP,42,56,0.66398745,0.0012784,0.00127049,0.02548331,False
ETTh1,MLP,42,57,0.66639826,0.0,0.00127049,0.02548331,False
ETTh1,MLP,42,58,0.66187349,0.00452476,0.00182667,0.03663919,False
ETTh1,MLP,42,59,0.66413319,0.0,0.00157099,0.03151082,False
ETTh1,MLP,42,60,0.66080298,0.00333021,0.00172497,0.03459932,False
ETTh1,MLP,42,61,0.66237826,0.0,0.00082002,0.0164479,False
ETTh1,MLP,42,62,0.66160837,0.0007699,0.00143842,0.02885157,False
ETTh1,MLP,42,63,0.66466157,0.0,0.00077237,0.01549218,False
ETTh1,MLP,42,64,0.6615696,0.00309197,0.00077237,0.01549218,False
ETTh1,MLP,42,65,0.66161887,0.0,0.00154944,0.03107847,False
ETTh1,MLP,42,66,0.66665554,0.0,0.00154944,0.03107847,False
ETTh1,MLP,42,67,0.66200031,0.00465523,0.00177308,0.03556417,False
ETTh1,MLP,42,68,0.6647068,0.0,0.00215558,0.04323629,False
ETTh1,MLP,42,69,0.66049664,0.00421016,0.00215558,0.04323629,False
ETTh1,MLP,42,70,0.65858414,0.0019125,0.00222612,0.04465122,False
ETTh1,MLP,42,71,0.66359649,0.0,0.00222612,0.04465122,False
ETTh1,MLP,42,72,0.65858855,0.00500794,0.00347743,0.06974994,False
ETTh1,MLP,42,73,0.66741411,0.0,0.00309493,0.06207781,False
ETTh1,MLP,42,74,0.65694738,0.01046673,0.0035799,0.07180525,False
ETTh1,MLP,42,75,0.6651062,0.0,0.00257832,0.05171553,False
ETTh1,MLP,42,76,0.66268136,0.00242484,0.00451739,0.09060922,False
ETTh1,MLP,42,77,0.66816611,0.0,0.00242404,0.04862113,False
ETTh1,MLP,42,78,0.65847074,0.00969537,0.00279341,0.0560298,False
ETTh1,MLP,42,79,0.66096143,0.0,0.00230844,0.04630237,False
ETTh1,MLP,42,80,0.6591146,0.00184682,0.00230844,0.04630237,False
ETTh1,MLP,42,81,0.65998061,0.0,0.00105646,0.02119042,False
ETTh1,MLP,42,82,0.66001224,0.0,0.00105646,0.02119042,False
ETTh1,MLP,42,83,0.65657675,0.00343549,0.0006871,0.01378174,False
ETTh1,MLP,42,84,0.66222185,0.0,0.00101873,0.02043365,False
ETTh1,MLP,42,85,0.66550423,0.0,0.0022083,0.04429378,False
ETTh1,MLP,42,86,0.66384605,0.00165818,0.0015212,0.03051203,False
ETTh1,MLP,42,87,0.65789824,0.00594782,0.0015212,0.03051203,False
ETTh1,MLP,42,88,0.65912156,0.0,0.0015212,0.03051203,False
ETTh1,MLP,42,89,0.65941797,0.0,0.00249695,0.05008361,False
ETTh1,MLP,42,90,0.66251722,0.0,0.00130739,0.02622349,False
ETTh1,MLP,42,91,0.65598027,0.00653696,0.00130739,0.02622349,False
ETTh1,MLP,42,92,0.6585106,0.0,0.00159687,0.03202989,False
ETTh1,MLP,42,93,0.65893303,0.0,0.00159687,0.03202989,False
ETTh1,MLP,42,94,0.65748562,0.00144741,0.00028948,0.00580641,False
ETTh1,MLP,42,95,0.6582511,0.0,0.00140276,0.02813641,False
ETTh1,MLP,42,96,0.66302434,0.0,0.00140276,0.02813641,False
ETTh1,MLP,42,97,0.65745795,0.00556639,0.00111328,0.02233,False
ETTh1,MLP,42,98,0.66078164,0.0,0.00239804,0.04809956,False
ETTh1,MLP,42,99,0.66412177,0.0,0.00239804,0.04809956,False
ETTh1,MLP,42,100,0.65769797,0.0064238,0.00229968,0.04612679,False
ETTh1,MLP,42,101,0.66275062,0.0,0.00229968,0.04612679,False
ETTh1,MLP,42,102,0.65767599,0.00507462,0.00343576,0.06891408,False
ETTh1,MLP,42,103,0.66315325,0.0,0.002151,0.04314452,False
ETTh1,MLP,42,104,0.65747286,0.00568038,0.002151,0.04314452,False
ETTh1,MLP,42,105,0.65762481,0.0,0.00113608,0.02278729,False
ETTh1,MLP,42,106,0.65990999,0.0,0.00183367,0.03677952,False
ETTh1,MLP,42,107,0.66208662,0.0,0.00132043,0.02648493,False
ETTh1,MLP,42,108,0.65859866,0.00348796,0.00132043,0.02648493,False
ETTh1,MLP,42,109,0.65548449,0.00311416,0.00319948,0.06417473,False
ETTh1,MLP,42,110,0.66449953,0.0,0.00319948,0.06417473,False
ETTh1,MLP,42,111,0.65510427,0.00939526,0.00250188,0.05018249,False
ETTh1,MLP,42,112,0.65741181,0.0,0.00187905,0.0376898,False
ETTh1,MLP,42,113,0.66088134,0.0,0.00285039,0.05717274,False
ETTh1,MLP,42,114,0.66264024,0.0,0.00097134,0.01948294,False
ETTh1,MLP,42,115,0.65778356,0.00485668,0.00142095,0.02850119,False
ETTh1,MLP,42,116,0.65992058,0.0,0.00193386,0.03878915,False
ETTh1,MLP,42,117,0.65767252,0.00224806,0.00193386,0.03878915,False
ETTh1,MLP,42,118,0.65510795,0.00256457,0.00096253,0.01930621,False
ETTh1,MLP,42,119,0.65802084,0.0,0.00097232,0.01950259,False
ETTh1,MLP,42,120,0.659285,0.0,0.00083788,0.01680612,False
ETTh1,MLP,42,121,0.65923605,4.895e-05,0.00053766,0.0107843,False
ETTh1,MLP,42,122,0.65766017,0.00157588,0.00053766,0.0107843,False
ETTh1,MLP,42,123,0.65659671,0.00106346,0.00092325,0.01851848,False
ETTh1,MLP,42,124,0.66059535,0.0,0.0015696,0.0314829,False
ETTh1,MLP,42,125,0.65866739,0.00192797,0.00129381,0.02595108,False
ETTh1,MLP,42,126,0.65538668,0.00328071,0.00108112,0.02168494,False
ETTh1,MLP,42,127,0.65518976,0.00019692,0.00108112,0.02168494,False
ETTh1,MLP,42,128,0.65720247,0.0,0.00154749,0.03103945,False
ETTh1,MLP,42,129,0.66200911,0.0,0.00118349,0.0237382,False
ETTh1,MLP,42,130,0.65774926,0.00425985,0.00169329,0.03396374,False
ETTh1,MLP,42,131,0.6562886,0.00146066,0.00169329,0.03396374,False
ETTh1,MLP,42,132,0.65354267,0.00274593,0.00175205,0.0351423,False
ETTh1,MLP,42,133,0.65774969,0.0,0.00090008,0.01805361,False
ETTh1,MLP,42,134,0.6574559,0.00029379,0.00072446,0.01453104,False
ETTh1,MLP,42,135,0.65953694,0.0,0.00184488,0.0370044,False
ETTh1,MLP,42,136,0.65895438,0.00058256,0.00184488,0.0370044,False
ETTh1,MLP,42,137,0.65060633,0.00834806,0.00195965,0.03930635,False
ETTh1,MLP,42,138,0.65752748,0.0,0.0026227,0.05260588,False
ETTh1,MLP,42,139,0.65665987,0.00086762,0.00250619,0.0502689,False
ETTh1,MLP,42,140,0.65334458,0.00331529,0.00083658,0.01678004,False
ETTh1,MLP,42,141,0.65603012,0.0,0.00244182,0.04897778,False
ETTh1,MLP,42,142,0.66440805,0.0,0.00228342,0.04580062,False
ETTh1,MLP,42,143,0.65638184,0.00802621,0.00162037,0.03250109,False
ETTh1,MLP,42,144,0.65630622,7.562e-05,0.00216799,0.04348527,False
ETTh1,MLP,42,145,0.6628586,0.0,0.00292598,0.05868885,False
ETTh1,MLP,42,146,0.66012047,0.00273812,0.00133166,0.02671037,False
ETTh1,MLP,42,147,0.65633055,0.00378993,0.00176782,0.03545864,False
ETTh1,MLP,42,148,0.65627589,5.465e-05,0.00176782,0.03545864,False
ETTh1,MLP,42,149,0.65401951,0.00225638,0.00250366,0.05021802,False
ETTh1,MLP,42,150,0.66119756,0.0,0.00174567,0.03501444,False
ETTh1,MLP,42,151,0.65478024,0.00641732,0.00321107,0.0644073,False
ETTh1,MLP,42,152,0.66254745,0.0,0.0027598,0.05535568,False
ETTh1,MLP,42,153,0.65516578,0.00738167,0.00319352,0.0640553,False
ETTh1,MLP,42,154,0.65990376,0.0,0.00216205,0.04336603,False
ETTh1,MLP,42,155,0.65773513,0.00216863,0.00238645,0.04786708,False
ETTh1,MLP,42,156,0.6564752,0.00125993,0.00091011,0.01825496,False
ETTh1,MLP,42,157,0.65535318,0.00112201,0.00232736,0.04668191,False
ETTh1,MLP,42,158,0.65736821,0.0,0.00189363,0.03798228,False
ETTh1,MLP,42,159,0.65028198,0.00708623,0.00164165,0.03292799,False
ETTh1,MLP,42,160,0.65465999,0.0,0.00170136,0.03412566,False
ETTh1,MLP,42,161,0.65538061,0.0,0.00170136,0.03412566,False
ETTh1,MLP,42,162,0.65396005,0.00142057,0.00028411,0.00569872,False
ETTh1,MLP,42,163,0.65816223,0.0,0.00240152,0.04816934,False
ETTh1,MLP,42,164,0.66021884,0.0,0.00240152,0.04816934,False
ETTh1,MLP,42,165,0.64963182,0.01058702,0.00356529,0.07151206,False
ETTh1,MLP,42,166,0.65567888,0.0,0.00356529,0.07151206,False
ETTh1,MLP,42,167,0.64843947,0.00723941,0.00356529,0.07151206,False
ETTh1,MLP,42,168,0.65364689,0.0,0.00178741,0.03585167,False
ETTh1,MLP,42,169,0.65495782,0.0,0.00178741,0.03585167,False
ETTh1,MLP,42,170,0.65326017,0.00169764,0.0010358,0.02077594,False
ETTh1,MLP,42,171,0.65733255,0.0,0.00186751,0.03745832,False
ETTh1,MLP,42,172,0.6538512,0.00348135,0.00186751,0.03745832,False
ETTh1,MLP,42,173,0.64969264,0.00415856,0.00186339,0.03737573,False
ETTh1,MLP,42,174,0.65638352,0.0,0.0020666,0.04145153,False
ETTh1,MLP,42,175,0.65470646,0.00167706,0.00137033,0.02748582,False
ETTh1,MLP,42,176,0.65369045,0.00101601,0.00184771,0.03706104,False
ETTh1,MLP,42,177,0.65865623,0.0,0.00184771,0.03706104,False
ETTh1,MLP,42,178,0.65211077,0.00654546,0.00242604,0.04866117,False
ETTh1,MLP,42,179,0.65648589,0.0,0.00254204,0.05098783,False
ETTh1,MLP,42,180,0.65191717,0.00456872,0.00254204,0.05098783,False
ETTh1,MLP,42,181,0.65032118,0.001596,0.00123294,0.02473022,False
ETTh1,MLP,42,182,0.65308683,0.0,0.00238372,0.04781244,False
ETTh1,MLP,42,183,0.65700158,0.0,0.00146998,0.02948468,False
ETTh1,MLP,42,184,0.65124767,0.0057539,0.00115078,0.02308222,False
ETTh1,MLP,42,185,0.65592172,0.0,0.00115078,0.02308222,False
ETTh1,MLP,42,186,0.65699409,0.0,0.00115078,0.02308222,False
ETTh1,MLP,42,187,0.6589763,0.0,0.00290727,0.05831364,False
ETTh1,MLP,42,188,0.66380281,0.0,0.00290727,0.05831364,False
ETTh1,MLP,42,189,0.64926646,0.01453635,0.00303762,0.06092823,False
ETTh1,MLP,42,190,0.656358,0.0,0.00347773,0.06975585,False
ETTh1,MLP,42,191,0.65570624,0.00065176,0.00347773,0.06975585,False
ETTh1,MLP,42,192,0.65350571,0.00220054,0.00146491,0.02938299,False
ETTh1,MLP,42,193,0.65979171,0.0,0.00146491,0.02938299,False
ETTh1,MLP,42,194,0.65531945,0.00447225,0.00133456,0.0267684,False
ETTh1,MLP,42,195,0.65544681,0.0,0.00232233,0.04658092,False
ETTh1,MLP,42,196,0.65835011,0.0,0.00232233,0.04658092,False
ETTh1,MLP,42,197,0.65121074,0.00713938,0.00272563,0.05467041,False
ETTh1,MLP,42,198,0.66023449,0.0,0.00366148,0.07344151,False
ETTh1,MLP,42,199,0.6537457,0.00648879,0.00366148,0.07344151,False
ETTh1,MLP,42,200,0.64906647,0.00467923,0.0022336,0.04480137,False
ETTh1,MLP,42,201,0.65203006,0.0,0.0022336,0.04480137,False
ETTh1,MLP,42,202,0.65284049,0.0,0.00093585,0.0187711,False
ETTh1,MLP,42,203,0.66169879,0.0,0.00188527,0.03781458,False
ETTh1,MLP,42,204,0.66386415,0.0,0.00188527,0.03781458,False
ETTh1,MLP,42,205,0.65443778,0.00942637,0.00255159,0.05117942,False
ETTh1,MLP,42,206,0.65617662,0.0,0.00265448,0.0532432,False
ETTh1,MLP,42,207,0.65284505,0.00333157,0.0030154,0.06048261,False
ETTh1,MLP,42,208,0.6523306,0.00051446,0.00113013,0.02266802,False
ETTh1,MLP,42,209,0.65052597,0.00180463,0.00275495,0.05525841,False
ETTh1,MLP,42,210,0.65780277,0.0,0.00208863,0.04189357,False
ETTh1,MLP,42,211,0.64967869,0.00812409,0.0045562,0.09138773,False
ETTh1,MLP,42,212,0.6600173,0.0,0.00419528,0.08414832,False
ETTh1,MLP,42,213,0.64716501,0.01285229,0.007091,0.14223046,False
ETTh1,MLP,42,214,0.65578604,0.0,0.00546619,0.10964007,False
ETTh1,MLP,42,215,0.6413074,0.01447864,0.0059386,0.11911578,False
ETTh1,MLP,42,216,0.65689475,0.0,0.00429024,0.08605317,False
ETTh1,MLP,42,217,0.65453266,0.00236209,0.00429024,0.08605317,False
ETTh1,MLP,42,218,0.64992217,0.00461049,0.00139452,0.02797103,False
ETTh1,MLP,42,219,0.65210433,0.0,0.00341911,0.06858001,False
ETTh1,MLP,42,220,0.65718698,0.0,0.00294669,0.0591043,False
ETTh1,MLP,42,221,0.64706403,0.01012295,0.00202459,0.04060898,False
ETTh1,MLP,42,222,0.653882,0.0,0.00238252,0.04778826,False
ETTh1,MLP,42,223,0.65503463,0.0,0.00277894,0.05573968,False
ETTh1,MLP,42,224,0.65324499,0.00178964,0.00075435,0.0151307,False
ETTh1,MLP,42,225,0.65126287,0.00198212,0.00196747,0.03946323,False
ETTh1,MLP,42,226,0.65849938,0.0,0.00217664,0.04365884,False
ETTh1,MLP,42,227,0.6524338,0.00606558,0.00181871,0.03647955,False
ETTh1,MLP,42,228,0.65138793,0.00104587,0.00263641,0.05288086,False
ETTh1,MLP,42,229,0.66147345,0.0,0.00311277,0.06243565,False
ETTh1,MLP,42,230,0.65540284,0.00607061,0.0032202,0.06459045,False
ETTh1,MLP,42,231,0.65302103,0.00238181,0.00301103,0.06039485,False
ETTh1,MLP,42,232,0.6464183,0.00660273,0.00322751,0.06473706,False
ETTh1,MLP,42,233,0.6549538,0.0,0.00291281,0.05842483,False
ETTh1,MLP,42,234,0.65387138,0.00108242,0.00243645,0.04887004,False
ETTh1,MLP,42,235,0.64937427,0.00449711,0.00271756,0.05450857,False
ETTh1,MLP,42,236,0.65516838,0.0,0.00271756,0.05450857,False
ETTh1,MLP,42,237,0.64716009,0.00800829,0.00316661,0.06351539,False
ETTh1,MLP,42,238,0.65488334,0.0,0.00226718,0.0454749,False
ETTh1,MLP,42,239,0.65155571,0.00332763,0.00250278,0.0502004,False
ETTh1,MLP,42,240,0.65486263,0.0,0.00196922,0.03949839,False
ETTh1,MLP,42,241,0.65368466,0.00117797,0.00196922,0.03949839,False
ETTh1,MLP,42,242,0.64834415,0.00534051,0.0013037,0.02614936,False
ETTh1,MLP,42,243,0.65065824,0.0,0.00290536,0.05827532,False
ETTh1,MLP,42,244,0.65416614,0.0,0.00266977,0.05354981,False
ETTh1,MLP,42,245,0.64615783,0.00800832,0.00160166,0.03212596,False
ETTh1,MLP,42,246,0.64697459,0.0,0.00231366,0.04640717,False
ETTh1,MLP,42,247,0.64859267,0.0,0.00231366,0.04640717,False
ETTh1,MLP,42,248,0.64503267,0.00356,0.00253631,0.05087304,False
ETTh1,MLP,42,249,0.66093731,0.0,0.00300566,0.06028714,False
ETTh1,MLP,42,250,0.65181575,0.00912156,0.00320034,0.06419194,False
ETTh1,MLP,42,251,0.64946901,0.00234673,0.00248834,0.04991073,False
ETTh1,MLP,42,252,0.64849563,0.00097338,0.00297501,0.05967236,False
ETTh1,MLP,42,253,0.65177921,0.0,0.0011507,0.02308052,False
ETTh1,MLP,42,254,0.64934585,0.00243337,0.00188279,0.03776478,False
ETTh1,MLP,42,255,0.65558495,0.0,0.00168811,0.03385998,False
ETTh1,MLP,42,256,0.64957775,0.0060072,0.00172028,0.03450513,False
ETTh1,MLP,42,257,0.65351321,0.0,0.00123361,0.0247435,False
ETTh1,MLP,42,258,0.65335239,0.00016082,0.00240085,0.04815601,False
ETTh1,MLP,42,259,0.65375548,0.0,0.00119941,0.02405766,False
ETTh1,MLP,42,260,0.64791924,0.00583624,0.00119941,0.02405766,False
ETTh1,MLP,42,261,0.64845608,0.0,0.0020352,0.04082185,False
ETTh1,MLP,42,262,0.65523941,0.0,0.0020352,0.04082185,False
ETTh1,MLP,42,263,0.65089964,0.00433978,0.00193091,0.03872989,False
ETTh1,MLP,42,264,0.65611539,0.0,0.00198396,0.0397941,False
ETTh1,MLP,42,265,0.65080063,0.00531476,0.00322207,0.06462788,False
ETTh1,MLP,42,266,0.65053534,0.00026528,0.00235411,0.04721854,False
ETTh1,MLP,42,267,0.64434481,0.00619053,0.00284735,0.05711184,False
ETTh1,MLP,42,268,0.6520666,0.0,0.0017844,0.03579128,False
ETTh1,MLP,42,269,0.64960041,0.00246619,0.00426047,0.08545607,False
ETTh1,MLP,42,270,0.65494025,0.0,0.00302237,0.06062229,False
ETTh1,MLP,42,271,0.64229459,0.01264565,0.00435533,0.08735857,False
ETTh1,MLP,42,272,0.65672095,0.0,0.0039388,0.07900388,False
ETTh1,MLP,42,273,0.65005617,0.00666478,0.00448688,0.08999724,False
ETTh1,MLP,42,274,0.64967263,0.00038354,0.00246558,0.0494542,False
ETTh1,MLP,42,275,0.64693222,0.00274041,0.00246558,0.0494542,False
ETTh1,MLP,42,276,0.64439308,0.00253914,0.00113262,0.02271792,False
ETTh1,MLP,42,277,0.65353352,0.0,0.00313003,0.06278177,False
ETTh1,MLP,42,278,0.65894548,0.0,0.00258195,0.0517884,False
ETTh1,MLP,42,279,0.64857488,0.0103706,0.0048398,0.09707614,False
ETTh1,MLP,42,280,0.65870443,0.0,0.0048398,0.09707614,False
ETTh1,MLP,42,281,0.64487603,0.0138284,0.00574467,0.11522589,False
ETTh1,MLP,42,282,0.65263834,0.0,0.00367055,0.07362343,False
ETTh1,MLP,42,283,0.648114,0.00452435,0.0049131,0.09854628,False
ETTh1,MLP,42,284,0.65431317,0.0,0.00214742,0.0430726,False
ETTh1,MLP,42,285,0.64810044,0.00621273,0.00214742,0.0430726,False
ETTh1,MLP,42,286,0.65281261,0.0,0.004252,0.08528609,False
ETTh1,MLP,42,287,0.65790735,0.0,0.004252,0.08528609,False
ETTh1,MLP,42,288,0.64286008,0.01504727,0.00300945,0.06036324,False
ETTh1,MLP,42,289,0.6474975,0.0,0.0041551,0.08334249,False
ETTh1,MLP,42,290,0.65167528,0.0,0.0041551,0.08334249,False
ETTh1,MLP,42,291,0.64594704,0.00572824,0.00217412,0.04360829,False
ETTh1,MLP,42,292,0.6503976,0.0,0.00241899,0.04851974,False
ETTh1,MLP,42,293,0.64525522,0.00514238,0.00241899,0.04851974,False
ETTh1,MLP,42,294,0.64403091,0.00122432,0.00154941,0.03107779,False
ETTh1,MLP,42,295,0.64685396,0.0,0.00154941,0.03107779,False
ETTh1,MLP,42,296,0.64547363,0.00138033,0.00052093,0.01044874,False
ETTh1,MLP,42,297,0.64852293,0.0,0.00276926,0.05554544,False
ETTh1,MLP,42,298,0.65673601,0.0,0.00276926,0.05554544,False
ETTh1,MLP,42,299,0.64427004,0.01246596,0.00311649,0.06251018,False
ETTh1,MLP,42,300,0.65076145,0.0,0.00415532,0.08334691,False
ETTh1,CNN,42,2,0.7728538,0.14193566,0.0680069,1.79071149,False
ETTh1,CNN,42,3,0.7397925,0.0330613,0.05181891,1.36446053,False
ETTh1,CNN,42,4,0.71076878,0.02902372,0.04369019,1.15042052,False
ETTh1,CNN,42,5,0.70751381,0.00325497,0.01558738,0.41043643,False
ETTh1,CNN,42,6,0.6963385,0.0111753,0.01078453,0.28397103,False
ETTh1,CNN,42,7,0.69491688,0.00142162,0.00594444,0.15652506,False
ETTh1,CNN,42,8,0.68586983,0.00904705,0.00585111,0.15406734,False
ETTh1,CNN,42,9,0.68104656,0.00482328,0.00369232,0.09722354,True
ETTh1,CNN,42,10,0.67825828,0.00278828,0.00340799,0.0897369,False
ETTh1,CNN,42,11,0.67787693,0.00038135,0.00271403,0.07146412,False
ETTh1,CNN,42,12,0.68524193,0.0,0.00174938,0.04606347,False
ETTh1,CNN,42,13,0.67966466,0.00557727,0.00273611,0.07204532,False
ETTh1,CNN,42,14,0.68258525,0.0,0.00278472,0.07332535,False
ETTh1,CNN,42,15,0.67486333,0.00772192,0.00278472,0.07332535,False
ETTh1,CNN,42,16,0.67423892,0.00062441,0.00360894,0.09502808,False
ETTh1,CNN,42,17,0.6783306,0.0,0.00360894,0.09502808,False
ETTh1,CNN,42,18,0.66863224,0.00969835,0.00229805,0.0605108,False
ETTh1,CNN,42,19,0.67331439,0.0,0.00217317,0.05722248,False
ETTh1,CNN,42,20,0.67214688,0.0011675,0.00248706,0.06548755,False
ETTh1,CNN,42,21,0.67543352,0.0,0.00114236,0.03007974,False
ETTh1,CNN,42,22,0.67386408,0.00156944,0.00121799,0.03207119,False
ETTh1,CNN,42,23,0.67088924,0.00297484,0.00098449,0.02592281,False
ETTh1,CNN,42,24,0.67051109,0.00037815,0.00191644,0.05046252,False
ETTh1,CNN,42,25,0.6730693,0.0,0.00160256,0.04219746,False
ETTh1,CNN,42,26,0.66840951,0.0046598,0.00100759,0.02653117,False
ETTh1,CNN,42,27,0.668865,0.0,0.0012052,0.03173458,False
ETTh1,CNN,42,28,0.66919761,0.0,0.0012052,0.03173458,False
ETTh1,CNN,42,29,0.6678314,0.00136622,0.00027324,0.00719486,False
ETTh1,CNN,42,30,0.66815988,0.0,0.00082852,0.0218159,False
ETTh1,CNN,42,31,0.67211004,0.0,0.00125359,0.03300856,False
ETTh1,CNN,42,32,0.66933368,0.00277636,0.00098034,0.0258137,False
ETTh1,CNN,42,33,0.66720833,0.00212535,0.00229933,0.06054443,False
ETTh1,CNN,42,34,0.67520959,0.0,0.00229933,0.06054443,False
ETTh1,CNN,42,35,0.66861464,0.00659495,0.00174406,0.04592339,False
ETTh1,CNN,42,36,0.67064398,0.0,0.0024037,0.06329252,False
ETTh1,CNN,42,37,0.67234814,0.0,0.00283089,0.07454109,False
ETTh1,CNN,42,38,0.6669246,0.00542354,0.0015119,0.03981036,False
ETTh1,CNN,42,39,0.66478863,0.00213597,0.00217891,0.05737368,False
ETTh1,CNN,42,40,0.67053983,0.0,0.00217891,0.05737368,False
ETTh1,CNN,42,41,0.66720477,0.00333506,0.00151325,0.03984581,False
ETTh1,CNN,42,42,0.66752333,0.0,0.00108605,0.02859724,False
ETTh1,CNN,42,43,0.66542812,0.00209521,0.00146764,0.0386449,False
ETTh1,CNN,42,44,0.67496659,0.0,0.00206829,0.05446078,False
ETTh1,CNN,42,45,0.67305866,0.00190793,0.00206829,0.05446078,False
ETTh1,CNN,42,46,0.66672036,0.00633831,0.00221325,0.05827771,False
ETTh1,CNN,42,47,0.66684827,0.0,0.00221325,0.05827771,False
ETTh1,CNN,42,48,0.66402827,0.00282,0.00230783,0.06076828,False
ETTh1,CNN,42,49,0.66559591,0.0,0.00104017,0.02738908,False
ETTh1,CNN,42,50,0.66321505,0.00238086,0.00146289,0.03851988,False
ETTh1,CNN,42,51,0.66858494,0.0,0.00089889,0.02366903,False
ETTh1,CNN,42,52,0.66647134,0.0021136,0.002878,0.07578147,False
ETTh1,CNN,42,53,0.67301726,0.0,0.00300253,0.07906067,False
ETTh1,CNN,42,54,0.66312174,0.00989552,0.00300253,0.07906067,False
ETTh1,CNN,42,55,0.6601182,0.00300354,0.00428614,0.11285983,False
ETTh1,CNN,42,56,0.6698848,0.0,0.00428614,0.11285983,False
ETTh1,CNN,42,57,0.66135315,0.00853165,0.00230704,0.06074738,False
ETTh1,CNN,42,58,0.66477042,0.0,0.00217477,0.05726454,False
ETTh1,CNN,42,59,0.66664009,0.0,0.00217477,0.05726454,False
ETTh1,CNN,42,60,0.6642979,0.00234219,0.0012402,0.03265613,False
ETTh1,CNN,42,61,0.66482492,0.0,0.0012402,0.03265613,False
ETTh1,CNN,42,62,0.66096611,0.00385881,0.0012402,0.03265613,False
ETTh1,CNN,42,63,0.66287295,0.0,0.00088386,0.02327329,False
ETTh1,CNN,42,64,0.66379728,0.0,0.00120005,0.03159896,False
ETTh1,CNN,42,65,0.66323678,0.0005605,0.00042829,0.01127742,False
ETTh1,CNN,42,66,0.66165584,0.00158094,0.00042829,0.01127742,False
ETTh1,CNN,42,67,0.66641534,0.0,0.00132458,0.03487783,False
ETTh1,CNN,42,68,0.66840104,0.0,0.00121247,0.03192607,False
ETTh1,CNN,42,69,0.66391961,0.00448143,0.00089629,0.02360041,False
ETTh1,CNN,42,70,0.66626365,0.0,0.00256567,0.06755753,False
ETTh1,CNN,42,71,0.66857337,0.0,0.00256567,0.06755753,False
ETTh1,CNN,42,72,0.66022644,0.00834693,0.00166939,0.04395713,False
ETTh1,CNN,42,73,0.66518342,0.0,0.00200582,0.05281585,False
ETTh1,CNN,42,74,0.66647294,0.0,0.00274721,0.07233779,False
ETTh1,CNN,42,75,0.66479078,0.00168216,0.00110353,0.02905743,False
ETTh1,CNN,42,76,0.6610838,0.00370698,0.00110353,0.02905743,False
ETTh1,CNN,42,77,0.66095529,0.00012851,0.00186826,0.04919367,False
ETTh1,CNN,42,78,0.66561306,0.0,0.00153182,0.04033495,False
ETTh1,CNN,42,79,0.66178943,0.00382363,0.00104453,0.02750376,False
ETTh1,CNN,42,80,0.66259529,0.0,0.0014447,0.03804088,False
ETTh1,CNN,42,81,0.6613248,0.00127049,0.0014447,0.03804088,False
ETTh1,CNN,42,82,0.65919542,0.00212938,0.00067997,0.01790463,False
ETTh1,CNN,42,83,0.66041083,0.0,0.00067997,0.01790463,False
ETTh1,CNN,42,84,0.66043179,0.0,0.00057483,0.01513591,False
ETTh1,CNN,42,85,0.66146695,0.0,0.00014895,0.00392203,False
ETTh1,CNN,42,86,0.6607222,0.00074475,0.00014895,0.00392203,False
ETTh1,CNN,42,87,0.66085712,0.0,0.00137035,0.03608324,False
ETTh1,CNN,42,88,0.66657442,0.0,0.00137035,0.03608324,False
ETTh1,CNN,42,89,0.66046739,0.00610702,0.0021267,0.05599895,False
ETTh1,CNN,42,90,0.6612165,0.0,0.0021267,0.05599895,False
ETTh1,CNN,42,91,0.65669,0.0045265,0.0021267,0.05599895,False
ETTh1,CNN,42,92,0.66299373,0.0,0.001272,0.03349348,False
ETTh1,CNN,42,93,0.66633723,0.0,0.00168683,0.04441647,False
ETTh1,CNN,42,94,0.66450372,0.00183351,0.00078153,0.02057872,False
ETTh1,CNN,42,95,0.66242958,0.00207414,0.0015725,0.04140602,False
ETTh1,CNN,42,96,0.66254827,0.0,0.0015725,0.04140602,False
ETTh1,CNN,42,97,0.65859342,0.00395485,0.0012058,0.03175029,False
ETTh1,CNN,42,98,0.6595175,0.0,0.00079097,0.0208273,False
ETTh1,CNN,42,99,0.6617269,0.0,0.00091781,0.02416709,False
ETTh1,CNN,42,100,0.66199294,0.0,0.00012684,0.00333979,False
ETTh1,CNN,42,101,0.66135875,0.00063419,0.00012684,0.00333979,False
ETTh1,CNN,42,102,0.66148065,0.0,0.00098289,0.02588066,False
ETTh1,CNN,42,103,0.66380597,0.0,0.00102504,0.02699055,False
ETTh1,CNN,42,104,0.65952573,0.00428024,0.0008982,0.02365076,False
ETTh1,CNN,42,105,0.65931498,0.00021075,0.0008982,0.02365076,False
ETTh1,CNN,42,106,0.65988886,0.0,0.00196943,0.05185776,False
ETTh1,CNN,42,107,0.66276618,0.0,0.00111338,0.02931689,False
ETTh1,CNN,42,108,0.65741001,0.00535617,0.00261502,0.06885693,False
ETTh1,CNN,42,109,0.6655344,0.0,0.00261502,0.06885693,False
ETTh1,CNN,42,110,0.65781547,0.00771893,0.00261502,0.06885693,False
ETTh1,CNN,42,111,0.66561,0.0,0.00254044,0.06689309,False
ETTh1,CNN,42,112,0.66645065,0.0,0.00254044,0.06689309,False
ETTh1,CNN,42,113,0.66146739,0.00498326,0.0013352,0.03515769,False
ETTh1,CNN,42,114,0.66231822,0.0,0.00177354,0.04669975,False
ETTh1,CNN,42,115,0.66062546,0.00169276,0.00177354,0.04669975,False
ETTh1,CNN,42,116,0.65843376,0.0021917,0.00077689,0.02045659,False
ETTh1,CNN,42,117,0.65869221,0.0,0.00077689,0.02045659,False
ETTh1,CNN,42,118,0.65959685,0.0,0.00075638,0.01991661,False
ETTh1,CNN,42,119,0.65985011,0.0,0.00042186,0.0111082,False
ETTh1,CNN,42,120,0.65825988,0.00159022,0.00042186,0.0111082,False
ETTh1,CNN,42,121,0.6577408,0.00051909,0.00182111,0.04795214,False
ETTh1,CNN,42,122,0.66800468,0.0,0.00234565,0.06176402,False
ETTh1,CNN,42,123,0.66100846,0.00699622,0.0020276,0.05338948,False
ETTh1,CNN,42,124,0.65838575,0.00262271,0.00192379,0.05065582,False
ETTh1,CNN,42,125,0.6587967,0.0,0.00249891,0.06579961,False
ETTh1,CNN,42,126,0.66067397,0.0,0.00109967,0.02895566,False
ETTh1,CNN,42,127,0.65779835,0.00287562,0.00057512,0.01514379,False
ETTh1,CNN,42,128,0.65987191,0.0,0.00187207,0.04929403,False
ETTh1,CNN,42,129,0.66131863,0.0,0.00187207,0.04929403,False
ETTh1,CNN,42,130,0.65483391,0.00648472,0.00153818,0.04050241,False
ETTh1,CNN,42,131,0.65771998,0.0,0.00153818,0.04050241,False
ETTh1,CNN,42,132,0.65651378,0.0012062,0.00199631,0.05256556,False
ETTh1,CNN,42,133,0.659486,0.0,0.00069937,0.01841532,False
ETTh1,CNN,42,134,0.65719535,0.00229065,0.0015278,0.040229,False
ETTh1,CNN,42,135,0.6624826,0.0,0.00128656,0.03387683,False
ETTh1,CNN,42,136,0.65834045,0.00414215,0.00128656,0.03387683,False
ETTh1,CNN,42,137,0.65886377,0.0,0.00082843,0.02181368,False
ETTh1,CNN,42,138,0.65962846,0.0,0.00082843,0.02181368,False
ETTh1,CNN,42,139,0.6603291,0.0,6.822e-05,0.00179629,False
ETTh1,CNN,42,140,0.66047353,0.0,0.00072093,0.01898294,False
ETTh1,CNN,42,141,0.66013243,0.00034109,0.0008477,0.02232095,False
ETTh1,CNN,42,142,0.6568689,0.00326354,0.0008477,0.02232095,False
ETTh1,CNN,42,143,0.65623505,0.00063385,0.0008477,0.02232095,False
ETTh1,CNN,42,144,0.65635133,0.0,0.00125919,0.03315603,False
ETTh1,CNN,42,145,0.66319558,0.0,0.00123342,0.03247749,False
ETTh1,CNN,42,146,0.66079704,0.00239854,0.00145412,0.0382889,False
ETTh1,CNN,42,147,0.65766234,0.00313469,0.00145412,0.0382889,False
ETTh1,CNN,42,148,0.65592498,0.00173736,0.00145412,0.0382889,False
ETTh1,CNN,42,149,0.65718878,0.0,0.00097441,0.02565754,False
ETTh1,CNN,42,150,0.66101364,0.0,0.00195586,0.05150046,False
ETTh1,CNN,42,151,0.66109133,0.0,0.00160839,0.04235104,False
ETTh1,CNN,42,152,0.65304938,0.00804195,0.00160839,0.04235104,False
ETTh1,CNN,42,153,0.6562735,0.0,0.00160839,0.04235104,False
ETTh1,CNN,42,154,0.66196891,0.0,0.00363429,0.09569565,False
ETTh1,CNN,42,155,0.66648293,0.0,0.00204642,0.05388484,False
ETTh1,CNN,42,156,0.65635343,0.0101295,0.00244683,0.06442829,False
ETTh1,CNN,42,157,0.65625085,0.00010258,0.00244683,0.06442829,False
ETTh1,CNN,42,158,0.65424878,0.00200207,0.00244683,0.06442829,False
ETTh1,CNN,42,159,0.65688929,0.0,0.00061551,0.01620721,False
ETTh1,CNN,42,160,0.66750332,0.0,0.00142216,0.03744723,False
ETTh1,CNN,42,161,0.66653042,0.0009729,0.00177037,0.0466163,False
ETTh1,CNN,42,162,0.66239461,0.00413581,0.00177037,0.0466163,False
ETTh1,CNN,42,163,0.65865145,0.00374317,0.00177037,0.0466163,False
ETTh1,CNN,42,164,0.65953672,0.0,0.00243687,0.06416597,False
ETTh1,CNN,42,165,0.66013699,0.0,0.00191294,0.05037024,False
ETTh1,CNN,42,166,0.65583162,0.00430537,0.00116431,0.03065772,False
ETTh1,CNN,42,167,0.65431546,0.00151616,0.00141806,0.03733934,False
ETTh1,CNN,42,168,0.6632943,0.0,0.00169992,0.04476111,False
ETTh1,CNN,42,169,0.66202554,0.00126876,0.00083885,0.0220879,False
ETTh1,CNN,42,170,0.66061624,0.0014093,0.00126207,0.03323208,False
ETTh1,CNN,42,171,0.66443351,0.0,0.00164046,0.04319542,False
ETTh1,CNN,42,172,0.6608012,0.00363231,0.00192166,0.05059973,False
ETTh1,CNN,42,173,0.65890928,0.00189192,0.00163979,0.04317796,False
ETTh1,CNN,42,174,0.65623454,0.00267475,0.00163979,0.04317796,False
ETTh1,CNN,42,175,0.65792225,0.0,0.0018246,0.04804404,False
ETTh1,CNN,42,176,0.65873393,0.0,0.00144621,0.03808071,False
ETTh1,CNN,42,177,0.65417761,0.00455632,0.00157599,0.04149787,False
ETTh1,CNN,42,178,0.65997482,0.0,0.00210267,0.05536608,False
ETTh1,CNN,42,179,0.6566512,0.00332363,0.00210267,0.05536608,False
ETTh1,CNN,42,180,0.65401779,0.00263341,0.0023269,0.06127024,False
ETTh1,CNN,42,181,0.65893494,0.0,0.0023269,0.06127024,False
ETTh1,CNN,42,182,0.65325749,0.00567745,0.00166217,0.04376715,False
ETTh1,CNN,42,183,0.65808068,0.0,0.00200534,0.05280332,False
ETTh1,CNN,42,184,0.66395795,0.0,0.00200534,0.05280332,False
ETTh1,CNN,42,185,0.65960869,0.00434927,0.00230999,0.06082501,False
ETTh1,CNN,42,186,0.66264472,0.0,0.00230999,0.06082501,False
ETTh1,CNN,42,187,0.65544405,0.00720067,0.00230999,0.06082501,False
ETTh1,CNN,42,188,0.6565604,0.0,0.00161558,0.04254042,False
ETTh1,CNN,42,189,0.65956558,0.0,0.00211727,0.05575046,False
ETTh1,CNN,42,190,0.65868833,0.00087724,0.00067713,0.01782983,False
ETTh1,CNN,42,191,0.65617991,0.00250843,0.00067713,0.01782983,False
ETTh1,CNN,42,192,0.65780554,0.0,0.00170778,0.04496815,False
ETTh1,CNN,42,193,0.65828914,0.0,0.00153233,0.04034836,False
ETTh1,CNN,42,194,0.65313591,0.00515324,0.00211366,0.05565541,False
ETTh1,CNN,42,195,0.66209017,0.0,0.00211366,0.05565541,False
ETTh1,CNN,42,196,0.65667512,0.00541505,0.0030821,0.08115587,False
ETTh1,CNN,42,197,0.66428082,0.0,0.00233648,0.06152273,False
ETTh1,CNN,42,198,0.65943859,0.00484223,0.00233648,0.06152273,False
ETTh1,CNN,42,199,0.65801345,0.00142514,0.00269791,0.07103949,False
ETTh1,CNN,42,200,0.66139995,0.0,0.00269791,0.07103949,False
ETTh1,CNN,42,201,0.65417778,0.00722217,0.00172946,0.04553903,False
ETTh1,CNN,42,202,0.65775962,0.0,0.00194822,0.05129928,False
ETTh1,CNN,42,203,0.65915942,0.0,0.00236318,0.06222567,False
ETTh1,CNN,42,204,0.65664047,0.00251895,0.00091875,0.02419183,False
ETTh1,CNN,42,205,0.65456568,0.00207479,0.00170892,0.04499803,False
ETTh1,CNN,42,206,0.65771854,0.0,0.00170892,0.04499803,False
ETTh1,CNN,42,207,0.6537677,0.00395085,0.00120513,0.0317326,False
ETTh1,CNN,42,208,0.65469279,0.0,0.0008245,0.0217103,False
ETTh1,CNN,42,209,0.65792729,0.0,0.00162954,0.04290794,False
ETTh1,CNN,42,210,0.65775561,0.00017168,0.00083937,0.02210174,False
ETTh1,CNN,42,211,0.65373044,0.00402517,0.00176817,0.0465583,False
ETTh1,CNN,42,212,0.65769123,0.0,0.00176817,0.0465583,False
ETTh1,CNN,42,213,0.65304722,0.00464401,0.00173384,0.0456542,False
ETTh1,CNN,42,214,0.65772078,0.0,0.00192819,0.05077179,False
ETTh1,CNN,42,215,0.66389024,0.0,0.00272389,0.0717236,False
ETTh1,CNN,42,216,0.65889329,0.00499694,0.00179509,0.04726704,False
ETTh1,CNN,42,217,0.6549148,0.00397849,0.00200158,0.05270414,False
ETTh1,CNN,42,218,0.65729439,0.0,0.00200158,0.05270414,False
ETTh1,CNN,42,219,0.65626195,0.00103244,0.00169892,0.04473468,False
ETTh1,CNN,42,220,0.6573454,0.0,0.00090322,0.02378288,False
ETTh1,CNN,42,221,0.65386175,0.00348364,0.00152792,0.04023205,False
ETTh1,CNN,42,222,0.66232753,0.0,0.00199529,0.05253865,False
ETTh1,CNN,42,223,0.65920403,0.0031235,0.00199529,0.05253865,False
ETTh1,CNN,42,224,0.65583472,0.00336931,0.00251421,0.06620248,False
ETTh1,CNN,42,225,0.66512925,0.0,0.00251421,0.06620248,False
ETTh1,CNN,42,226,0.65905101,0.00607824,0.00279035,0.07347348,False
ETTh1,CNN,42,227,0.6594683,0.0,0.00211648,0.05572979,False
ETTh1,CNN,42,228,0.65496412,0.00450418,0.00211648,0.05572979,False
ETTh1,CNN,42,229,0.65950647,0.0,0.00214619,0.05651202,False
ETTh1,CNN,42,230,0.66452519,0.0,0.00214619,0.05651202,False
ETTh1,CNN,42,231,0.65829842,0.00622677,0.00124535,0.03279184,False
ETTh1,CNN,42,232,0.66031115,0.0,0.00295069,0.07769565,False
ETTh1,CNN,42,233,0.6617906,0.0,0.00295069,0.07769565,False
ETTh1,CNN,42,234,0.65326391,0.00852669,0.00197557,0.05201933,False
ETTh1,CNN,42,235,0.65734889,0.0,0.00197557,0.05201933,False
ETTh1,CNN,42,236,0.65599774,0.00135115,0.00281401,0.07409648,False
ETTh1,CNN,42,237,0.65961021,0.0,0.00154962,0.04080344,False
ETTh1,CNN,42,238,0.65541803,0.00419218,0.00154962,0.04080344,False
ETTh1,CNN,42,239,0.65321328,0.00220474,0.00127939,0.03368792,False
ETTh1,CNN,42,240,0.6550241,0.0,0.00127939,0.03368792,False
ETTh1,CNN,42,241,0.65508677,0.0,0.00084381,0.02221875,False
ETTh1,CNN,42,242,0.65754721,0.0,0.00040287,0.01060798,False
ETTh1,CNN,42,243,0.65553288,0.00201433,0.00126747,0.03337405,False
ETTh1,CNN,42,244,0.65885691,0.0,0.00126747,0.03337405,False
ETTh1,CNN,42,245,0.65453391,0.004323,0.00151351,0.03985266,False
ETTh1,CNN,42,246,0.65878025,0.0,0.00111064,0.02924468,False
ETTh1,CNN,42,247,0.65755004,0.00123021,0.00125524,0.03305221,False
ETTh1,CNN,42,248,0.65970306,0.0,0.00039064,0.01028614,False
ETTh1,CNN,42,249,0.65898006,0.000723,0.00106947,0.02816059,False
ETTh1,CNN,42,250,0.66425601,0.0,0.00159851,0.042091,False
ETTh1,CNN,42,251,0.66086187,0.00339414,0.00159851,0.042091,False
ETTh1,CNN,42,252,0.65698645,0.00387542,0.00182922,0.04816569,False
ETTh1,CNN,42,253,0.65840348,0.0,0.00213586,0.05624002,False
ETTh1,CNN,42,254,0.65652696,0.00187651,0.00145703,0.03836557,False
ETTh1,CNN,42,255,0.65499375,0.00153322,0.00068195,0.01795655,False
ETTh1,CNN,42,256,0.65812316,0.0,0.00098451,0.02592346,False
ETTh1,CNN,42,257,0.6614181,0.0,0.00130424,0.03434242,False
ETTh1,CNN,42,258,0.65990528,0.00151282,0.0009976,0.02626808,False
ETTh1,CNN,42,259,0.65643011,0.00347517,0.00113822,0.0299709,False
ETTh1,CNN,42,260,0.65918767,0.0,0.00129243,0.03403139,False
ETTh1,CNN,42,261,0.65848455,0.00070312,0.00163004,0.0429212,False
ETTh1,CNN,42,262,0.65771351,0.00077104,0.00093501,0.02462002,False
ETTh1,CNN,42,263,0.65451263,0.00320089,0.00093501,0.02462002,False
ETTh1,CNN,42,264,0.65580699,0.0,0.00111636,0.02939517,False
ETTh1,CNN,42,265,0.65715288,0.0,0.00096215,0.02533468,False
ETTh1,CNN,42,266,0.65554302,0.00160986,0.00175716,0.04626841,False
ETTh1,CNN,42,267,0.66075358,0.0,0.00175716,0.04626841,False
ETTh1,CNN,42,268,0.65357763,0.00717595,0.00292765,0.07708895,False
ETTh1,CNN,42,269,0.65939225,0.0,0.00260568,0.06861098,False
ETTh1,CNN,42,270,0.6535398,0.00585245,0.00260568,0.06861098,False
ETTh1,CNN,42,271,0.65581031,0.0,0.00155363,0.04090903,False
ETTh1,CNN,42,272,0.65822494,0.0,0.0018687,0.04920521,False
ETTh1,CNN,42,273,0.65630926,0.00191568,0.00069821,0.01838468,False
ETTh1,CNN,42,274,0.65473391,0.00157535,0.00069821,0.01838468,False
ETTh1,CNN,42,275,0.65475998,0.0,0.00069821,0.01838468,False
ETTh1,CNN,42,276,0.65666948,0.0,0.00051853,0.01365356,False
ETTh1,CNN,42,277,0.6592328,0.0,0.00112018,0.0294959,False
ETTh1,CNN,42,278,0.6582155,0.0010173,0.00112018,0.0294959,False
ETTh1,CNN,42,279,0.65363188,0.00458361,0.0014317,0.03769846,False
ETTh1,CNN,42,280,0.65745101,0.0,0.0014317,0.03769846,False
ETTh1,CNN,42,281,0.65589344,0.00155757,0.00122824,0.03234108,False
ETTh1,CNN,42,282,0.65749156,0.0,0.00152522,0.04016108,False
ETTh1,CNN,42,283,0.66478075,0.0,0.00159099,0.04189289,False
ETTh1,CNN,42,284,0.65871221,0.00606854,0.00127948,0.03369033,False
ETTh1,CNN,42,285,0.65838336,0.00032885,0.00233614,0.06151358,False
ETTh1,CNN,42,286,0.66189553,0.0,0.00249202,0.06561829,False
ETTh1,CNN,42,287,0.65661223,0.0052833,0.00127832,0.03365978,False
ETTh1,CNN,42,288,0.6558328,0.00077944,0.00161709,0.0425802,False
ETTh1,CNN,42,289,0.65657847,0.0,0.00161709,0.0425802,False
ETTh1,CNN,42,290,0.65455574,0.00202273,0.00056043,0.01475695,False
ETTh1,CNN,42,291,0.6546671,0.0,0.00040455,0.01065224,False
ETTh1,CNN,42,292,0.65910076,0.0,0.00149535,0.03937465,False
ETTh1,CNN,42,293,0.66066917,0.0,0.00117315,0.0308905,False
ETTh1,CNN,42,294,0.65521513,0.00545404,0.00117315,0.0308905,False
ETTh1,CNN,42,295,0.65480344,0.00041169,0.00176103,0.04637021,False
ETTh1,CNN,42,296,0.65746959,0.0,0.00176103,0.04637021,False
ETTh1,CNN,42,297,0.65453017,0.00293941,0.00186455,0.049096,False
ETTh1,CNN,42,298,0.6588003,0.0,0.00178221,0.04692791,False
ETTh1,CNN,42,299,0.65282867,0.00597163,0.00222776,0.05865989,False
ETTh1,CNN,42,300,0.6634302,0.0,0.00199054,0.05241366,False
ETTh2,DLinear,42,2,0.2538881,0.01138483,0.00576588,0.82362073,False
ETTh2,DLinear,42,3,0.24797531,0.0059128,0.01023503,1.46201288,False
ETTh2,DLinear,42,4,0.25750555,0.0,0.00818803,1.16961031,False
ETTh2,DLinear,42,5,0.23386305,0.0236425,0.00591106,0.84435934,False
ETTh2,DLinear,42,6,0.2407282,0.0,0.00490323,0.70039674,False
ETTh2,DLinear,42,7,0.24276818,0.0,0.00718158,1.02584503,False
ETTh2,DLinear,42,8,0.24189454,0.00087364,0.00245308,0.35040716,False
ETTh2,DLinear,42,9,0.2305028,0.01139174,0.0029779,0.42537449,False
ETTh2,DLinear,42,10,0.24517054,0.0,0.00381519,0.54497642,False
ETTh2,DLinear,42,11,0.24254644,0.0026241,0.00364046,0.52001755,False
ETTh2,DLinear,42,12,0.23835999,0.00418645,0.00251691,0.35952502,False
ETTh2,DLinear,42,13,0.246033,0.0,0.00381242,0.54458072,False
ETTh2,DLinear,42,14,0.24025901,0.00577398,0.0032876,0.46961339,False
ETTh2,DLinear,42,15,0.23378147,0.00647755,0.00348083,0.49721543,False
ETTh2,DLinear,42,16,0.23653656,0.0,0.00348083,0.49721543,False
ETTh2,DLinear,42,17,0.23138395,0.00515261,0.00431215,0.6159645,False
ETTh2,DLinear,42,18,0.24447583,0.0,0.00301664,0.4309088,False
ETTh2,DLinear,42,19,0.23454525,0.00993058,0.00301664,0.4309088,False
ETTh2,DLinear,42,20,0.24169851,0.0,0.00198612,0.28370483,False
ETTh2,DLinear,42,21,0.2473258,0.0,0.0047916,0.68445078,False
ETTh2,DLinear,42,22,0.24737974,0.0,0.00441283,0.63034678,False
ETTh2,DLinear,42,23,0.23335234,0.0140274,0.00441283,0.63034678,False
ETTh2,DLinear,42,24,0.22531557,0.00803677,0.00441283,0.63034678,False
ETTh2,DLinear,42,25,0.23231469,0.0,0.00441283,0.63034678,False
ETTh2,DLinear,42,26,0.23825402,0.0,0.00265252,0.37889595,False
ETTh2,DLinear,42,27,0.23928286,0.0,0.00118113,0.16871691,False
ETTh2,DLinear,42,28,0.23405705,0.00522581,0.00270519,0.38641971,False
ETTh2,DLinear,42,29,0.23337722,0.00067983,0.00270519,0.38641971,False
ETTh2,DLinear,42,30,0.22575692,0.0076203,0.00270519,0.38641971,False
ETTh2,DLinear,42,31,0.23687384,0.0,0.00380548,0.5435895,False
ETTh2,DLinear,42,32,0.2396898,0.0,0.00366951,0.52416771,False
ETTh2,DLinear,42,33,0.22896254,0.01072726,0.002877,0.4109615,False
ETTh2,DLinear,42,34,0.23392658,0.0,0.00292789,0.41823214,False
ETTh2,DLinear,42,35,0.23026886,0.00365772,0.00292789,0.41823214,False
ETTh2,DLinear,42,36,0.23001436,0.0002545,0.00142938,0.20417861,False
ETTh2,DLinear,42,37,0.23407971,0.0,0.00142938,0.20417861,False
ETTh2,DLinear,42,38,0.23084501,0.0032347,0.00129939,0.1856099,False
ETTh2,DLinear,42,39,0.23890746,0.0,0.00328399,0.46909833,False
ETTh2,DLinear,42,40,0.23589971,0.00300775,0.00328399,0.46909833,False
ETTh2,DLinear,42,41,0.22572221,0.0101775,0.00263705,0.37668695,False
ETTh2,DLinear,42,42,0.23343517,0.0,0.00513003,0.73279339,False
ETTh2,DLinear,42,43,0.24615391,0.0,0.00452848,0.6468655,False
ETTh2,DLinear,42,44,0.23368904,0.01246487,0.00265199,0.37882047,False
ETTh2,DLinear,42,45,0.23717721,0.0,0.00370756,0.52960267,False
ETTh2,DLinear,42,46,0.23638215,0.00079506,0.00370756,0.52960267,False
ETTh2,DLinear,42,47,0.23110429,0.00527786,0.00273942,0.39130976,False
ETTh2,DLinear,42,48,0.2360201,0.0,0.00273942,0.39130976,False
ETTh2,DLinear,42,49,0.22839593,0.00762418,0.00385242,0.55029551,False
ETTh2,DLinear,42,50,0.24022175,0.0,0.00279685,0.39951332,False
ETTh2,DLinear,42,51,0.23386167,0.00636008,0.0047968,0.68519336,False
ETTh2,DLinear,42,52,0.24480532,0.0,0.00327196,0.46737982,False
ETTh2,DLinear,42,53,0.2348056,0.00999972,0.00555953,0.794146,False
ETTh2,DLinear,42,54,0.24651641,0.0,0.00428752,0.61244622,False
ETTh2,DLinear,42,55,0.23507854,0.01143787,0.00808028,1.15421943,False
ETTh2,DLinear,42,56,0.24202582,0.0,0.00608034,0.86853939,False
ETTh2,DLinear,42,57,0.22306201,0.01896381,0.00608034,0.86853939,False
ETTh2,DLinear,42,58,0.22886837,0.0,0.00683465,0.9762885,False
ETTh2,DLinear,42,59,0.24692244,0.0,0.00683465,0.9762885,False
ETTh2,DLinear,42,60,0.23171301,0.01520943,0.00304189,0.43451528,False
ETTh2,DLinear,42,61,0.23434001,0.0,0.00567841,0.81112713,False
ETTh2,DLinear,42,62,0.24621014,0.0,0.006471,0.92434358,False
ETTh2,DLinear,42,63,0.23302751,0.01318263,0.00363541,0.51929611,False
ETTh2,DLinear,42,64,0.22906457,0.00396294,0.00363541,0.51929611,False
ETTh2,DLinear,42,65,0.2280331,0.00103147,0.00600831,0.85825041,False
ETTh2,DLinear,42,66,0.24573534,0.0,0.00337178,0.48163856,False
ETTh2,DLinear,42,67,0.23387084,0.01186449,0.00257919,0.36842211,False
ETTh2,DLinear,42,68,0.23420323,0.0,0.0023729,0.33895429,False
ETTh2,DLinear,42,69,0.23727813,0.0,0.00347452,0.49631424,False
ETTh2,DLinear,42,70,0.24427433,0.0,0.00122917,0.17557932,False
ETTh2,DLinear,42,71,0.23876622,0.00550811,0.00190343,0.27189324,False
ETTh2,DLinear,42,72,0.23812848,0.00063774,0.00349477,0.49920733,False
ETTh2,DLinear,42,73,0.23475719,0.0033713,0.00349477,0.49920733,False
ETTh2,DLinear,42,74,0.22680046,0.00795673,0.00320043,0.45716248,False
ETTh2,DLinear,42,75,0.24281114,0.0,0.00307288,0.43894311,False
ETTh2,DLinear,42,76,0.23877474,0.0040364,0.00399563,0.57075211,False
ETTh2,DLinear,42,77,0.24201464,0.0,0.00307211,0.43883278,False
ETTh2,DLinear,42,78,0.2340296,0.00798504,0.00307211,0.43883278,False
ETTh2,DLinear,42,79,0.23069048,0.00333912,0.0034981,0.49968249,False
ETTh2,DLinear,42,80,0.24071618,0.0,0.00381433,0.54485374,False
ETTh2,DLinear,42,81,0.23454984,0.00616634,0.00221732,0.31673082,False
ETTh2,DLinear,42,82,0.2329687,0.00158114,0.0015495,0.22133607,False
ETTh2,DLinear,42,83,0.23432845,0.0,0.00290771,0.41534934,False
ETTh2,DLinear,42,84,0.23729356,0.0,0.00167445,0.23918452,False
ETTh2,DLinear,42,85,0.23050247,0.00679109,0.00262056,0.37433143,False
ETTh2,DLinear,42,86,0.23601943,0.0,0.00262056,0.37433143,False
ETTh2,DLinear,42,87,0.22970771,0.00631172,0.00537419,0.76767084,False
ETTh2,DLinear,42,88,0.24494437,0.0,0.00401597,0.57365757,False
ETTh2,DLinear,42,89,0.23117622,0.01376815,0.00783325,1.11893293,False
ETTh2,DLinear,42,90,0.24694332,0.0,0.00657091,0.93861476,False
ETTh2,DLinear,42,91,0.22785693,0.01908639,0.00719068,1.0271461,False
ETTh2,DLinear,42,92,0.23470198,0.0,0.00458666,0.65517666,False
ETTh2,DLinear,42,93,0.2316031,0.00309888,0.00458666,0.65517666,False
ETTh2,DLinear,42,94,0.23085508,0.00074802,0.0016797,0.23993464,False
ETTh2,DLinear,42,95,0.23695096,0.0,0.0016797,0.23993464,False
ETTh2,DLinear,42,96,0.23239938,0.00455159,0.00194582,0.27794817,False
ETTh2,DLinear,42,97,0.23819378,0.0,0.00187899,0.26840174,False
ETTh2,DLinear,42,98,0.2337643,0.00442948,0.00187899,0.26840174,False
ETTh2,DLinear,42,99,0.23335044,0.00041386,0.00096867,0.1383684,False
ETTh2,DLinear,42,100,0.23567716,0.0,0.00341926,0.48842007,False
ETTh2,DLinear,42,101,0.24557508,0.0,0.00261139,0.3730212,False
ETTh2,DLinear,42,102,0.23332214,0.01225294,0.00252862,0.36119767,False
ETTh2,DLinear,42,103,0.23293199,0.00039015,0.00377229,0.53884867,False
ETTh2,DLinear,42,104,0.23402426,0.0,0.00377229,0.53884867,False
ETTh2,DLinear,42,105,0.2278059,0.00621836,0.00192046,0.27432654,False
ETTh2,DLinear,42,106,0.23491785,0.0,0.00184243,0.26318055,False
ETTh2,DLinear,42,107,0.23192404,0.00299381,0.00539788,0.77105464,False
ETTh2,DLinear,42,108,0.24331391,0.0,0.00415421,0.59340363,False
ETTh2,DLinear,42,109,0.22553668,0.01777723,0.00559509,0.79922452,False
ETTh2,DLinear,42,110,0.2432718,0.0,0.00556155,0.7944338,False
ETTh2,DLinear,42,111,0.2360674,0.00720439,0.00729463,1.0419946,False
ETTh2,DLinear,42,112,0.23324128,0.00282612,0.00373919,0.53412051,False
ETTh2,DLinear,42,113,0.22457586,0.00866543,0.00373919,0.53412051,False
ETTh2,DLinear,42,114,0.22920339,0.0,0.00335228,0.47885306,False
ETTh2,DLinear,42,115,0.23571478,0.0,0.00278706,0.39811424,False
ETTh2,DLinear,42,116,0.23044493,0.00526986,0.00488258,0.69744709,False
ETTh2,DLinear,42,117,0.24173831,0.0,0.00488258,0.69744709,False
ETTh2,DLinear,42,118,0.22259527,0.01914304,0.00488258,0.69744709,False
ETTh2,DLinear,42,119,0.23437743,0.0,0.00510077,0.72861432,False
ETTh2,DLinear,42,120,0.23937021,0.0,0.00510077,0.72861432,False
ETTh2,DLinear,42,121,0.2330094,0.00636081,0.00178107,0.2544154,False
ETTh2,DLinear,42,122,0.23587207,0.0,0.00178107,0.2544154,False
ETTh2,DLinear,42,123,0.23332752,0.00254455,0.00178107,0.2544154,False
ETTh2,DLinear,42,124,0.23488001,0.0,0.00050891,0.07269474,True
ETTh2,DLinear,42,125,0.23951026,0.0,0.00075027,0.10717219,False
ETTh2,DLinear,42,126,0.23965717,0.0,0.00024136,0.03447746,False
ETTh2,DLinear,42,127,0.23845035,0.00120682,0.00208945,0.29846573,False
ETTh2,DLinear,42,128,0.23983732,0.0,0.00208945,0.29846573,False
ETTh2,DLinear,42,129,0.23059688,0.00924044,0.00208945,0.29846573,False
ETTh2,DLinear,42,130,0.23715495,0.0,0.00184809,0.26398827,False
ETTh2,DLinear,42,131,0.23764964,0.0,0.00184809,0.26398827,False
ETTh2,DLinear,42,132,0.23799659,0.0,0.0,0.0,False
ETTh2,DLinear,42,133,0.24090235,0.0,0.002137,0.305257,False
ETTh2,DLinear,42,134,0.24415428,0.0,0.002137,0.305257,False
ETTh2,DLinear,42,135,0.2334693,0.01068498,0.002137,0.305257,False
ETTh2,DLinear,42,136,0.23741555,0.0,0.00540046,0.7714233,False
ETTh2,DLinear,42,137,0.24857397,0.0,0.00540046,0.7714233,False
ETTh2,DLinear,42,138,0.23225664,0.01631732,0.00326346,0.46616631,False
ETTh2,DLinear,42,139,0.23366574,0.0,0.00736903,1.05262116,False
ETTh2,DLinear,42,140,0.24529762,0.0,0.00736903,1.05262116,False
ETTh2,DLinear,42,141,0.22476981,0.02052781,0.00530768,0.75816981,False
ETTh2,DLinear,42,142,0.24188743,0.0,0.00614613,0.8779372,False
ETTh2,DLinear,42,143,0.23587685,0.00601058,0.00614613,0.8779372,False
ETTh2,DLinear,42,144,0.23168461,0.00419224,0.00312014,0.44569317,False
ETTh2,DLinear,42,145,0.24023231,0.0,0.00312014,0.44569317,False
ETTh2,DLinear,42,146,0.23483444,0.00539788,0.00312851,0.44688844,False
ETTh2,DLinear,42,147,0.23662536,0.0,0.00299777,0.42821373,False
ETTh2,DLinear,42,148,0.23057294,0.00605241,0.00299777,0.42821373,False
ETTh2,DLinear,42,149,0.22703437,0.00353857,0.0019182,0.2740029,False
ETTh2,DLinear,42,150,0.23222033,0.0,0.0019182,0.2740029,False
ETTh2,DLinear,42,151,0.2331065,0.0,0.00090377,0.12909824,False
ETTh2,DLinear,42,152,0.23987692,0.0,0.00019606,0.02800557,False
ETTh2,DLinear,42,153,0.23889664,0.00098029,0.00019606,0.02800557,False
ETTh2,DLinear,42,154,0.23995868,0.0,0.00366287,0.52321903,False
ETTh2,DLinear,42,155,0.24860056,0.0,0.00428014,0.61139167,False
ETTh2,DLinear,42,156,0.23126649,0.01733407,0.00408408,0.5833861,False
ETTh2,DLinear,42,157,0.22818016,0.00308633,0.00458359,0.65473887,False
ETTh2,DLinear,42,158,0.23899889,0.0,0.00458359,0.65473887,False
ETTh2,DLinear,42,159,0.23650131,0.00249758,0.00111678,0.1595254,False
ETTh2,DLinear,42,160,0.23738339,0.0,0.00127034,0.1814605,False
ETTh2,DLinear,42,161,0.25033333,0.0,0.00152056,0.21720356,False
ETTh2,DLinear,42,162,0.24647921,0.00385413,0.00445491,0.63635754,False
ETTh2,DLinear,42,163,0.24522809,0.00125112,0.00445491,0.63635754,False
ETTh2,DLinear,42,164,0.22805877,0.01716932,0.00536107,0.76579649,False
ETTh2,DLinear,42,165,0.23033978,0.0,0.00459024,0.65568877,False
ETTh2,DLinear,42,166,0.225809,0.00453078,0.00434002,0.6199457,False
ETTh2,DLinear,42,167,0.22995306,0.0,0.00090616,0.12943895,False
ETTh2,DLinear,42,168,0.24157645,0.0,0.0035178,0.50249669,False
ETTh2,DLinear,42,169,0.24454703,0.0,0.00261164,0.37305773,False
ETTh2,DLinear,42,170,0.23148881,0.01305822,0.00261164,0.37305773,False
ETTh2,DLinear,42,171,0.23320498,0.0,0.00261732,0.37386779,False
ETTh2,DLinear,42,172,0.2354619,0.0,0.00261732,0.37386779,False
ETTh2,DLinear,42,173,0.23543354,2.835e-05,0.00146301,0.20898212,False
ETTh2,DLinear,42,174,0.24414811,0.0,0.00195537,0.27931241,False
ETTh2,DLinear,42,175,0.23686142,0.00728669,0.00195537,0.27931241,False
ETTh2,DLinear,42,176,0.23439963,0.00246179,0.00463054,0.66144506,False
ETTh2,DLinear,42,177,0.24572963,0.0,0.00463054,0.66144506,False
ETTh2,DLinear,42,178,0.2323254,0.01340423,0.00500109,0.71437585,False
ETTh2,DLinear,42,179,0.24502707,0.0,0.00636063,0.90857791,False
ETTh2,DLinear,42,180,0.23588763,0.00913944,0.00670148,0.95726626,False
ETTh2,DLinear,42,181,0.22662815,0.00925948,0.00402063,0.57432355,False
ETTh2,DLinear,42,182,0.2249239,0.00170425,0.00402063,0.57432355,False
ETTh2,DLinear,42,183,0.23622545,0.0,0.00219275,0.3132207,False
ETTh2,DLinear,42,184,0.23759896,0.0,0.00225995,0.3228207,False
ETTh2,DLinear,42,185,0.23820858,0.0,0.0019191,0.27413235,False
ETTh2,DLinear,42,186,0.22861306,0.00959552,0.0019191,0.27413235,False
ETTh2,DLinear,42,187,0.23770124,0.0,0.0031132,0.4447017,False
ETTh2,DLinear,42,188,0.23779351,0.0,0.0031132,0.4447017,False
ETTh2,DLinear,42,189,0.23182304,0.00597048,0.0011941,0.17056935,False
ETTh2,DLinear,42,190,0.23565301,0.0,0.00243939,0.3484517,False
ETTh2,DLinear,42,191,0.23642763,0.0,0.00243939,0.3484517,False
ETTh2,DLinear,42,192,0.23020118,0.00622646,0.00216834,0.309735,False
ETTh2,DLinear,42,193,0.24179945,0.0,0.00216834,0.309735,False
ETTh2,DLinear,42,194,0.23718418,0.00461527,0.00361767,0.51676267,False
ETTh2,DLinear,42,195,0.24619706,0.0,0.00362522,0.51784038,False
ETTh2,DLinear,42,196,0.23895042,0.00724664,0.00362522,0.51784038,False
ETTh2,DLinear,42,197,0.23268624,0.00626418,0.00331824,0.47399046,False
ETTh2,DLinear,42,198,0.25683935,0.0,0.00756463,1.08056173,False
ETTh2,DLinear,42,199,0.25375897,0.00308038,0.00713371,1.01900708,False
ETTh2,DLinear,42,200,0.23252702,0.02123195,0.00588087,0.84004701,False
ETTh2,DLinear,42,201,0.227435,0.00509202,0.00741499,1.05918667,False
ETTh2,DLinear,42,202,0.2338004,0.0,0.00679891,0.97118394,False
ETTh2,DLinear,42,203,0.2261298,0.00767059,0.00329401,0.47052935,False
ETTh2,DLinear,42,204,0.23147559,0.0,0.0022756,0.32505634,False
ETTh2,DLinear,42,205,0.22776817,0.00370743,0.00293028,0.41857343,False
ETTh2,DLinear,42,206,0.2320244,0.0,0.00139616,0.19943377,False
ETTh2,DLinear,42,207,0.228751,0.0032734,0.00259383,0.37051324,False
ETTh2,DLinear,42,208,0.23859985,0.0,0.00295589,0.42223048,False
ETTh2,DLinear,42,209,0.23261152,0.00598833,0.00295589,0.42223048,False
ETTh2,DLinear,42,210,0.22709382,0.0055177,0.00230121,0.32871339,False
ETTh2,DLinear,42,211,0.23251711,0.0,0.00230121,0.32871339,False
ETTh2,DLinear,42,212,0.23874073,0.0,0.00324603,0.46367607,False
ETTh2,DLinear,42,213,0.24061235,0.0,0.00214249,0.30604215,False
ETTh2,DLinear,42,214,0.22989989,0.01071246,0.00347641,0.49658432,False
ETTh2,DLinear,42,215,0.23751118,0.0,0.00347641,0.49658432,False
ETTh2,DLinear,42,216,0.23084159,0.00666959,0.00619327,0.88467212,False
ETTh2,DLinear,42,217,0.23847929,0.0,0.00405078,0.57862997,False
ETTh2,DLinear,42,218,0.22489497,0.01358432,0.00506769,0.7238889,False
ETTh2,DLinear,42,219,0.24328949,0.0,0.00478964,0.68417152,False
ETTh2,DLinear,42,220,0.23820496,0.00508453,0.00478964,0.68417152,False
ETTh2,DLinear,42,221,0.2329256,0.00527935,0.0022377,0.31964204,False
ETTh2,DLinear,42,222,0.23611676,0.0,0.0022377,0.31964204,False
ETTh2,DLinear,42,223,0.23529214,0.00082462,0.00217729,0.31101303,False
ETTh2,DLinear,42,224,0.24068189,0.0,0.0014545,0.20776714,False
ETTh2,DLinear,42,225,0.2358994,0.00478249,0.0014545,0.20776714,False
ETTh2,DLinear,42,226,0.23423399,0.00166541,0.00259815,0.37113074,False
ETTh2,DLinear,42,227,0.23528831,0.0,0.00259815,0.37113074,False
ETTh2,DLinear,42,228,0.22874544,0.00654287,0.00164166,0.23450082,False
ETTh2,DLinear,42,229,0.23233846,0.0,0.00410458,0.5863148,False
ETTh2,DLinear,42,230,0.24649313,0.0,0.00410458,0.5863148,False
ETTh2,DLinear,42,231,0.2325131,0.01398004,0.00440626,0.62940774,False
ETTh2,DLinear,42,232,0.24611949,0.0,0.00563187,0.80447902,False
ETTh2,DLinear,42,233,0.23806823,0.00805126,0.00563187,0.80447902,False
ETTh2,DLinear,42,234,0.23194017,0.00612806,0.00287704,0.41096755,False
ETTh2,DLinear,42,235,0.23295508,0.0,0.00287704,0.41096755,False
ETTh2,DLinear,42,236,0.23274921,0.00020587,0.00126679,0.18095269,False
ETTh2,DLinear,42,237,0.23352743,0.0,0.0012178,0.17395506,False
ETTh2,DLinear,42,238,0.23613363,0.0,0.0012178,0.17395506,False
ETTh2,DLinear,42,239,0.23025051,0.00588312,0.00117662,0.16807364,False
ETTh2,DLinear,42,240,0.23332653,0.0,0.00229558,0.32790917,False
ETTh2,DLinear,42,241,0.24520807,0.0,0.00282241,0.40316459,False
ETTh2,DLinear,42,242,0.23961332,0.00559476,0.00164579,0.23509094,False
ETTh2,DLinear,42,243,0.23697913,0.00263418,0.00174289,0.24896128,False
ETTh2,DLinear,42,244,0.24134247,0.0,0.00311812,0.44540409,False
ETTh2,DLinear,42,245,0.24085696,0.00048551,0.00199916,0.28556856,False
ETTh2,DLinear,42,246,0.23398083,0.00687613,0.00287378,0.41050286,False
ETTh2,DLinear,42,247,0.23744639,0.0,0.00287378,0.41050286,False
ETTh2,DLinear,42,248,0.2304391,0.00700728,0.0063749,0.91061671,False
ETTh2,DLinear,42,249,0.24880782,0.0,0.00499968,0.71417391,False
ETTh2,DLinear,42,250,0.23081672,0.0179911,0.00499968,0.71417391,False
ETTh2,DLinear,42,251,0.23588588,0.0,0.00577306,0.82464763,False
ETTh2,DLinear,42,252,0.24546158,0.0,0.00577306,0.82464763,False
ETTh2,DLinear,42,253,0.23458736,0.01087422,0.00217484,0.31066343,False
ETTh2,DLinear,42,254,0.2346835,0.0,0.00268026,0.38285863,False
ETTh2,DLinear,42,255,0.23815786,0.0,0.00268026,0.38285863,False
ETTh2,DLinear,42,256,0.2356308,0.00252706,0.00328038,0.4685826,False
ETTh2,DLinear,42,257,0.23873534,0.0,0.00328038,0.4685826,False
ETTh2,DLinear,42,258,0.2248605,0.01387484,0.00328038,0.4685826,False
ETTh2,DLinear,42,259,0.24262096,0.0,0.00440887,0.62978082,False
ETTh2,DLinear,42,260,0.24597374,0.0,0.00659654,0.94227547,False
ETTh2,DLinear,42,261,0.23780422,0.00816952,0.00382157,0.54588807,False
ETTh2,DLinear,42,262,0.2268659,0.01093832,0.00382157,0.54588807,False
ETTh2,DLinear,42,263,0.22694476,0.0,0.00423667,0.60518289,False
ETTh2,DLinear,42,264,0.23051736,0.0,0.00260277,0.37178947,False
ETTh2,DLinear,42,265,0.22844185,0.00207551,0.0004151,0.05929483,False
ETTh2,DLinear,42,266,0.22988013,0.0,0.0004151,0.05929483,False
ETTh2,DLinear,42,267,0.23630082,0.0,0.00238736,0.3410198,False
ETTh2,DLinear,42,268,0.23879862,0.0,0.00197226,0.28172497,False
ETTh2,DLinear,42,269,0.22893734,0.00986128,0.00225512,0.32213048,False
ETTh2,DLinear,42,270,0.23836108,0.0,0.00225512,0.32213048,False
ETTh2,DLinear,42,271,0.23694675,0.00141432,0.00277153,0.39589622,False
ETTh2,DLinear,42,272,0.23809309,0.0,0.00216491,0.30924389,False
ETTh2,DLinear,42,273,0.23551105,0.00258204,0.00216491,0.30924389,False
ETTh2,DLinear,42,274,0.22868288,0.00682817,0.00564236,0.80597735,False
ETTh2,DLinear,42,275,0.24861832,0.0,0.00564236,0.80597735,False
ETTh2,DLinear,42,276,0.22981673,0.01880159,0.00661621,0.94508545,False
ETTh2,DLinear,42,277,0.23674473,0.0,0.00525057,0.75001281,False
ETTh2,DLinear,42,278,0.22929346,0.00745127,0.00525057,0.75001281,False
ETTh2,DLinear,42,279,0.23259867,0.0,0.00188384,0.26909511,False
ETTh2,DLinear,42,280,0.23898778,0.0,0.00211485,0.30209426,False
ETTh2,DLinear,42,281,0.23701986,0.00196793,0.00225448,0.32203888,False
ETTh2,DLinear,42,282,0.23586478,0.00115508,0.00225448,0.32203888,False
ETTh2,DLinear,42,283,0.22771539,0.0081494,0.00225448,0.32203888,False
ETTh2,DLinear,42,284,0.22927073,0.0,0.0047436,0.67759408,False
ETTh2,DLinear,42,285,0.25241309,0.0,0.00649719,0.9280847,False
ETTh2,DLinear,42,286,0.23799959,0.0144135,0.00486731,0.69526624,False
ETTh2,DLinear,42,287,0.22807653,0.00992306,0.00486731,0.69526624,False
ETTh2,DLinear,42,288,0.23029199,0.0,0.00486731,0.69526624,False
ETTh2,DLinear,42,289,0.23470841,0.0,0.00246841,0.35259745,False
ETTh2,DLinear,42,290,0.24418213,0.0,0.00277137,0.39587327,False
ETTh2,DLinear,42,291,0.24176314,0.00241899,0.00277137,0.39587327,False
ETTh2,DLinear,42,292,0.23032529,0.01143785,0.00277137,0.39587327,False
ETTh2,DLinear,42,293,0.23553118,0.0,0.00402787,0.57535689,False
ETTh2,DLinear,42,294,0.23845777,0.0,0.0037782,0.53969368,False
ETTh2,DLinear,42,295,0.23217526,0.0062825,0.00149063,0.2129281,False
ETTh2,DLinear,42,296,0.2310046,0.00117066,0.00149063,0.2129281,False
ETTh2,DLinear,42,297,0.23184131,0.0,0.00149063,0.2129281,False
ETTh2,DLinear,42,298,0.237142,0.0,0.00248648,0.35517849,False
ETTh2,DLinear,42,299,0.24457941,0.0,0.00281543,0.40216752,False
ETTh2,DLinear,42,300,0.23331768,0.01126173,0.00375391,0.53622336,False
ETTh2,MLP,42,2,0.27608258,0.01673873,0.01149973,1.03866979,False
ETTh2,MLP,42,3,0.28498679,0.0,0.01224585,1.10606015,False
ETTh2,MLP,42,4,0.26722631,0.01776048,0.00979668,0.88484812,False
ETTh2,MLP,42,5,0.2527421,0.01448421,0.01075082,0.97102696,False
ETTh2,MLP,42,6,0.27658011,0.0,0.0110649,0.99939497,False
ETTh2,MLP,42,7,0.2550707,0.02150941,0.0075128,0.67856548,False
ETTh2,MLP,42,8,0.2535003,0.0015704,0.00461596,0.41691924,False
ETTh2,MLP,42,9,0.25753171,0.0,0.00863169,0.7796245,False
ETTh2,MLP,42,10,0.26621728,0.0,0.00432981,0.39107327,False
ETTh2,MLP,42,11,0.24613865,0.02007863,0.00401573,0.36270526,False
ETTh2,MLP,42,12,0.25079835,0.0,0.00620898,0.56080236,False
ETTh2,MLP,42,13,0.25669538,0.0,0.00620898,0.56080236,False
ETTh2,MLP,42,14,0.24572912,0.01096626,0.00219325,0.1980971,False
ETTh2,MLP,42,15,0.25609788,0.0,0.00709329,0.64067446,False
ETTh2,MLP,42,16,0.25893554,0.0,0.00709329,0.64067446,False
ETTh2,MLP,42,17,0.23443535,0.02450019,0.00490004,0.44257736,False
ETTh2,MLP,42,18,0.23535878,0.0,0.0093362,0.84325646,False
ETTh2,MLP,42,19,0.26387092,0.0,0.0093362,0.84325646,False
ETTh2,MLP,42,20,0.24169013,0.02218079,0.00443616,0.40067909,False
ETTh2,MLP,42,21,0.24861893,0.0,0.00528459,0.47731044,False
ETTh2,MLP,42,22,0.24997323,0.0,0.00528459,0.47731044,False
ETTh2,MLP,42,23,0.24573108,0.00424216,0.00084843,0.07663135,True
ETTh2,MLP,42,24,0.24602547,0.0,0.00634373,0.5729732,False
ETTh2,MLP,42,25,0.26332725,0.0,0.00634373,0.5729732,False
ETTh2,MLP,42,26,0.23585076,0.02747649,0.00771763,0.69706575,False
ETTh2,MLP,42,27,0.25715491,0.0,0.00771763,0.69706575,False
ETTh2,MLP,42,28,0.24604324,0.01111167,0.01083968,0.9790531,False
ETTh2,MLP,42,29,0.24818237,0.0,0.00534438,0.48271125,False
ETTh2,MLP,42,30,0.23257212,0.01561025,0.00897423,0.81056302,False
ETTh2,MLP,42,31,0.25764306,0.0,0.00699791,0.63205978,False
ETTh2,MLP,42,32,0.23949385,0.01814921,0.00699791,0.63205978,False
ETTh2,MLP,42,33,0.23826376,0.00123009,0.00599942,0.54187517,False
ETTh2,MLP,42,34,0.25199953,0.0,0.00599942,0.54187517,False
ETTh2,MLP,42,35,0.24138172,0.01061781,0.00347924,0.31424919,False
ETTh2,MLP,42,36,0.24317147,0.0,0.0040923,0.36962114,False
ETTh2,MLP,42,37,0.23762318,0.0055483,0.0040923,0.36962114,False
ETTh2,MLP,42,38,0.2333278,0.00429537,0.00498298,0.45006882,False
ETTh2,MLP,42,39,0.25015176,0.0,0.00498298,0.45006882,False
ETTh2,MLP,42,40,0.23508053,0.01507124,0.00387332,0.34984303,False
ETTh2,MLP,42,41,0.24302359,0.0,0.00364203,0.3289526,False
ETTh2,MLP,42,42,0.24336211,0.0,0.00364203,0.3289526,False
ETTh2,MLP,42,43,0.24022319,0.00313892,0.00189519,0.17117587,False
ETTh2,MLP,42,44,0.25532701,0.0,0.00318115,0.28732558,False
ETTh2,MLP,42,45,0.24898998,0.00633703,0.00318115,0.28732558,False
ETTh2,MLP,42,46,0.24256017,0.00642981,0.00354128,0.31985282,False
ETTh2,MLP,42,47,0.24472773,0.0,0.00448527,0.40511469,False
ETTh2,MLP,42,48,0.23978817,0.00493956,0.00321786,0.29064099,False
ETTh2,MLP,42,49,0.23506824,0.00471993,0.00664585,0.60026133,False
ETTh2,MLP,42,50,0.25236552,0.0,0.00664585,0.60026133,False
ETTh2,MLP,42,51,0.22879575,0.02356977,0.00565794,0.51103191,False
ETTh2,MLP,42,52,0.25249137,0.0,0.01038138,0.93765914,False
ETTh2,MLP,42,53,0.25843255,0.0,0.01038138,0.93765914,False
ETTh2,MLP,42,54,0.23009539,0.02833715,0.00566743,0.5118891,False
ETTh2,MLP,42,55,0.23883203,0.0,0.00923595,0.83420197,False
ETTh2,MLP,42,56,0.24799166,0.0,0.00923595,0.83420197,False
ETTh2,MLP,42,57,0.23014907,0.01784259,0.00356852,0.32231286,False
ETTh2,MLP,42,58,0.23445235,0.0,0.00356852,0.32231286,False
ETTh2,MLP,42,59,0.24352613,0.0,0.00712441,0.64348484,False
ETTh2,MLP,42,60,0.25492062,0.0,0.00355589,0.32117198,False
ETTh2,MLP,42,61,0.23714119,0.01777943,0.00629936,0.56896607,False
ETTh2,MLP,42,62,0.26097523,0.0,0.00629936,0.56896607,False
ETTh2,MLP,42,63,0.24725785,0.01371738,0.01089758,0.9842823,False
ETTh2,MLP,42,64,0.26012758,0.0,0.00835882,0.75497834,False
ETTh2,MLP,42,65,0.23713651,0.02299107,0.00835882,0.75497834,False
ETTh2,MLP,42,66,0.23205088,0.00508563,0.00886414,0.80061954,False
ETTh2,MLP,42,67,0.25482784,0.0,0.00886414,0.80061954,False
ETTh2,MLP,42,68,0.23858385,0.01624399,0.00560033,0.50582845,False
ETTh2,MLP,42,69,0.25119062,0.0,0.0045832,0.41396044,False
ETTh2,MLP,42,70,0.24451859,0.00667203,0.00799866,0.72244885,False
ETTh2,MLP,42,71,0.2691633,0.0,0.00534797,0.48303484,False
ETTh2,MLP,42,72,0.252086,0.0170773,0.00865465,0.78169866,False
ETTh2,MLP,42,73,0.24909549,0.00299051,0.00732025,0.66117352,False
ETTh2,MLP,42,74,0.23256206,0.01653343,0.00732025,0.66117352,False
ETTh2,MLP,42,75,0.23855005,0.0,0.00605733,0.54710576,False
ETTh2,MLP,42,76,0.23977204,0.0,0.00545923,0.49308448,False
ETTh2,MLP,42,77,0.2290093,0.01076274,0.00215255,0.19442066,False
ETTh2,MLP,42,78,0.25289383,0.0,0.01193906,1.07835053,False
ETTh2,MLP,42,79,0.28009269,0.0,0.01193906,1.07835053,False
ETTh2,MLP,42,80,0.23116011,0.04893258,0.01175329,1.06157099,False
ETTh2,MLP,42,81,0.25555239,0.0,0.01175329,1.06157099,False
ETTh2,MLP,42,82,0.24571853,0.00983386,0.02119514,1.91437085,False
ETTh2,MLP,42,83,0.2754332,0.0,0.01140863,1.03044098,False
ETTh2,MLP,42,84,0.22822391,0.04720929,0.01140863,1.03044098,False
ETTh2,MLP,42,85,0.22937362,0.0,0.00944186,0.85279986,False
ETTh2,MLP,42,86,0.24496571,0.0,0.01627736,1.47019052,False
ETTh2,MLP,42,87,0.27188138,0.0,0.0068355,0.61739066,False
ETTh2,MLP,42,88,0.23770387,0.03417751,0.00783178,0.70737536,False
ETTh2,MLP,42,89,0.24259509,0.0,0.00783178,0.70737536,False
ETTh2,MLP,42,90,0.23761372,0.00498137,0.01109212,1.00185336,False
ETTh2,MLP,42,91,0.24950439,0.0,0.00425662,0.38446271,False
ETTh2,MLP,42,92,0.23320268,0.01630171,0.00655002,0.59160607,False
ETTh2,MLP,42,93,0.24051709,0.0,0.00555375,0.50162137,False
ETTh2,MLP,42,94,0.22905005,0.01146704,0.00740674,0.66898604,False
ETTh2,MLP,42,95,0.24165748,0.0,0.0041464,0.37450805,False
ETTh2,MLP,42,96,0.23239251,0.00926497,0.02050943,1.85243637,False
ETTh2,MLP,42,97,0.33568645,0.0,0.0218576,1.97420471,False
ETTh2,MLP,42,98,0.25387131,0.08181514,0.0218576,1.97420471,False
ETTh2,MLP,42,99,0.23566342,0.01820789,0.02008943,1.81450137,False
ETTh2,MLP,42,100,0.23996569,0.0,0.02167152,1.95739727,False
ETTh2,MLP,42,101,0.23954158,0.00042412,0.00530849,0.47946894,False
ETTh2,MLP,42,102,0.23163115,0.00791043,0.00279121,0.25210525,False
ETTh2,MLP,42,103,0.23431259,0.0,0.00279121,0.25210525,False
ETTh2,MLP,42,104,0.2286911,0.00562149,0.00373847,0.3376631,False
ETTh2,MLP,42,105,0.23704041,0.0,0.00215638,0.1947672,False
ETTh2,MLP,42,106,0.23187998,0.00516043,0.00215638,0.1947672,False
ETTh2,MLP,42,107,0.26469644,0.0,0.006536,0.59033936,False
ETTh2,MLP,42,108,0.28132763,0.0,0.01175732,1.06193538,False
ETTh2,MLP,42,109,0.25380805,0.02751957,0.01072524,0.96871619,False
ETTh2,MLP,42,110,0.22770145,0.02610661,0.01072524,0.96871619,False
ETTh2,MLP,42,111,0.23798321,0.0,0.01133761,1.02402662,False
ETTh2,MLP,42,112,0.25301582,0.0,0.0058337,0.52690644,False
ETTh2,MLP,42,113,0.24995394,0.00306187,0.00546855,0.49392588,False
ETTh2,MLP,42,114,0.25801063,0.0,0.00546855,0.49392588,False
ETTh2,MLP,42,115,0.23372976,0.02428087,0.00589044,0.53203198,False
ETTh2,MLP,42,116,0.27089607,0.0,0.01104684,0.99776355,False
ETTh2,MLP,42,117,0.26878659,0.00210948,0.01104684,0.99776355,False
ETTh2,MLP,42,118,0.23994276,0.02884384,0.01174665,1.06097123,False
ETTh2,MLP,42,119,0.25502683,0.0,0.01174665,1.06097123,False
ETTh2,MLP,42,120,0.22724691,0.02777992,0.01132475,1.02286513,False
ETTh2,MLP,42,121,0.23741506,0.0,0.00990578,0.89470196,False
ETTh2,MLP,42,122,0.25348826,0.0,0.01000425,0.90359626,False
ETTh2,MLP,42,123,0.23173928,0.02174898,0.00444827,0.40177313,False
ETTh2,MLP,42,124,0.23124691,0.00049237,0.00456338,0.41217039,False
ETTh2,MLP,42,125,0.23464607,0.0,0.00504046,0.45526061,False
ETTh2,MLP,42,126,0.2340705,0.00057557,0.00069067,0.06238178,False
ETTh2,MLP,42,127,0.23168511,0.00238539,0.00059219,0.05348748,False
ETTh2,MLP,42,128,0.23489837,0.0,0.00194602,0.17576698,False
ETTh2,MLP,42,129,0.23683634,0.0,0.00183091,0.16536971,False
ETTh2,MLP,42,130,0.23006719,0.00676915,0.001857,0.1677262,False
ETTh2,MLP,42,131,0.24059381,0.0,0.001857,0.1677262,False
ETTh2,MLP,42,132,0.23807798,0.00251584,0.001857,0.1677262,False
ETTh2,MLP,42,133,0.24904778,0.0,0.0139141,1.25673844,False
ETTh2,MLP,42,134,0.2967293,0.0,0.0139141,1.25673844,False
ETTh2,MLP,42,135,0.22967462,0.06705468,0.01341094,1.21129174,False
ETTh2,MLP,42,136,0.23506236,0.0,0.01589513,1.43566694,False
ETTh2,MLP,42,137,0.25364502,0.0,0.01660478,1.49976346,False
ETTh2,MLP,42,138,0.24122406,0.01242096,0.00435584,0.39342491,False
ETTh2,MLP,42,139,0.2376758,0.00354825,0.00435584,0.39342491,False
ETTh2,MLP,42,140,0.2318658,0.00581,0.00777303,0.70206954,False
ETTh2,MLP,42,141,0.25471001,0.0,0.005757,0.51997879,False
ETTh2,MLP,42,142,0.23762406,0.01708595,0.00516006,0.46606267,False
ETTh2,MLP,42,143,0.23528328,0.00234078,0.00466952,0.42175701,False
ETTh2,MLP,42,144,0.23471971,0.00056357,0.00466952,0.42175701,False
ETTh2,MLP,42,145,0.23136239,0.00335733,0.00125233,0.11311238,False
ETTh2,MLP,42,146,0.23381656,0.0,0.00078418,0.07082794,False
ETTh2,MLP,42,147,0.23634435,0.0,0.00067147,0.06064753,False
ETTh2,MLP,42,148,0.23904501,0.0,0.06823347,6.16292904,False
ETTh2,MLP,42,149,0.57365556,0.0,0.06823347,6.16292904,False
ETTh2,MLP,42,150,0.2324882,0.34116736,0.07048581,6.36636334,False
ETTh2,MLP,42,151,0.24601149,0.0,0.07048581,6.36636334,False
ETTh2,MLP,42,152,0.23474977,0.01126171,0.07048581,6.36636334,False
ETTh2,MLP,42,153,0.23753564,0.0,0.00887087,0.80122753,False
ETTh2,MLP,42,154,0.26070751,0.0,0.00887087,0.80122753,False
ETTh2,MLP,42,155,0.22761488,0.03309263,0.00661853,0.59779323,False
ETTh2,MLP,42,156,0.23991414,0.0,0.00697461,0.62995538,False
ETTh2,MLP,42,157,0.24516691,0.0,0.00697461,0.62995538,False
ETTh2,MLP,42,158,0.24338648,0.00178043,0.00174824,0.15790284,False
ETTh2,MLP,42,159,0.24411704,0.0,0.00265167,0.23950215,False
ETTh2,MLP,42,160,0.23715629,0.00696075,0.00265167,0.23950215,False
ETTh2,MLP,42,161,0.23263912,0.00451717,0.00229559,0.20734,False
ETTh2,MLP,42,162,0.24471413,0.0,0.00229559,0.20734,False
ETTh2,MLP,42,163,0.25958339,0.0,0.00739045,0.66751433,False
ETTh2,MLP,42,164,0.2625635,0.0,0.00648702,0.58591502,False
ETTh2,MLP,42,165,0.23012842,0.03243508,0.00648702,0.58591502,False
ETTh2,MLP,42,166,0.23285748,0.0,0.00648702,0.58591502,False
ETTh2,MLP,42,167,0.23305047,0.0,0.00813527,0.73478699,False
ETTh2,MLP,42,168,0.24919568,0.0,0.00224664,0.20291948,False
ETTh2,MLP,42,169,0.24095442,0.00824125,0.00224664,0.20291948,False
ETTh2,MLP,42,170,0.23796246,0.00299196,0.00224664,0.20291948,False
ETTh2,MLP,42,171,0.24207607,0.0,0.00224664,0.20291948,False
ETTh2,MLP,42,172,0.24346152,0.0,0.00059839,0.0540475,False
ETTh2,MLP,42,173,0.24464209,0.0,0.00896772,0.80997495,False
ETTh2,MLP,42,174,0.27988924,0.0,0.00896772,0.80997495,False
ETTh2,MLP,42,175,0.23505066,0.04483858,0.01096242,0.9901392,False
ETTh2,MLP,42,176,0.24118133,0.0,0.01096242,0.9901392,False
ETTh2,MLP,42,177,0.2312078,0.00997353,0.01096242,0.9901392,False
ETTh2,MLP,42,178,0.23450134,0.0,0.00475971,0.4299024,False
ETTh2,MLP,42,179,0.25487616,0.0,0.00475971,0.4299024,False
ETTh2,MLP,42,180,0.24105116,0.013825,0.002765,0.24973814,False
ETTh2,MLP,42,181,0.24191115,0.0,0.00971015,0.87703271,False
ETTh2,MLP,42,182,0.28554621,0.0,0.01173165,1.05961659,False
ETTh2,MLP,42,183,0.25082044,0.03472577,0.01142805,1.03219551,False
ETTh2,MLP,42,184,0.24071296,0.01010748,0.01142805,1.03219551,False
ETTh2,MLP,42,185,0.22840594,0.01230703,0.01471081,1.32869809,False
ETTh2,MLP,42,186,0.25013202,0.0,0.00776566,0.70140352,False
ETTh2,MLP,42,187,0.23371823,0.01641379,0.00885126,0.79945674,False
ETTh2,MLP,42,188,0.24555109,0.0,0.00638986,0.57713968,False
ETTh2,MLP,42,189,0.23001559,0.01553551,0.00959476,0.86661021,False
ETTh2,MLP,42,190,0.24809175,0.0,0.006312,0.57010763,False
ETTh2,MLP,42,191,0.23206724,0.01602451,0.006312,0.57010763,False
ETTh2,MLP,42,192,0.23252625,0.0,0.0032049,0.28947053,False
ETTh2,MLP,42,193,0.23654861,0.0,0.03983364,3.59782185,False
ETTh2,MLP,42,194,0.42155488,0.0,0.03662874,3.30835131,False
ETTh2,MLP,42,195,0.2384112,0.18314368,0.03662874,3.30835131,False
ETTh2,MLP,42,196,0.23916743,0.0,0.03859811,3.48622768,False
ETTh2,MLP,42,197,0.24422147,0.0,0.03980499,3.59523474,False
ETTh2,MLP,42,198,0.23437459,0.00984688,0.00317626,0.28688343,False
ETTh2,MLP,42,199,0.22834018,0.00603441,0.00317626,0.28688343,False
ETTh2,MLP,42,200,0.2318058,0.0,0.00654613,0.59125404,False
ETTh2,MLP,42,201,0.25207326,0.0,0.00457675,0.41337768,False
ETTh2,MLP,42,202,0.23522392,0.01684934,0.00336987,0.30437061,False
ETTh2,MLP,42,203,0.23609152,0.0,0.00754865,0.68180296,False
ETTh2,MLP,42,204,0.25172338,0.0,0.00754865,0.68180296,False
ETTh2,MLP,42,205,0.23082948,0.0208939,0.00637556,0.57584833,False
ETTh2,MLP,42,206,0.24250014,0.0,0.00650207,0.58727497,False
ETTh2,MLP,42,207,0.23151623,0.01098391,0.00650207,0.58727497,False
ETTh2,MLP,42,208,0.23088368,0.00063256,0.00731549,0.66074399,False
ETTh2,MLP,42,209,0.25835639,0.0,0.00731549,0.66074399,False
ETTh2,MLP,42,210,0.23339539,0.02496099,0.00597327,0.53951271,False
ETTh2,MLP,42,211,0.23509002,0.0,0.00584676,0.52808607,False
ETTh2,MLP,42,212,0.23081723,0.00427279,0.00602684,0.54435117,False
ETTh2,MLP,42,213,0.24334356,0.0,0.00103464,0.0934498,False
ETTh2,MLP,42,214,0.24244315,0.0009004,0.00103464,0.0934498,False
ETTh2,MLP,42,215,0.29607961,0.0,0.01359044,1.2275046,False
ETTh2,MLP,42,216,0.29830377,0.0,0.01359044,1.2275046,False
ETTh2,MLP,42,217,0.23125199,0.06705178,0.01341036,1.2112395,False
ETTh2,MLP,42,218,0.23189418,0.0,0.01341036,1.2112395,False
ETTh2,MLP,42,219,0.23873509,0.0,0.01341036,1.2112395,False
ETTh2,MLP,42,220,0.24812177,0.0,0.0232351,2.09862189,False
ETTh2,MLP,42,221,0.35469954,0.0,0.0232351,2.09862189,False
ETTh2,MLP,42,222,0.23852406,0.11617549,0.0232351,2.09862189,False
ETTh2,MLP,42,223,0.24294342,0.0,0.02994232,2.70442595,False
ETTh2,MLP,42,224,0.26962583,0.0,0.02994232,2.70442595,False
ETTh2,MLP,42,225,0.23608974,0.03353609,0.00860459,0.77717658,False
ETTh2,MLP,42,226,0.24335404,0.0,0.00860459,0.77717658,False
ETTh2,MLP,42,227,0.2338672,0.00948684,0.00860459,0.77717658,False
ETTh2,MLP,42,228,0.33075194,0.0,0.02063908,1.86414631,False
ETTh2,MLP,42,229,0.33677201,0.0,0.02063908,1.86414631,False
ETTh2,MLP,42,230,0.24306346,0.09370855,0.02453159,2.21572277,False
ETTh2,MLP,42,231,0.27437047,0.0,0.02466353,2.22763958,False
ETTh2,MLP,42,232,0.24542106,0.0289494,0.02466353,2.22763958,False
ETTh2,MLP,42,233,0.24476137,0.00065969,0.0139659,1.26141708,False
ETTh2,MLP,42,234,0.27594786,0.0,0.01431779,1.29320019,False
ETTh2,MLP,42,235,0.23572744,0.04022042,0.00852791,0.7702512,False
ETTh2,MLP,42,236,0.23396799,0.00175945,0.00894786,0.80818142,False
ETTh2,MLP,42,237,0.24238555,0.0,0.01036995,0.93662618,False
ETTh2,MLP,42,238,0.23962612,0.00275943,0.00232586,0.21007489,False
ETTh2,MLP,42,239,0.23251567,0.00711044,0.0037348,0.33733126,False
ETTh2,MLP,42,240,0.24242705,0.0,0.00417305,0.37691463,False
ETTh2,MLP,42,241,0.23362294,0.00880411,0.00362116,0.32706761,False
ETTh2,MLP,42,242,0.23143168,0.00219126,0.00385964,0.34860767,False
ETTh2,MLP,42,243,0.24096932,0.0,0.0043333,0.3913893,False
ETTh2,MLP,42,244,0.23266646,0.00830286,0.00257248,0.23234982,False
ETTh2,MLP,42,245,0.23029815,0.00236831,0.00213423,0.19276645,False
ETTh2,MLP,42,246,0.24342551,0.0,0.00602441,0.54413166,False
ETTh2,MLP,42,247,0.25550593,0.0,0.00436384,0.39414684,False
ETTh2,MLP,42,248,0.23605506,0.01945087,0.00389017,0.35136521,False
ETTh2,MLP,42,249,0.23674947,0.0,0.00613137,0.5537924,False
ETTh2,MLP,42,250,0.24667444,0.0,0.00613137,0.5537924,False
ETTh2,MLP,42,251,0.23546848,0.01120596,0.00336441,0.30387781,False
ETTh2,MLP,42,252,0.24407437,0.0,0.00336441,0.30387781,False
ETTh2,MLP,42,253,0.23845827,0.0056161,0.01132426,1.02282074,False
ETTh2,MLP,42,254,0.27162828,0.0,0.00908307,0.82039355,False
ETTh2,MLP,42,255,0.23182904,0.03979923,0.01024959,0.92575554,False
ETTh2,MLP,42,256,0.235459,0.0,0.00912637,0.82430491,False
ETTh2,MLP,42,257,0.22962637,0.00583263,0.00912637,0.82430491,False
ETTh2,MLP,42,258,0.23427969,0.0,0.00258544,0.23352042,False
ETTh2,MLP,42,259,0.24937784,0.0,0.00258544,0.23352042,False
ETTh2,MLP,42,260,0.24228324,0.00709459,0.00675762,0.61035611,False
ETTh2,MLP,42,261,0.26174033,0.0,0.00675762,0.61035611,False
ETTh2,MLP,42,262,0.23504683,0.02669349,0.02040684,1.84317048,False
ETTh2,MLP,42,263,0.30103254,0.0,0.01898792,1.71501205,False
ETTh2,MLP,42,264,0.23278641,0.06824612,0.01898792,1.71501205,False
ETTh2,MLP,42,265,0.23387242,0.0,0.01589857,1.43597809,False
ETTh2,MLP,42,266,0.25044623,0.0,0.01589857,1.43597809,False
ETTh2,MLP,42,267,0.2391995,0.01124674,0.00224935,0.20316372,False
ETTh2,MLP,42,268,0.2463675,0.0,0.00224935,0.20316372,False
ETTh2,MLP,42,269,0.26083668,0.0,0.01835883,1.65819187,False
ETTh2,MLP,42,270,0.33824723,0.0,0.01851217,1.67204119,False
ETTh2,MLP,42,271,0.2576998,0.08054743,0.01851217,1.67204119,False
ETTh2,MLP,42,272,0.2456864,0.01201341,0.02282358,2.06145354,False
ETTh2,MLP,42,273,0.25390328,0.0,0.02282358,2.06145354,False
ETTh2,MLP,42,274,0.2323462,0.02155708,0.0067141,0.60642539,False
ETTh2,MLP,42,275,0.23844835,0.0,0.00431142,0.38941235,False
ETTh2,MLP,42,276,0.26680086,0.0,0.01053023,0.95110314,False
ETTh2,MLP,42,277,0.27108701,0.0,0.00764096,0.69014079,False
ETTh2,MLP,42,278,0.23999294,0.03109407,0.00810436,0.7319957,False
ETTh2,MLP,42,279,0.23288221,0.00711073,0.00810436,0.7319957,False
ETTh2,MLP,42,280,0.2305652,0.002317,0.00810436,0.7319957,False
ETTh2,MLP,42,281,0.27265701,0.0,0.13413152,12.11491938,False
ETTh2,MLP,42,282,0.90856407,0.0,0.13270937,11.98646938,False
ETTh2,MLP,42,283,0.24733423,0.66122984,0.13287785,12.00168721,False
ETTh2,MLP,42,284,0.25283019,0.0,0.13522566,12.21374366,False
ETTh2,MLP,42,285,0.24967076,0.00315943,0.13594801,12.27898722,False
ETTh2,MLP,42,286,0.23793174,0.01173902,0.00370204,0.33437275,False
ETTh2,MLP,42,287,0.23431999,0.00361175,0.00370204,0.33437275,False
ETTh2,MLP,42,288,0.24058996,0.0,0.00307015,0.27730002,False
ETTh2,MLP,42,289,0.24096388,0.0,0.00324151,0.29277697,False
ETTh2,MLP,42,290,0.26114887,0.0,0.00251916,0.22753341,False
ETTh2,MLP,42,291,0.24855308,0.01259579,0.009495,0.85760013,False
ETTh2,MLP,42,292,0.27153207,0.0,0.01032155,0.93225448,False
ETTh2,MLP,42,293,0.23665284,0.03487923,0.01032155,0.93225448,False
ETTh2,MLP,42,294,0.23252013,0.00413271,0.01058019,0.9556156,False
ETTh2,MLP,42,295,0.25650142,0.0,0.01058019,0.9556156,False
ETTh2,MLP,42,296,0.2426124,0.01388902,0.00848899,0.76673532,False
ETTh2,MLP,42,297,0.26005115,0.0,0.00766244,0.69208097,False
ETTh2,MLP,42,298,0.23562795,0.02442319,0.00866991,0.78307674,False
ETTh2,MLP,42,299,0.23977932,0.0,0.00736513,0.66522777,False
ETTh2,MLP,42,300,0.23474197,0.00503734,0.00982018,0.88697037,False
ETTh2,CNN,42,2,0.32350567,0.0,0.02123798,1.25688121,False
ETTh2,CNN,42,3,0.30167161,0.02183406,0.01592848,0.94266091,False
ETTh2,CNN,42,4,0.25979174,0.04187987,0.01722905,1.01962983,False
ETTh2,CNN,42,5,0.26214321,0.0,0.01722905,1.01962983,False
ETTh2,CNN,42,6,0.23971187,0.02243134,0.01286224,0.76119822,False
ETTh2,CNN,42,7,0.29404054,0.0,0.01581677,0.93604952,False
ETTh2,CNN,42,8,0.29766384,0.0,0.01581677,0.93604952,False
ETTh2,CNN,42,9,0.24101135,0.0566525,0.01314282,0.77780299,False
ETTh2,CNN,42,10,0.26227644,0.0,0.01584448,0.93768928,False
ETTh2,CNN,42,11,0.25321484,0.0090616,0.01584448,0.93768928,False
ETTh2,CNN,42,12,0.23970656,0.01350828,0.00980031,0.57999074,False
ETTh2,CNN,42,13,0.24979638,0.0,0.00980031,0.57999074,False
ETTh2,CNN,42,14,0.22336469,0.02643169,0.00798799,0.47273615,False
ETTh2,CNN,42,15,0.23301617,0.0,0.00528634,0.31284987,False
ETTh2,CNN,42,16,0.24774783,0.0,0.00528634,0.31284987,False
ETTh2,CNN,42,17,0.29309468,0.0,0.01928941,1.14156356,False
ETTh2,CNN,42,18,0.36065875,0.0,0.02261321,1.33826835,False
ETTh2,CNN,42,19,0.26421168,0.09644707,0.02261321,1.33826835,False
ETTh2,CNN,42,20,0.24759272,0.01661896,0.02501997,1.48070284,False
ETTh2,CNN,42,21,0.25741591,0.0,0.02738721,1.62079773,False
ETTh2,CNN,42,22,0.24538207,0.01203384,0.00809779,0.47923417,False
ETTh2,CNN,42,23,0.2335459,0.01183617,0.0099338,0.58789029,False
ETTh2,CNN,42,24,0.2645497,0.0,0.01010797,0.59819834,False
ETTh2,CNN,42,25,0.23875073,0.02579897,0.00770121,0.45576385,False
ETTh2,CNN,42,26,0.23787984,0.00087089,0.00533397,0.31566895,False
ETTh2,CNN,42,27,0.24979409,0.0,0.00533397,0.31566895,False
ETTh2,CNN,42,28,0.25669724,0.0,0.00972637,0.57561469,False
ETTh2,CNN,42,29,0.28104134,0.0,0.00955219,0.56530665,False
ETTh2,CNN,42,30,0.23328039,0.04776096,0.01731302,1.02459894,False
ETTh2,CNN,42,31,0.29276361,0.0,0.02099303,1.24238491,False
ETTh2,CNN,42,32,0.25395947,0.03880414,0.02099303,1.24238491,False
ETTh2,CNN,42,33,0.23555942,0.01840004,0.01491764,0.88283861,False
ETTh2,CNN,42,34,0.26101779,0.0,0.01491764,0.88283861,False
ETTh2,CNN,42,35,0.24363375,0.01738404,0.00715682,0.42354633,False
ETTh2,CNN,42,36,0.24532577,0.0,0.00347681,0.20576035,False
ETTh2,CNN,42,37,0.27497007,0.0,0.01838528,1.08805631,False
ETTh2,CNN,42,38,0.31165412,0.0,0.01490847,0.88229596,False
ETTh2,CNN,42,39,0.23711175,0.07454237,0.01490847,0.88229596,False
ETTh2,CNN,42,40,0.26836147,0.0,0.02180011,1.29014858,False
ETTh2,CNN,42,41,0.27032857,0.0,0.02180011,1.29014858,False
ETTh2,CNN,42,42,0.23587041,0.03445817,0.01062991,0.62908699,False
ETTh2,CNN,42,43,0.30836652,0.0,0.01062991,0.62908699,False
ETTh2,CNN,42,44,0.28967514,0.01869139,0.01836287,1.08673012,False
ETTh2,CNN,42,45,0.30432538,0.0,0.01147124,0.67887749,False
ETTh2,CNN,42,46,0.26566057,0.03866481,0.01147124,0.67887749,False
ETTh2,CNN,42,47,0.2811107,0.0,0.04495042,2.66020319,False
ETTh2,CNN,42,48,0.40761441,0.0,0.04495042,2.66020319,False
ETTh2,CNN,42,49,0.22152713,0.18608728,0.03721746,2.20256007,False
ETTh2,CNN,42,50,0.23068205,0.0,0.03721746,2.20256007,False
ETTh2,CNN,42,51,0.23226647,0.0,0.03721746,2.20256007,False
ETTh2,CNN,42,52,0.24268044,0.0,0.0,0.0,True
ETTh2,CNN,42,53,0.24531231,0.0,0.00805065,0.47644409,False
ETTh2,CNN,42,54,0.28520749,0.0,0.00805065,0.47644409,False
ETTh2,CNN,42,55,0.24495425,0.04025324,0.00805065,0.47644409,False
ETTh2,CNN,42,56,0.24703615,0.0,0.01220194,0.72212116,False
ETTh2,CNN,42,57,0.26895,0.0,0.01220194,0.72212116,False
ETTh2,CNN,42,58,0.24819352,0.02075647,0.02839188,1.68025529,False
ETTh2,CNN,42,59,0.35249424,0.0,0.02839188,1.68025529,False
ETTh2,CNN,42,60,0.2312913,0.12120294,0.03324738,1.96760777,False
ETTh2,CNN,42,61,0.26439651,0.0,0.0298256,1.76510391,False
ETTh2,CNN,42,62,0.24011902,0.02427749,0.0298256,1.76510391,False
ETTh2,CNN,42,63,0.23647145,0.00364757,0.00558501,0.33052569,False
ETTh2,CNN,42,64,0.24761329,0.0,0.00558501,0.33052569,False
ETTh2,CNN,42,65,0.28428886,0.0,0.00493394,0.29199478,False
ETTh2,CNN,42,66,0.29658406,0.0,0.01023191,0.6055328,False
ETTh2,CNN,42,67,0.27556192,0.02102214,0.01276223,0.75527967,False
ETTh2,CNN,42,68,0.24542452,0.03013739,0.01276223,0.75527967,False
ETTh2,CNN,42,69,0.23277288,0.01265164,0.01276223,0.75527967,False
ETTh2,CNN,42,70,0.26223188,0.0,0.00855781,0.5064581,False
ETTh2,CNN,42,71,0.26832609,0.0,0.01079606,0.63891995,False
ETTh2,CNN,42,72,0.30683447,0.0,0.00826573,0.48917308,False
ETTh2,CNN,42,73,0.26550579,0.04132867,2.29646304,135.90659795,False
ETTh2,CNN,42,74,11.80872382,0.0,2.29646304,135.90659795,False
ETTh2,CNN,42,75,0.36773727,11.44098655,2.29924234,136.07107907,False
ETTh2,CNN,42,76,0.3943775,0.0,2.29123171,135.59700304,False
ETTh2,CNN,42,77,0.38048101,0.01389649,2.30331238,136.31194734,False
ETTh2,CNN,42,78,0.37920551,0.0012755,0.01511507,0.89452248,False
ETTh2,CNN,42,79,0.31880214,0.06040336,0.06276284,3.7143575,False
ETTh2,CNN,42,80,0.58447405,0.0,0.06009202,3.55629606,False
ETTh2,CNN,42,81,0.34623518,0.23823887,0.07115585,4.21106239,False
ETTh2,CNN,42,82,0.3456928,0.00054238,0.05907517,3.4961181,False
ETTh2,CNN,42,83,0.28909817,0.05659462,0.05907517,3.4961181,False
ETTh2,CNN,42,84,0.29589623,0.0,0.0114274,0.67628307,False
ETTh2,CNN,42,85,0.31470487,0.0,0.01131892,0.66986339,False
ETTh2,CNN,42,86,0.32746778,0.0,0.0043482,0.2573303,False
ETTh2,CNN,42,87,0.33097906,0.0,0.0043482,0.2573303,False
ETTh2,CNN,42,88,0.30923805,0.02174102,0.00438303,0.25939151,False
ETTh2,CNN,42,89,0.31965251,0.0,0.00576864,0.34139271,False
ETTh2,CNN,42,90,0.31947837,0.00017415,0.00576864,0.34139271,False
ETTh2,CNN,42,91,0.31255035,0.00692802,0.00503813,0.29816074,False
ETTh2,CNN,42,92,0.32809693,0.0,0.01064163,0.62978072,False
ETTh2,CNN,42,93,0.31000844,0.01808848,0.0106068,0.62771951,False
ETTh2,CNN,42,94,0.28199093,0.02801752,0.01815468,1.07440908,False
ETTh2,CNN,42,95,0.34487017,0.0,0.01815468,1.07440908,False
ETTh2,CNN,42,96,0.30020278,0.0446674,0.01453698,0.86031076,False
ETTh2,CNN,42,97,0.34364519,0.0,0.01890464,1.11879217,False
ETTh2,CNN,42,98,0.34685185,0.0,0.01890464,1.11879217,False
ETTh2,CNN,42,99,0.29699607,0.04985579,0.01858688,1.09998727,False
ETTh2,CNN,42,100,0.36384011,0.0,0.01858688,1.09998727,False
ETTh2,CNN,42,101,0.32076148,0.04307863,0.01858688,1.09998727,False
ETTh2,CNN,42,102,0.32928761,0.0,0.0131381,0.77752357,False
ETTh2,CNN,42,103,0.35557136,0.0,0.01781109,1.05407518,False
ETTh2,CNN,42,104,0.33295951,0.02261186,0.00919536,0.5441893,False
ETTh2,CNN,42,105,0.30959454,0.02336496,0.01040414,0.61572571,False
ETTh2,CNN,42,106,0.32316873,0.0,0.01040414,0.61572571,False
ETTh2,CNN,42,107,0.31712485,0.00604388,0.00684886,0.40532152,False
ETTh2,CNN,42,108,0.3177859,0.0,0.00395484,0.23405088,False
ETTh2,CNN,42,109,0.31295043,0.00483548,0.00395484,0.23405088,False
ETTh2,CNN,42,110,0.30405557,0.00889485,0.01053086,0.62322481,False
ETTh2,CNN,42,111,0.32440123,0.0,0.01053086,0.62322481,False
ETTh2,CNN,42,112,0.28547728,0.03892395,0.00980568,0.58030829,False
ETTh2,CNN,42,113,0.30225807,0.0,0.00802671,0.47502732,False
ETTh2,CNN,42,114,0.30104848,0.0012096,0.01278648,0.75671446,False
ETTh2,CNN,42,115,0.32362245,0.0,0.00500169,0.29600411,False
ETTh2,CNN,42,116,0.29982361,0.02379885,0.00783906,0.46392227,False
ETTh2,CNN,42,117,0.31009981,0.0,0.00759714,0.4496053,False
ETTh2,CNN,42,118,0.29591294,0.01418687,0.01643761,0.97279146,False
ETTh2,CNN,42,119,0.3359202,0.0,0.01423853,0.84264827,False
ETTh2,CNN,42,120,0.29171787,0.04420233,0.01423853,0.84264827,False
ETTh2,CNN,42,121,0.2789144,0.01280347,0.01140116,0.67473012,False
ETTh2,CNN,42,122,0.30067634,0.0,0.01385094,0.81971012,False
ETTh2,CNN,42,123,0.31444602,0.0,0.00608522,0.3601281,False
ETTh2,CNN,42,124,0.30219712,0.0122489,0.00825982,0.48882317,False
ETTh2,CNN,42,125,0.29682341,0.00537371,0.00825982,0.48882317,False
ETTh2,CNN,42,126,0.27314691,0.0236765,0.00962609,0.56968018,False
ETTh2,CNN,42,127,0.28541734,0.0,0.00908746,0.53780347,False
ETTh2,CNN,42,128,0.27858599,0.00683135,0.00801272,0.47419932,False
ETTh2,CNN,42,129,0.26903025,0.00955574,0.00327742,0.1939603,False
ETTh2,CNN,42,130,0.27050464,0.0,0.04814587,2.84931276,False
ETTh2,CNN,42,131,0.49479589,0.0,0.04815322,2.84974764,False
ETTh2,CNN,42,132,0.27045363,0.22434226,0.04624207,2.73664436,False
ETTh2,CNN,42,133,0.26358553,0.00686809,0.04624207,2.73664436,False
ETTh2,CNN,42,134,0.2778399,0.0,0.05269589,3.11858671,False
ETTh2,CNN,42,135,0.28981164,0.0,0.00788423,0.46659508,False
ETTh2,CNN,42,136,0.25754255,0.03226909,0.00651061,0.38530318,False
ETTh2,CNN,42,137,0.2572586,0.00028395,0.00651061,0.38530318,False
ETTh2,CNN,42,138,0.28666686,0.0,0.01338169,0.79193984,False
ETTh2,CNN,42,139,0.29066527,0.0,0.00692788,0.40999749,False
ETTh2,CNN,42,140,0.25630983,0.03435544,0.00793127,0.46937905,False
ETTh2,CNN,42,141,0.26063324,0.0,0.00793127,0.46937905,False
ETTh2,CNN,42,142,0.25533234,0.0053009,0.00793127,0.46937905,False
ETTh2,CNN,42,143,0.2629919,0.0,0.00106018,0.06274239,False
ETTh2,CNN,42,144,0.27305402,0.0,0.00437812,0.25910056,False
ETTh2,CNN,42,145,0.29207298,0.0,0.00648649,0.38387583,False
ETTh2,CNN,42,146,0.27548331,0.01658968,0.00648649,0.38387583,False
ETTh2,CNN,42,147,0.25964054,0.01584277,0.00816933,0.48346786,False
ETTh2,CNN,42,148,0.28097643,0.0,0.00816933,0.48346786,False
ETTh2,CNN,42,149,0.27256222,0.00841421,0.00762258,0.45111073,False
ETTh2,CNN,42,150,0.27268986,0.0,0.00445403,0.26359307,False
ETTh2,CNN,42,151,0.25883394,0.01385593,0.00554273,0.32802343,False
ETTh2,CNN,42,152,0.26786805,0.0,0.00398288,0.23570988,False
ETTh2,CNN,42,153,0.26242454,0.00544352,0.00398288,0.23570988,False
ETTh2,CNN,42,154,0.2618096,0.00061494,0.02531792,1.4983358,False
ETTh2,CNN,42,155,0.37053059,0.0,0.02531792,1.4983358,False
ETTh2,CNN,42,156,0.24999942,0.12053116,0.02422922,1.43390545,False
ETTh2,CNN,42,157,0.25249468,0.0,0.02410623,1.42662697,False
ETTh2,CNN,42,158,0.26171287,0.0,0.02495492,1.47685286,False
ETTh2,CNN,42,159,0.26647399,0.0,0.00084869,0.05022589,False
ETTh2,CNN,42,160,0.26223056,0.00424343,0.01675612,0.99164086,False
ETTh2,CNN,42,161,0.34320825,0.0,0.01735424,1.02703845,False
ETTh2,CNN,42,162,0.2636711,0.07953715,0.01735424,1.02703845,False
ETTh2,CNN,42,163,0.26068047,0.00299063,0.01838675,1.08814313,False
ETTh2,CNN,42,164,0.2671748,0.0,0.01838675,1.08814313,False
ETTh2,CNN,42,165,0.25776883,0.00940597,0.00247932,0.14672816,False
ETTh2,CNN,42,166,0.26547306,0.0,0.00667774,0.39519411,False
ETTh2,CNN,42,167,0.26729448,0.0,0.00667774,0.39519411,False
ETTh2,CNN,42,168,0.24331175,0.02398273,0.00479655,0.28386354,False
ETTh2,CNN,42,169,0.24801374,0.0,0.0507451,3.00313733,False
ETTh2,CNN,42,170,0.48543084,0.0,0.05251963,3.10815578,False
ETTh2,CNN,42,171,0.25568806,0.22974277,0.04827492,2.85695007,False
ETTh2,CNN,42,172,0.24681539,0.00887267,0.04827492,2.85695007,False
ETTh2,CNN,42,173,0.24405623,0.00275916,0.0501691,2.96904925,False
ETTh2,CNN,42,174,0.26287275,0.0,0.00422055,0.24977546,False
ETTh2,CNN,42,175,0.25340185,0.0094709,0.00513904,0.3041328,False
ETTh2,CNN,42,176,0.28034702,0.0,0.00592723,0.35077828,False
ETTh2,CNN,42,177,0.26688187,0.01346515,0.00592723,0.35077828,False
ETTh2,CNN,42,178,0.26018178,0.00670008,0.00403305,0.2386791,False
ETTh2,CNN,42,179,0.28115084,0.0,0.00870673,0.51527145,False
ETTh2,CNN,42,180,0.28304859,0.0,0.0060137,0.35589567,False
ETTh2,CNN,42,181,0.25968018,0.02336841,0.01027545,0.6081099,False
ETTh2,CNN,42,182,0.2953534,0.0,0.0120466,0.71292798,False
ETTh2,CNN,42,183,0.26734453,0.02800886,0.01419817,0.84025977,False
ETTh2,CNN,42,184,0.25848879,0.00885575,0.00952449,0.56366743,False
ETTh2,CNN,42,185,0.24773093,0.01075786,0.0132568,0.7845487,False
ETTh2,CNN,42,186,0.30169753,0.0,0.00954215,0.56471234,False
ETTh2,CNN,42,187,0.28303597,0.01866155,0.01212038,0.71729426,False
ETTh2,CNN,42,188,0.27360039,0.00943559,0.00996881,0.58996247,False
ETTh2,CNN,42,189,0.25185348,0.02174691,0.00996881,0.58996247,False
ETTh2,CNN,42,190,0.25970032,0.0,0.00647691,0.38330881,False
ETTh2,CNN,42,191,0.29275364,0.0,0.00458979,0.27162761,False
ETTh2,CNN,42,192,0.29155159,0.00120205,0.00692326,0.40972402,False
ETTh2,CNN,42,193,0.30053086,0.0,0.00741423,0.43878006,False
ETTh2,CNN,42,194,0.26711663,0.03341423,0.00741423,0.43878006,False
ETTh2,CNN,42,195,0.26466178,0.00245485,0.01727217,1.02218149,False
ETTh2,CNN,42,196,0.29597678,0.0,0.01727217,1.02218149,False
ETTh2,CNN,42,197,0.24548501,0.05049177,0.01058932,0.62668507,False
ETTh2,CNN,42,198,0.26217023,0.0,0.01693547,1.00225534,False
ETTh2,CNN,42,199,0.30092167,0.0,0.01693547,1.00225534,False
ETTh2,CNN,42,200,0.26673608,0.03418559,0.00948385,0.56126236,False
ETTh2,CNN,42,201,0.27305119,0.0,0.00985786,0.58339638,False
ETTh2,CNN,42,202,0.25981751,0.01323368,0.00985786,0.58339638,False
ETTh2,CNN,42,203,0.25794747,0.00187003,0.00609544,0.36073341,False
ETTh2,CNN,42,204,0.26036688,0.0,0.00609544,0.36073341,False
ETTh2,CNN,42,205,0.24499338,0.0153735,0.00344871,0.20409736,False
ETTh2,CNN,42,206,0.25260708,0.0,0.00511597,0.30276751,False
ETTh2,CNN,42,207,0.290074,0.0,0.00923046,0.5462666,False
ETTh2,CNN,42,208,0.27986765,0.01020636,0.00615576,0.36430326,False
ETTh2,CNN,42,209,0.25929518,0.02057246,0.00795198,0.47060485,False
ETTh2,CNN,42,210,0.27616447,0.0,0.00859039,0.5083865,False
ETTh2,CNN,42,211,0.26718339,0.00898108,0.0098165,0.58094836,False
ETTh2,CNN,42,212,0.26399134,0.00319205,0.005702,0.33744927,False
ETTh2,CNN,42,213,0.24765446,0.01633688,0.01020627,0.60401564,False
ETTh2,CNN,42,214,0.26183527,0.0,0.00841005,0.49771405,False
ETTh2,CNN,42,215,0.23931393,0.02252134,0.00777164,0.4599324,False
ETTh2,CNN,42,216,0.25177775,0.0,0.00450427,0.26656636,False
ETTh2,CNN,42,217,0.26434975,0.0,0.01457735,0.86269953,False
ETTh2,CNN,42,218,0.29157298,0.0,0.01007308,0.59613316,False
ETTh2,CNN,42,219,0.24120759,0.05036539,0.01007308,0.59613316,False
ETTh2,CNN,42,220,0.2463579,0.0,0.01007308,0.59613316,False
ETTh2,CNN,42,221,0.2764027,0.0,0.01007308,0.59613316,False
ETTh2,CNN,42,222,0.27724687,0.0,0.01099016,0.65040683,False
ETTh2,CNN,42,223,0.28892613,0.0,0.01099016,0.65040683,False
ETTh2,CNN,42,224,0.23397533,0.0549508,0.01726192,1.02157455,False
ETTh2,CNN,42,225,0.26976945,0.0,0.01726192,1.02157455,False
ETTh2,CNN,42,226,0.23841067,0.03135878,0.01726192,1.02157455,False
ETTh2,CNN,42,227,0.26394561,0.0,0.01594154,0.9434335,False
ETTh2,CNN,42,228,0.29950926,0.0,0.01912634,1.13191277,False
ETTh2,CNN,42,229,0.25116035,0.04834891,0.01285459,0.76074506,False
ETTh2,CNN,42,230,0.23523633,0.01592401,0.01549733,0.91714508,False
ETTh2,CNN,42,231,0.27469245,0.0,0.01925183,1.13933934,False
ETTh2,CNN,42,232,0.26147871,0.01321374,0.00958205,0.56707356,False
ETTh2,CNN,42,233,0.24270622,0.01877249,0.01014033,0.60011296,False
ETTh2,CNN,42,234,0.27975137,0.0,0.01487828,0.88050903,False
ETTh2,CNN,42,235,0.26103596,0.01871541,0.01223553,0.72410902,False
ETTh2,CNN,42,236,0.23734619,0.02368977,0.01188964,0.70363902,False
ETTh2,CNN,42,237,0.27079933,0.0,0.01188964,0.70363902,False
ETTh2,CNN,42,238,0.25375629,0.01704304,0.0121922,0.72154441,False
ETTh2,CNN,42,239,0.25390194,0.0,0.00797155,0.47176292,False
ETTh2,CNN,42,240,0.23367377,0.02022818,0.00797155,0.47176292,False
ETTh2,CNN,42,241,0.23108724,0.00258653,0.00609251,0.3605597,False
ETTh2,CNN,42,242,0.25856756,0.0,0.01185755,0.70173984,False
ETTh2,CNN,42,243,0.25091972,0.00764784,0.00781192,0.46231578,False
ETTh2,CNN,42,244,0.2220945,0.02882522,0.00729461,0.4317012,False
ETTh2,CNN,42,245,0.25002574,0.0,0.01071684,0.6342317,False
ETTh2,CNN,42,246,0.26204985,0.0,0.00918728,0.54371064,False
ETTh2,CNN,42,247,0.24493869,0.01711116,0.00751619,0.44481444,False
ETTh2,CNN,42,248,0.28734908,0.0,0.00751619,0.44481444,False
ETTh2,CNN,42,249,0.26687928,0.0204698,0.00751619,0.44481444,False
ETTh2,CNN,42,250,0.2716415,0.0,0.01334124,0.78954586,False
ETTh2,CNN,42,251,0.31590944,0.0,0.01699157,1.00557499,False
ETTh2,CNN,42,252,0.26967303,0.04623641,0.0166123,0.98312995,False
ETTh2,CNN,42,253,0.25142142,0.01825161,0.0166123,0.98312995,False
ETTh2,CNN,42,254,0.23284793,0.01857349,0.13765393,8.14647433,False
ETTh2,CNN,42,255,0.86733291,0.0,0.13098172,7.75160713,False
ETTh2,CNN,42,256,0.26212478,0.60520813,0.12854952,7.6076677,False
ETTh2,CNN,42,257,0.24924943,0.01287534,0.12483482,7.3878288,False
ETTh2,CNN,42,258,0.2431588,0.00609063,0.12483482,7.3878288,False
ETTh2,CNN,42,259,0.24511951,0.0,0.03549708,2.10074663,False
ETTh2,CNN,42,260,0.43353392,0.0,0.03670678,2.17233791,False
ETTh2,CNN,42,261,0.2750145,0.15851941,0.03548866,2.10024821,False
ETTh2,CNN,42,262,0.25609064,0.01892386,0.03847326,2.27687977,False
ETTh2,CNN,42,263,0.26335124,0.0,0.03847326,2.27687977,False
ETTh2,CNN,42,264,0.2484282,0.01492304,0.00676938,0.40061755,False
ETTh2,CNN,42,265,0.25853104,0.0,0.00298461,0.17663156,False
ETTh2,CNN,42,266,0.25984196,0.0,0.00689483,0.40804173,False
ETTh2,CNN,42,267,0.27254359,0.0,0.00391022,0.23141017,False
ETTh2,CNN,42,268,0.25299248,0.01955111,0.00496508,0.29383731,False
ETTh2,CNN,42,269,0.28268552,0.0,0.00717785,0.4247909,False
ETTh2,CNN,42,270,0.27741125,0.00527427,0.00717785,0.4247909,False
ETTh2,CNN,42,271,0.2663474,0.01106385,0.00924358,0.54704297,False
ETTh2,CNN,42,272,0.28573717,0.0,0.00924358,0.54704297,False
ETTh2,CNN,42,273,0.25585738,0.0298798,0.01196922,0.70834863,False
ETTh2,CNN,42,274,0.27089186,0.0,0.00975645,0.57739504,False
ETTh2,CNN,42,275,0.25198939,0.01890247,0.00975645,0.57739504,False
ETTh2,CNN,42,276,0.29080402,0.0,0.00649915,0.38462489,False
ETTh2,CNN,42,277,0.29678779,0.0,0.00649915,0.38462489,False
ETTh2,CNN,42,278,0.28319453,0.01359326,0.02849888,1.68658773,False
ETTh2,CNN,42,279,0.40235342,0.0,0.02849888,1.68658773,False
ETTh2,CNN,42,280,0.27345226,0.12890116,0.0383447,2.26927111,False
ETTh2,CNN,42,281,0.29920705,0.0,0.03562604,2.10837902,False
ETTh2,CNN,42,282,0.24997799,0.04922906,0.03562604,2.10837902,False
ETTh2,CNN,42,283,0.28534814,0.0,0.00984581,0.58268337,False
ETTh2,CNN,42,284,0.29195848,0.0,0.01355145,0.80198604,False
ETTh2,CNN,42,285,0.29576089,0.0,0.00962241,0.56946247,False
ETTh2,CNN,42,286,0.2772327,0.01852818,0.00962241,0.56946247,False
ETTh2,CNN,42,287,0.24764882,0.02958389,0.00962241,0.56946247,False
ETTh2,CNN,42,288,0.30069058,0.0,0.01185634,0.70166832,False
ETTh2,CNN,42,289,0.33488264,0.0,0.02175775,1.28764158,False
ETTh2,CNN,42,290,0.32371298,0.01116965,0.01584097,0.93748178,False
ETTh2,CNN,42,291,0.25567779,0.0680352,0.02203058,1.30378819,False
ETTh2,CNN,42,292,0.28455931,0.0,0.02203058,1.30378819,False
ETTh2,CNN,42,293,0.25361124,0.03094806,0.01979665,1.17158234,False
ETTh2,CNN,42,294,0.2761409,0.0,0.00976039,0.57762819,False
ETTh2,CNN,42,295,0.29740872,0.0,0.01222839,0.72368647,False
ETTh2,CNN,42,296,0.27955482,0.0178539,0.00603878,0.35738006,False
ETTh2,CNN,42,297,0.26721482,0.01234,0.00794514,0.47019978,False
ETTh2,CNN,42,298,0.29255765,0.0,0.00794514,0.47019978,False
ETTh2,CNN,42,299,0.28302588,0.00953178,0.00546794,0.3235975,False
ETTh2,CNN,42,300,0.28573313,0.0,0.00317726,0.18803286,False
ETTm1,DLinear,42,2,0.40782467,0.01313956,0.00703496,1.73313525,False
ETTm1,DLinear,42,3,0.40198944,0.00583522,0.00546533,1.34644045,False
ETTm1,DLinear,42,4,0.39985934,0.0021301,0.00437226,1.07715236,False
ETTm1,DLinear,42,5,0.39910291,0.00075644,0.00229498,0.56539264,False
ETTm1,DLinear,42,6,0.40004885,0.0,0.00112794,0.2778793,False
ETTm1,DLinear,42,7,0.39729569,0.00275316,0.00077821,0.19171995,False
ETTm1,DLinear,42,8,0.39740927,0.0,0.00062692,0.15444874,False
ETTm1,DLinear,42,9,0.39702781,0.00038146,0.00081355,0.20042542,False
ETTm1,DLinear,42,10,0.39774816,0.0,0.00026291,0.06477179,True
ETTm1,DLinear,42,11,0.39681504,0.00093312,0.00026291,0.06477179,False
ETTm1,DLinear,42,12,0.39778207,0.0,0.00018662,0.04597669,False
ETTm1,DLinear,42,13,0.39814973,0.0,0.00031872,0.07852114,False
ETTm1,DLinear,42,14,0.3985698,0.0,0.00026892,0.06625052,False
ETTm1,DLinear,42,15,0.3979093,0.00066051,0.00026892,0.06625052,False
ETTm1,DLinear,42,16,0.39722521,0.00068408,0.00047816,0.11779928,False
ETTm1,DLinear,42,17,0.39811194,0.0,0.00047816,0.11779928,False
ETTm1,DLinear,42,18,0.39706574,0.00104621,0.00034606,0.08525483,False
ETTm1,DLinear,42,19,0.39770082,0.0,0.00020924,0.05154877,False
ETTm1,DLinear,42,20,0.39770879,0.0,0.00020924,0.05154877,False
ETTm1,DLinear,42,21,0.39779917,0.0,0.0,0.0,False
ETTm1,DLinear,42,22,0.39828835,0.0,0.00025887,0.06377605,False
ETTm1,DLinear,42,23,0.39900332,0.0,0.00025887,0.06377605,False
ETTm1,DLinear,42,24,0.39770896,0.00129437,0.00043598,0.10740715,False
ETTm1,DLinear,42,25,0.39881726,0.0,0.00061396,0.15125603,False
ETTm1,DLinear,42,26,0.39793175,0.00088551,0.00061396,0.15125603,False
ETTm1,DLinear,42,27,0.39704181,0.00088993,0.00065879,0.16230022,False
ETTm1,DLinear,42,28,0.39794862,0.0,0.00065879,0.16230022,False
ETTm1,DLinear,42,29,0.39643011,0.00151851,0.00070437,0.1735292,False
ETTm1,DLinear,42,30,0.39733438,0.0,0.00052638,0.12968032,False
ETTm1,DLinear,42,31,0.39622097,0.00111341,0.00094825,0.2336109,False
ETTm1,DLinear,42,32,0.39759488,0.0,0.00064455,0.15879065,False
ETTm1,DLinear,42,33,0.39548556,0.00210932,0.00090899,0.22393801,False
ETTm1,DLinear,42,34,0.39797486,0.0,0.0006863,0.16907793,False
ETTm1,DLinear,42,35,0.39665266,0.0013222,0.0006863,0.16907793,False
ETTm1,DLinear,42,36,0.39668977,0.0,0.00026444,0.06514735,False
ETTm1,DLinear,42,37,0.39730106,0.0,0.00038656,0.09523309,False
ETTm1,DLinear,42,38,0.39750012,0.0,0.00012212,0.03008574,False
ETTm1,DLinear,42,39,0.39688952,0.0006106,0.00028768,0.07087317,False
ETTm1,DLinear,42,40,0.39768001,0.0,0.00033644,0.08288641,False
ETTm1,DLinear,42,41,0.39685221,0.0008278,0.00033644,0.08288641,False
ETTm1,DLinear,42,42,0.3966084,0.00024381,0.00021432,0.05280067,False
ETTm1,DLinear,42,43,0.39667121,0.0,0.00047042,0.11589251,False
ETTm1,DLinear,42,44,0.39781597,0.0,0.00058859,0.14500472,False
ETTm1,DLinear,42,45,0.39653549,0.00128048,0.00053983,0.13299148,False
ETTm1,DLinear,42,46,0.39511684,0.00141865,0.00053983,0.13299148,False
ETTm1,DLinear,42,47,0.3962379,0.0,0.00076959,0.18959649,False
ETTm1,DLinear,42,48,0.39763812,0.0,0.00051349,0.12650465,False
ETTm1,DLinear,42,49,0.39648929,0.00114883,0.0004922,0.12125923,False
ETTm1,DLinear,42,50,0.39840535,0.0,0.00061052,0.15040694,False
ETTm1,DLinear,42,51,0.39709316,0.00131219,0.00061052,0.15040694,False
ETTm1,DLinear,42,52,0.3965016,0.00059157,0.00076061,0.18738522,False
ETTm1,DLinear,42,53,0.39895325,0.0,0.0007626,0.18787542,False
ETTm1,DLinear,42,54,0.39705393,0.00189932,0.00050017,0.1232212,False
ETTm1,DLinear,42,55,0.39704398,9.95e-06,0.00038185,0.09407349,False
ETTm1,DLinear,42,56,0.39726915,0.0,0.00038185,0.09407349,False
ETTm1,DLinear,42,57,0.39794068,0.0,0.00037075,0.09133771,False
ETTm1,DLinear,42,58,0.39833105,0.0,0.00036876,0.09084751,False
ETTm1,DLinear,42,59,0.39648726,0.00184379,0.00040055,0.09867939,False
ETTm1,DLinear,42,60,0.39749892,0.0,0.00040055,0.09867939,False
ETTm1,DLinear,42,61,0.39733997,0.00015895,0.0005171,0.12739306,False
ETTm1,DLinear,42,62,0.39787058,0.0,0.00014834,0.03654556,False
ETTm1,DLinear,42,63,0.39728783,0.00058276,0.00014834,0.03654556,False
ETTm1,DLinear,42,64,0.39753052,0.0,0.00042751,0.10532059,False
ETTm1,DLinear,42,65,0.39797656,0.0,0.00042751,0.10532059,False
ETTm1,DLinear,42,66,0.39642179,0.00155477,0.00031095,0.07660692,False
ETTm1,DLinear,42,67,0.39699093,0.0,0.00031095,0.07660692,False
ETTm1,DLinear,42,68,0.39716613,0.0,0.00044171,0.10881903,False
ETTm1,DLinear,42,69,0.39821114,0.0,0.00013075,0.03221211,False
ETTm1,DLinear,42,70,0.39755738,0.00065376,0.00064483,0.15885962,False
ETTm1,DLinear,42,71,0.39916179,0.0,0.00085246,0.21001177,False
ETTm1,DLinear,42,72,0.39659142,0.00257037,0.00085246,0.21001177,False
ETTm1,DLinear,42,73,0.39555326,0.00103816,0.00072171,0.17779966,False
ETTm1,DLinear,42,74,0.39611809,0.0,0.00102413,0.2523041,False
ETTm1,DLinear,42,75,0.39817216,0.0,0.00051005,0.12565659,False
ETTm1,DLinear,42,76,0.39666005,0.0015121,0.00082998,0.20447474,False
ETTm1,DLinear,42,77,0.39808424,0.0,0.00082998,0.20447474,False
ETTm1,DLinear,42,78,0.39544643,0.00263781,0.00082998,0.20447474,False
ETTm1,DLinear,42,79,0.39602314,0.0,0.00052756,0.1299703,False
ETTm1,DLinear,42,80,0.39655386,0.0,0.00052756,0.1299703,False
ETTm1,DLinear,42,81,0.39659535,0.0,1.046e-05,0.00257686,False
ETTm1,DLinear,42,82,0.39737895,0.0,1.046e-05,0.00257686,False
ETTm1,DLinear,42,83,0.39732665,5.23e-05,1.046e-05,0.00257686,False
ETTm1,DLinear,42,84,0.39761062,0.0,0.00026745,0.06588969,False
ETTm1,DLinear,42,85,0.39828955,0.0,0.00026745,0.06588969,False
ETTm1,DLinear,42,86,0.39700459,0.00128496,0.00045888,0.11304979,False
ETTm1,DLinear,42,87,0.39784517,0.0,0.00065026,0.16019876,False
ETTm1,DLinear,42,88,0.39683574,0.00100944,0.00065026,0.16019876,False
ETTm1,DLinear,42,89,0.39587882,0.00095691,0.00039327,0.09688594,False
ETTm1,DLinear,42,90,0.39673782,0.0,0.00039327,0.09688594,False
ETTm1,DLinear,42,91,0.39683947,0.0,0.00019138,0.04714897,False
ETTm1,DLinear,42,92,0.39774005,0.0,5.366e-05,0.01321962,False
ETTm1,DLinear,42,93,0.39783772,0.0,6.754e-05,0.016638,False
ETTm1,DLinear,42,94,0.39756942,0.0002683,6.754e-05,0.016638,False
ETTm1,DLinear,42,95,0.39750005,6.938e-05,0.00058708,0.14463297,False
ETTm1,DLinear,42,96,0.39841328,0.0,0.00058708,0.14463297,False
ETTm1,DLinear,42,97,0.39581556,0.00259772,0.00081291,0.20026934,False
ETTm1,DLinear,42,98,0.39772317,0.0,0.00079904,0.19685096,False
ETTm1,DLinear,42,99,0.39632571,0.00139747,0.00119804,0.29515066,False
ETTm1,DLinear,42,100,0.39714385,0.0,0.0006785,0.16715569,False
ETTm1,DLinear,42,101,0.39514882,0.00199504,0.0006785,0.16715569,False
ETTm1,DLinear,42,102,0.39622125,0.0,0.00039901,0.0982997,False
ETTm1,DLinear,42,103,0.39707053,0.0,0.00039901,0.0982997,False
ETTm1,DLinear,42,104,0.39737842,0.0,0.00038405,0.09461432,False
ETTm1,DLinear,42,105,0.39853631,0.0,0.00071704,0.17664962,False
ETTm1,DLinear,42,106,0.39661607,0.00192024,0.00071704,0.17664962,False
ETTm1,DLinear,42,107,0.39495113,0.00166495,0.00090124,0.22202958,False
ETTm1,DLinear,42,108,0.39750563,0.0,0.00090124,0.22202958,False
ETTm1,DLinear,42,109,0.39658462,0.00092101,0.00051719,0.12741526,False
ETTm1,DLinear,42,110,0.39692779,0.0,0.00039591,0.09753595,False
ETTm1,DLinear,42,111,0.39897245,0.0,0.00062511,0.15400272,False
ETTm1,DLinear,42,112,0.39791392,0.00105853,0.00044091,0.10862276,False
ETTm1,DLinear,42,113,0.3967679,0.00114602,0.00045378,0.11179445,False
ETTm1,DLinear,42,114,0.39758813,0.0,0.00097871,0.24111602,False
ETTm1,DLinear,42,115,0.39752376,6.437e-05,0.00076701,0.18896003,False
ETTm1,DLinear,42,116,0.39489911,0.00262464,0.00071702,0.17664579,False
ETTm1,DLinear,42,117,0.39834161,0.0,0.00071702,0.17664579,False
ETTm1,DLinear,42,118,0.39744551,0.0008961,0.00076022,0.18728845,False
ETTm1,DLinear,42,119,0.3982916,0.0,0.0004536,0.11174979,False
ETTm1,DLinear,42,120,0.39801123,0.00028037,0.0004536,0.11174979,False
ETTm1,DLinear,42,121,0.39691968,0.00109155,0.00027438,0.06759726,False
ETTm1,DLinear,42,122,0.39720587,0.0,0.00045785,0.1127968,False
ETTm1,DLinear,42,123,0.39813643,0.0,0.00055451,0.13660849,False
ETTm1,DLinear,42,124,0.39721909,0.00091735,0.0003362,0.08282558,False
ETTm1,DLinear,42,125,0.39645545,0.00076364,0.0003362,0.08282558,False
ETTm1,DLinear,42,126,0.39735815,0.0,0.00064511,0.15892872,False
ETTm1,DLinear,42,127,0.3992348,0.0,0.00046164,0.11372919,False
ETTm1,DLinear,42,128,0.39769025,0.00154455,0.00057709,0.14217179,False
ETTm1,DLinear,42,129,0.39885683,0.0,0.00080979,0.19950111,False
ETTm1,DLinear,42,130,0.39751593,0.00134089,0.00080979,0.19950111,False
ETTm1,DLinear,42,131,0.39635241,0.00116353,0.00050088,0.12339796,False
ETTm1,DLinear,42,132,0.39702797,0.0,0.0009382,0.23113578,False
ETTm1,DLinear,42,133,0.39867726,0.0,0.0006715,0.16543053,False
ETTm1,DLinear,42,134,0.39649067,0.00218659,0.00043879,0.10810122,False
ETTm1,DLinear,42,135,0.39648329,7.38e-06,0.00060583,0.1492517,False
ETTm1,DLinear,42,136,0.39798931,0.0,0.00060583,0.1492517,False
ETTm1,DLinear,42,137,0.39715414,0.00083517,0.00036504,0.0899313,False
ETTm1,DLinear,42,138,0.39769046,0.0,0.00036356,0.08956791,False
ETTm1,DLinear,42,139,0.39670781,0.00098265,0.00036356,0.08956791,False
ETTm1,DLinear,42,140,0.39777484,0.0,0.00067063,0.16521597,False
ETTm1,DLinear,42,141,0.39851793,0.0,0.00067063,0.16521597,False
ETTm1,DLinear,42,142,0.39614745,0.00237048,0.00058893,0.14508793,False
ETTm1,DLinear,42,143,0.39753611,0.0,0.00058893,0.14508793,False
ETTm1,DLinear,42,144,0.39696196,0.00057415,0.00059913,0.14760172,False
ETTm1,DLinear,42,145,0.39732665,0.0,0.00012503,0.03080318,False
ETTm1,DLinear,42,146,0.39727563,5.102e-05,0.00020364,0.05016841,False
ETTm1,DLinear,42,147,0.39791118,0.0,0.00024416,0.06015045,False
ETTm1,DLinear,42,148,0.39751816,0.00039303,0.00024416,0.06015045,False
ETTm1,DLinear,42,149,0.39674142,0.00077674,0.00044673,0.11005725,False
ETTm1,DLinear,42,150,0.39794217,0.0,0.00060588,0.14926512,False
ETTm1,DLinear,42,151,0.39687827,0.0010639,0.00052728,0.12989989,False
ETTm1,DLinear,42,152,0.39608253,0.00079574,0.00037193,0.09162846,False
ETTm1,DLinear,42,153,0.39699104,0.0,0.00069748,0.17183181,False
ETTm1,DLinear,42,154,0.3977226,0.0,0.0004847,0.11941121,False
ETTm1,DLinear,42,155,0.39609483,0.00162777,0.00071904,0.17714323,False
ETTm1,DLinear,42,156,0.39906004,0.0,0.00071904,0.17714323,False
ETTm1,DLinear,42,157,0.39709259,0.00196744,0.00071904,0.17714323,False
ETTm1,DLinear,42,158,0.39718046,0.0,0.00045516,0.11213341,False
ETTm1,DLinear,42,159,0.39774681,0.0,0.00054147,0.13339565,False
ETTm1,DLinear,42,160,0.39743845,0.00030836,0.00014798,0.03645577,False
ETTm1,DLinear,42,161,0.39700692,0.00043153,0.00014798,0.03645577,False
ETTm1,DLinear,42,162,0.39736018,0.0,0.00067342,0.16590415,False
ETTm1,DLinear,42,163,0.39855471,0.0,0.00061175,0.15071063,False
ETTm1,DLinear,42,164,0.39592749,0.00262722,0.0006189,0.15247239,False
ETTm1,DLinear,42,165,0.39748548,0.0,0.0006189,0.15247239,False
ETTm1,DLinear,42,166,0.3970182,0.00046728,0.0006189,0.15247239,False
ETTm1,DLinear,42,167,0.39778367,0.0,9.346e-05,0.02302401,False
ETTm1,DLinear,42,168,0.3983593,0.0,0.00025615,0.06310551,False
ETTm1,DLinear,42,169,0.39915337,0.0,0.00020405,0.05027086,False
ETTm1,DLinear,42,170,0.3983399,0.00081347,0.00027256,0.06714807,False
ETTm1,DLinear,42,171,0.3981331,0.0002068,0.00027256,0.06714807,False
ETTm1,DLinear,42,172,0.39779057,0.00034253,0.00074669,0.18395561,False
ETTm1,DLinear,42,173,0.39930745,0.0,0.000584,0.14387411,False
ETTm1,DLinear,42,174,0.39693678,0.00237067,0.00054264,0.13368475,False
ETTm1,DLinear,42,175,0.39775153,0.0,0.00047413,0.11680755,False
ETTm1,DLinear,42,176,0.39816691,0.0,0.00081818,0.20156616,False
ETTm1,DLinear,42,177,0.39855216,0.0,0.00034404,0.08475861,False
ETTm1,DLinear,42,178,0.39683194,0.00172022,0.00057319,0.14121147,False
ETTm1,DLinear,42,179,0.39710616,0.0,0.00057319,0.14121147,False
ETTm1,DLinear,42,180,0.39596043,0.00114574,0.00057319,0.14121147,False
ETTm1,DLinear,42,181,0.39641778,0.0,0.00022915,0.05645286,False
ETTm1,DLinear,42,182,0.39664945,0.0,0.00022915,0.05645286,False
ETTm1,DLinear,42,183,0.39710244,0.0,0.0,0.0,False
ETTm1,DLinear,42,184,0.39828131,0.0,0.00043275,0.10661273,False
ETTm1,DLinear,42,185,0.39843776,0.0,0.00053308,0.13132927,False
ETTm1,DLinear,42,186,0.396274,0.00216376,0.00053308,0.13132927,False
ETTm1,DLinear,42,187,0.39577237,0.00050163,0.00053308,0.13132927,False
ETTm1,DLinear,42,188,0.3961817,0.0,0.00053308,0.13132927,False
ETTm1,DLinear,42,189,0.39693705,0.0,0.00081142,0.19990243,False
ETTm1,DLinear,42,190,0.39882789,0.0,0.0007111,0.17518589,False
ETTm1,DLinear,42,191,0.39527241,0.00355548,0.0007111,0.17518589,False
ETTm1,DLinear,42,192,0.39705127,0.0,0.0008409,0.20716539,False
ETTm1,DLinear,42,193,0.39805661,0.0,0.0008409,0.20716539,False
ETTm1,DLinear,42,194,0.39740757,0.00064904,0.00048399,0.11923512,False
ETTm1,DLinear,42,195,0.39763927,0.0,0.00048399,0.11923512,False
ETTm1,DLinear,42,196,0.39586837,0.00177089,0.00057886,0.14260889,False
ETTm1,DLinear,42,197,0.39792124,0.0,0.00058745,0.14472479,False
ETTm1,DLinear,42,198,0.39744686,0.00047438,0.00058745,0.14472479,False
ETTm1,DLinear,42,199,0.39675488,0.00069198,0.00040105,0.09880349,False
ETTm1,DLinear,42,200,0.39843159,0.0,0.00055258,0.13613321,False
ETTm1,DLinear,42,201,0.39759269,0.0008389,0.00064396,0.15864729,False
ETTm1,DLinear,42,202,0.39683507,0.00075762,0.00050557,0.12455189,False
ETTm1,DLinear,42,203,0.39590375,0.00093132,0.00060354,0.14868916,False
ETTm1,DLinear,42,204,0.39680428,0.0,0.00043576,0.10735484,False
ETTm1,DLinear,42,205,0.39631441,0.00048988,0.00073848,0.18193333,False
ETTm1,DLinear,42,206,0.39956399,0.0,0.00055222,0.13604547,False
ETTm1,DLinear,42,207,0.39729276,0.00227123,0.00055222,0.13604547,False
ETTm1,DLinear,42,208,0.39731565,0.0,0.00076409,0.18824045,False
ETTm1,DLinear,42,209,0.39816554,0.0,0.00076409,0.18824045,False
ETTm1,DLinear,42,210,0.39661634,0.0015492,0.00030984,0.07633225,False
ETTm1,DLinear,42,211,0.39729551,0.0,0.00030984,0.07633225,False
ETTm1,DLinear,42,212,0.39763581,0.0,0.00039913,0.09833069,False
ETTm1,DLinear,42,213,0.39779171,0.0,0.00035758,0.08809377,False
ETTm1,DLinear,42,214,0.39734524,0.00044647,0.00035758,0.08809377,False
ETTm1,DLinear,42,215,0.3960038,0.00134144,0.00053546,0.13191586,False
ETTm1,DLinear,42,216,0.39831042,0.0,0.00053546,0.13191586,False
ETTm1,DLinear,42,217,0.39742103,0.00088939,0.00047004,0.11579945,False
ETTm1,DLinear,42,218,0.39821711,0.0,0.00029794,0.0734,False
ETTm1,DLinear,42,219,0.39809773,0.00011938,0.00057827,0.1424639,False
ETTm1,DLinear,42,220,0.39761681,0.00048092,0.0004004,0.09864181,False
ETTm1,DLinear,42,221,0.39621512,0.00140168,0.00053066,0.13073395,False
ETTm1,DLinear,42,222,0.39744479,0.0,0.00051643,0.12722694,False
ETTm1,DLinear,42,223,0.39679346,0.00065133,0.00042024,0.10353106,False
ETTm1,DLinear,42,224,0.39674526,4.82e-05,0.00043317,0.10671526,False
ETTm1,DLinear,42,225,0.39879441,0.0,0.0005437,0.13394526,False
ETTm1,DLinear,42,226,0.3973281,0.00146631,0.0006625,0.16321259,False
ETTm1,DLinear,42,227,0.39677546,0.00055265,0.00065286,0.16083758,False
ETTm1,DLinear,42,228,0.39553014,0.00124532,0.00065286,0.16083758,False
ETTm1,DLinear,42,229,0.39801625,0.0,0.00073491,0.1810515,False
ETTm1,DLinear,42,230,0.39857355,0.0,0.00062438,0.1538215,False
ETTm1,DLinear,42,231,0.39669698,0.00187656,0.00059823,0.147381,False
ETTm1,DLinear,42,232,0.39791183,0.0,0.00059823,0.147381,False
ETTm1,DLinear,42,233,0.39679722,0.00111461,0.00067187,0.16552145,False
ETTm1,DLinear,42,234,0.39736236,0.0,0.00035826,0.08826079,False
ETTm1,DLinear,42,235,0.39699419,0.00036817,0.00035826,0.08826079,False
ETTm1,DLinear,42,236,0.39668567,0.00030852,0.0001659,0.04087081,False
ETTm1,DLinear,42,237,0.39816003,0.0,0.00028821,0.07100228,False
ETTm1,DLinear,42,238,0.39800723,0.0001528,0.00022557,0.05557136,False
ETTm1,DLinear,42,239,0.39739569,0.00061153,0.00016387,0.04036999,False
ETTm1,DLinear,42,240,0.3973407,5.499e-05,0.00016387,0.04036999,False
ETTm1,DLinear,42,241,0.39757764,0.0,0.00053524,0.13186283,False
ETTm1,DLinear,42,242,0.39775871,0.0,0.00041294,0.10173136,False
ETTm1,DLinear,42,243,0.39574901,0.0020097,0.0006872,0.16929778,False
ETTm1,DLinear,42,244,0.39844218,0.0,0.0006872,0.16929778,False
ETTm1,DLinear,42,245,0.39701589,0.00142628,0.00076503,0.18847331,False
ETTm1,DLinear,42,246,0.39814216,0.0,0.00068511,0.16878294,False
ETTm1,DLinear,42,247,0.39775298,0.00038918,0.00068511,0.16878294,False
ETTm1,DLinear,42,248,0.39614291,0.00161007,0.00042224,0.10402205,False
ETTm1,DLinear,42,249,0.39774605,0.0,0.00054604,0.13452338,False
ETTm1,DLinear,42,250,0.39763411,0.00011193,0.00046821,0.11534785,False
ETTm1,DLinear,42,251,0.39701508,0.00061904,0.00026066,0.06421549,False
ETTm1,DLinear,42,252,0.39736889,0.0,0.00026066,0.06421549,False
ETTm1,DLinear,42,253,0.39679658,0.00057231,0.00024625,0.06066642,False
ETTm1,DLinear,42,254,0.39796674,0.0,0.00030135,0.07424138,False
ETTm1,DLinear,42,255,0.39792684,3.99e-05,0.00030135,0.07424138,False
ETTm1,DLinear,42,256,0.39703229,0.00089455,0.00018689,0.04604228,False
ETTm1,DLinear,42,257,0.39737536,0.0,0.00018689,0.04604228,False
ETTm1,DLinear,42,258,0.39760681,0.0,0.00034513,0.0850271,False
ETTm1,DLinear,42,259,0.3977694,0.0,0.00016622,0.04095081,False
ETTm1,DLinear,42,260,0.39693828,0.00083112,0.00016622,0.04095081,False
ETTm1,DLinear,42,261,0.39735415,0.0,0.000415,0.1022402,False
ETTm1,DLinear,42,262,0.39760308,0.0,0.000415,0.1022402,False
ETTm1,DLinear,42,263,0.39635919,0.0012439,0.00079068,0.19479271,False
ETTm1,DLinear,42,264,0.39936869,0.0,0.00079068,0.19479271,False
ETTm1,DLinear,42,265,0.39665917,0.00270951,0.00081863,0.20167823,False
ETTm1,DLinear,42,266,0.39776153,0.0,0.00065665,0.16177151,False
ETTm1,DLinear,42,267,0.39762178,0.00013974,0.00072065,0.17753873,False
ETTm1,DLinear,42,268,0.39718781,0.00043397,0.00017874,0.0440354,False
ETTm1,DLinear,42,269,0.39686781,0.00032,0.00017874,0.0440354,False
ETTm1,DLinear,42,270,0.39802635,0.0,0.00026955,0.06640716,False
ETTm1,DLinear,42,271,0.39908284,0.0,0.0004033,0.09935644,False
ETTm1,DLinear,42,272,0.39848905,0.00059379,0.00042462,0.10460833,False
ETTm1,DLinear,42,273,0.39738636,0.00110269,0.0006369,0.15690783,False
ETTm1,DLinear,42,274,0.39695977,0.00042659,0.0006369,0.15690783,False
ETTm1,DLinear,42,275,0.39589832,0.00106144,0.00051815,0.12765056,False
ETTm1,DLinear,42,276,0.39694574,0.0,0.00029761,0.0733186,False
ETTm1,DLinear,42,277,0.398603,0.0,0.00053857,0.13268342,False
ETTm1,DLinear,42,278,0.39882041,0.0,0.00065584,0.1615722,False
ETTm1,DLinear,42,279,0.39718898,0.00163143,0.00065584,0.1615722,False
ETTm1,DLinear,42,280,0.39554123,0.00164775,0.00079181,0.1950714,False
ETTm1,DLinear,42,281,0.39777061,0.0,0.00082392,0.20298041,False
ETTm1,DLinear,42,282,0.39709073,0.00067988,0.00049763,0.12259649,False
ETTm1,DLinear,42,283,0.39693021,0.00016052,0.00045988,0.11329592,False
ETTm1,DLinear,42,284,0.39724505,0.0,0.00045988,0.11329592,False
ETTm1,DLinear,42,285,0.39578605,0.001459,0.0003239,0.07979671,False
ETTm1,DLinear,42,286,0.39635594,0.0,0.0002918,0.0718877,False
ETTm1,DLinear,42,287,0.39768004,0.0,0.0006993,0.17227913,False
ETTm1,DLinear,42,288,0.39831166,0.0,0.0004075,0.10039143,False
ETTm1,DLinear,42,289,0.39627416,0.00203749,0.0004075,0.10039143,False
ETTm1,DLinear,42,290,0.39707802,0.0,0.00041617,0.10252847,False
ETTm1,DLinear,42,291,0.39782453,0.0,0.00076574,0.18864857,False
ETTm1,DLinear,42,292,0.39778116,4.337e-05,0.00035824,0.08825714,False
ETTm1,DLinear,42,293,0.39603331,0.00174785,0.00035824,0.08825714,False
ETTm1,DLinear,42,294,0.39685826,0.0,0.00058736,0.14470184,False
ETTm1,DLinear,42,295,0.39813401,0.0,0.00057868,0.14256481,False
ETTm1,DLinear,42,296,0.39698843,0.00114557,0.00022911,0.05644471,False
ETTm1,DLinear,42,297,0.39781249,0.0,0.00050417,0.12420624,False
ETTm1,DLinear,42,298,0.39812106,0.0,0.00050417,0.12420624,False
ETTm1,DLinear,42,299,0.39674581,0.00137525,0.00034381,0.08470192,False
ETTm1,DLinear,42,300,0.39772314,0.0,0.00045842,0.1129359,False
ETTm1,MLP,42,2,0.43682987,0.03987971,0.01933292,1.79128261,False
ETTm1,MLP,42,3,0.4235984,0.01323147,0.0154261,1.42929837,False
ETTm1,MLP,42,4,0.41871082,0.00488759,0.01249602,1.15781305,False
ETTm1,MLP,42,5,0.41500516,0.00370565,0.00467757,0.4333985,False
ETTm1,MLP,42,6,0.41422947,0.0007757,0.00203128,0.18820746,False
ETTm1,MLP,42,7,0.41344199,0.00078747,0.00124658,0.11550111,False
ETTm1,MLP,42,8,0.41359389,0.0,0.00050545,0.04683197,True
ETTm1,MLP,42,9,0.41262982,0.00096407,0.00046164,0.04277332,False
ETTm1,MLP,42,10,0.41338764,0.0,0.00030415,0.02818072,False
ETTm1,MLP,42,11,0.41283096,0.00055668,0.00065602,0.06078344,False
ETTm1,MLP,42,12,0.41283188,0.0,0.00046321,0.04291842,False
ETTm1,MLP,42,13,0.41107251,0.00175937,0.00046321,0.04291842,False
ETTm1,MLP,42,14,0.4121922,0.0,0.00044526,0.04125542,False
ETTm1,MLP,42,15,0.41316024,0.0,0.00072006,0.0667169,False
ETTm1,MLP,42,16,0.41269331,0.00046693,0.00036819,0.03411419,False
ETTm1,MLP,42,17,0.4113193,0.001374,0.00042389,0.03927516,False
ETTm1,MLP,42,18,0.41219159,0.0,0.00042389,0.03927516,False
ETTm1,MLP,42,19,0.41191309,0.00027851,0.00089775,0.0831805,False
ETTm1,MLP,42,20,0.41398536,0.0,0.00062295,0.05771901,False
ETTm1,MLP,42,21,0.41114912,0.00283624,0.00088122,0.08164932,False
ETTm1,MLP,42,22,0.41232551,0.0,0.00082552,0.07648835,False
ETTm1,MLP,42,23,0.41103414,0.00129137,0.00121616,0.11268265,False
ETTm1,MLP,42,24,0.41142257,0.0,0.00064891,0.06012461,False
ETTm1,MLP,42,25,0.40946939,0.00195319,0.00065344,0.06054383,False
ETTm1,MLP,42,26,0.41021389,0.0,0.00039516,0.03661352,False
ETTm1,MLP,42,27,0.41019126,2.262e-05,0.00074113,0.06866948,False
ETTm1,MLP,42,28,0.41056987,0.0,0.0003505,0.03247518,False
ETTm1,MLP,42,29,0.40884,0.00172986,0.0003505,0.03247518,False
ETTm1,MLP,42,30,0.40999859,0.0,0.00034597,0.03205596,False
ETTm1,MLP,42,31,0.41083681,0.0,0.00044477,0.04121032,False
ETTm1,MLP,42,32,0.41096597,0.0,9.88e-05,0.00915436,False
ETTm1,MLP,42,33,0.41047197,0.000494,0.00087935,0.08147564,False
ETTm1,MLP,42,34,0.41626712,0.0,0.00144377,0.13377138,False
ETTm1,MLP,42,35,0.41236438,0.00390274,0.00144377,0.13377138,False
ETTm1,MLP,42,36,0.40954229,0.00282208,0.00162649,0.15070144,False
ETTm1,MLP,42,37,0.4111504,0.0,0.00162649,0.15070144,False
ETTm1,MLP,42,38,0.40974278,0.00140762,0.00084594,0.07838015,False
ETTm1,MLP,42,39,0.41037378,0.0,0.00052263,0.04842425,False
ETTm1,MLP,42,40,0.41233532,0.0,0.00052263,0.04842425,False
ETTm1,MLP,42,41,0.41112978,0.00120554,0.00043293,0.04011247,False
ETTm1,MLP,42,42,0.41202539,0.0,0.00043293,0.04011247,False
ETTm1,MLP,42,43,0.41106631,0.00095908,0.00043293,0.04011247,False
ETTm1,MLP,42,44,0.41164374,0.0,0.00019182,0.01777264,False
ETTm1,MLP,42,45,0.41190945,0.0,0.00037889,0.03510594,False
ETTm1,MLP,42,46,0.4122602,0.0,0.00040456,0.03748464,False
ETTm1,MLP,42,47,0.41132483,0.00093537,0.00040456,0.03748464,False
ETTm1,MLP,42,48,0.41023738,0.00108744,0.00040456,0.03748464,False
ETTm1,MLP,42,49,0.41355538,0.0,0.0015299,0.14175253,False
ETTm1,MLP,42,50,0.42162758,0.0,0.00221267,0.20501369,False
ETTm1,MLP,42,51,0.41600087,0.0056267,0.00199518,0.18486236,False
ETTm1,MLP,42,52,0.41165168,0.00434919,0.00199518,0.18486236,False
ETTm1,MLP,42,53,0.41377215,0.0,0.00284597,0.26369226,False
ETTm1,MLP,42,54,0.41645016,0.0,0.00172063,0.15942436,False
ETTm1,MLP,42,55,0.41219619,0.00425397,0.00085079,0.0788299,False
ETTm1,MLP,42,56,0.41465577,0.0,0.00145278,0.13460632,False
ETTm1,MLP,42,57,0.41493709,0.0,0.00145278,0.13460632,False
ETTm1,MLP,42,58,0.41192718,0.00300991,0.00083819,0.07766207,False
ETTm1,MLP,42,59,0.41499383,0.0,0.00083819,0.07766207,False
ETTm1,MLP,42,60,0.4138128,0.00118104,0.00083819,0.07766207,False
ETTm1,MLP,42,61,0.41473141,0.0,0.00023621,0.02188565,False
ETTm1,MLP,42,62,0.41571552,0.0,0.00024595,0.02278794,False
ETTm1,MLP,42,63,0.41642427,0.0,0.00012979,0.01202569,False
ETTm1,MLP,42,64,0.41637557,4.869e-05,0.00021041,0.01949587,False
ETTm1,MLP,42,65,0.41577531,0.00060026,0.00057986,0.05372671,False
ETTm1,MLP,42,66,0.41537219,0.00040312,0.00057986,0.05372671,False
ETTm1,MLP,42,67,0.41352496,0.00184723,0.00078431,0.07266989,False
ETTm1,MLP,42,68,0.41642275,0.0,0.00081312,0.0753394,False
ETTm1,MLP,42,69,0.41535181,0.00107094,0.0007325,0.06786921,False
ETTm1,MLP,42,70,0.4146075,0.00074432,0.00036305,0.03363837,False
ETTm1,MLP,42,71,0.41490621,0.0,0.00036305,0.03363837,False
ETTm1,MLP,42,72,0.41640007,0.0,0.00017068,0.01581412,False
ETTm1,MLP,42,73,0.41725458,0.0,2.181e-05,0.00202121,False
ETTm1,MLP,42,74,0.4171455,0.00010907,2.181e-05,0.00202121,False
ETTm1,MLP,42,75,0.41725551,0.0,0.00065165,0.06037821,False
ETTm1,MLP,42,76,0.42082319,0.0,0.00151927,0.14076725,False
ETTm1,MLP,42,77,0.41767402,0.00314917,0.00149746,0.13874604,False
ETTm1,MLP,42,78,0.41333591,0.00433811,0.00149746,0.13874604,False
ETTm1,MLP,42,79,0.4162997,0.0,0.00227641,0.2109198,False
ETTm1,MLP,42,80,0.41809184,0.0,0.00164658,0.15256281,False
ETTm1,MLP,42,81,0.41419706,0.00389478,0.0012401,0.11490042,False
ETTm1,MLP,42,82,0.41877689,0.0,0.0012401,0.11490042,False
ETTm1,MLP,42,83,0.4164712,0.0023057,0.00130881,0.12126678,False
ETTm1,MLP,42,84,0.41683697,0.0,0.00052985,0.04909301,False
ETTm1,MLP,42,85,0.41649342,0.00034355,0.00094516,0.08757364,False
ETTm1,MLP,42,86,0.41805619,0.0,0.00051753,0.04795107,False
ETTm1,MLP,42,87,0.41597963,0.00207656,0.00067504,0.06254506,False
ETTm1,MLP,42,88,0.41581212,0.00016751,0.00060632,0.0561787,False
ETTm1,MLP,42,89,0.41502457,0.00078755,0.00110879,0.10273458,False
ETTm1,MLP,42,90,0.42148449,0.0,0.0009536,0.08835557,False
ETTm1,MLP,42,91,0.41897215,0.00251234,0.0009201,0.08525148,False
ETTm1,MLP,42,92,0.41767154,0.00130062,0.00076259,0.07065749,False
ETTm1,MLP,42,93,0.41826732,0.0,0.00110521,0.10240265,False
ETTm1,MLP,42,94,0.42095148,0.0,0.00099303,0.09200895,False
ETTm1,MLP,42,95,0.41923839,0.00171309,0.00073291,0.06790734,False
ETTm1,MLP,42,96,0.41728694,0.00195145,0.00073291,0.06790734,False
ETTm1,MLP,42,97,0.41857646,0.0,0.00133532,0.12372388,False
ETTm1,MLP,42,98,0.4217064,0.0,0.00113261,0.10494148,False
ETTm1,MLP,42,99,0.41869432,0.00301208,0.00120799,0.11192616,False
ETTm1,MLP,42,100,0.4179948,0.00069952,0.00120799,0.11192616,False
ETTm1,MLP,42,101,0.41566642,0.00232837,0.00176025,0.16309541,False
ETTm1,MLP,42,102,0.42173895,0.0,0.00136051,0.12605718,False
ETTm1,MLP,42,103,0.41897766,0.00276129,0.0012206,0.11309442,False
ETTm1,MLP,42,104,0.41796431,0.00101335,0.00102361,0.09484222,False
ETTm1,MLP,42,105,0.41954592,0.0,0.00102361,0.09484222,False
ETTm1,MLP,42,106,0.41820251,0.00134341,0.00084849,0.07861686,False
ETTm1,MLP,42,107,0.42015449,0.0,0.00064582,0.05983855,False
ETTm1,MLP,42,108,0.41826878,0.00188571,0.00107841,0.09991988,False
ETTm1,MLP,42,109,0.42054012,0.0,0.00080973,0.07502522,False
ETTm1,MLP,42,110,0.41837717,0.00216295,0.00181434,0.16810727,False
ETTm1,MLP,42,111,0.42221313,0.0,0.0014372,0.13316338,False
ETTm1,MLP,42,112,0.41719006,0.00502307,0.0014372,0.13316338,False
ETTm1,MLP,42,113,0.41798283,0.0,0.00135955,0.12596808,False
ETTm1,MLP,42,114,0.41916806,0.0,0.00135955,0.12596808,False
ETTm1,MLP,42,115,0.4173934,0.00177466,0.00035493,0.03288603,False
ETTm1,MLP,42,116,0.41904423,0.0,0.00035493,0.03288603,False
ETTm1,MLP,42,117,0.41941376,0.0,0.00115282,0.10681425,False
ETTm1,MLP,42,118,0.42090466,0.0,0.00079789,0.07392822,False
ETTm1,MLP,42,119,0.41691521,0.00398946,0.00114397,0.10599426,False
ETTm1,MLP,42,120,0.42096004,0.0,0.00114397,0.10599426,False
ETTm1,MLP,42,121,0.41922963,0.00173041,0.00114397,0.10599426,False
ETTm1,MLP,42,122,0.41924234,0.0,0.003465,0.3210482,False
ETTm1,MLP,42,123,0.43481948,0.0,0.00381027,0.35303907,False
ETTm1,MLP,42,124,0.41922487,0.01559461,0.00351505,0.32568496,False
ETTm1,MLP,42,125,0.41749852,0.00172635,0.00351505,0.32568496,False
ETTm1,MLP,42,126,0.41724425,0.00025427,0.0035621,0.33004499,False
ETTm1,MLP,42,127,0.41904624,0.0,0.00044318,0.04106282,False
ETTm1,MLP,42,128,0.41881096,0.00023528,0.00057662,0.05342649,False
ETTm1,MLP,42,129,0.42102175,0.0,0.00052577,0.04871458,False
ETTm1,MLP,42,130,0.4186282,0.00239354,0.00052577,0.04871458,False
ETTm1,MLP,42,131,0.41877618,0.0,0.00047871,0.04435455,False
ETTm1,MLP,42,132,0.4208898,0.0,0.00215795,0.19994351,False
ETTm1,MLP,42,133,0.42287288,0.0,0.00167924,0.15558896,False
ETTm1,MLP,42,134,0.41447669,0.00839619,0.00181267,0.16795232,False
ETTm1,MLP,42,135,0.42259684,0.0,0.0023172,0.2146993,False
ETTm1,MLP,42,136,0.42192967,0.00066717,0.0023172,0.2146993,False
ETTm1,MLP,42,137,0.41940702,0.00252265,0.00063796,0.05911033,False
ETTm1,MLP,42,138,0.42077282,0.0,0.00152178,0.14099973,False
ETTm1,MLP,42,139,0.42303895,0.0,0.00138834,0.12863638,False
ETTm1,MLP,42,140,0.41861988,0.00441907,0.00169108,0.15668592,False
ETTm1,MLP,42,141,0.4218696,0.0,0.00169108,0.15668592,False
ETTm1,MLP,42,142,0.41783329,0.00403631,0.00169108,0.15668592,False
ETTm1,MLP,42,143,0.41959482,0.0,0.00080726,0.07479652,False
ETTm1,MLP,42,144,0.4207479,0.0,0.00199308,0.18466759,False
ETTm1,MLP,42,145,0.42580547,0.0,0.00142198,0.13175287,False
ETTm1,MLP,42,146,0.4198764,0.00592907,0.00149965,0.13894944,False
ETTm1,MLP,42,147,0.41869557,0.00118083,0.00149965,0.13894944,False
ETTm1,MLP,42,148,0.41830722,0.00038836,0.00149965,0.13894944,False
ETTm1,MLP,42,149,0.42066273,0.0,0.00063172,0.05853199,False
ETTm1,MLP,42,150,0.42242725,0.0,0.00039556,0.03665019,False
ETTm1,MLP,42,151,0.42083781,0.00158943,0.00108048,0.10011118,False
ETTm1,MLP,42,152,0.42631639,0.0,0.00181997,0.16862803,False
ETTm1,MLP,42,153,0.42250344,0.00381296,0.00181997,0.16862803,False
ETTm1,MLP,42,154,0.418806,0.00369744,0.00192813,0.17865007,False
ETTm1,MLP,42,155,0.42469871,0.0,0.0024158,0.22383472,False
ETTm1,MLP,42,156,0.42256845,0.00213026,0.00165321,0.15317716,False
ETTm1,MLP,42,157,0.42013011,0.00243834,0.00307911,0.28529329,False
ETTm1,MLP,42,158,0.42994686,0.0,0.00307911,0.28529329,False
ETTm1,MLP,42,159,0.41911992,0.01082694,0.00359079,0.33270326,False
ETTm1,MLP,42,160,0.42409041,0.0,0.00354087,0.32807774,False
ETTm1,MLP,42,161,0.41940172,0.00468869,0.00379463,0.35158968,False
ETTm1,MLP,42,162,0.41721299,0.00218873,0.00162924,0.15095669,False
ETTm1,MLP,42,163,0.41594419,0.0012688,0.00396289,0.36717948,False
ETTm1,MLP,42,164,0.42896206,0.0,0.00302515,0.28029387,False
ETTm1,MLP,42,165,0.41729384,0.01166823,0.00259052,0.24002301,False
ETTm1,MLP,42,166,0.42031004,0.0,0.00233676,0.21651107,False
ETTm1,MLP,42,167,0.42029449,1.556e-05,0.00237151,0.21973121,False
ETTm1,MLP,42,168,0.42043558,0.0,3.787e-05,0.00350841,False
ETTm1,MLP,42,169,0.4202618,0.00017377,3.787e-05,0.00350841,False
ETTm1,MLP,42,170,0.42099444,0.0,0.0050977,0.47232492,False
ETTm1,MLP,42,171,0.44390012,0.0,0.0054504,0.50500424,False
ETTm1,MLP,42,172,0.41858539,0.02531472,0.00541565,0.50178411,False
ETTm1,MLP,42,173,0.41682189,0.0017635,0.00541565,0.50178411,False
ETTm1,MLP,42,174,0.41862878,0.0,0.00607517,0.56289219,False
ETTm1,MLP,42,175,0.41885517,0.0,0.00101223,0.0937874,False
ETTm1,MLP,42,176,0.41555754,0.00329763,0.00065953,0.06110808,False
ETTm1,MLP,42,177,0.42088394,0.0,0.00065953,0.06110808,False
ETTm1,MLP,42,178,0.46053175,0.0,0.00892753,0.82717568,False
ETTm1,MLP,42,179,0.46151831,0.0,0.008268,0.76606759,False
ETTm1,MLP,42,180,0.42017831,0.04134,0.008268,0.76606759,False
ETTm1,MLP,42,181,0.42117233,0.0,0.01174366,1.08810319,False
ETTm1,MLP,42,182,0.43779524,0.0,0.01226972,1.13684478,False
ETTm1,MLP,42,183,0.42041695,0.0173783,0.00408734,0.3787103,False
ETTm1,MLP,42,184,0.41778666,0.00263029,0.00408734,0.3787103,False
ETTm1,MLP,42,185,0.41735856,0.0004281,0.00408734,0.3787103,False
ETTm1,MLP,42,186,0.41801612,0.0,0.00061168,0.05667471,False
ETTm1,MLP,42,187,0.41999414,0.0,0.00099651,0.09233109,False
ETTm1,MLP,42,188,0.42424763,0.0,0.00091089,0.08439798,False
ETTm1,MLP,42,189,0.41969319,0.00455444,0.00119604,0.11081815,False
ETTm1,MLP,42,190,0.42180224,0.0,0.00119604,0.11081815,False
ETTm1,MLP,42,191,0.4203765,0.00142574,0.001604,0.1486175,False
ETTm1,MLP,42,192,0.42104104,0.0,0.00134852,0.12494652,False
ETTm1,MLP,42,193,0.41900124,0.0020398,0.00134852,0.12494652,False
ETTm1,MLP,42,194,0.41572417,0.00327707,0.0014333,0.13280179,False
ETTm1,MLP,42,195,0.42423061,0.0,0.00171482,0.15888618,False
ETTm1,MLP,42,196,0.42238097,0.00184964,0.00198609,0.1840203,False
ETTm1,MLP,42,197,0.42097336,0.00140762,0.00133068,0.1232933,False
ETTm1,MLP,42,198,0.41757722,0.00339614,0.00134052,0.12420569,False
ETTm1,MLP,42,199,0.41988553,0.0,0.0017956,0.16637045,False
ETTm1,MLP,42,200,0.41983629,4.924e-05,0.00151408,0.14028606,False
ETTm1,MLP,42,201,0.41571128,0.00412501,0.00083485,0.07735258,False
ETTm1,MLP,42,202,0.41816069,0.0,0.00083816,0.07765968,False
ETTm1,MLP,42,203,0.41921355,0.0,0.00082832,0.07674729,False
ETTm1,MLP,42,204,0.41919698,1.657e-05,0.00076639,0.07100918,False
ETTm1,MLP,42,205,0.42075749,0.0,0.00076639,0.07100918,False
ETTm1,MLP,42,206,0.41694213,0.00381536,0.00076639,0.07100918,False
ETTm1,MLP,42,207,0.41789727,0.0,0.00100055,0.0927059,False
ETTm1,MLP,42,208,0.41994327,0.0,0.00153491,0.14221645,False
ETTm1,MLP,42,209,0.41875586,0.00118741,0.00077184,0.07151436,False
ETTm1,MLP,42,210,0.41608408,0.00267178,0.00077184,0.07151436,False
ETTm1,MLP,42,211,0.42261289,0.0,0.00228347,0.21157426,False
ETTm1,MLP,42,212,0.42428729,0.0,0.00204599,0.18957045,False
ETTm1,MLP,42,213,0.41672911,0.00755818,0.00151164,0.1400599,False
ETTm1,MLP,42,214,0.41740383,0.0,0.00166012,0.15381728,False
ETTm1,MLP,42,215,0.42014857,0.0,0.00193978,0.17972933,False
ETTm1,MLP,42,216,0.41940617,0.0007424,0.00104411,0.09674174,False
ETTm1,MLP,42,217,0.41800785,0.00139831,0.00104411,0.09674174,False
ETTm1,MLP,42,218,0.41492801,0.00307985,0.00104411,0.09674174,False
ETTm1,MLP,42,219,0.41753973,0.0,0.00089563,0.08298436,False
ETTm1,MLP,42,220,0.42000033,0.0,0.00061597,0.05707232,False
ETTm1,MLP,42,221,0.4209288,0.0,0.00179014,0.16586437,False
ETTm1,MLP,42,222,0.42957221,0.0,0.00179014,0.16586437,False
ETTm1,MLP,42,223,0.42062152,0.00895069,0.00246389,0.22829018,False
ETTm1,MLP,42,224,0.4221477,0.0,0.00246389,0.22829018,False
ETTm1,MLP,42,225,0.41877896,0.00336874,0.0027509,0.25488312,False
ETTm1,MLP,42,226,0.4219288,0.0,0.00096076,0.08901875,False
ETTm1,MLP,42,227,0.42049374,0.00143506,0.00096076,0.08901875,False
ETTm1,MLP,42,228,0.42074588,0.0,0.00028701,0.02659294,False
ETTm1,MLP,42,229,0.42361022,0.0,0.00231007,0.21403808,False
ETTm1,MLP,42,230,0.43204077,0.0,0.00209841,0.19442733,False
ETTm1,MLP,42,231,0.4219255,0.01011527,0.0031188,0.28897077,False
ETTm1,MLP,42,232,0.42154871,0.00037679,0.0031188,0.28897077,False
ETTm1,MLP,42,233,0.41644678,0.00510193,0.00335743,0.31108146,False
ETTm1,MLP,42,234,0.4180306,0.0,0.00133438,0.12363631,False
ETTm1,MLP,42,235,0.41683742,0.00119318,0.00186204,0.1725265,False
ETTm1,MLP,42,236,0.42611933,0.0,0.00178081,0.16500054,False
ETTm1,MLP,42,237,0.42310424,0.00301509,0.00178081,0.16500054,False
ETTm1,MLP,42,238,0.41840844,0.0046958,0.00236091,0.21874926,False
ETTm1,MLP,42,239,0.42129681,0.0,0.00236091,0.21874926,False
ETTm1,MLP,42,240,0.41720314,0.00409367,0.00175789,0.16287689,False
ETTm1,MLP,42,241,0.42018057,0.0,0.00108346,0.10038752,False
ETTm1,MLP,42,242,0.42055915,0.0,0.00108346,0.10038752,False
ETTm1,MLP,42,243,0.41923551,0.00132363,0.00026473,0.02452811,False
ETTm1,MLP,42,244,0.41991405,0.0,0.00044736,0.04145,False
ETTm1,MLP,42,245,0.42055169,0.0,0.00044736,0.04145,False
ETTm1,MLP,42,246,0.41963852,0.00091317,0.00022371,0.02072773,False
ETTm1,MLP,42,247,0.42267877,0.0,0.00028845,0.02672608,False
ETTm1,MLP,42,248,0.42247339,0.00020538,0.00028845,0.02672608,False
ETTm1,MLP,42,249,0.4221497,0.00032369,0.00266103,0.24655692,False
ETTm1,MLP,42,250,0.43278899,0.0,0.00266103,0.24655692,False
ETTm1,MLP,42,251,0.42001288,0.0127761,0.00261996,0.24275108,False
ETTm1,MLP,42,252,0.42049991,0.0,0.00255522,0.23675273,False
ETTm1,MLP,42,253,0.42090295,0.0,0.00276392,0.25608969,False
ETTm1,MLP,42,254,0.4217744,0.0,0.0002087,0.01933696,False
ETTm1,MLP,42,255,0.4207309,0.0010435,0.00108586,0.10060989,False
ETTm1,MLP,42,256,0.42168217,0.0,0.00108586,0.10060989,False
ETTm1,MLP,42,257,0.41729636,0.0043858,0.00108586,0.10060989,False
ETTm1,MLP,42,258,0.42026797,0.0,0.0037015,0.34296087,False
ETTm1,MLP,42,259,0.43258118,0.0,0.0037015,0.34296087,False
ETTm1,MLP,42,260,0.41845948,0.0141217,0.00342309,0.31716467,False
ETTm1,MLP,42,261,0.42268597,0.0,0.00434428,0.40251678,False
ETTm1,MLP,42,262,0.41969223,0.00299374,0.00434428,0.40251678,False
ETTm1,MLP,42,263,0.41508629,0.00460593,0.0015751,0.14593995,False
ETTm1,MLP,42,264,0.42286779,0.0,0.00207741,0.19248184,False
ETTm1,MLP,42,265,0.42259197,0.00027582,0.001692,0.15677154,False
ETTm1,MLP,42,266,0.42008039,0.00251158,0.00077081,0.07141943,False
ETTm1,MLP,42,267,0.41901372,0.00106667,0.00106741,0.09890074,False
ETTm1,MLP,42,268,0.4214884,0.0,0.00157185,0.14563943,False
ETTm1,MLP,42,269,0.4200054,0.001483,0.00106954,0.09909755,False
ETTm1,MLP,42,270,0.41720738,0.00279802,0.0008562,0.07933111,False
ETTm1,MLP,42,271,0.4189303,0.0,0.00219035,0.20294581,False
ETTm1,MLP,42,272,0.42216523,0.0,0.00189375,0.1754645,False
ETTm1,MLP,42,273,0.4154945,0.00667073,0.00133415,0.1236147,False
ETTm1,MLP,42,274,0.41741697,0.0,0.00133415,0.1236147,False
ETTm1,MLP,42,275,0.42417892,0.0,0.00269531,0.24973293,False
ETTm1,MLP,42,276,0.42510237,0.0,0.00136117,0.12611824,False
ETTm1,MLP,42,277,0.41829654,0.00680583,0.00136117,0.12611824,False
ETTm1,MLP,42,278,0.42048615,0.0,0.00136117,0.12611824,False
ETTm1,MLP,42,279,0.42533084,0.0,0.00180031,0.16680677,False
ETTm1,MLP,42,280,0.42825208,0.0,0.00043914,0.04068853,False
ETTm1,MLP,42,281,0.42605637,0.00219571,0.00172399,0.1597357,False
ETTm1,MLP,42,282,0.42648406,0.0,0.00172399,0.1597357,False
ETTm1,MLP,42,283,0.42005981,0.00642425,0.00188619,0.1747636,False
ETTm1,MLP,42,284,0.42385701,0.0,0.00174327,0.16152191,False
ETTm1,MLP,42,285,0.42304605,0.00081096,0.00191688,0.17760774,False
ETTm1,MLP,42,286,0.42156491,0.00148114,0.00077263,0.07158727,False
ETTm1,MLP,42,287,0.42069686,0.00086805,0.00117916,0.10925416,False
ETTm1,MLP,42,288,0.41999389,0.00070297,0.00101696,0.09422626,False
ETTm1,MLP,42,289,0.41796123,0.00203265,0.00072074,0.06677942,False
ETTm1,MLP,42,290,0.4191191,0.0,0.00080352,0.07445012,False
ETTm1,MLP,42,291,0.42092108,0.0,0.00131543,0.12188017,False
ETTm1,MLP,42,292,0.41963909,0.001282,0.0009089,0.08421328,False
ETTm1,MLP,42,293,0.41637661,0.00326248,0.00091288,0.08458275,False
ETTm1,MLP,42,294,0.41777431,0.0,0.00091288,0.08458275,False
ETTm1,MLP,42,295,0.41775437,1.994e-05,0.00114787,0.10635572,False
ETTm1,MLP,42,296,0.42182928,0.0,0.00049538,0.04589898,False
ETTm1,MLP,42,297,0.41937233,0.00245695,0.00149447,0.13846907,False
ETTm1,MLP,42,298,0.42554122,0.0,0.00209068,0.19371063,False
ETTm1,MLP,42,299,0.42054577,0.00499544,0.00261335,0.24213829,False
ETTm1,MLP,42,300,0.41754478,0.00300099,0.00266548,0.24696854,False
ETTm1,CNN,42,2,0.42392691,0.01046227,0.00651467,1.24672213,False
ETTm1,CNN,42,3,0.41814523,0.00578168,0.00665208,1.2730193,False
ETTm1,CNN,42,4,0.41484519,0.00330004,0.00532166,1.01841544,False
ETTm1,CNN,42,5,0.40778086,0.00706432,0.00423714,0.8108681,False
ETTm1,CNN,42,6,0.4103394,0.0,0.00340163,0.65097503,False
ETTm1,CNN,42,7,0.40529975,0.00503965,0.00274162,0.5246681,False
ETTm1,CNN,42,8,0.40369562,0.00160413,0.00175258,0.33539354,False
ETTm1,CNN,42,9,0.40608013,0.0,0.00190009,0.36362359,False
ETTm1,CNN,42,10,0.40396102,0.00211911,0.00089216,0.1707346,False
ETTm1,CNN,42,11,0.40322345,0.00073757,0.00081719,0.15638609,False
ETTm1,CNN,42,12,0.40548393,0.0,0.00096439,0.18455631,False
ETTm1,CNN,42,13,0.40425469,0.00122924,0.00077535,0.14837908,False
ETTm1,CNN,42,14,0.40351868,0.00073601,0.00062783,0.12014903,False
ETTm1,CNN,42,15,0.40234478,0.0011739,0.00217794,0.4167966,False
ETTm1,CNN,42,16,0.40766043,0.0,0.0020455,0.39144977,False
ETTm1,CNN,42,17,0.39990986,0.00775056,0.00189829,0.36327955,False
ETTm1,CNN,42,18,0.39934286,0.000567,0.00166351,0.31834917,False
ETTm1,CNN,42,19,0.40166896,0.0,0.00219989,0.42099604,False
ETTm1,CNN,42,20,0.40266958,0.0,0.00097091,0.18580427,False
ETTm1,CNN,42,21,0.39998771,0.00268187,0.00085751,0.16410267,False
ETTm1,CNN,42,22,0.39838204,0.00160567,0.00085751,0.16410267,False
ETTm1,CNN,42,23,0.40090316,0.0,0.00085751,0.16410267,False
ETTm1,CNN,42,24,0.40352673,0.0,0.0011061,0.21167605,False
ETTm1,CNN,42,25,0.40386907,0.0,0.00115518,0.22106923,False
ETTm1,CNN,42,26,0.39994423,0.00392483,0.00115518,0.22106923,False
ETTm1,CNN,42,27,0.39809315,0.00185108,0.00115518,0.22106923,False
ETTm1,CNN,42,28,0.3995806,0.0,0.00139621,0.26719544,False
ETTm1,CNN,42,29,0.40077,0.0,0.00061125,0.1169752,False
ETTm1,CNN,42,30,0.39956485,0.00120515,0.00083157,0.15913882,False
ETTm1,CNN,42,31,0.40519585,0.0,0.00083157,0.15913882,False
ETTm1,CNN,42,32,0.40224315,0.0029527,0.0019111,0.36573109,False
ETTm1,CNN,42,33,0.40278608,0.0,0.00167007,0.31960488,False
ETTm1,CNN,42,34,0.3973884,0.00539767,0.00167007,0.31960488,False
ETTm1,CNN,42,35,0.39991627,0.0,0.00107953,0.20659228,False
ETTm1,CNN,42,36,0.40068019,0.0,0.00150127,0.28730099,False
ETTm1,CNN,42,37,0.40163982,0.0,0.00065326,0.12501505,False
ETTm1,CNN,42,38,0.39953113,0.00210869,0.00065326,0.12501505,False
ETTm1,CNN,42,39,0.39837353,0.0011576,0.00085836,0.1642654,False
ETTm1,CNN,42,40,0.40218831,0.0,0.00085836,0.1642654,False
ETTm1,CNN,42,41,0.40116281,0.0010255,0.00221006,0.42294223,False
ETTm1,CNN,42,42,0.40766893,0.0,0.00197854,0.37863589,False
ETTm1,CNN,42,43,0.39880175,0.00886719,0.00197854,0.37863589,False
ETTm1,CNN,42,44,0.39928356,0.0,0.00181582,0.34749637,False
ETTm1,CNN,42,45,0.40592331,0.0,0.00215925,0.4132195,False
ETTm1,CNN,42,46,0.40571139,0.00021191,0.00038581,0.07383396,True
ETTm1,CNN,42,47,0.40399423,0.00171716,0.00038581,0.07383396,False
ETTm1,CNN,42,48,0.40503952,0.0,0.00213675,0.40891232,False
ETTm1,CNN,42,49,0.4146032,0.0,0.00225974,0.43244912,False
ETTm1,CNN,42,50,0.40584855,0.00875465,0.00216083,0.41352183,False
ETTm1,CNN,42,51,0.40502169,0.00082686,0.0024708,0.47284034,False
ETTm1,CNN,42,52,0.40379904,0.00122264,0.0024708,0.47284034,False
ETTm1,CNN,42,53,0.40224922,0.00154983,0.00071987,0.13776198,False
ETTm1,CNN,42,54,0.4085905,0.0,0.00219045,0.41918939,False
ETTm1,CNN,42,55,0.4095769,0.0,0.00194592,0.37239355,False
ETTm1,CNN,42,56,0.40139713,0.00817977,0.00262505,0.50236089,False
ETTm1,CNN,42,57,0.4078916,0.0,0.00262505,0.50236089,False
ETTm1,CNN,42,58,0.4029461,0.00494551,0.00491741,0.94105201,False
ETTm1,CNN,42,59,0.41553179,0.0,0.00341493,0.65352058,False
ETTm1,CNN,42,60,0.40407002,0.01146176,0.00369727,0.70755222,False
ETTm1,CNN,42,61,0.40340264,0.00066738,0.00270817,0.51826637,False
ETTm1,CNN,42,62,0.40199095,0.00141169,0.00270817,0.51826637,False
ETTm1,CNN,42,63,0.40293687,0.0,0.00160964,0.30803989,False
ETTm1,CNN,42,64,0.40965351,0.0,0.00159301,0.30485598,False
ETTm1,CNN,42,65,0.40368437,0.00596914,0.0016248,0.31093982,False
ETTm1,CNN,42,66,0.40310017,0.0005842,0.0016248,0.31093982,False
ETTm1,CNN,42,67,0.40152952,0.00157065,0.00200061,0.38285995,False
ETTm1,CNN,42,68,0.40714756,0.0,0.00080678,0.15439531,False
ETTm1,CNN,42,69,0.40526849,0.00187907,0.0013079,0.25029572,False
ETTm1,CNN,42,70,0.41044864,0.0,0.00208464,0.3989411,False
ETTm1,CNN,42,71,0.40735884,0.0030898,0.00208464,0.3989411,False
ETTm1,CNN,42,72,0.40190451,0.00545433,0.00282631,0.54087509,False
ETTm1,CNN,42,73,0.4095657,0.0,0.0032688,0.62555634,False
ETTm1,CNN,42,74,0.40397829,0.00558741,0.00265084,0.50729623,False
ETTm1,CNN,42,75,0.40176581,0.00221248,0.00155998,0.29853537,False
ETTm1,CNN,42,76,0.40562481,0.0,0.00232708,0.4453362,False
ETTm1,CNN,42,77,0.40884659,0.0,0.00120959,0.23148208,False
ETTm1,CNN,42,78,0.4050111,0.00383549,0.0007671,0.14680083,False
ETTm1,CNN,42,79,0.4068049,0.0,0.00122094,0.2336541,False
ETTm1,CNN,42,80,0.41008611,0.0,0.00122094,0.2336541,False
ETTm1,CNN,42,81,0.40781688,0.00226923,0.00158068,0.30249652,False
ETTm1,CNN,42,82,0.40932995,0.0,0.00158068,0.30249652,False
ETTm1,CNN,42,83,0.4036958,0.00563415,0.00243586,0.46615418,False
ETTm1,CNN,42,84,0.40618666,0.0,0.00198201,0.37930091,False
ETTm1,CNN,42,85,0.40191075,0.00427591,0.00198201,0.37930091,False
ETTm1,CNN,42,86,0.40848751,0.0,0.00363257,0.69517041,False
ETTm1,CNN,42,87,0.41504838,0.0,0.00363257,0.69517041,False
ETTm1,CNN,42,88,0.40116145,0.01388693,0.00299154,0.57249518,False
ETTm1,CNN,42,89,0.40480059,0.0,0.00299154,0.57249518,False
ETTm1,CNN,42,90,0.40372984,0.00107076,0.00299154,0.57249518,False
ETTm1,CNN,42,91,0.41013656,0.0,0.00295881,0.56623292,False
ETTm1,CNN,42,92,0.41649615,0.0,0.00295881,0.56623292,False
ETTm1,CNN,42,93,0.40277283,0.01372331,0.00274466,0.52525049,False
ETTm1,CNN,42,94,0.40742751,0.0,0.00407728,0.78027605,False
ETTm1,CNN,42,95,0.41288699,0.0,0.00407728,0.78027605,False
ETTm1,CNN,42,96,0.40622389,0.0066631,0.00133293,0.25508518,False
ETTm1,CNN,42,97,0.40871132,0.0,0.00133293,0.25508518,False
ETTm1,CNN,42,98,0.40870976,1.56e-06,0.00391529,0.74927579,False
ETTm1,CNN,42,99,0.41443496,0.0,0.00258267,0.49425024,False
ETTm1,CNN,42,100,0.40152315,0.01291181,0.00780579,1.49380711,False
ETTm1,CNN,42,101,0.43411308,0.0,0.00780548,1.49374748,False
ETTm1,CNN,42,102,0.40799748,0.0261156,0.00971612,1.85938944,False
ETTm1,CNN,42,103,0.41980887,0.0,0.00867955,1.66101826,False
ETTm1,CNN,42,104,0.41025568,0.00955319,0.00867955,1.66101826,False
ETTm1,CNN,42,105,0.40252675,0.00772893,0.00345642,0.66146139,False
ETTm1,CNN,42,106,0.42361793,0.0,0.00408194,0.78116659,False
ETTm1,CNN,42,107,0.43511673,0.0,0.00436574,0.83547786,False
ETTm1,CNN,42,108,0.43198917,0.00312756,0.00604737,1.15729536,False
ETTm1,CNN,42,109,0.42101698,0.01097219,0.00604737,1.15729536,False
ETTm1,CNN,42,110,0.40487986,0.01613711,0.00604737,1.15729536,False
ETTm1,CNN,42,111,0.41760789,0.0,0.00981063,1.87747604,False
ETTm1,CNN,42,112,0.43803032,0.0,0.00761619,1.45752281,False
ETTm1,CNN,42,113,0.41608647,0.02194385,0.01535129,2.93779968,False
ETTm1,CNN,42,114,0.46984847,0.0,0.01535129,2.93779968,False
ETTm1,CNN,42,115,0.41503589,0.05481257,0.02730087,5.2246115,False
ETTm1,CNN,42,116,0.46105292,0.0,0.0229121,4.38472562,False
ETTm1,CNN,42,117,0.40130498,0.05974795,0.0229121,4.38472562,False
ETTm1,CNN,42,118,0.40343126,0.0,0.01298094,2.48418222,False
ETTm1,CNN,42,119,0.40714855,0.0,0.01298094,2.48418222,False
ETTm1,CNN,42,120,0.40199181,0.00515673,0.00190107,0.36381158,False
ETTm1,CNN,42,121,0.4108766,0.0,0.00190107,0.36381158,False
ETTm1,CNN,42,122,0.40652797,0.00434864,0.00433665,0.82991222,False
ETTm1,CNN,42,123,0.41762631,0.0,0.00396889,0.75953337,False
ETTm1,CNN,42,124,0.40544842,0.0121779,0.00396889,0.75953337,False
ETTm1,CNN,42,125,0.40213049,0.00331793,0.00590054,1.12919522,False
ETTm1,CNN,42,126,0.4162573,0.0,0.00590054,1.12919522,False
ETTm1,CNN,42,127,0.40225044,0.01400686,0.00681662,1.30450665,False
ETTm1,CNN,42,128,0.41968012,0.0,0.00615303,1.17751511,False
ETTm1,CNN,42,129,0.40292184,0.01675829,0.00615303,1.17751511,False
ETTm1,CNN,42,130,0.4127573,0.0,0.0043674,0.83579624,False
ETTm1,CNN,42,131,0.41309661,0.0,0.00490843,0.93933444,False
ETTm1,CNN,42,132,0.4080179,0.00507871,0.00184611,0.35329339,False
ETTm1,CNN,42,133,0.40531274,0.00270516,0.00184611,0.35329339,False
ETTm1,CNN,42,134,0.40386605,0.00144669,0.00187214,0.35827394,False
ETTm1,CNN,42,135,0.40421117,0.0,0.00112044,0.21442015,False
ETTm1,CNN,42,136,0.40408104,0.00013013,0.00057941,0.11088195,False
ETTm1,CNN,42,137,0.40276083,0.00132022,0.00316107,0.60493807,False
ETTm1,CNN,42,138,0.41777472,0.0,0.00316107,0.60493807,False
ETTm1,CNN,42,139,0.40341974,0.01435498,0.00886374,1.69626753,False
ETTm1,CNN,42,140,0.4479984,0.0,0.01108193,2.12076573,False
ETTm1,CNN,42,141,0.41935491,0.02864349,0.01133448,2.16909811,False
ETTm1,CNN,42,142,0.40694375,0.01241116,0.00888169,1.6997036,False
ETTm1,CNN,42,143,0.40568096,0.00126279,0.00888169,1.6997036,False
ETTm1,CNN,42,144,0.40358994,0.00209103,0.00696712,1.33330794,False
ETTm1,CNN,42,145,0.42691765,0.0,0.00448488,0.85827937,False
ETTm1,CNN,42,146,0.40784704,0.0190706,0.00637235,1.21948668,False
ETTm1,CNN,42,147,0.41784668,0.0,0.00627821,1.20147027,False
ETTm1,CNN,42,148,0.40714656,0.01070012,0.00646296,1.23682683,False
ETTm1,CNN,42,149,0.40552625,0.00162031,0.00264884,0.50691247,False
ETTm1,CNN,42,150,0.40460248,0.00092377,0.00394214,0.75441275,False
ETTm1,CNN,42,151,0.41843384,0.0,0.00230694,0.44148338,False
ETTm1,CNN,42,152,0.41196735,0.00646648,0.00198288,0.37946717,False
ETTm1,CNN,42,153,0.4094432,0.00252416,0.00478565,0.91583829,False
ETTm1,CNN,42,154,0.41778961,0.0,0.00478565,0.91583829,False
ETTm1,CNN,42,155,0.40285198,0.01493763,0.00349236,0.66833801,False
ETTm1,CNN,42,156,0.4037993,0.0,0.00704372,1.34796867,False
ETTm1,CNN,42,157,0.42483853,0.0,0.00704372,1.34796867,False
ETTm1,CNN,42,158,0.40455754,0.02028099,0.0040562,0.77624098,False
ETTm1,CNN,42,159,0.40712746,0.0,0.00566015,1.08319212,False
ETTm1,CNN,42,160,0.41316632,0.0,0.00566015,1.08319212,False
ETTm1,CNN,42,161,0.40514655,0.00801977,0.00508811,0.97371958,False
ETTm1,CNN,42,162,0.43220535,0.0,0.00508811,0.97371958,False
ETTm1,CNN,42,163,0.41478457,0.01742078,0.00508811,0.97371958,False
ETTm1,CNN,42,164,0.42338161,0.0,0.00749536,1.43439934,False
ETTm1,CNN,42,165,0.4257149,0.0,0.00749536,1.43439934,False
ETTm1,CNN,42,166,0.40565887,0.02005603,0.00425321,0.81394383,False
ETTm1,CNN,42,167,0.40775152,0.0,0.00425321,0.81394383,False
ETTm1,CNN,42,168,0.40654149,0.00121003,0.00540272,1.03392612,False
ETTm1,CNN,42,169,0.41512086,0.0,0.00238811,0.45701706,False
ETTm1,CNN,42,170,0.40937335,0.00574752,0.00238811,0.45701706,False
ETTm1,CNN,42,171,0.40439032,0.00498302,0.00360209,0.68933739,False
ETTm1,CNN,42,172,0.422041,0.0,0.004747,0.90844022,False
ETTm1,CNN,42,173,0.4147611,0.0072799,0.00384949,0.73668269,False
ETTm1,CNN,42,174,0.40903656,0.00572454,0.00285288,0.54596085,False
ETTm1,CNN,42,175,0.40777658,0.00125998,0.00285288,0.54596085,False
ETTm1,CNN,42,176,0.41023614,0.0,0.00282827,0.5412501,False
ETTm1,CNN,42,177,0.4176046,0.0,0.00172319,0.32976999,False
ETTm1,CNN,42,178,0.41044777,0.00715682,0.0014712,0.28154523,False
ETTm1,CNN,42,179,0.41024861,0.00019916,0.00239164,0.45769232,False
ETTm1,CNN,42,180,0.41101365,0.0,0.00239164,0.45769232,False
ETTm1,CNN,42,181,0.40641142,0.00460223,0.00244202,0.46733281,False
ETTm1,CNN,42,182,0.41557962,0.0,0.00240219,0.4597101,False
ETTm1,CNN,42,183,0.40817092,0.0074087,0.0029689,0.56816357,False
ETTm1,CNN,42,184,0.4171751,0.0,0.00457515,0.87555305,False
ETTm1,CNN,42,185,0.41434152,0.00283358,0.00457515,0.87555305,False
ETTm1,CNN,42,186,0.40170807,0.01263345,0.00459949,0.88021191,False
ETTm1,CNN,42,187,0.40767915,0.0,0.00459949,0.88021191,False
ETTm1,CNN,42,188,0.40014873,0.00753043,0.00403277,0.77175843,False
ETTm1,CNN,42,189,0.40272226,0.0,0.00256742,0.4913308,False
ETTm1,CNN,42,190,0.40674122,0.0,0.00256742,0.4913308,False
ETTm1,CNN,42,191,0.40143456,0.00530666,0.04146867,7.93592432,False
ETTm1,CNN,42,192,0.60986148,0.0,0.0426355,8.15922273,False
ETTm1,CNN,42,193,0.40782481,0.20203667,0.04280477,8.19161697,False
ETTm1,CNN,42,194,0.40199065,0.00583416,0.04208686,8.0542284,False
ETTm1,CNN,42,195,0.40114428,0.00084637,0.04208686,8.0542284,False
ETTm1,CNN,42,196,0.3994272,0.00171709,0.00167952,0.32141301,False
ETTm1,CNN,42,197,0.40582744,0.0,0.01259618,2.41055021,False
ETTm1,CNN,42,198,0.46607314,0.0,0.0124269,2.37815596,False
ETTm1,CNN,42,199,0.40565572,0.06041742,0.01208348,2.31243561,False
ETTm1,CNN,42,200,0.40780861,0.0,0.01616918,3.09432122,False
ETTm1,CNN,42,201,0.42211734,0.0,0.01616918,3.09432122,False
ETTm1,CNN,42,202,0.40168887,0.02042847,0.00408569,0.78188561,False
ETTm1,CNN,42,203,0.40550262,0.0,0.03250378,6.22029963,False
ETTm1,CNN,42,204,0.54823882,0.0,0.03250378,6.22029963,False
ETTm1,CNN,42,205,0.40614839,0.14209043,0.03167031,6.06079809,False
ETTm1,CNN,42,206,0.43425893,0.0,0.0345097,6.60417639,False
ETTm1,CNN,42,207,0.41799779,0.01626114,0.0345097,6.60417639,False
ETTm1,CNN,42,208,0.40380085,0.01419694,0.00975311,1.8664677,False
ETTm1,CNN,42,209,0.4313102,0.0,0.01134968,2.1720056,False
ETTm1,CNN,42,210,0.41300274,0.01830746,0.00809745,1.54962153,False
ETTm1,CNN,42,211,0.4050199,0.00798284,0.01221919,2.33840509,False
ETTm1,CNN,42,212,0.4559599,0.0,0.01221919,2.33840509,False
ETTm1,CNN,42,213,0.42115426,0.03480563,0.00983359,1.88186981,False
ETTm1,CNN,42,214,0.42447865,0.0,0.01169476,2.23804408,False
ETTm1,CNN,42,215,0.41809918,0.00637947,0.01169476,2.23804408,False
ETTm1,CNN,42,216,0.4008105,0.01728867,0.00631467,1.20844772,False
ETTm1,CNN,42,217,0.4136291,0.0,0.00792309,1.51625448,False
ETTm1,CNN,42,218,0.40572392,0.00790518,0.0066472,1.27208444,False
ETTm1,CNN,42,219,0.39768179,0.00804212,0.00318946,0.61037226,False
ETTm1,CNN,42,220,0.4215858,0.0,0.00617464,1.18165131,False
ETTm1,CNN,42,221,0.42335284,0.0,0.00539401,1.03226026,False
ETTm1,CNN,42,222,0.40842693,0.01492591,0.00423585,0.81062218,False
ETTm1,CNN,42,223,0.40442491,0.00400202,0.00423585,0.81062218,False
ETTm1,CNN,42,224,0.40217357,0.00225134,0.00950865,1.81968515,False
ETTm1,CNN,42,225,0.42884048,0.0,0.00652347,1.2484061,False
ETTm1,CNN,42,226,0.4024765,0.02636397,0.00572306,1.09523164,False
ETTm1,CNN,42,227,0.40613083,0.0,0.00527279,1.00906297,False
ETTm1,CNN,42,228,0.41727798,0.0,0.00924492,1.76921496,False
ETTm1,CNN,42,229,0.42801389,0.0,0.00397213,0.760152,False
ETTm1,CNN,42,230,0.40815326,0.01986063,0.00397213,0.760152,False
ETTm1,CNN,42,231,0.43831151,0.0,0.00397213,0.760152,False
ETTm1,CNN,42,232,0.54171401,0.0,0.04470787,8.55581584,False
ETTm1,CNN,42,233,0.61255061,0.0,0.04073574,7.79566384,False
ETTm1,CNN,42,234,0.40887188,0.20367872,0.04179178,7.99775852,False
ETTm1,CNN,42,235,0.41269394,0.0,0.04260808,8.15397564,False
ETTm1,CNN,42,236,0.40741378,0.00528016,0.04273848,8.17893096,False
ETTm1,CNN,42,237,0.40333226,0.00408151,0.00200274,0.38326712,False
ETTm1,CNN,42,238,0.40268025,0.00065201,0.00736316,1.40910046,False
ETTm1,CNN,42,239,0.42851554,0.0,0.00630713,1.20700578,False
ETTm1,CNN,42,240,0.4017134,0.02680213,0.01111237,2.12659134,False
ETTm1,CNN,42,241,0.4636799,0.0,0.0171743,3.28667328,False
ETTm1,CNN,42,242,0.43557221,0.02810769,0.0171743,3.28667328,False
ETTm1,CNN,42,243,0.40461053,0.03096168,0.01181388,2.26083994,False
ETTm1,CNN,42,244,0.40632449,0.0,0.0119855,2.29368332,False
ETTm1,CNN,42,245,0.41893471,0.0,0.00636396,1.21788065,False
ETTm1,CNN,42,246,0.41807661,0.00085811,0.04650415,8.89957306,False
ETTm1,CNN,42,247,0.64217396,0.0,0.04650415,8.89957306,False
ETTm1,CNN,42,248,0.41051131,0.23166266,0.04945573,9.46442183,False
ETTm1,CNN,42,249,0.4444198,0.0,0.04928411,9.43157844,False
ETTm1,CNN,42,250,0.4296619,0.01475791,0.05377854,10.29168381,False
ETTm1,CNN,42,251,0.45423437,0.0,0.00744601,1.42495414,False
ETTm1,CNN,42,252,0.43176224,0.02247213,0.00842217,1.61176354,False
ETTm1,CNN,42,253,0.43755691,0.0,0.01031764,1.97450227,False
ETTm1,CNN,42,254,0.43267611,0.0048808,0.01031764,1.97450227,False
ETTm1,CNN,42,255,0.40844086,0.02423525,0.01111435,2.12696987,False
ETTm1,CNN,42,256,0.45723122,0.0,0.01531529,2.93091053,False
ETTm1,CNN,42,257,0.43077554,0.02645568,0.01433913,2.74410113,False
ETTm1,CNN,42,258,0.40977084,0.0210047,0.00949208,1.81651364,False
ETTm1,CNN,42,259,0.41974766,0.0,0.01673145,3.2019236,False
ETTm1,CNN,42,260,0.43961751,0.0,0.01144031,2.18935062,False
ETTm1,CNN,42,261,0.40342065,0.03619686,0.00723937,1.38540997,False
ETTm1,CNN,42,262,0.47963322,0.0,0.0208677,3.99348388,False
ETTm1,CNN,42,263,0.50512175,0.0,0.02356707,4.51006744,False
ETTm1,CNN,42,264,0.43698013,0.06814162,0.0163277,3.12465747,False
ETTm1,CNN,42,265,0.42348326,0.01349687,0.01794616,3.43438458,False
ETTm1,CNN,42,266,0.43535448,0.0,0.01794616,3.43438458,False
ETTm1,CNN,42,267,0.42726219,0.0080923,0.00431783,0.82631066,False
ETTm1,CNN,42,268,0.44659034,0.0,0.00911725,1.74478286,False
ETTm1,CNN,42,269,0.46332422,0.0,0.00911725,1.74478286,False
ETTm1,CNN,42,270,0.42583026,0.03749396,0.01339505,2.56343197,False
ETTm1,CNN,42,271,0.44872193,0.0,0.01377473,2.63609216,False
ETTm1,CNN,42,272,0.41924064,0.02948129,0.01472423,2.81779846,False
ETTm1,CNN,42,273,0.41734223,0.00189841,0.00722543,1.38274271,False
ETTm1,CNN,42,274,0.41259476,0.00474747,0.00722543,1.38274271,False
ETTm1,CNN,42,275,0.41387332,0.0,0.00132918,0.25436649,False
ETTm1,CNN,42,276,0.41674023,0.0,0.00581689,1.11318723,False
ETTm1,CNN,42,277,0.42764498,0.0,0.00486739,0.93148093,False
ETTm1,CNN,42,278,0.40330801,0.02433697,0.01771424,3.39000124,False
ETTm1,CNN,42,279,0.49014932,0.0,0.01998687,3.82491883,False
ETTm1,CNN,42,280,0.42591512,0.06423421,0.01998687,3.82491883,False
ETTm1,CNN,42,281,0.41455195,0.01136317,0.02059363,3.94103561,False
ETTm1,CNN,42,282,0.44429948,0.0,0.02120978,4.05894826,False
ETTm1,CNN,42,283,0.4169287,0.02737078,0.00836293,1.60042794,False
ETTm1,CNN,42,284,0.41384798,0.00308073,0.0060903,1.16551035,False
ETTm1,CNN,42,285,0.42841337,0.0,0.01252331,2.39660583,False
ETTm1,CNN,42,286,0.46387001,0.0,0.00704916,1.34900812,False
ETTm1,CNN,42,287,0.43170496,0.03216505,0.01026544,1.96451282,False
ETTm1,CNN,42,288,0.44318191,0.0,0.01026544,1.96451282,False
ETTm1,CNN,42,289,0.42401979,0.01916213,0.01436336,2.74873799,False
ETTm1,CNN,42,290,0.43310711,0.0,0.00793034,1.51764252,False
ETTm1,CNN,42,291,0.41261752,0.02048959,0.01134607,2.17131452,False
ETTm1,CNN,42,292,0.49610014,0.0,0.01441066,2.75779157,False
ETTm1,CNN,42,293,0.47902154,0.01707861,0.01441066,2.75779157,False
ETTm1,CNN,42,294,0.44453642,0.03448512,0.01269357,2.42918897,False
ETTm1,CNN,42,295,0.44799375,0.0,0.01625082,3.10994576,False
ETTm1,CNN,42,296,0.43608962,0.01190413,0.0128351,2.45627376,False
ETTm1,CNN,42,297,0.41830336,0.01778626,0.00687228,1.31515881,False
ETTm1,CNN,42,298,0.43880652,0.0,0.0116131,2.22241817,False
ETTm1,CNN,42,299,0.43413551,0.004671,0.01154035,2.20849449,False
ETTm1,CNN,42,300,0.41043138,0.02370413,0.00945838,1.81006467,False
ETTm2,DLinear,42,2,0.14191642,0.00143582,0.00540305,1.20958943,False
ETTm2,DLinear,42,3,0.14824669,0.0,0.00405228,0.90719208,False
ETTm2,DLinear,42,4,0.13347336,0.01477332,0.00324183,0.72575366,False
ETTm2,DLinear,42,5,0.13435181,0.0,0.00481853,1.07873242,False
ETTm2,DLinear,42,6,0.14051098,0.0,0.00481853,1.07873242,False
ETTm2,DLinear,42,7,0.13119166,0.00931932,0.00259565,0.58109291,False
ETTm2,DLinear,42,8,0.13245193,0.0,0.00259565,0.58109291,False
ETTm2,DLinear,42,9,0.128793,0.00365893,0.00259565,0.58109291,False
ETTm2,DLinear,42,10,0.13313313,0.0,0.00153764,0.344235,False
ETTm2,DLinear,42,11,0.14273702,0.0,0.00217237,0.48633235,False
ETTm2,DLinear,42,12,0.13870773,0.00402928,0.00150896,0.33781345,False
ETTm2,DLinear,42,13,0.1355341,0.00317363,0.00150896,0.33781345,False
ETTm2,DLinear,42,14,0.13519222,0.00034188,0.00150896,0.33781345,False
ETTm2,DLinear,42,15,0.13532842,0.0,0.01439622,3.22290643,False
ETTm2,DLinear,42,16,0.20171188,0.0,0.0141365,3.16476232,False
ETTm2,DLinear,42,17,0.13324631,0.06846558,0.01418253,3.17506763,False
ETTm2,DLinear,42,18,0.13137128,0.00187503,0.01418253,3.17506763,False
ETTm2,DLinear,42,19,0.13079923,0.00057204,0.01462192,3.27343403,False
ETTm2,DLinear,42,20,0.13847624,0.0,0.00194828,0.43616419,False
ETTm2,DLinear,42,21,0.1362793,0.00219694,0.00157327,0.35221094,False
ETTm2,DLinear,42,22,0.13118193,0.00509738,0.00465359,1.04180671,False
ETTm2,DLinear,42,23,0.14524102,0.0,0.00465359,1.04180671,False
ETTm2,DLinear,42,24,0.1292674,0.01597362,0.0042142,0.94344031,False
ETTm2,DLinear,42,25,0.13149864,0.0,0.00402884,0.901943,False
ETTm2,DLinear,42,26,0.13613261,0.0,0.00453514,1.01529031,False
ETTm2,DLinear,42,27,0.13196204,0.00417057,0.00134042,0.30008174,False
ETTm2,DLinear,42,28,0.12943052,0.00253152,0.00134042,0.30008174,False
ETTm2,DLinear,42,29,0.13290463,0.0,0.00167472,0.37492155,False
ETTm2,DLinear,42,30,0.13568311,0.0,0.00158866,0.35565598,False
ETTm2,DLinear,42,31,0.13401162,0.00167149,0.00108235,0.24230867,False
ETTm2,DLinear,42,32,0.13027134,0.00374029,0.00108235,0.24230867,False
ETTm2,DLinear,42,33,0.13361911,0.0,0.00272013,0.60896014,False
ETTm2,DLinear,42,34,0.13945064,0.0,0.00238583,0.53412033,False
ETTm2,DLinear,42,35,0.13126176,0.00818887,0.00173013,0.38732617,False
ETTm2,DLinear,42,36,0.13672154,0.0,0.00252666,0.56564806,False
ETTm2,DLinear,42,37,0.13625979,0.00046175,0.00252666,0.56564806,False
ETTm2,DLinear,42,38,0.13227711,0.00398268,0.00290868,0.65117115,False
ETTm2,DLinear,42,39,0.14333323,0.0,0.00290868,0.65117115,False
ETTm2,DLinear,42,40,0.13323426,0.01009896,0.00309884,0.69374341,False
ETTm2,DLinear,42,41,0.13671971,0.0,0.00255649,0.57232521,False
ETTm2,DLinear,42,42,0.13530714,0.00141257,0.00255649,0.57232521,False
ETTm2,DLinear,42,43,0.13403624,0.0012709,0.00067829,0.15184892,False
ETTm2,DLinear,42,44,0.13501714,0.0,0.00143242,0.32067919,False
ETTm2,DLinear,42,45,0.13430918,0.00070796,0.00114991,0.25743223,False
ETTm2,DLinear,42,46,0.13053849,0.00377069,0.00155471,0.34805638,False
ETTm2,DLinear,42,47,0.13455915,0.0,0.00155471,0.34805638,False
ETTm2,DLinear,42,48,0.13126423,0.00329492,0.00264596,0.59235607,False
ETTm2,DLinear,42,49,0.13706873,0.0,0.00189182,0.4235258,False
ETTm2,DLinear,42,50,0.13090453,0.0061642,0.00189182,0.4235258,False
ETTm2,DLinear,42,51,0.13122374,0.0,0.0015614,0.34955247,False
ETTm2,DLinear,42,52,0.13801905,0.0,0.0015614,0.34955247,False
ETTm2,DLinear,42,53,0.13637626,0.00164278,0.00073515,0.16457953,False
ETTm2,DLinear,42,54,0.13858248,0.0,0.00073515,0.16457953,False
ETTm2,DLinear,42,55,0.13654951,0.00203297,0.00224314,0.50217575,False
ETTm2,DLinear,42,56,0.14399915,0.0,0.00260131,0.58235988,False
ETTm2,DLinear,42,57,0.1364592,0.00753995,0.00260131,0.58235988,False
ETTm2,DLinear,42,58,0.13302557,0.00343363,0.00257926,0.57742423,False
ETTm2,DLinear,42,59,0.13316515,0.0,0.00257926,0.57742423,False
ETTm2,DLinear,42,60,0.13124241,0.00192274,0.00107127,0.23982801,False
ETTm2,DLinear,42,61,0.13472345,0.0,0.00038455,0.08608937,True
ETTm2,DLinear,42,62,0.13924075,0.0,0.0033128,0.74164168,False
ETTm2,DLinear,42,63,0.14382689,0.0,0.00292825,0.65555231,False
ETTm2,DLinear,42,64,0.12918564,0.01464125,0.00293513,0.65709189,False
ETTm2,DLinear,42,65,0.14020412,0.0,0.00326823,0.73166486,False
ETTm2,DLinear,42,66,0.14016974,3.439e-05,0.00443962,0.99390486,False
ETTm2,DLinear,42,67,0.13850421,0.00166553,0.00177353,0.3970435,False
ETTm2,DLinear,42,68,0.13264729,0.00585693,0.00177353,0.3970435,False
ETTm2,DLinear,42,69,0.13133647,0.00131082,0.00176665,0.39550393,False
ETTm2,DLinear,42,70,0.13305169,0.0,0.0024203,0.54183746,False
ETTm2,DLinear,42,71,0.14146417,0.0,0.00156721,0.35085335,False
ETTm2,DLinear,42,72,0.1365304,0.00493377,0.0020343,0.45542252,False
ETTm2,DLinear,42,73,0.13493895,0.00159144,0.0020343,0.45542252,False
ETTm2,DLinear,42,74,0.13129267,0.00364629,0.0028838,0.64560151,False
ETTm2,DLinear,42,75,0.13266696,0.0,0.00189705,0.424695,False
ETTm2,DLinear,42,76,0.12841947,0.0042475,0.00475256,1.06396393,False
ETTm2,DLinear,42,77,0.14690361,0.0,0.0040233,0.9007038,False
ETTm2,DLinear,42,78,0.13103459,0.01586902,0.0040233,0.9007038,False
ETTm2,DLinear,42,79,0.132128,0.0,0.00413644,0.92603154,False
ETTm2,DLinear,42,80,0.13513083,0.0,0.00413644,0.92603154,False
ETTm2,DLinear,42,81,0.13031766,0.00481317,0.00433939,0.97146646,False
ETTm2,DLinear,42,82,0.15051394,0.0,0.00433939,0.97146646,False
ETTm2,DLinear,42,83,0.13363018,0.01688377,0.0045559,1.01993782,False
ETTm2,DLinear,42,84,0.1348923,0.0,0.00359327,0.8044311,False
ETTm2,DLinear,42,85,0.13380973,0.00108257,0.00567241,1.26989337,False
ETTm2,DLinear,42,86,0.1450845,0.0,0.00229566,0.51393363,False
ETTm2,DLinear,42,87,0.13468877,0.01039574,0.00286605,0.6416272,False
ETTm2,DLinear,42,88,0.1364791,0.0,0.00264953,0.59315584,False
ETTm2,DLinear,42,89,0.13362717,0.00285194,0.00484708,1.08512487,False
ETTm2,DLinear,42,90,0.14277503,0.0,0.00276794,0.61966261,False
ETTm2,DLinear,42,91,0.13178729,0.01098774,0.00382651,0.85664779,False
ETTm2,DLinear,42,92,0.13585483,0.0,0.00325612,0.72895423,False
ETTm2,DLinear,42,93,0.13056195,0.00529288,0.00356221,0.79747885,False
ETTm2,DLinear,42,94,0.13611736,0.0,0.00136466,0.30550981,False
ETTm2,DLinear,42,95,0.13458691,0.00153044,0.00136466,0.30550981,False
ETTm2,DLinear,42,96,0.13737538,0.0,0.00094911,0.21247863,False
ETTm2,DLinear,42,97,0.14088771,0.0,0.0023409,0.52406175,False
ETTm2,DLinear,42,98,0.13767261,0.0032151,0.00203481,0.45553712,False
ETTm2,DLinear,42,99,0.13071364,0.00695897,0.00230041,0.51499702,False
ETTm2,DLinear,42,100,0.13473145,0.0,0.00241566,0.54079771,False
ETTm2,DLinear,42,101,0.13340346,0.00132799,0.00232287,0.52002455,False
ETTm2,DLinear,42,102,0.13282722,0.00057624,0.00093108,0.20844142,False
ETTm2,DLinear,42,103,0.13007607,0.00275115,0.00093108,0.20844142,False
ETTm2,DLinear,42,104,0.13089075,0.0,0.00168861,0.37803251,False
ETTm2,DLinear,42,105,0.13797175,0.0,0.00157336,0.35223182,False
ETTm2,DLinear,42,106,0.13285608,0.00511567,0.0013171,0.29486206,False
ETTm2,DLinear,42,107,0.13452893,0.0,0.0013171,0.29486206,False
ETTm2,DLinear,42,108,0.13305909,0.00146984,0.00218354,0.48883328,False
ETTm2,DLinear,42,109,0.13999529,0.0,0.00116041,0.25978229,False
ETTm2,DLinear,42,110,0.1356631,0.0043322,0.00275944,0.61776026,False
ETTm2,DLinear,42,111,0.1412583,0.0,0.00246547,0.55194918,False
ETTm2,DLinear,42,112,0.13326314,0.00799516,0.00498825,1.11672779,False
ETTm2,DLinear,42,113,0.14523314,0.0,0.00412181,0.92275658,False
ETTm2,DLinear,42,114,0.13261926,0.01261389,0.00412181,0.92275658,False
ETTm2,DLinear,42,115,0.13298652,0.0,0.00252278,0.56477861,False
ETTm2,DLinear,42,116,0.1360837,0.0,0.0029044,0.65021197,False
ETTm2,DLinear,42,117,0.13973039,0.0,0.00038162,0.08543336,False
ETTm2,DLinear,42,118,0.1378223,0.00190809,0.00059827,0.13393624,False
ETTm2,DLinear,42,119,0.13807863,0.0,0.00059827,0.13393624,False
ETTm2,DLinear,42,120,0.13699536,0.00108327,0.00059827,0.13393624,False
ETTm2,DLinear,42,121,0.13713026,0.0,0.00094183,0.21084955,False
ETTm2,DLinear,42,122,0.13816711,0.0,0.00149545,0.33478894,False
ETTm2,DLinear,42,123,0.13454122,0.00362589,0.0012788,0.28628607,False
ETTm2,DLinear,42,124,0.13177313,0.00276809,0.00353748,0.79194095,False
ETTm2,DLinear,42,125,0.14606785,0.0,0.00353748,0.79194095,False
ETTm2,DLinear,42,126,0.13477445,0.01129341,0.0040214,0.90027673,False
ETTm2,DLinear,42,127,0.13632314,0.0,0.00346778,0.77633733,False
ETTm2,DLinear,42,128,0.13027766,0.00604548,0.00346778,0.77633733,False
ETTm2,DLinear,42,129,0.13232551,0.0,0.00223484,0.50031828,False
ETTm2,DLinear,42,130,0.13671832,0.0,0.00223484,0.50031828,False
ETTm2,DLinear,42,131,0.13158959,0.00512874,0.00110843,0.24814653,False
ETTm2,DLinear,42,132,0.13659892,0.0,0.00110843,0.24814653,False
ETTm2,DLinear,42,133,0.1361855,0.00041342,0.00288293,0.64540609,False
ETTm2,DLinear,42,134,0.14035274,0.0,0.00185718,0.41577025,False
ETTm2,DLinear,42,135,0.13148026,0.00887248,0.00202672,0.45372456,False
ETTm2,DLinear,42,136,0.1329098,0.0,0.00194403,0.43521386,False
ETTm2,DLinear,42,137,0.13206212,0.00084768,0.00194403,0.43521386,False
ETTm2,DLinear,42,138,0.13218607,0.0,0.00016954,0.0379543,False
ETTm2,DLinear,42,139,0.13271311,0.0,0.00026572,0.05948749,False
ETTm2,DLinear,42,140,0.13734288,0.0,0.00026961,0.06035778,False
ETTm2,DLinear,42,141,0.13686195,0.00048093,0.00072824,0.16303326,False
ETTm2,DLinear,42,142,0.13599484,0.00086712,0.00072824,0.16303326,False
ETTm2,DLinear,42,143,0.13370166,0.00229318,0.00249274,0.55805366,False
ETTm2,DLinear,42,144,0.13826853,0.0,0.00239655,0.53652047,False
ETTm2,DLinear,42,145,0.12944606,0.00882247,0.00222313,0.49769588,False
ETTm2,DLinear,42,146,0.130757,0.0,0.00179199,0.40117481,False
ETTm2,DLinear,42,147,0.13402024,0.0,0.00179199,0.40117481,False
ETTm2,DLinear,42,148,0.13388279,0.00013745,0.00047493,0.10632311,False
ETTm2,DLinear,42,149,0.13490582,0.0,0.00047493,0.10632311,False
ETTm2,DLinear,42,150,0.13266863,0.00223719,0.00047493,0.10632311,False
ETTm2,DLinear,42,151,0.13402987,0.0,0.00044744,0.10016869,False
ETTm2,DLinear,42,152,0.13532898,0.0,0.00263158,0.58913675,False
ETTm2,DLinear,42,153,0.14576457,0.0,0.00276267,0.61848401,False
ETTm2,DLinear,42,154,0.13484385,0.01092072,0.00276267,0.61848401,False
ETTm2,DLinear,42,155,0.13195121,0.00289264,0.00430589,0.96396817,False
ETTm2,DLinear,42,156,0.13956189,0.0,0.00430589,0.96396817,False
ETTm2,DLinear,42,157,0.13184578,0.00771612,0.00284487,0.63688548,False
ETTm2,DLinear,42,158,0.14273115,0.0,0.00344478,0.77118923,False
ETTm2,DLinear,42,159,0.13911556,0.00361558,0.00344478,0.77118923,False
ETTm2,DLinear,42,160,0.13322336,0.00589221,0.00225638,0.50514054,False
ETTm2,DLinear,42,161,0.13577661,0.0,0.00225638,0.50514054,False
ETTm2,DLinear,42,162,0.13400248,0.00177413,0.00239306,0.53573822,False
ETTm2,DLinear,42,163,0.13661393,0.0,0.00121462,0.2719185,False
ETTm2,DLinear,42,164,0.13231498,0.00429896,0.00163903,0.36693142,False
ETTm2,DLinear,42,165,0.13612131,0.0,0.00197607,0.44238652,False
ETTm2,DLinear,42,166,0.13399927,0.00212204,0.00197607,0.44238652,False
ETTm2,DLinear,42,167,0.13053991,0.00345936,0.00111628,0.24990349,False
ETTm2,DLinear,42,168,0.13200553,0.0,0.00111628,0.24990349,False
ETTm2,DLinear,42,169,0.13272489,0.0,0.0010831,0.24247623,False
ETTm2,DLinear,42,170,0.13764177,0.0,0.00091158,0.20407599,False
ETTm2,DLinear,42,171,0.13568561,0.00195616,0.00091158,0.20407599,False
ETTm2,DLinear,42,172,0.13308389,0.00260172,0.00091158,0.20407599,False
ETTm2,DLinear,42,173,0.1370395,0.0,0.00294865,0.66011927,False
ETTm2,DLinear,42,174,0.14151915,0.0,0.00255742,0.57253362,False
ETTm2,DLinear,42,175,0.13133378,0.01018537,0.00414366,0.92764736,False
ETTm2,DLinear,42,176,0.14624844,0.0,0.00455401,1.019514,False
ETTm2,DLinear,42,177,0.13571554,0.01053291,0.00455401,1.019514,False
ETTm2,DLinear,42,178,0.13366377,0.00205177,0.00251694,0.56347071,False
ETTm2,DLinear,42,179,0.13608024,0.0,0.00510528,1.14292853,False
ETTm2,DLinear,42,180,0.14444931,0.0,0.0029987,0.67132445,False
ETTm2,DLinear,42,181,0.13150757,0.01294174,0.00350356,0.7843491,False
ETTm2,DLinear,42,182,0.1371673,0.0,0.00381835,0.8548201,False
ETTm2,DLinear,42,183,0.13259121,0.00457609,0.00381835,0.8548201,False
ETTm2,DLinear,42,184,0.1310173,0.00157391,0.00203376,0.45530133,False
ETTm2,DLinear,42,185,0.1362431,0.0,0.00203376,0.45530133,False
ETTm2,DLinear,42,186,0.1322243,0.0040188,0.00111854,0.25041004,False
ETTm2,DLinear,42,187,0.13326124,0.0,0.00137897,0.30871243,False
ETTm2,DLinear,42,188,0.13597564,0.0,0.00137897,0.30871243,False
ETTm2,DLinear,42,189,0.13309958,0.00287605,0.00057521,0.12877338,False
ETTm2,DLinear,42,190,0.13685811,0.0,0.00226466,0.50699282,False
ETTm2,DLinear,42,191,0.14237771,0.0,0.00273493,0.61227383,False
ETTm2,DLinear,42,192,0.13393048,0.00844723,0.00215972,0.48350044,False
ETTm2,DLinear,42,193,0.13157911,0.00235137,0.00215972,0.48350044,False
ETTm2,DLinear,42,194,0.13173104,0.0,0.00215972,0.48350044,False
ETTm2,DLinear,42,195,0.13245393,0.0,0.00206637,0.46260259,False
ETTm2,DLinear,42,196,0.14205926,0.0,0.0015961,0.35732158,False
ETTm2,DLinear,42,197,0.13407876,0.0079805,0.00181839,0.40708685,False
ETTm2,DLinear,42,198,0.1347018,0.0,0.00181839,0.40708685,False
ETTm2,DLinear,42,199,0.13359034,0.00111147,0.00181839,0.40708685,False
ETTm2,DLinear,42,200,0.13902283,0.0,0.00207009,0.4634354,False
ETTm2,DLinear,42,201,0.13950692,0.0,0.00207009,0.4634354,False
ETTm2,DLinear,42,202,0.13026792,0.009239,0.0026965,0.60367012,False
ETTm2,DLinear,42,203,0.14416847,0.0,0.00395851,0.88619845,False
ETTm2,DLinear,42,204,0.13992497,0.0042435,0.00395851,0.88619845,False
ETTm2,DLinear,42,205,0.13361492,0.00631005,0.00236381,0.52918964,False
ETTm2,DLinear,42,206,0.13479555,0.0,0.00236381,0.52918964,False
ETTm2,DLinear,42,207,0.13353007,0.00126549,0.00193334,0.43282031,False
ETTm2,DLinear,42,208,0.13664023,0.0,0.00128865,0.28849142,False
ETTm2,DLinear,42,209,0.13454907,0.00209117,0.00128865,0.28849142,False
ETTm2,DLinear,42,210,0.13146249,0.00308658,0.00195631,0.43796285,False
ETTm2,DLinear,42,211,0.13433869,0.0,0.00195631,0.43796285,False
ETTm2,DLinear,42,212,0.12973488,0.00460381,0.00223204,0.49969064,False
ETTm2,DLinear,42,213,0.13431602,0.0,0.00161472,0.36149119,False
ETTm2,DLinear,42,214,0.13084621,0.00346981,0.00162229,0.36318539,False
ETTm2,DLinear,42,215,0.13755337,0.0,0.00122225,0.27362718,False
ETTm2,DLinear,42,216,0.13751553,3.784e-05,0.00253994,0.56862184,False
ETTm2,DLinear,42,217,0.13491193,0.0026036,0.00184598,0.41326338,False
ETTm2,DLinear,42,218,0.12832346,0.00658847,0.00184598,0.41326338,False
ETTm2,DLinear,42,219,0.13275919,0.0,0.00183842,0.41156919,False
ETTm2,DLinear,42,220,0.13352373,0.0,0.00131769,0.29499466,False
ETTm2,DLinear,42,221,0.14227374,0.0,0.00257556,0.57659526,False
ETTm2,DLinear,42,222,0.14384767,0.0,0.00257556,0.57659526,False
ETTm2,DLinear,42,223,0.13096986,0.0128778,0.0025849,0.5786864,False
ETTm2,DLinear,42,224,0.13547035,0.0,0.0025849,0.5786864,False
ETTm2,DLinear,42,225,0.13542364,4.67e-05,0.00272952,0.61106321,False
ETTm2,DLinear,42,226,0.13688692,0.0,0.00015396,0.03446796,False
ETTm2,DLinear,42,227,0.13616381,0.00072311,0.00216234,0.48408572,False
ETTm2,DLinear,42,228,0.14075454,0.0,0.00215299,0.48199457,False
ETTm2,DLinear,42,229,0.13071268,0.01004186,0.00255442,0.57186286,False
ETTm2,DLinear,42,230,0.13589946,0.0,0.00251013,0.56194633,False
ETTm2,DLinear,42,231,0.13389233,0.00200714,0.00278097,0.62257986,False
ETTm2,DLinear,42,232,0.13339069,0.00050163,0.00077259,0.1729621,False
ETTm2,DLinear,42,233,0.13203649,0.0013542,0.00199489,0.44659959,False
ETTm2,DLinear,42,234,0.13540019,0.0,0.00159346,0.3567313,False
ETTm2,DLinear,42,235,0.12928871,0.00611148,0.00180024,0.40302309,False
ETTm2,DLinear,42,236,0.13851403,0.0,0.0015294,0.34238957,False
ETTm2,DLinear,42,237,0.1369785,0.00153552,0.0017182,0.38465626,False
ETTm2,DLinear,42,238,0.13959311,0.0,0.00123559,0.27661404,False
ETTm2,DLinear,42,239,0.13864912,0.00094399,0.00177111,0.39650099,False
ETTm2,DLinear,42,240,0.13495068,0.00369844,0.00147199,0.32953738,False
ETTm2,DLinear,42,241,0.1322731,0.00267758,0.00147199,0.32953738,False
ETTm2,DLinear,42,242,0.13223315,3.994e-05,0.00162752,0.36435501,False
ETTm2,DLinear,42,243,0.13580416,0.0,0.00088783,0.19875975,False
ETTm2,DLinear,42,244,0.13408254,0.00172162,0.00126153,0.28242042,False
ETTm2,DLinear,42,245,0.14299847,0.0,0.00127748,0.2859924,False
ETTm2,DLinear,42,246,0.13845239,0.00454608,0.00127748,0.2859924,False
ETTm2,DLinear,42,247,0.13833267,0.00011972,0.00409419,0.91657381,False
ETTm2,DLinear,42,248,0.14992901,0.0,0.00446245,0.99901724,False
ETTm2,DLinear,42,249,0.13412385,0.01580516,0.00417632,0.9349602,False
ETTm2,DLinear,42,250,0.13228254,0.00184131,0.00415238,0.92959975,False
ETTm2,DLinear,42,251,0.12916712,0.00311541,0.00487664,1.09174228,False
ETTm2,DLinear,42,252,0.13558488,0.0,0.00171561,0.38407654,False
ETTm2,DLinear,42,253,0.13196355,0.00362133,0.00134735,0.30163311,False
ETTm2,DLinear,42,254,0.1320806,0.0,0.00184883,0.41390148,False
ETTm2,DLinear,42,255,0.14352703,0.0,0.00331708,0.74260049,False
ETTm2,DLinear,42,256,0.13790419,0.00562284,0.00274538,0.61461358,False
ETTm2,DLinear,42,257,0.13056295,0.00734124,0.00274538,0.61461358,False
ETTm2,DLinear,42,258,0.12980011,0.00076284,0.00274538,0.61461358,False
ETTm2,DLinear,42,259,0.13189582,0.0,0.00162081,0.36285463,False
ETTm2,DLinear,42,260,0.13192041,0.0,0.00091739,0.20537877,False
ETTm2,DLinear,42,261,0.13285956,0.0,0.00076483,0.17122316,False
ETTm2,DLinear,42,262,0.12903542,0.00382414,0.00077251,0.17294215,False
ETTm2,DLinear,42,263,0.13234477,0.0,0.00077251,0.17294215,False
ETTm2,DLinear,42,264,0.13230638,3.839e-05,0.00103322,0.23130901,False
ETTm2,DLinear,42,265,0.13623494,0.0,0.00129787,0.290557,False
ETTm2,DLinear,42,266,0.13493137,0.00130358,0.00129787,0.290557,False
ETTm2,DLinear,42,267,0.12978397,0.00514739,0.00129019,0.288838,False
ETTm2,DLinear,42,268,0.13913405,0.0,0.00200042,0.44783826,False
ETTm2,DLinear,42,269,0.13926994,0.0,0.00173971,0.3894714,False
ETTm2,DLinear,42,270,0.13571879,0.00355115,0.00071023,0.15900025,False
ETTm2,DLinear,42,271,0.13923486,0.0,0.00187865,0.42057751,False
ETTm2,DLinear,42,272,0.14005023,0.0,0.00187865,0.42057751,False
ETTm2,DLinear,42,273,0.1342081,0.00584212,0.0012031,0.2693401,False
ETTm2,DLinear,42,274,0.13437913,0.0,0.0012031,0.2693401,False
ETTm2,DLinear,42,275,0.13420575,0.00017338,0.0012031,0.2693401,False
ETTm2,DLinear,42,276,0.13474981,0.0,0.00145105,0.32484986,False
ETTm2,DLinear,42,277,0.13721338,0.0,0.00145105,0.32484986,False
ETTm2,DLinear,42,278,0.13013149,0.00708189,0.00141638,0.31708702,False
ETTm2,DLinear,42,279,0.13558854,0.0,0.00290435,0.65020235,False
ETTm2,DLinear,42,280,0.14514703,0.0,0.00372198,0.83324677,False
ETTm2,DLinear,42,281,0.13770716,0.00743987,0.0023056,0.51615975,False
ETTm2,DLinear,42,282,0.13361901,0.00408815,0.0023056,0.51615975,False
ETTm2,DLinear,42,283,0.13496845,0.0,0.0023056,0.51615975,False
ETTm2,DLinear,42,284,0.13742065,0.0,0.00251732,0.56355696,False
ETTm2,DLinear,42,285,0.14836197,0.0,0.00221206,0.49521746,False
ETTm2,DLinear,42,286,0.13986352,0.00849845,0.0031158,0.69753925,False
ETTm2,DLinear,42,287,0.13730168,0.00256184,0.00342271,0.76624841,False
ETTm2,DLinear,42,288,0.13278298,0.0045187,0.00342271,0.76624841,False
ETTm2,DLinear,42,289,0.13124841,0.00153457,0.00172302,0.38573586,False
ETTm2,DLinear,42,290,0.13726683,0.0,0.00159339,0.35671474,False
ETTm2,DLinear,42,291,0.1379581,0.0,0.00068965,0.15439295,False
ETTm2,DLinear,42,292,0.13604442,0.00191368,0.00151744,0.33971243,False
ETTm2,DLinear,42,293,0.1375821,0.0,0.00151744,0.33971243,False
ETTm2,DLinear,42,294,0.13190857,0.00567353,0.00229559,0.51391665,False
ETTm2,DLinear,42,295,0.13503096,0.0,0.00191285,0.42823286,False
ETTm2,DLinear,42,296,0.13114025,0.00389071,0.00191285,0.42823286,False
ETTm2,DLinear,42,297,0.13425645,0.0,0.00103802,0.23238331,False
ETTm2,DLinear,42,298,0.13432458,0.0,0.00103802,0.23238331,False
ETTm2,DLinear,42,299,0.13302519,0.00129938,0.00032485,0.07272386,False
ETTm2,DLinear,42,300,0.13410523,0.0,0.00043313,0.09696514,False
ETTm2,MLP,42,2,0.1569322,0.00065496,0.00372743,1.00127249,False
ETTm2,MLP,42,3,0.15007341,0.00685878,0.00397872,1.0687756,False
ETTm2,MLP,42,4,0.14640487,0.00366854,0.00397506,1.06779306,False
ETTm2,MLP,42,5,0.14167227,0.0047326,0.004152,1.11532205,False
ETTm2,MLP,42,6,0.13771184,0.00396043,0.00278024,0.7468368,False
ETTm2,MLP,42,7,0.1361722,0.00153964,0.00325809,0.87519877,False
ETTm2,MLP,42,8,0.141237,0.0,0.00231157,0.62094178,False
ETTm2,MLP,42,9,0.1351792,0.0060578,0.00151949,0.4081692,False
ETTm2,MLP,42,10,0.13567572,0.0,0.00121156,0.32545263,False
ETTm2,MLP,42,11,0.13617228,0.0,0.00277409,0.74518402,False
ETTm2,MLP,42,12,0.13914708,0.0,0.00156253,0.41973139,False
ETTm2,MLP,42,13,0.13133443,0.00781265,0.00299295,0.80397495,False
ETTm2,MLP,42,14,0.14062009,0.0,0.00299295,0.80397495,False
ETTm2,MLP,42,15,0.13346799,0.0071521,0.00421808,1.13307258,False
ETTm2,MLP,42,16,0.1389135,0.0,0.00265555,0.71334119,False
ETTm2,MLP,42,17,0.13278786,0.00612564,0.00265555,0.71334119,False
ETTm2,MLP,42,18,0.13386169,0.0,0.00122513,0.32909763,False
ETTm2,MLP,42,19,0.13450568,0.0,0.00122513,0.32909763,False
ETTm2,MLP,42,20,0.13483542,0.0,0.0,0.0,True
ETTm2,MLP,42,21,0.13890719,0.0,0.00815087,2.18951071,False
ETTm2,MLP,42,22,0.17950231,0.0,0.00996105,2.67576499,False
ETTm2,MLP,42,23,0.13874795,0.04075436,0.00996105,2.67576499,False
ETTm2,MLP,42,24,0.12969708,0.00905087,0.00996105,2.67576499,False
ETTm2,MLP,42,25,0.1342811,0.0,0.05251369,14.10637789,False
ETTm2,MLP,42,26,0.35149904,0.0,0.04436281,11.91686719,False
ETTm2,MLP,42,27,0.13873584,0.2127632,0.04479014,12.03165663,False
ETTm2,MLP,42,28,0.14451104,0.0,0.04479014,12.03165663,False
ETTm2,MLP,42,29,0.13332354,0.0111875,0.05370679,14.42687315,False
ETTm2,MLP,42,30,0.18667636,0.0,0.01255987,3.37386852,False
ETTm2,MLP,42,31,0.1420931,0.04458325,0.01255987,3.37386852,False
ETTm2,MLP,42,32,0.13506451,0.00702859,0.01364477,3.66529789,False
ETTm2,MLP,42,33,0.15024949,0.0,0.01451666,3.89950812,False
ETTm2,MLP,42,34,0.13363748,0.01661201,0.00560001,1.5042916,False
ETTm2,MLP,42,35,0.12927802,0.00435946,0.00419429,1.12668333,False
ETTm2,MLP,42,36,0.13001153,0.0,0.00592217,1.59082922,False
ETTm2,MLP,42,37,0.14427725,0.0,0.00381921,1.02592637,False
ETTm2,MLP,42,38,0.13563789,0.00863936,0.00294731,0.79171614,False
ETTm2,MLP,42,39,0.12954067,0.00609721,0.00294731,0.79171614,False
ETTm2,MLP,42,40,0.13132903,0.0,0.00491824,1.32115308,False
ETTm2,MLP,42,41,0.13731661,0.0,0.00319037,0.85700718,False
ETTm2,MLP,42,42,0.12746196,0.00985465,0.00210733,0.56607724,False
ETTm2,MLP,42,43,0.13087785,0.0,0.00274574,0.73756926,False
ETTm2,MLP,42,44,0.13019585,0.000682,0.00274574,0.73756926,False
ETTm2,MLP,42,45,0.12700379,0.00319206,0.00110056,0.29563613,False
ETTm2,MLP,42,46,0.13199325,0.0,0.00110056,0.29563613,False
ETTm2,MLP,42,47,0.1303645,0.00162875,0.00218243,0.58625097,False
ETTm2,MLP,42,48,0.13529026,0.0,0.00154402,0.41475895,False
ETTm2,MLP,42,49,0.12919891,0.00609135,0.00154402,0.41475895,False
ETTm2,MLP,42,50,0.13102003,0.0,0.00367738,0.98782888,False
ETTm2,MLP,42,51,0.14124185,0.0,0.00374851,1.00693582,False
ETTm2,MLP,42,52,0.12894629,0.01229556,0.00253024,0.67968068,False
ETTm2,MLP,42,53,0.12859064,0.00035565,0.00407854,1.09558825,False
ETTm2,MLP,42,54,0.13411846,0.0,0.00407854,1.09558825,False
ETTm2,MLP,42,55,0.12637699,0.00774148,0.00161942,0.43501452,False
ETTm2,MLP,42,56,0.12791816,0.0,0.00617064,1.6575745,False
ETTm2,MLP,42,57,0.14932792,0.0,0.00617064,1.6575745,False
ETTm2,MLP,42,58,0.12621621,0.02311171,0.00524057,1.40773713,False
ETTm2,MLP,42,59,0.13145197,0.0,0.00524057,1.40773713,False
ETTm2,MLP,42,60,0.12836083,0.00309114,0.00606042,1.62796773,False
ETTm2,MLP,42,61,0.13103888,0.0,0.00143808,0.38630081,False
ETTm2,MLP,42,62,0.12693963,0.00409925,0.00143808,0.38630081,False
ETTm2,MLP,42,63,0.12820194,0.0,0.00161519,0.43387804,False
ETTm2,MLP,42,64,0.13670122,0.0,0.00197806,0.53135176,False
ETTm2,MLP,42,65,0.1327245,0.00397672,0.00115821,0.31112116,False
ETTm2,MLP,42,66,0.13091018,0.00181432,0.00307771,0.82674454,False
ETTm2,MLP,42,67,0.137315,0.0,0.00330807,0.88862293,False
ETTm2,MLP,42,68,0.12771746,0.00959753,0.00251273,0.67497549,False
ETTm2,MLP,42,69,0.12656569,0.00115177,0.00618652,1.66184084,False
ETTm2,MLP,42,70,0.14767678,0.0,0.00618652,1.66184084,False
ETTm2,MLP,42,71,0.12749349,0.0201833,0.00532358,1.43003446,False
ETTm2,MLP,42,72,0.13266313,0.0,0.00517788,1.39089752,False
ETTm2,MLP,42,73,0.12738032,0.00528281,0.00517788,1.39089752,False
ETTm2,MLP,42,74,0.12695702,0.0004233,0.003362,0.9031108,False
ETTm2,MLP,42,75,0.14244943,0.0,0.00427887,1.14940249,False
ETTm2,MLP,42,76,0.13134553,0.0111039,0.00322231,0.8655855,False
ETTm2,MLP,42,77,0.1267612,0.00458434,0.00658437,1.76871259,False
ETTm2,MLP,42,78,0.14508417,0.0,0.00658437,1.76871259,False
ETTm2,MLP,42,79,0.12785056,0.01723361,0.00513615,1.37968831,False
ETTm2,MLP,42,80,0.1305124,0.0,0.00422473,1.13485939,False
ETTm2,MLP,42,81,0.12664958,0.00386281,0.00422473,1.13485939,False
ETTm2,MLP,42,82,0.12662235,2.723e-05,0.00280853,0.75443428,False
ETTm2,MLP,42,83,0.14002707,0.0,0.00280853,0.75443428,False
ETTm2,MLP,42,84,0.12987449,0.01015259,0.00220518,0.59236152,False
ETTm2,MLP,42,85,0.13051666,0.0,0.00219973,0.59089875,False
ETTm2,MLP,42,86,0.12967058,0.00084608,0.00228637,0.61417065,False
ETTm2,MLP,42,87,0.13359542,0.0,0.00152992,0.41097251,False
ETTm2,MLP,42,88,0.13316225,0.00043317,0.00152992,0.41097251,False
ETTm2,MLP,42,89,0.12679188,0.00637037,0.00247751,0.66551499,False
ETTm2,MLP,42,90,0.13660492,0.0,0.0029722,0.79840125,False
ETTm2,MLP,42,91,0.13102092,0.005584,0.00288557,0.77512935,False
ETTm2,MLP,42,92,0.12854745,0.00247347,0.00837691,2.25022894,False
ETTm2,MLP,42,93,0.15954479,0.0,0.00857196,2.30262558,False
ETTm2,MLP,42,94,0.12571772,0.03382707,0.00745516,2.00262778,False
ETTm2,MLP,42,95,0.12474244,0.00097528,0.00822105,2.20836277,False
ETTm2,MLP,42,96,0.13206728,0.0,0.00822105,2.20836277,False
ETTm2,MLP,42,97,0.12576437,0.00630291,0.00216913,0.58267682,False
ETTm2,MLP,42,98,0.1309607,0.0,0.00197407,0.53028019,False
ETTm2,MLP,42,99,0.12739327,0.00356744,0.00432375,1.16145929,False
ETTm2,MLP,42,100,0.15026762,0.0,0.00306317,0.82283804,False
ETTm2,MLP,42,101,0.1385192,0.01174842,0.00427852,1.14930894,False
ETTm2,MLP,42,102,0.14016286,0.0,0.00490187,1.31675552,False
ETTm2,MLP,42,103,0.13408611,0.00607675,0.00490187,1.31675552,False
ETTm2,MLP,42,104,0.12740192,0.00668419,0.00283721,0.76214053,False
ETTm2,MLP,42,105,0.13251013,0.0,0.00283721,0.76214053,False
ETTm2,MLP,42,106,0.13108501,0.00142512,0.00162186,0.43566963,False
ETTm2,MLP,42,107,0.14031735,0.0,0.00364943,0.98032058,False
ETTm2,MLP,42,108,0.14267444,0.0,0.00364943,0.98032058,False
ETTm2,MLP,42,109,0.12585241,0.01682203,0.00420544,1.12967642,False
ETTm2,MLP,42,110,0.13135225,0.0,0.00420544,1.12967642,False
ETTm2,MLP,42,111,0.1271471,0.00420515,0.00432692,1.16230947,False
ETTm2,MLP,42,112,0.13317615,0.0,0.00096251,0.25855301,False
ETTm2,MLP,42,113,0.13256873,0.00060741,0.00178418,0.47927191,False
ETTm2,MLP,42,114,0.13645528,0.0,0.00094315,0.25335196,False
ETTm2,MLP,42,115,0.13234694,0.00410834,0.00501784,1.34790538,False
ETTm2,MLP,42,116,0.15156779,0.0,0.00587252,1.57749236,False
ETTm2,MLP,42,117,0.13119436,0.02037342,0.00587252,1.57749236,False
ETTm2,MLP,42,118,0.12631354,0.00488082,0.00505085,1.35677346,False
ETTm2,MLP,42,119,0.12694617,0.0,0.00607967,1.63313793,False
ETTm2,MLP,42,120,0.1342491,0.0,0.00200498,0.53858451,False
ETTm2,MLP,42,121,0.129105,0.0051441,0.00384328,1.03239283,False
ETTm2,MLP,42,122,0.14293529,0.0,0.00384787,1.03362557,False
ETTm2,MLP,42,123,0.12886299,0.0140723,0.00384787,1.03362557,False
ETTm2,MLP,42,124,0.12884005,2.295e-05,0.00493981,1.32694618,False
ETTm2,MLP,42,125,0.13827015,0.0,0.00518305,1.39228528,False
ETTm2,MLP,42,126,0.12766635,0.01060381,0.0025557,0.68652024,False
ETTm2,MLP,42,127,0.12645016,0.00121619,0.00255111,0.68528751,False
ETTm2,MLP,42,128,0.12551458,0.00093557,0.0027156,0.7294736,False
ETTm2,MLP,42,129,0.13289379,0.0,0.00059484,0.15978851,False
ETTm2,MLP,42,130,0.13207134,0.00082246,0.00035161,0.09444941,False
ETTm2,MLP,42,131,0.13680521,0.0,0.01734251,4.65859512,False
ETTm2,MLP,42,132,0.22088465,0.0,0.01797316,4.82800084,False
ETTm2,MLP,42,133,0.13499455,0.08589009,0.01804006,4.84597325,False
ETTm2,MLP,42,134,0.13184133,0.00315323,0.01804006,4.84597325,False
ETTm2,MLP,42,135,0.13068434,0.00115698,0.01836519,4.93331003,False
ETTm2,MLP,42,136,0.13079902,0.0,0.00159835,0.42935206,False
ETTm2,MLP,42,137,0.12917338,0.00162564,0.0009677,0.25994634,False
ETTm2,MLP,42,138,0.12711751,0.00205588,0.0007363,0.19778785,False
ETTm2,MLP,42,139,0.13170068,0.0,0.00147611,0.39651582,False
ETTm2,MLP,42,140,0.14071013,0.0,0.00260992,0.70108377,False
ETTm2,MLP,42,141,0.13701111,0.00369901,0.00219874,0.5906327,False
ETTm2,MLP,42,142,0.12971641,0.0072947,0.00325297,0.8738217,False
ETTm2,MLP,42,143,0.13223478,0.0,0.00325297,0.8738217,False
ETTm2,MLP,42,144,0.12696365,0.00527113,0.00251317,0.67509372,False
ETTm2,MLP,42,145,0.13031294,0.0,0.00363651,0.97685096,False
ETTm2,MLP,42,146,0.14311633,0.0,0.00363651,0.97685096,False
ETTm2,MLP,42,147,0.13020488,0.01291145,0.00258229,0.69366197,False
ETTm2,MLP,42,148,0.13527221,0.0,0.00272168,0.73110602,False
ETTm2,MLP,42,149,0.14657698,0.0,0.00566176,1.52087782,False
ETTm2,MLP,42,150,0.14588001,0.00069696,0.00434369,1.16681567,False
ETTm2,MLP,42,151,0.13117963,0.01470038,0.00434369,1.16681567,False
ETTm2,MLP,42,152,0.12485851,0.00632113,0.00434369,1.16681567,False
ETTm2,MLP,42,153,0.12781783,0.0,0.00462482,1.2423336,False
ETTm2,MLP,42,154,0.13196691,0.0,0.00195556,0.52530683,False
ETTm2,MLP,42,155,0.1298643,0.00210261,0.00069133,0.18570701,False
ETTm2,MLP,42,156,0.12851026,0.00135404,0.00092288,0.24790681,False
ETTm2,MLP,42,157,0.1322091,0.0,0.00169524,0.45537985,False
ETTm2,MLP,42,158,0.13105134,0.00115775,0.00127472,0.34241786,False
ETTm2,MLP,42,159,0.12718955,0.00386179,0.00258521,0.69444668,False
ETTm2,MLP,42,160,0.14440652,0.0,0.00315476,0.84744128,False
ETTm2,MLP,42,161,0.13650001,0.00790651,0.00435053,1.16865227,False
ETTm2,MLP,42,162,0.13365225,0.00284776,0.00357817,0.96117923,False
ETTm2,MLP,42,163,0.12651565,0.0071366,0.00357817,0.96117923,False
ETTm2,MLP,42,164,0.12782834,0.0,0.00330269,0.88717709,False
ETTm2,MLP,42,165,0.13414916,0.0,0.00315753,0.84818456,False
ETTm2,MLP,42,166,0.12762009,0.00652907,0.00173021,0.46477377,False
ETTm2,MLP,42,167,0.12549811,0.00212197,0.00173021,0.46477377,False
ETTm2,MLP,42,168,0.13092892,0.0,0.0045249,1.21549139,False
ETTm2,MLP,42,169,0.14158087,0.0,0.00321908,0.86471968,False
ETTm2,MLP,42,170,0.12760743,0.01397345,0.00279469,0.75071761,False
ETTm2,MLP,42,171,0.13458822,0.0,0.00279469,0.75071761,False
ETTm2,MLP,42,172,0.13811891,0.0,0.00661889,1.77798431,False
ETTm2,MLP,42,173,0.15125604,0.0,0.0038242,1.0272667,False
ETTm2,MLP,42,174,0.13213506,0.01912098,0.00560368,1.50527642,False
ETTm2,MLP,42,175,0.14126962,0.0,0.00697519,1.87369529,False
ETTm2,MLP,42,176,0.13237221,0.00889741,0.00697519,1.87369529,False
ETTm2,MLP,42,177,0.12551466,0.00685755,0.00491419,1.32006335,False
ETTm2,MLP,42,178,0.13848739,0.0,0.00514448,1.38192517,False
ETTm2,MLP,42,179,0.12967141,0.00881598,0.003365,0.90391545,False
ETTm2,MLP,42,180,0.12851995,0.00115146,0.00398695,1.07098717,False
ETTm2,MLP,42,181,0.13788007,0.0,0.00398695,1.07098717,False
ETTm2,MLP,42,182,0.12791274,0.00996733,0.00222376,0.59735241,False
ETTm2,MLP,42,183,0.12914413,0.0,0.00199347,0.53549059,False
ETTm2,MLP,42,184,0.13092316,0.0,0.0048305,1.29758244,False
ETTm2,MLP,42,185,0.14339479,0.0,0.00283703,0.76209185,False
ETTm2,MLP,42,186,0.12920963,0.01418516,0.00283703,0.76209185,False
ETTm2,MLP,42,187,0.13725952,0.0,0.00990411,2.6604709,False
ETTm2,MLP,42,188,0.16591611,0.0,0.01035513,2.78162561,False
ETTm2,MLP,42,189,0.13058072,0.03533539,0.0075181,2.01953376,False
ETTm2,MLP,42,190,0.12832561,0.00225511,0.0075181,2.01953376,False
ETTm2,MLP,42,191,0.12886686,0.0,0.0075181,2.01953376,False
ETTm2,MLP,42,192,0.13164183,0.0,0.00045102,0.12115471,False
ETTm2,MLP,42,193,0.13792385,0.0,0.00139452,0.37459991,False
ETTm2,MLP,42,194,0.13871135,0.0,0.00253467,0.68086911,False
ETTm2,MLP,42,195,0.13173875,0.0069726,0.00253467,0.68086911,False
ETTm2,MLP,42,196,0.12603802,0.00570073,0.00354381,0.95194803,False
ETTm2,MLP,42,197,0.13125954,0.0,0.00354381,0.95194803,False
ETTm2,MLP,42,198,0.12621383,0.00504572,0.0027501,0.73874073,False
ETTm2,MLP,42,199,0.14180834,0.0,0.00319808,0.85907781,False
ETTm2,MLP,42,200,0.13880427,0.00300407,0.00345547,0.92821881,False
ETTm2,MLP,42,201,0.13086365,0.00794062,0.00244633,0.65713989,False
ETTm2,MLP,42,202,0.1295767,0.00128695,0.00462096,1.24129535,False
ETTm2,MLP,42,203,0.14015938,0.0,0.00402014,1.07990274,False
ETTm2,MLP,42,204,0.12928623,0.01087315,0.00416072,1.11766406,False
ETTm2,MLP,42,205,0.14549721,0.0,0.0055479,1.49029304,False
ETTm2,MLP,42,206,0.13685373,0.00864349,0.0055479,1.49029304,False
ETTm2,MLP,42,207,0.12863086,0.00822287,0.00337327,0.90613758,False
ETTm2,MLP,42,208,0.13028152,0.0,0.00401971,1.07978656,False
ETTm2,MLP,42,209,0.13046692,0.0,0.00229101,0.61541895,False
ETTm2,MLP,42,210,0.12723471,0.00323221,0.01524357,4.09477079,False
ETTm2,MLP,42,211,0.20429592,0.0,0.016121,4.33047042,False
ETTm2,MLP,42,212,0.13131029,0.07298562,0.016121,4.33047042,False
ETTm2,MLP,42,213,0.12692311,0.00438718,0.01547456,4.15682144,False
ETTm2,MLP,42,214,0.12760168,0.0,0.01636158,4.39509558,False
ETTm2,MLP,42,215,0.13053477,0.0,0.00176446,0.47397376,False
ETTm2,MLP,42,216,0.12609967,0.0044351,0.00088702,0.23827413,False
ETTm2,MLP,42,217,0.1595086,0.0,0.10660667,28.63699144,False
ETTm2,MLP,42,218,0.65597797,0.0,0.10660667,28.63699144,False
ETTm2,MLP,42,219,0.12737972,0.52859825,0.10571965,28.39871731,False
ETTm2,MLP,42,220,0.12761503,0.0,0.10694203,28.72707552,False
ETTm2,MLP,42,221,0.13836844,0.0,0.10694203,28.72707552,False
ETTm2,MLP,42,222,0.13225656,0.00611188,0.03649974,9.80466558,False
ETTm2,MLP,42,223,0.3060163,0.0,0.03649974,9.80466558,False
ETTm2,MLP,42,224,0.12962948,0.17638682,0.03649974,9.80466558,False
ETTm2,MLP,42,225,0.13113896,0.0,0.03527736,9.47630737,False
ETTm2,MLP,42,226,0.13881518,0.0,0.0402184,10.8035817,False
ETTm2,MLP,42,227,0.15111358,0.0,0.00494103,1.32727433,False
ETTm2,MLP,42,228,0.12640842,0.02470516,0.00734084,1.97191884,False
ETTm2,MLP,42,229,0.1392264,0.0,0.00751316,2.01820796,False
ETTm2,MLP,42,230,0.12722734,0.01199906,0.00751316,2.01820796,False
ETTm2,MLP,42,231,0.12636574,0.0008616,0.00257213,0.69093363,False
ETTm2,MLP,42,232,0.13028419,0.0,0.00257213,0.69093363,False
ETTm2,MLP,42,233,0.13168569,0.0,0.00137194,0.36853323,False
ETTm2,MLP,42,234,0.1318281,0.0,0.00119962,0.32224411,False
ETTm2,MLP,42,235,0.12583003,0.00599808,0.02681654,7.20353657,False
ETTm2,MLP,42,236,0.25693577,0.0,0.02681654,7.20353657,False
ETTm2,MLP,42,237,0.12885114,0.12808463,0.02703502,7.26222412,False
ETTm2,MLP,42,238,0.13229186,0.0,0.0258354,6.93998001,False
ETTm2,MLP,42,239,0.13119948,0.00109238,0.02926688,7.86175325,False
ETTm2,MLP,42,240,0.15564011,0.0,0.00432801,1.16260141,False
ETTm2,MLP,42,241,0.13848273,0.01715738,0.00512082,1.3755701,False
ETTm2,MLP,42,242,0.13509246,0.00339027,0.00490235,1.31688255,False
ETTm2,MLP,42,243,0.13112838,0.00396408,0.00490235,1.31688255,False
ETTm2,MLP,42,244,0.13896114,0.0,0.00152498,0.40964542,False
ETTm2,MLP,42,245,0.14996576,0.0,0.00333984,0.89715803,False
ETTm2,MLP,42,246,0.14969519,0.00027057,0.00474387,1.27431329,False
ETTm2,MLP,42,247,0.13723063,0.01246456,0.00474387,1.27431329,False
ETTm2,MLP,42,248,0.12624638,0.01098425,0.00474387,1.27431329,False
ETTm2,MLP,42,249,0.12904559,0.0,0.00753562,2.02424115,False
ETTm2,MLP,42,250,0.14116869,0.0,0.00504271,1.35458792,False
ETTm2,MLP,42,251,0.12693938,0.01422932,0.00284586,0.76446397,False
ETTm2,MLP,42,252,0.13034165,0.0,0.00478014,1.28405419,False
ETTm2,MLP,42,253,0.15405784,0.0,0.00833944,2.2401647,False
ETTm2,MLP,42,254,0.14438647,0.00967137,0.00549358,1.47570072,False
ETTm2,MLP,42,255,0.12658995,0.01779652,0.0059596,1.60088525,False
ETTm2,MLP,42,256,0.13315725,0.0,0.00670176,1.8002457,False
ETTm2,MLP,42,257,0.13082713,0.00233012,0.00476748,1.28065548,False
ETTm2,MLP,42,258,0.12711634,0.00371079,0.00120818,0.32454498,False
ETTm2,MLP,42,259,0.13915601,0.0,0.00690844,1.85576634,False
ETTm2,MLP,42,260,0.15527428,0.0,0.00644242,1.73058181,False
ETTm2,MLP,42,261,0.12677296,0.02850132,0.00592237,1.59088411,False
ETTm2,MLP,42,262,0.12721332,0.0,0.00592237,1.59088411,False
ETTm2,MLP,42,263,0.12610279,0.00111053,0.00592237,1.59088411,False
ETTm2,MLP,42,264,0.12819847,0.0,0.00102514,0.27537638,False
ETTm2,MLP,42,265,0.13056545,0.0,0.00102514,0.27537638,False
ETTm2,MLP,42,266,0.12655027,0.00401518,0.00373586,1.0035376,False
ETTm2,MLP,42,267,0.14603267,0.0,0.0042705,1.14715534,False
ETTm2,MLP,42,268,0.13136854,0.01466413,0.00446475,1.19933461,False
ETTm2,MLP,42,269,0.12869532,0.00267322,0.00366172,0.98362098,False
ETTm2,MLP,42,270,0.12772408,0.00097124,0.00366172,0.98362098,False
ETTm2,MLP,42,271,0.12804242,0.0,0.00072889,0.19579702,False
ETTm2,MLP,42,272,0.13008202,0.0,0.00231002,0.62052302,False
ETTm2,MLP,42,273,0.14028627,0.0,0.00211577,0.56834374,False
ETTm2,MLP,42,274,0.12970743,0.01057884,0.00296086,0.79535395,False
ETTm2,MLP,42,275,0.13176607,0.0,0.00296086,0.79535395,False
ETTm2,MLP,42,276,0.12754062,0.00422544,0.00296086,0.79535395,False
ETTm2,MLP,42,277,0.12817965,0.0,0.00222703,0.59823077,False
ETTm2,MLP,42,278,0.14360804,0.0,0.00374704,1.00653995,False
ETTm2,MLP,42,279,0.13669835,0.0069097,0.00290195,0.77952974,False
ETTm2,MLP,42,280,0.1290983,0.00760004,0.00456498,1.22625716,False
ETTm2,MLP,42,281,0.13572355,0.0,0.00456498,1.22625716,False
ETTm2,MLP,42,282,0.12740841,0.00831514,0.01006163,2.70278323,False
ETTm2,MLP,42,283,0.16501472,0.0,0.00854162,2.29447405,False
ETTm2,MLP,42,284,0.13062177,0.03439295,0.00854162,2.29447405,False
ETTm2,MLP,42,285,0.13736166,0.0,0.00687859,1.84774663,False
ETTm2,MLP,42,286,0.1375473,0.0,0.00687859,1.84774663,False
ETTm2,MLP,42,287,0.1417525,0.0,0.00408194,1.09650171,False
ETTm2,MLP,42,288,0.14995507,0.0,0.00416339,1.11838218,False
ETTm2,MLP,42,289,0.12954538,0.02040969,0.0045655,1.22639738,False
ETTm2,MLP,42,290,0.12913811,0.00040727,0.0045655,1.22639738,False
ETTm2,MLP,42,291,0.12712758,0.00201054,0.0045655,1.22639738,False
ETTm2,MLP,42,292,0.12883842,0.0,0.00318382,0.85524701,False
ETTm2,MLP,42,293,0.14080214,0.0,0.00310237,0.83336654,False
ETTm2,MLP,42,294,0.12730084,0.01350129,0.00614147,1.64973874,False
ETTm2,MLP,42,295,0.14405153,0.0,0.00614147,1.64973874,False
ETTm2,MLP,42,296,0.12684548,0.01720604,0.00938129,2.52003018,False
ETTm2,MLP,42,297,0.14747099,0.0,0.00668103,1.79467884,False
ETTm2,MLP,42,298,0.13127186,0.01619913,0.00668103,1.79467884,False
ETTm2,MLP,42,299,0.13226909,0.0,0.00404978,1.08786431,False
ETTm2,MLP,42,300,0.14704898,0.0,0.00539971,1.45048574,False
ETTm2,CNN,42,2,0.149006,9.257e-05,0.00384742,0.81702783,False
ETTm2,CNN,42,3,0.13755632,0.01144968,0.00528785,1.1229151,False
ETTm2,CNN,42,4,0.14346319,0.0,0.00423028,0.89833208,False
ETTm2,CNN,42,5,0.13385403,0.00960916,0.00421177,0.89440042,False
ETTm2,CNN,42,6,0.13728872,0.0,0.00596788,1.26732458,False
ETTm2,CNN,42,7,0.15169299,0.0,0.00596788,1.26732458,False
ETTm2,CNN,42,8,0.13146273,0.02023025,0.0093148,1.97806755,False
ETTm2,CNN,42,9,0.15930064,0.0,0.0093148,1.97806755,False
ETTm2,CNN,42,10,0.13295689,0.02634374,0.01210093,2.56972298,False
ETTm2,CNN,42,11,0.15038041,0.0,0.00805488,1.71051378,False
ETTm2,CNN,42,12,0.13644977,0.01393065,0.01120936,2.38039251,False
ETTm2,CNN,42,13,0.14789587,0.0,0.00594061,1.26153416,False
ETTm2,CNN,42,14,0.13212344,0.01577243,0.00594061,1.26153416,False
ETTm2,CNN,42,15,0.13575369,0.0,0.00315449,0.66987873,False
ETTm2,CNN,42,16,0.13868208,0.0,0.00830054,1.76268276,False
ETTm2,CNN,42,17,0.15863496,0.0,0.00514606,1.09280403,False
ETTm2,CNN,42,18,0.13290467,0.02573029,0.00724198,1.53788954,False
ETTm2,CNN,42,19,0.14931176,0.0,0.00724198,1.53788954,False
ETTm2,CNN,42,20,0.13883213,0.01047963,0.00841905,1.78784947,False
ETTm2,CNN,42,21,0.13949316,0.0,0.003273,0.69504543,False
ETTm2,CNN,42,22,0.1336078,0.00588536,0.00952175,2.02201544,False
ETTm2,CNN,42,23,0.16088397,0.0,0.00742583,1.57692993,False
ETTm2,CNN,42,24,0.1296402,0.03124378,0.00824715,1.75134319,False
ETTm2,CNN,42,25,0.13840919,0.0,0.00707007,1.50138326,False
ETTm2,CNN,42,26,0.1343026,0.00410659,0.01029983,2.18724644,False
ETTm2,CNN,42,27,0.14787188,0.0,0.00405108,0.86027643,False
ETTm2,CNN,42,28,0.1317231,0.01614879,0.00495072,1.05132324,False
ETTm2,CNN,42,29,0.14031403,0.0,0.00535199,1.13653446,False
ETTm2,CNN,42,30,0.13581579,0.00449824,0.00535199,1.13653446,False
ETTm2,CNN,42,31,0.12970288,0.00611291,0.0050016,1.06212832,False
ETTm2,CNN,42,32,0.14933291,0.0,0.0050016,1.06212832,False
ETTm2,CNN,42,33,0.13493603,0.01439688,0.00533596,1.13313125,False
ETTm2,CNN,42,34,0.14292768,0.0,0.00411338,0.87350677,False
ETTm2,CNN,42,35,0.13675767,0.00617001,0.00411338,0.87350677,False
ETTm2,CNN,42,36,0.14009024,0.0,0.00605357,1.28552111,False
ETTm2,CNN,42,37,0.16139425,0.0,0.00605357,1.28552111,False
ETTm2,CNN,42,38,0.13729642,0.02409784,0.00615242,1.30651359,False
ETTm2,CNN,42,39,0.14140932,0.0,0.00615242,1.30651359,False
ETTm2,CNN,42,40,0.13474504,0.00666429,0.00634987,1.34844296,False
ETTm2,CNN,42,41,0.13996434,0.0,0.0015303,0.32497158,False
ETTm2,CNN,42,42,0.13897711,0.00098724,0.00361943,0.76861272,False
ETTm2,CNN,42,43,0.14416285,0.0,0.00228657,0.48557051,False
ETTm2,CNN,42,44,0.13371723,0.01044562,0.00228657,0.48557051,False
ETTm2,CNN,42,45,0.13531251,0.0,0.00208912,0.44364114,False
ETTm2,CNN,42,46,0.14111692,0.0,0.00367919,0.78130289,False
ETTm2,CNN,42,47,0.14237041,0.0,0.00159006,0.33766175,False
ETTm2,CNN,42,48,0.13442009,0.00795031,0.0018162,0.38568293,False
ETTm2,CNN,42,49,0.14346444,0.0,0.00316454,0.67201356,False
ETTm2,CNN,42,50,0.14233377,0.00113067,0.00318797,0.67698842,False
ETTm2,CNN,42,51,0.13559206,0.00674171,0.0015979,0.33932666,False
ETTm2,CNN,42,52,0.13547493,0.00011713,0.00350879,0.74511802,False
ETTm2,CNN,42,53,0.14310615,0.0,0.00328266,0.69709685,False
ETTm2,CNN,42,54,0.13355171,0.00955444,0.00193431,0.41076622,False
ETTm2,CNN,42,55,0.13424528,0.0,0.00191089,0.40579136,False
ETTm2,CNN,42,56,0.13511086,0.0,0.00285263,0.60577791,False
ETTm2,CNN,42,57,0.13794924,0.0,0.00094174,0.19998655,False
ETTm2,CNN,42,58,0.13324052,0.00470872,0.00094174,0.19998655,False
ETTm2,CNN,42,59,0.13390855,0.0,0.00094174,0.19998655,False
ETTm2,CNN,42,60,0.13697185,0.0,0.00244838,0.51993214,False
ETTm2,CNN,42,61,0.14767401,0.0,0.00187882,0.39898083,False
ETTm2,CNN,42,62,0.14014083,0.00753318,0.00228011,0.48419775,False
ETTm2,CNN,42,63,0.13827993,0.0018609,0.00228011,0.48419775,False
ETTm2,CNN,42,64,0.13627348,0.00200645,0.00228011,0.48419775,False
ETTm2,CNN,42,65,0.14594636,0.0,0.00254968,0.54144318,False
ETTm2,CNN,42,66,0.14749513,0.0,0.0021775,0.46240795,False
ETTm2,CNN,42,67,0.13861409,0.00888104,0.00177621,0.37719102,False
ETTm2,CNN,42,68,0.14321809,0.0,0.00321834,0.6834395,False
ETTm2,CNN,42,69,0.14646882,0.0,0.00325622,0.69148371,False
ETTm2,CNN,42,70,0.13925814,0.00721068,0.00148002,0.31429269,False
ETTm2,CNN,42,71,0.13906873,0.0001894,0.00270204,0.5737977,False
ETTm2,CNN,42,72,0.13999289,0.0,0.00270204,0.5737977,False
ETTm2,CNN,42,73,0.13388279,0.0061101,0.00176696,0.37522644,False
ETTm2,CNN,42,74,0.14909243,0.0,0.00314472,0.6678044,False
ETTm2,CNN,42,75,0.14655715,0.00253528,0.00314472,0.6678044,False
ETTm2,CNN,42,76,0.13947894,0.00707821,0.00239592,0.50879172,False
ETTm2,CNN,42,77,0.14011521,0.0,0.00239592,0.50879172,False
ETTm2,CNN,42,78,0.13774909,0.00236611,0.00259054,0.55012021,False
ETTm2,CNN,42,79,0.14158044,0.0,0.0011749,0.24949804,False
ETTm2,CNN,42,80,0.13807207,0.00350837,0.0011749,0.24949804,False
ETTm2,CNN,42,81,0.13894295,0.0,0.00252133,0.5354227,False
ETTm2,CNN,42,82,0.14746368,0.0,0.00252133,0.5354227,False
ETTm2,CNN,42,83,0.13836541,0.00909827,0.00393262,0.83512033,False
ETTm2,CNN,42,84,0.14798148,0.0,0.00400062,0.84956253,False
ETTm2,CNN,42,85,0.13741667,0.01056481,0.00400062,0.84956253,False
ETTm2,CNN,42,86,0.13707663,0.00034004,0.00237451,0.50424586,False
ETTm2,CNN,42,87,0.14347243,0.0,0.00328463,0.69751612,False
ETTm2,CNN,42,88,0.14250471,0.00096772,0.00117167,0.24881279,False
ETTm2,CNN,42,89,0.13795413,0.00455059,0.00129412,0.27481545,False
ETTm2,CNN,42,90,0.1390749,0.0,0.00152574,0.32400155,False
ETTm2,CNN,42,91,0.13812262,0.00095228,0.00133219,0.28290122,False
ETTm2,CNN,42,92,0.13696452,0.0011581,0.00042208,0.08963096,True
ETTm2,CNN,42,93,0.14073069,0.0,0.00066456,0.14112397,False
ETTm2,CNN,42,94,0.1500379,0.0,0.00141603,0.30070413,False
ETTm2,CNN,42,95,0.14882549,0.00121241,0.0015926,0.3382012,False
ETTm2,CNN,42,96,0.14411586,0.00470963,0.0015926,0.3382012,False
ETTm2,CNN,42,97,0.14207488,0.00204097,0.00174799,0.37119814,False
ETTm2,CNN,42,98,0.14209927,0.0,0.0015055,0.31970512,False
ETTm2,CNN,42,99,0.14132235,0.00077692,0.00280421,0.59549445,False
ETTm2,CNN,42,100,0.1488691,0.0,0.00252464,0.53612635,False
ETTm2,CNN,42,101,0.13766595,0.01120314,0.00264313,0.56128857,False
ETTm2,CNN,42,102,0.13702281,0.00064314,0.00248775,0.52829163,False
ETTm2,CNN,42,103,0.13643036,0.00059245,0.00248775,0.52829163,False
ETTm2,CNN,42,104,0.14278117,0.0,0.00077051,0.16362398,False
ETTm2,CNN,42,105,0.14393254,0.0,0.00183914,0.39055527,False
ETTm2,CNN,42,106,0.14131557,0.00261697,0.00172065,0.36539306,False
ETTm2,CNN,42,107,0.13532928,0.00598628,0.00172065,0.36539306,False
ETTm2,CNN,42,108,0.13867895,0.0,0.00172065,0.36539306,False
ETTm2,CNN,42,109,0.1441603,0.0,0.00327531,0.69553586,False
ETTm2,CNN,42,110,0.15332204,0.0,0.00207805,0.44128949,False
ETTm2,CNN,42,111,0.14293179,0.01039025,0.00280593,0.59586123,False
ETTm2,CNN,42,112,0.15265067,0.0,0.00456277,0.96893911,False
ETTm2,CNN,42,113,0.14901125,0.00363942,0.00461213,0.97942068,False
ETTm2,CNN,42,114,0.14022706,0.00878419,0.00293386,0.62302692,False
ETTm2,CNN,42,115,0.13998027,0.00024679,0.00293386,0.62302692,False
ETTm2,CNN,42,116,0.13798138,0.00199889,0.00368549,0.78264083,False
ETTm2,CNN,42,117,0.14851897,0.0,0.00254403,0.54024458,False
ETTm2,CNN,42,118,0.14112141,0.00739756,0.00268642,0.5704819,False
ETTm2,CNN,42,119,0.13804449,0.00307693,0.00228664,0.48558617,False
ETTm2,CNN,42,120,0.13708575,0.00095873,0.00351925,0.7473396,False
ETTm2,CNN,42,121,0.14573155,0.0,0.00203974,0.43315394,False
ETTm2,CNN,42,122,0.13956852,0.00616304,0.00160985,0.34186426,False
ETTm2,CNN,42,123,0.14066362,0.0,0.00157488,0.33443818,False
ETTm2,CNN,42,124,0.13973612,0.00092749,0.00184544,0.39189369,False
ETTm2,CNN,42,125,0.13895224,0.00078389,0.00061284,0.13014027,False
ETTm2,CNN,42,126,0.13759944,0.0013528,0.00076099,0.16160144,False
ETTm2,CNN,42,127,0.141136,0.0,0.00057549,0.1222095,False
ETTm2,CNN,42,128,0.14039524,0.00074076,0.00071011,0.15079763,False
ETTm2,CNN,42,129,0.143792,0.0,0.00043955,0.09334212,False
ETTm2,CNN,42,130,0.142335,0.001457,0.00078154,0.16596653,False
ETTm2,CNN,42,131,0.14433141,0.0,0.00063339,0.13450535,False
ETTm2,CNN,42,132,0.14262146,0.00170996,0.00072204,0.15332978,False
ETTm2,CNN,42,133,0.14514628,0.0,0.00043064,0.09144884,False
ETTm2,CNN,42,134,0.14470305,0.00044322,0.00043064,0.09144884,False
ETTm2,CNN,42,135,0.14480114,0.0,8.864e-05,0.01882443,False
ETTm2,CNN,42,136,0.14752795,0.0,0.00051922,0.11026031,False
ETTm2,CNN,42,137,0.15011491,0.0,0.00165263,0.35094879,False
ETTm2,CNN,42,138,0.14796203,0.00215288,0.002447,0.51963805,False
ETTm2,CNN,42,139,0.14185175,0.00611028,0.002447,0.51963805,False
ETTm2,CNN,42,140,0.13787993,0.00397182,0.00298357,0.63358276,False
ETTm2,CNN,42,141,0.13934695,0.0,0.00255299,0.54214688,False
ETTm2,CNN,42,142,0.1366641,0.00268285,0.0021442,0.45533649,False
ETTm2,CNN,42,143,0.14917645,0.0,0.00161184,0.34228628,False
ETTm2,CNN,42,144,0.14511014,0.00406632,0.00161184,0.34228628,False
ETTm2,CNN,42,145,0.14380011,0.00131003,0.00291705,0.6194585,False
ETTm2,CNN,42,146,0.14885539,0.0,0.00291705,0.6194585,False
ETTm2,CNN,42,147,0.13964646,0.00920893,0.00384376,0.81625036,False
ETTm2,CNN,42,148,0.14650542,0.0,0.00358175,0.76061131,False
ETTm2,CNN,42,149,0.1378056,0.00869982,0.00687136,1.45918537,False
ETTm2,CNN,42,150,0.15346807,0.0,0.00502958,1.06806843,False
ETTm2,CNN,42,151,0.13702001,0.01644807,0.00502958,1.06806843,False
ETTm2,CNN,42,152,0.14000521,0.0,0.00328961,0.69857405,False
ETTm2,CNN,42,153,0.14335917,0.0,0.00328961,0.69857405,False
ETTm2,CNN,42,154,0.14528316,0.0,0.00078821,0.16738238,False
ETTm2,CNN,42,155,0.14858124,0.0,0.00078821,0.16738238,False
ETTm2,CNN,42,156,0.14464018,0.00394105,0.00146349,0.31078328,False
ETTm2,CNN,42,157,0.14956672,0.0,0.00146349,0.31078328,False
ETTm2,CNN,42,158,0.14619032,0.0033764,0.00276504,0.58717759,False
ETTm2,CNN,42,159,0.1498934,0.0,0.00197683,0.41979521,False
ETTm2,CNN,42,160,0.14338564,0.00650776,0.00319031,0.67748675,False
ETTm2,CNN,42,161,0.14539981,0.0,0.0026126,0.55480441,False
ETTm2,CNN,42,162,0.13933241,0.0060674,0.0026126,0.55480441,False
ETTm2,CNN,42,163,0.13884459,0.00048782,0.00280963,0.59664604,False
ETTm2,CNN,42,164,0.15123301,0.0,0.0033125,0.70343428,False
ETTm2,CNN,42,165,0.14374009,0.00749293,0.00209902,0.44574275,False
ETTm2,CNN,42,166,0.14122573,0.00251435,0.00327347,0.69514498,False
ETTm2,CNN,42,167,0.14579195,0.0,0.00327347,0.69514498,False
ETTm2,CNN,42,168,0.1394319,0.00636005,0.00191903,0.40751959,False
ETTm2,CNN,42,169,0.14474098,0.0,0.00205984,0.4374228,False
ETTm2,CNN,42,170,0.14402024,0.00072073,0.00205984,0.4374228,False
ETTm2,CNN,42,171,0.14080182,0.00321843,0.00109934,0.23345286,False
ETTm2,CNN,42,172,0.15013413,0.0,0.00253974,0.53933328,False
ETTm2,CNN,42,173,0.14857659,0.00155754,0.0023956,0.50872272,False
ETTm2,CNN,42,174,0.14137458,0.00720202,0.00224396,0.47652231,False
ETTm2,CNN,42,175,0.14346489,0.0,0.00224396,0.47652231,False
ETTm2,CNN,42,176,0.14100463,0.00246026,0.00300177,0.63744755,False
ETTm2,CNN,42,177,0.14624782,0.0,0.00156136,0.33156714,False
ETTm2,CNN,42,178,0.14090127,0.00534655,0.00195161,0.41443915,False
ETTm2,CNN,42,179,0.14845398,0.0,0.00145956,0.30994811,False
ETTm2,CNN,42,180,0.14650274,0.00195124,0.00185687,0.39432133,False
ETTm2,CNN,42,181,0.14694662,0.0,0.00159788,0.33932192,False
ETTm2,CNN,42,182,0.14496003,0.00198658,0.00191591,0.40685825,False
ETTm2,CNN,42,183,0.14090845,0.00405158,0.00152566,0.32398623,False
ETTm2,CNN,42,184,0.1393183,0.00159016,0.00152566,0.32398623,False
ETTm2,CNN,42,185,0.14975764,0.0,0.00261307,0.5549058,False
ETTm2,CNN,42,186,0.15056218,0.0,0.00180276,0.38282912,False
ETTm2,CNN,42,187,0.14313855,0.00742363,0.00173143,0.36768178,False
ETTm2,CNN,42,188,0.15960113,0.0,0.00440066,0.93451292,False
ETTm2,CNN,42,189,0.15836762,0.00123351,0.00464668,0.9867567,False
ETTm2,CNN,42,190,0.14502147,0.01334615,0.00316195,0.67146392,False
ETTm2,CNN,42,191,0.14379138,0.00123009,0.00408738,0.86798526,False
ETTm2,CNN,42,192,0.14396529,0.0,0.00384068,0.81559625,False
ETTm2,CNN,42,193,0.13933816,0.00462713,0.00117144,0.24876512,False
ETTm2,CNN,42,194,0.14572502,0.0,0.0034589,0.73452358,False
ETTm2,CNN,42,195,0.15158181,0.0,0.0034589,0.73452358,False
ETTm2,CNN,42,196,0.13891444,0.01266737,0.00261972,0.55631621,False
ETTm2,CNN,42,197,0.14242016,0.0,0.00293247,0.6227314,False
ETTm2,CNN,42,198,0.14198895,0.00043121,0.00293247,0.6227314,False
ETTm2,CNN,42,199,0.14042519,0.00156376,0.00039899,0.08472916,False
ETTm2,CNN,42,200,0.14685115,0.0,0.00186107,0.39521213,False
ETTm2,CNN,42,201,0.1470349,0.0,0.00177483,0.37689817,False
ETTm2,CNN,42,202,0.13972452,0.00731038,0.00146208,0.31048297,False
ETTm2,CNN,42,203,0.1414187,0.0,0.00397508,0.84413791,False
ETTm2,CNN,42,204,0.15380807,0.0,0.00397508,0.84413791,False
ETTm2,CNN,42,205,0.14124306,0.01256501,0.00275076,0.58414384,False
ETTm2,CNN,42,206,0.1420959,0.0,0.00275076,0.58414384,False
ETTm2,CNN,42,207,0.14090713,0.00118877,0.00275076,0.58414384,False
ETTm2,CNN,42,208,0.14157329,0.0,0.00101609,0.21577483,False
ETTm2,CNN,42,209,0.14972666,0.0,0.00117513,0.2495477,False
ETTm2,CNN,42,210,0.14583497,0.00389169,0.00093738,0.1990588,False
ETTm2,CNN,42,211,0.14503979,0.00079519,0.0011352,0.24106873,False
ETTm2,CNN,42,212,0.14671653,0.0,0.00167847,0.35643497,False
ETTm2,CNN,42,213,0.1457274,0.00098913,0.00090013,0.19114904,False
ETTm2,CNN,42,214,0.14301108,0.00271632,0.00159412,0.33852236,False
ETTm2,CNN,42,215,0.14790313,0.0,0.00159412,0.33852236,False
ETTm2,CNN,42,216,0.14363801,0.00426512,0.00232202,0.49309869,False
ETTm2,CNN,42,217,0.14905412,0.0,0.00177876,0.37773246,False
ETTm2,CNN,42,218,0.14442546,0.00462866,0.00614573,1.30509197,False
ETTm2,CNN,42,219,0.1616042,0.0,0.00529271,1.12394578,False
ETTm2,CNN,42,220,0.13976933,0.02183487,0.00617796,1.31193616,False
ETTm2,CNN,42,221,0.14322456,0.0,0.00525223,1.11534989,False
ETTm2,CNN,42,222,0.13879829,0.00442627,0.00674154,1.43161587,False
ETTm2,CNN,42,223,0.14850515,0.0,0.00289942,0.61571369,False
ETTm2,CNN,42,224,0.1410586,0.00744655,0.00289942,0.61571369,False
ETTm2,CNN,42,225,0.13843432,0.00262429,0.00201417,0.42772331,False
ETTm2,CNN,42,226,0.14258008,0.0,0.00201417,0.42772331,False
ETTm2,CNN,42,227,0.14406911,0.0,0.00206971,0.43951883,False
ETTm2,CNN,42,228,0.15558973,0.0,0.0023501,0.49906152,False
ETTm2,CNN,42,229,0.14786546,0.00772427,0.00341046,0.72423718,False
ETTm2,CNN,42,230,0.14383923,0.00402623,0.00341046,0.72423718,False
ETTm2,CNN,42,231,0.13853742,0.00530181,0.00385985,0.81966845,False
ETTm2,CNN,42,232,0.15330543,0.0,0.00364944,0.7749857,False
ETTm2,CNN,42,233,0.15105849,0.00224695,0.00284563,0.6042901,False
ETTm2,CNN,42,234,0.14438628,0.00667221,0.00191785,0.40727087,False
ETTm2,CNN,42,235,0.14437911,7.17e-06,0.00191785,0.40727087,False
ETTm2,CNN,42,236,0.14371616,0.00066295,0.00336458,0.71449388,False
ETTm2,CNN,42,237,0.14927634,0.0,0.00203014,0.43111514,False
ETTm2,CNN,42,238,0.13979577,0.00948058,0.0020287,0.43081071,False
ETTm2,CNN,42,239,0.14294141,0.0,0.00189612,0.40265429,False
ETTm2,CNN,42,240,0.14978682,0.0,0.00290582,0.61707269,False
ETTm2,CNN,42,241,0.15001208,0.0,0.00200594,0.42597626,False
ETTm2,CNN,42,242,0.14496356,0.00504852,0.00200594,0.42597626,False
ETTm2,CNN,42,243,0.13998238,0.00498117,0.00297841,0.63248867,False
ETTm2,CNN,42,244,0.15139407,0.0,0.00297841,0.63248867,False
ETTm2,CNN,42,245,0.1465317,0.00486238,0.00581282,1.23439587,False
ETTm2,CNN,42,246,0.16859768,0.0,0.00506049,1.07463381,False
ETTm2,CNN,42,247,0.14937713,0.01922055,0.00506049,1.07463381,False
ETTm2,CNN,42,248,0.14815759,0.00121954,0.00576562,1.22437218,False
ETTm2,CNN,42,249,0.15012963,0.0,0.00576562,1.22437218,False
ETTm2,CNN,42,250,0.14174164,0.008388,0.00192151,0.40804658,False
ETTm2,CNN,42,251,0.14560964,0.0,0.00344167,0.73086397,False
ETTm2,CNN,42,252,0.15192645,0.0,0.00344167,0.73086397,False
ETTm2,CNN,42,253,0.14310611,0.00882034,0.00229415,0.48718062,False
ETTm2,CNN,42,254,0.14795325,0.0,0.00244569,0.51936103,False
ETTm2,CNN,42,255,0.14530282,0.00265042,0.00244569,0.51936103,False
ETTm2,CNN,42,256,0.14454513,0.00075769,0.00179249,0.3806483,False
ETTm2,CNN,42,257,0.14721741,0.0,0.00179249,0.3806483,False
ETTm2,CNN,42,258,0.14166309,0.00555432,0.0012624,0.26808087,False
ETTm2,CNN,42,259,0.14264412,0.0,0.00111086,0.23590046,False
ETTm2,CNN,42,260,0.14276749,0.0,0.00150747,0.32012167,False
ETTm2,CNN,42,261,0.14719781,0.0,0.0003966,0.08422121,False
ETTm2,CNN,42,262,0.14521481,0.00198301,0.00159271,0.33822343,False
ETTm2,CNN,42,263,0.14569061,0.0,0.00159271,0.33822343,False
ETTm2,CNN,42,264,0.13971007,0.00598053,0.00159271,0.33822343,False
ETTm2,CNN,42,265,0.14044694,0.0,0.00119611,0.25400222,False
ETTm2,CNN,42,266,0.1421637,0.0,0.00119611,0.25400222,False
ETTm2,CNN,42,267,0.1432551,0.0,0.00068241,0.14491543,False
ETTm2,CNN,42,268,0.14666614,0.0,0.00068241,0.14491543,False
ETTm2,CNN,42,269,0.14325407,0.00341206,0.00068241,0.14491543,False
ETTm2,CNN,42,270,0.14603815,0.0,0.00085624,0.18182892,False
ETTm2,CNN,42,271,0.14675569,0.0,0.00085624,0.18182892,False
ETTm2,CNN,42,272,0.14588655,0.00086914,0.00051262,0.10885772,False
ETTm2,CNN,42,273,0.14748573,0.0,0.00051262,0.10885772,False
ETTm2,CNN,42,274,0.14579178,0.00169394,0.0017283,0.36701671,False
ETTm2,CNN,42,275,0.15010499,0.0,0.00155447,0.33010322,False
ETTm2,CNN,42,276,0.14402659,0.00607841,0.004306,0.91441194,False
ETTm2,CNN,42,277,0.16044817,0.0,0.00396721,0.84246771,False
ETTm2,CNN,42,278,0.1466905,0.01375767,0.00396721,0.84246771,False
ETTm2,CNN,42,279,0.14735467,0.0,0.00370865,0.78756042,False
ETTm2,CNN,42,280,0.14911681,0.0,0.0037601,0.79848458,False
ETTm2,CNN,42,281,0.14433121,0.0047856,0.00100856,0.21417586,False
ETTm2,CNN,42,282,0.14407399,0.00025721,0.0019776,0.41995925,False
ETTm2,CNN,42,283,0.14544452,0.0,0.0019776,0.41995925,False
ETTm2,CNN,42,284,0.14059931,0.00484521,0.0016742,0.35552868,False
ETTm2,CNN,42,285,0.14596332,0.0,0.00192028,0.40778495,False
ETTm2,CNN,42,286,0.14269475,0.00326857,0.00206508,0.43853463,False
ETTm2,CNN,42,287,0.14120715,0.0014876,0.00109603,0.23275124,False
ETTm2,CNN,42,288,0.14048315,0.00072401,0.00156409,0.33214535,False
ETTm2,CNN,42,289,0.15217244,0.0,0.00255106,0.5417359,False
ETTm2,CNN,42,290,0.14983219,0.00234025,0.00225354,0.47855548,False
ETTm2,CNN,42,291,0.14162876,0.00820342,0.00210874,0.44780579,False
ETTm2,CNN,42,292,0.14573097,0.0,0.00343357,0.72914388,False
ETTm2,CNN,42,293,0.14803308,0.0,0.00296552,0.62974977,False
ETTm2,CNN,42,294,0.14140892,0.00662416,0.00275202,0.58441297,False
ETTm2,CNN,42,295,0.15363268,0.0,0.00276071,0.58625694,False
ETTm2,CNN,42,296,0.14649672,0.00713596,0.00283114,0.60121377,False
ETTm2,CNN,42,297,0.14645331,4.342e-05,0.00163576,0.34736523,False
ETTm2,CNN,42,298,0.14610115,0.00035216,0.00163576,0.34736523,False
ETTm2,CNN,42,299,0.1454539,0.00064725,0.00026071,0.05536293,False
ETTm2,CNN,42,300,0.14963925,0.0,0.00033314,0.07074395,False
ETTh1,DLinear,42,2,0.69264596,0.03781318,0.01995778,1.70649722,False
ETTh1,DLinear,42,3,0.67998001,0.01266595,0.01496834,1.27987292,False
ETTh1,DLinear,42,4,0.6705858,0.00939421,0.01373607,1.17450769,False
ETTh1,DLinear,42,5,0.67380293,0.0,0.00617343,0.52786174,False
ETTh1,DLinear,42,6,0.66499592,0.00880701,0.00364024,0.31126043,False
ETTh1,DLinear,42,7,0.67186906,0.0,0.00318664,0.27247492,False
ETTh1,DLinear,42,8,0.67226448,0.0,0.00337184,0.28831001,False
ETTh1,DLinear,42,9,0.66513829,0.00712619,0.00161043,0.13770065,False
ETTh1,DLinear,42,10,0.66421232,0.00092597,0.00161043,0.13770065,False
ETTh1,DLinear,42,11,0.66460555,0.0,0.00287066,0.24545643,False
ETTh1,DLinear,42,12,0.66776118,0.0,0.0017551,0.15007079,False
ETTh1,DLinear,42,13,0.66146007,0.00630111,0.00156991,0.13423571,False
ETTh1,DLinear,42,14,0.65991163,0.00154844,0.00288853,0.24698468,False
ETTh1,DLinear,42,15,0.66435887,0.0,0.00288853,0.24698468,False
ETTh1,DLinear,42,16,0.65776577,0.00659309,0.00331881,0.28377564,False
ETTh1,DLinear,42,17,0.66558048,0.0,0.00300912,0.25729571,False
ETTh1,DLinear,42,18,0.65712799,0.0084525,0.00358276,0.30634491,False
ETTh1,DLinear,42,19,0.66190619,0.0,0.00226414,0.19359594,False
ETTh1,DLinear,42,20,0.659038,0.00286819,0.00226414,0.19359594,False
ETTh1,DLinear,42,21,0.66065111,0.0,0.00057364,0.0490492,True
ETTh1,DLinear,42,22,0.66080918,0.0,0.00153902,0.13159472,False
ETTh1,DLinear,42,23,0.66395164,0.0,0.00136764,0.11694017,False
ETTh1,DLinear,42,24,0.65912472,0.00482692,0.00136764,0.11694017,False
ETTh1,DLinear,42,25,0.65711346,0.00201126,0.00136764,0.11694017,False
ETTh1,DLinear,42,26,0.66034744,0.0,0.00136764,0.11694017,False
ETTh1,DLinear,42,27,0.66135997,0.0,0.00040225,0.03439464,False
ETTh1,DLinear,42,28,0.66152876,0.0,0.0,0.0,False
ETTh1,DLinear,42,29,0.66306988,0.0,0.00081231,0.06945699,False
ETTh1,DLinear,42,30,0.66455895,0.0,0.00081231,0.06945699,False
ETTh1,DLinear,42,31,0.66049739,0.00406156,0.0021192,0.18120299,False
ETTh1,DLinear,42,32,0.66191171,0.0,0.0021192,0.18120299,False
ETTh1,DLinear,42,33,0.65537727,0.00653444,0.00236432,0.20216173,False
ETTh1,DLinear,42,34,0.66062944,0.0,0.001552,0.13270475,False
ETTh1,DLinear,42,35,0.65940386,0.00122558,0.00187448,0.16027779,False
ETTh1,DLinear,42,36,0.66025005,0.0,0.00056759,0.04853179,False
ETTh1,DLinear,42,37,0.65863769,0.00161236,0.00056759,0.04853179,False
ETTh1,DLinear,42,38,0.65868277,0.0,0.00165464,0.14148096,False
ETTh1,DLinear,42,39,0.66436365,0.0,0.00165464,0.14148096,False
ETTh1,DLinear,42,40,0.65770279,0.00666086,0.00152571,0.13045627,False
ETTh1,DLinear,42,41,0.66156364,0.0,0.00195414,0.1670893,False
ETTh1,DLinear,42,42,0.66059596,0.00096768,0.00195414,0.1670893,False
ETTh1,DLinear,42,43,0.65845382,0.00214215,0.00143919,0.12305855,False
ETTh1,DLinear,42,44,0.66146288,0.0,0.00143919,0.12305855,False
ETTh1,DLinear,42,45,0.65737675,0.00408613,0.00150803,0.12894487,False
ETTh1,DLinear,42,46,0.66314483,0.0,0.00129789,0.11097698,False
ETTh1,DLinear,42,47,0.66183294,0.00131189,0.00158852,0.13582673,False
ETTh1,DLinear,42,48,0.66074148,0.00109146,0.00077129,0.06594957,False
ETTh1,DLinear,42,49,0.65928837,0.00145311,0.00090037,0.07698683,False
ETTh1,DLinear,42,50,0.66336586,0.0,0.000638,0.05455215,False
ETTh1,DLinear,42,51,0.66272045,0.00064541,0.00053035,0.04534796,False
ETTh1,DLinear,42,52,0.66323364,0.0,0.00079365,0.06786161,False
ETTh1,DLinear,42,53,0.6626804,0.00055324,0.00127776,0.10925542,False
ETTh1,DLinear,42,54,0.65991078,0.00276962,0.00114868,0.09821816,False
ETTh1,DLinear,42,55,0.65749024,0.00242054,0.00114868,0.09821816,False
ETTh1,DLinear,42,56,0.65821342,0.0,0.00124563,0.10650813,False
ETTh1,DLinear,42,57,0.66010507,0.0,0.00069171,0.05914472,False
ETTh1,DLinear,42,58,0.65906707,0.001038,0.0002076,0.01775091,False
ETTh1,DLinear,42,59,0.66009157,0.0,0.00076403,0.06532859,False
ETTh1,DLinear,42,60,0.66078325,0.0,0.00109121,0.09330399,False
ETTh1,DLinear,42,61,0.6580011,0.00278215,0.00088361,0.07555308,False
ETTh1,DLinear,42,62,0.65636522,0.00163589,0.00088361,0.07555308,False
ETTh1,DLinear,42,63,0.65770519,0.0,0.00088361,0.07555308,False
ETTh1,DLinear,42,64,0.65802393,0.0,0.00032718,0.02797541,False
ETTh1,DLinear,42,65,0.65975531,0.0,0.00055636,0.04757167,False
ETTh1,DLinear,42,66,0.66347199,0.0,0.00055636,0.04757167,False
ETTh1,DLinear,42,67,0.6606902,0.00278179,0.00103146,0.08819557,False
ETTh1,DLinear,42,68,0.66230153,0.0,0.00126479,0.10814642,False
ETTh1,DLinear,42,69,0.65992601,0.00237552,0.00126479,0.10814642,False
ETTh1,DLinear,42,70,0.65875937,0.00116664,0.00126305,0.10799718,False
ETTh1,DLinear,42,71,0.66349965,0.0,0.00169033,0.14453191,False
ETTh1,DLinear,42,72,0.66072658,0.00277307,0.00121522,0.10390801,False
ETTh1,DLinear,42,73,0.65859018,0.0021364,0.0016618,0.14209259,False
ETTh1,DLinear,42,74,0.66249476,0.0,0.0016618,0.14209259,False
ETTh1,DLinear,42,75,0.65909525,0.00339952,0.00110718,0.09467015,False
ETTh1,DLinear,42,76,0.66191001,0.0,0.00090098,0.07703868,False
ETTh1,DLinear,42,77,0.66508121,0.0,0.00223409,0.19102684,False
ETTh1,DLinear,42,78,0.66397582,0.00110538,0.00155419,0.13289142,False
ETTh1,DLinear,42,79,0.65731027,0.00666556,0.00194274,0.16611427,False
ETTh1,DLinear,42,80,0.66113156,0.0,0.00259031,0.2214857,False
ETTh1,MLP,42,2,0.84071837,0.14751679,0.08375083,1.6798638,False
ETTh1,MLP,42,3,0.76515604,0.07556233,0.0678678,1.36128379,False
ETTh1,MLP,42,4,0.73698266,0.02817338,0.05584517,1.12013551,False
ETTh1,MLP,42,5,0.71676398,0.02021868,0.0280754,0.56313288,False
ETTh1,MLP,42,6,0.7090093,0.00775468,0.01373944,0.27558402,False
ETTh1,MLP,42,7,0.70034137,0.00866793,0.00951384,0.19082746,False
ETTh1,MLP,42,8,0.69645883,0.00388254,0.00664357,0.13325581,False
ETTh1,MLP,42,9,0.68941345,0.00704538,0.00561944,0.11271399,False
ETTh1,MLP,42,10,0.68354615,0.0058673,0.00388585,0.07794195,True
ETTh1,MLP,42,11,0.68091211,0.00263404,0.00528639,0.10603379,False
ETTh1,MLP,42,12,0.68831934,0.0,0.00387732,0.07777071,False
ETTh1,MLP,42,13,0.6774341,0.01088524,0.00270386,0.05423361,False
ETTh1,MLP,42,14,0.68342075,0.0,0.00324648,0.06511741,False
ETTh1,MLP,42,15,0.68351547,0.0,0.00377181,0.07565442,False
ETTh1,MLP,42,16,0.67816833,0.00534714,0.0020014,0.04014386,False
ETTh1,MLP,42,17,0.67554168,0.00262665,0.0020014,0.04014386,False
ETTh1,MLP,42,18,0.67350847,0.00203321,0.00292152,0.05859945,False
ETTh1,MLP,42,19,0.67700465,0.0,0.00224036,0.04493683,False
ETTh1,MLP,42,20,0.67240407,0.00460058,0.00171503,0.03439982,False
ETTh1,MLP,42,21,0.67046272,0.00194134,0.00132864,0.02664973,False
ETTh1,MLP,42,22,0.67497677,0.0,0.00132864,0.02664973,False
ETTh1,MLP,42,23,0.67487549,0.00010128,0.00149995,0.03008586,False
ETTh1,MLP,42,24,0.67633326,0.0,0.00111168,0.02229802,False
ETTh1,MLP,42,25,0.67087612,0.00545714,0.00111168,0.02229802,False
ETTh1,MLP,42,26,0.67109641,0.0,0.00109143,0.02189172,False
ETTh1,MLP,42,27,0.67127895,0.0,0.00151984,0.03048472,False
ETTh1,MLP,42,28,0.67253796,0.0,0.00091594,0.01837187,False
ETTh1,MLP,42,29,0.67039591,0.00214205,0.00101703,0.02039948,False
ETTh1,MLP,42,30,0.66795825,0.00243766,0.00101703,0.02039948,False
ETTh1,MLP,42,31,0.66745281,0.00050544,0.00249121,0.04996842,False
ETTh1,MLP,42,32,0.67562807,0.0,0.0020628,0.04137542,False
ETTh1,MLP,42,33,0.66825717,0.00737091,0.00178585,0.03582033,False
ETTh1,MLP,42,34,0.67129042,0.0,0.00254859,0.05111933,False
ETTh1,MLP,42,35,0.67023752,0.0010529,0.00254859,0.05111933,False
ETTh1,MLP,42,36,0.66591837,0.00431915,0.00107441,0.02155039,False
ETTh1,MLP,42,37,0.66795229,0.0,0.0022686,0.04550337,False
ETTh1,MLP,42,38,0.67081645,0.0,0.00205802,0.04127959,False
ETTh1,MLP,42,39,0.66484548,0.00597097,0.00119419,0.02395298,False
ETTh1,MLP,42,40,0.66903255,0.0,0.00202168,0.0405506,False
ETTh1,MLP,42,41,0.66967938,0.0,0.00202168,0.0405506,False
ETTh1,MLP,42,42,0.66554195,0.00413743,0.00082749,0.01659762,False
ETTh1,MLP,42,43,0.667736,0.0,0.00101927,0.0204443,False
ETTh1,MLP,42,44,0.66790074,0.0,0.00128509,0.02577611,False
ETTh1,MLP,42,45,0.66694184,0.0009589,0.0004576,0.0091785,False
ETTh1,MLP,42,46,0.66561273,0.00132911,0.00075253,0.01509406,False
ETTh1,MLP,42,47,0.66854622,0.0,0.00089898,0.01803164,False
ETTh1,MLP,42,48,0.6670716,0.00147462,0.00113042,0.02267374,False
ETTh1,MLP,42,49,0.66633932,0.00073227,0.00086459,0.01734192,False
ETTh1,MLP,42,50,0.66422325,0.00211607,0.00161359,0.03236509,False
ETTh1,MLP,42,51,0.66816431,0.0,0.00140208,0.0281227,False
ETTh1,MLP,42,52,0.66441936,0.00374496,0.00125562,0.02518513,False
ETTh1,MLP,42,53,0.66400227,0.00041709,0.00094227,0.01889985,False
ETTh1,MLP,42,54,0.66581513,0.0,0.00119794,0.02402823,False
ETTh1,MLP,42,55,0.66526585,0.00054929,0.00044895,0.00900506,False
ETTh1,MLP,42,56,0.66398745,0.0012784,0.00127049,0.02548331,False
ETTh1,MLP,42,57,0.66639826,0.0,0.00127049,0.02548331,False
ETTh1,MLP,42,58,0.66187349,0.00452476,0.00182667,0.03663919,False
ETTh1,MLP,42,59,0.66413319,0.0,0.00157099,0.03151082,False
ETTh1,MLP,42,60,0.66080298,0.00333021,0.00172497,0.03459932,False
ETTh1,MLP,42,61,0.66237826,0.0,0.00082002,0.0164479,False
ETTh1,MLP,42,62,0.66160837,0.0007699,0.00143842,0.02885157,False
ETTh1,MLP,42,63,0.66466157,0.0,0.00077237,0.01549218,False
ETTh1,MLP,42,64,0.6615696,0.00309197,0.00077237,0.01549218,False
ETTh1,MLP,42,65,0.66161887,0.0,0.00154944,0.03107847,False
ETTh1,MLP,42,66,0.66665554,0.0,0.00154944,0.03107847,False
ETTh1,MLP,42,67,0.66200031,0.00465523,0.00177308,0.03556417,False
ETTh1,MLP,42,68,0.6647068,0.0,0.00215558,0.04323629,False
ETTh1,MLP,42,69,0.66049664,0.00421016,0.00215558,0.04323629,False
ETTh1,MLP,42,70,0.65858414,0.0019125,0.00222612,0.04465122,False
ETTh1,MLP,42,71,0.66359649,0.0,0.00222612,0.04465122,False
ETTh1,MLP,42,72,0.65858855,0.00500794,0.00347743,0.06974994,False
ETTh1,MLP,42,73,0.66741411,0.0,0.00309493,0.06207781,False
ETTh1,MLP,42,74,0.65694738,0.01046673,0.0035799,0.07180525,False
ETTh1,MLP,42,75,0.6651062,0.0,0.00257832,0.05171553,False
ETTh1,MLP,42,76,0.66268136,0.00242484,0.00451739,0.09060922,False
ETTh1,MLP,42,77,0.66816611,0.0,0.00242404,0.04862113,False
ETTh1,MLP,42,78,0.65847074,0.00969537,0.00279341,0.0560298,False
ETTh1,MLP,42,79,0.66096143,0.0,0.00288555,0.05787796,False
ETTh1,MLP,42,80,0.6591146,0.00184682,0.0038474,0.07717061,False
ETTh1,CNN,42,2,0.7728538,0.14193566,0.0680069,1.79071149,False
ETTh1,CNN,42,3,0.7397925,0.0330613,0.05181891,1.36446053,False
ETTh1,CNN,42,4,0.71076878,0.02902372,0.04369019,1.15042052,False
ETTh1,CNN,42,5,0.70751381,0.00325497,0.01558738,0.41043643,False
ETTh1,CNN,42,6,0.6963385,0.0111753,0.01078453,0.28397103,False
ETTh1,CNN,42,7,0.69491688,0.00142162,0.00594444,0.15652506,False
ETTh1,CNN,42,8,0.68586983,0.00904705,0.00585111,0.15406734,False
ETTh1,CNN,42,9,0.68104656,0.00482328,0.00369232,0.09722354,True
ETTh1,CNN,42,10,0.67825828,0.00278828,0.00340799,0.0897369,False
ETTh1,CNN,42,11,0.67787693,0.00038135,0.00271403,0.07146412,False
ETTh1,CNN,42,12,0.68524193,0.0,0.00174938,0.04606347,False
ETTh1,CNN,42,13,0.67966466,0.00557727,0.00273611,0.07204532,False
ETTh1,CNN,42,14,0.68258525,0.0,0.00278472,0.07332535,False
ETTh1,CNN,42,15,0.67486333,0.00772192,0.00278472,0.07332535,False
ETTh1,CNN,42,16,0.67423892,0.00062441,0.00360894,0.09502808,False
ETTh1,CNN,42,17,0.6783306,0.0,0.00360894,0.09502808,False
ETTh1,CNN,42,18,0.66863224,0.00969835,0.00229805,0.0605108,False
ETTh1,CNN,42,19,0.67331439,0.0,0.00217317,0.05722248,False
ETTh1,CNN,42,20,0.67214688,0.0011675,0.00248706,0.06548755,False
ETTh1,CNN,42,21,0.67543352,0.0,0.00114236,0.03007974,False
ETTh1,CNN,42,22,0.67386408,0.00156944,0.00121799,0.03207119,False
ETTh1,CNN,42,23,0.67088924,0.00297484,0.00098449,0.02592281,False
ETTh1,CNN,42,24,0.67051109,0.00037815,0.00191644,0.05046252,False
ETTh1,CNN,42,25,0.6730693,0.0,0.00160256,0.04219746,False
ETTh1,CNN,42,26,0.66840951,0.0046598,0.00100759,0.02653117,False
ETTh1,CNN,42,27,0.668865,0.0,0.0012052,0.03173458,False
ETTh1,CNN,42,28,0.66919761,0.0,0.0012052,0.03173458,False
ETTh1,CNN,42,29,0.6678314,0.00136622,0.00027324,0.00719486,False
ETTh1,CNN,42,30,0.66815988,0.0,0.00082852,0.0218159,False
ETTh1,CNN,42,31,0.67211004,0.0,0.00125359,0.03300856,False
ETTh1,CNN,42,32,0.66933368,0.00277636,0.00098034,0.0258137,False
ETTh1,CNN,42,33,0.66720833,0.00212535,0.00229933,0.06054443,False
ETTh1,CNN,42,34,0.67520959,0.0,0.00229933,0.06054443,False
ETTh1,CNN,42,35,0.66861464,0.00659495,0.00174406,0.04592339,False
ETTh1,CNN,42,36,0.67064398,0.0,0.0024037,0.06329252,False
ETTh1,CNN,42,37,0.67234814,0.0,0.00283089,0.07454109,False
ETTh1,CNN,42,38,0.6669246,0.00542354,0.0015119,0.03981036,False
ETTh1,CNN,42,39,0.66478863,0.00213597,0.00217891,0.05737368,False
ETTh1,CNN,42,40,0.67053983,0.0,0.00217891,0.05737368,False
ETTh1,CNN,42,41,0.66720477,0.00333506,0.00151325,0.03984581,False
ETTh1,CNN,42,42,0.66752333,0.0,0.00108605,0.02859724,False
ETTh1,CNN,42,43,0.66542812,0.00209521,0.00146764,0.0386449,False
ETTh1,CNN,42,44,0.67496659,0.0,0.00206829,0.05446078,False
ETTh1,CNN,42,45,0.67305866,0.00190793,0.00206829,0.05446078,False
ETTh1,CNN,42,46,0.66672036,0.00633831,0.00221325,0.05827771,False
ETTh1,CNN,42,47,0.66684827,0.0,0.00221325,0.05827771,False
ETTh1,CNN,42,48,0.66402827,0.00282,0.00230783,0.06076828,False
ETTh1,CNN,42,49,0.66559591,0.0,0.00104017,0.02738908,False
ETTh1,CNN,42,50,0.66321505,0.00238086,0.00146289,0.03851988,False
ETTh1,CNN,42,51,0.66858494,0.0,0.00089889,0.02366903,False
ETTh1,CNN,42,52,0.66647134,0.0021136,0.002878,0.07578147,False
ETTh1,CNN,42,53,0.67301726,0.0,0.00300253,0.07906067,False
ETTh1,CNN,42,54,0.66312174,0.00989552,0.00300253,0.07906067,False
ETTh1,CNN,42,55,0.6601182,0.00300354,0.00428614,0.11285983,False
ETTh1,CNN,42,56,0.6698848,0.0,0.00428614,0.11285983,False
ETTh1,CNN,42,57,0.66135315,0.00853165,0.00230704,0.06074738,False
ETTh1,CNN,42,58,0.66477042,0.0,0.00217477,0.05726454,False
ETTh1,CNN,42,59,0.66664009,0.0,0.00217477,0.05726454,False
ETTh1,CNN,42,60,0.6642979,0.00234219,0.0012402,0.03265613,False
ETTh1,CNN,42,61,0.66482492,0.0,0.0012402,0.03265613,False
ETTh1,CNN,42,62,0.66096611,0.00385881,0.0012402,0.03265613,False
ETTh1,CNN,42,63,0.66287295,0.0,0.00088386,0.02327329,False
ETTh1,CNN,42,64,0.66379728,0.0,0.00120005,0.03159896,False
ETTh1,CNN,42,65,0.66323678,0.0005605,0.00042829,0.01127742,False
ETTh1,CNN,42,66,0.66165584,0.00158094,0.00042829,0.01127742,False
ETTh1,CNN,42,67,0.66641534,0.0,0.00132458,0.03487783,False
ETTh1,CNN,42,68,0.66840104,0.0,0.00121247,0.03192607,False
ETTh1,CNN,42,69,0.66391961,0.00448143,0.00089629,0.02360041,False
ETTh1,CNN,42,70,0.66626365,0.0,0.00256567,0.06755753,False
ETTh1,CNN,42,71,0.66857337,0.0,0.00256567,0.06755753,False
ETTh1,CNN,42,72,0.66022644,0.00834693,0.00166939,0.04395713,False
ETTh1,CNN,42,73,0.66518342,0.0,0.00200582,0.05281585,False
ETTh1,CNN,42,74,0.66647294,0.0,0.00274721,0.07233779,False
ETTh1,CNN,42,75,0.66479078,0.00168216,0.00110353,0.02905743,False
ETTh1,CNN,42,76,0.6610838,0.00370698,0.00110353,0.02905743,False
ETTh1,CNN,42,77,0.66095529,0.00012851,0.00186826,0.04919367,False
ETTh1,CNN,42,78,0.66561306,0.0,0.00153182,0.04033495,False
ETTh1,CNN,42,79,0.66178943,0.00382363,0.00098803,0.02601626,False
ETTh1,CNN,42,80,0.66259529,0.0,0.00127454,0.03356041,False
ETTh2,DLinear,42,2,0.2538881,0.01138483,0.00576588,0.82362073,False
ETTh2,DLinear,42,3,0.24797531,0.0059128,0.01023503,1.46201288,False
ETTh2,DLinear,42,4,0.25750555,0.0,0.00818803,1.16961031,False
ETTh2,DLinear,42,5,0.23386305,0.0236425,0.00591106,0.84435934,False
ETTh2,DLinear,42,6,0.2407282,0.0,0.00490323,0.70039674,False
ETTh2,DLinear,42,7,0.24276818,0.0,0.00718158,1.02584503,False
ETTh2,DLinear,42,8,0.24189454,0.00087364,0.00245308,0.35040716,False
ETTh2,DLinear,42,9,0.2305028,0.01139174,0.0029779,0.42537449,False
ETTh2,DLinear,42,10,0.24517054,0.0,0.00381519,0.54497642,False
ETTh2,DLinear,42,11,0.24254644,0.0026241,0.00364046,0.52001755,False
ETTh2,DLinear,42,12,0.23835999,0.00418645,0.00251691,0.35952502,False
ETTh2,DLinear,42,13,0.246033,0.0,0.00381242,0.54458072,False
ETTh2,DLinear,42,14,0.24025901,0.00577398,0.0032876,0.46961339,False
ETTh2,DLinear,42,15,0.23378147,0.00647755,0.00348083,0.49721543,False
ETTh2,DLinear,42,16,0.23653656,0.0,0.00348083,0.49721543,False
ETTh2,DLinear,42,17,0.23138395,0.00515261,0.00431215,0.6159645,False
ETTh2,DLinear,42,18,0.24447583,0.0,0.00301664,0.4309088,False
ETTh2,DLinear,42,19,0.23454525,0.00993058,0.00301664,0.4309088,False
ETTh2,DLinear,42,20,0.24169851,0.0,0.00198612,0.28370483,False
ETTh2,DLinear,42,21,0.2473258,0.0,0.0047916,0.68445078,False
ETTh2,DLinear,42,22,0.24737974,0.0,0.00441283,0.63034678,False
ETTh2,DLinear,42,23,0.23335234,0.0140274,0.00441283,0.63034678,False
ETTh2,DLinear,42,24,0.22531557,0.00803677,0.00441283,0.63034678,False
ETTh2,DLinear,42,25,0.23231469,0.0,0.00441283,0.63034678,False
ETTh2,DLinear,42,26,0.23825402,0.0,0.00265252,0.37889595,False
ETTh2,DLinear,42,27,0.23928286,0.0,0.00118113,0.16871691,False
ETTh2,DLinear,42,28,0.23405705,0.00522581,0.00270519,0.38641971,False
ETTh2,DLinear,42,29,0.23337722,0.00067983,0.00270519,0.38641971,False
ETTh2,DLinear,42,30,0.22575692,0.0076203,0.00270519,0.38641971,False
ETTh2,DLinear,42,31,0.23687384,0.0,0.00380548,0.5435895,False
ETTh2,DLinear,42,32,0.2396898,0.0,0.00366951,0.52416771,False
ETTh2,DLinear,42,33,0.22896254,0.01072726,0.002877,0.4109615,False
ETTh2,DLinear,42,34,0.23392658,0.0,0.00292789,0.41823214,False
ETTh2,DLinear,42,35,0.23026886,0.00365772,0.00292789,0.41823214,False
ETTh2,DLinear,42,36,0.23001436,0.0002545,0.00142938,0.20417861,False
ETTh2,DLinear,42,37,0.23407971,0.0,0.00142938,0.20417861,False
ETTh2,DLinear,42,38,0.23084501,0.0032347,0.00129939,0.1856099,False
ETTh2,DLinear,42,39,0.23890746,0.0,0.00328399,0.46909833,False
ETTh2,DLinear,42,40,0.23589971,0.00300775,0.00328399,0.46909833,False
ETTh2,DLinear,42,41,0.22572221,0.0101775,0.00263705,0.37668695,False
ETTh2,DLinear,42,42,0.23343517,0.0,0.00513003,0.73279339,False
ETTh2,DLinear,42,43,0.24615391,0.0,0.00452848,0.6468655,False
ETTh2,DLinear,42,44,0.23368904,0.01246487,0.00265199,0.37882047,False
ETTh2,DLinear,42,45,0.23717721,0.0,0.00370756,0.52960267,False
ETTh2,DLinear,42,46,0.23638215,0.00079506,0.00370756,0.52960267,False
ETTh2,DLinear,42,47,0.23110429,0.00527786,0.00273942,0.39130976,False
ETTh2,DLinear,42,48,0.2360201,0.0,0.00273942,0.39130976,False
ETTh2,DLinear,42,49,0.22839593,0.00762418,0.00385242,0.55029551,False
ETTh2,DLinear,42,50,0.24022175,0.0,0.00279685,0.39951332,False
ETTh2,DLinear,42,51,0.23386167,0.00636008,0.0047968,0.68519336,False
ETTh2,DLinear,42,52,0.24480532,0.0,0.00327196,0.46737982,False
ETTh2,DLinear,42,53,0.2348056,0.00999972,0.00555953,0.794146,False
ETTh2,DLinear,42,54,0.24651641,0.0,0.00428752,0.61244622,False
ETTh2,DLinear,42,55,0.23507854,0.01143787,0.00808028,1.15421943,False
ETTh2,DLinear,42,56,0.24202582,0.0,0.00608034,0.86853939,False
ETTh2,DLinear,42,57,0.22306201,0.01896381,0.00608034,0.86853939,False
ETTh2,DLinear,42,58,0.22886837,0.0,0.00683465,0.9762885,False
ETTh2,DLinear,42,59,0.24692244,0.0,0.00683465,0.9762885,False
ETTh2,DLinear,42,60,0.23171301,0.01520943,0.00304189,0.43451528,False
ETTh2,DLinear,42,61,0.23434001,0.0,0.00567841,0.81112713,False
ETTh2,DLinear,42,62,0.24621014,0.0,0.006471,0.92434358,False
ETTh2,DLinear,42,63,0.23302751,0.01318263,0.00363541,0.51929611,False
ETTh2,DLinear,42,64,0.22906457,0.00396294,0.00363541,0.51929611,False
ETTh2,DLinear,42,65,0.2280331,0.00103147,0.00600831,0.85825041,False
ETTh2,DLinear,42,66,0.24573534,0.0,0.00337178,0.48163856,False
ETTh2,DLinear,42,67,0.23387084,0.01186449,0.00257919,0.36842211,False
ETTh2,DLinear,42,68,0.23420323,0.0,0.0023729,0.33895429,False
ETTh2,DLinear,42,69,0.23727813,0.0,0.00347452,0.49631424,False
ETTh2,DLinear,42,70,0.24427433,0.0,0.00122917,0.17557932,False
ETTh2,DLinear,42,71,0.23876622,0.00550811,0.00190343,0.27189324,False
ETTh2,DLinear,42,72,0.23812848,0.00063774,0.00349477,0.49920733,False
ETTh2,DLinear,42,73,0.23475719,0.0033713,0.00349477,0.49920733,False
ETTh2,DLinear,42,74,0.22680046,0.00795673,0.00320043,0.45716248,False
ETTh2,DLinear,42,75,0.24281114,0.0,0.00307288,0.43894311,False
ETTh2,DLinear,42,76,0.23877474,0.0040364,0.00399563,0.57075211,False
ETTh2,DLinear,42,77,0.24201464,0.0,0.00307211,0.43883278,False
ETTh2,DLinear,42,78,0.2340296,0.00798504,0.00307211,0.43883278,False
ETTh2,DLinear,42,79,0.23069048,0.00333912,0.00283104,0.40439709,False
ETTh2,DLinear,42,80,0.24071618,0.0,0.00377472,0.53919612,False
ETTh2,MLP,42,2,0.27608258,0.01673873,0.01149973,1.03866979,False
ETTh2,MLP,42,3,0.28498679,0.0,0.01224585,1.10606015,False
ETTh2,MLP,42,4,0.26722631,0.01776048,0.00979668,0.88484812,False
ETTh2,MLP,42,5,0.2527421,0.01448421,0.01075082,0.97102696,False
ETTh2,MLP,42,6,0.27658011,0.0,0.0110649,0.99939497,False
ETTh2,MLP,42,7,0.2550707,0.02150941,0.0075128,0.67856548,False
ETTh2,MLP,42,8,0.2535003,0.0015704,0.00461596,0.41691924,False
ETTh2,MLP,42,9,0.25753171,0.0,0.00863169,0.7796245,False
ETTh2,MLP,42,10,0.26621728,0.0,0.00432981,0.39107327,False
ETTh2,MLP,42,11,0.24613865,0.02007863,0.00401573,0.36270526,False
ETTh2,MLP,42,12,0.25079835,0.0,0.00620898,0.56080236,False
ETTh2,MLP,42,13,0.25669538,0.0,0.00620898,0.56080236,False
ETTh2,MLP,42,14,0.24572912,0.01096626,0.00219325,0.1980971,False
ETTh2,MLP,42,15,0.25609788,0.0,0.00709329,0.64067446,False
ETTh2,MLP,42,16,0.25893554,0.0,0.00709329,0.64067446,False
ETTh2,MLP,42,17,0.23443535,0.02450019,0.00490004,0.44257736,False
ETTh2,MLP,42,18,0.23535878,0.0,0.0093362,0.84325646,False
ETTh2,MLP,42,19,0.26387092,0.0,0.0093362,0.84325646,False
ETTh2,MLP,42,20,0.24169013,0.02218079,0.00443616,0.40067909,False
ETTh2,MLP,42,21,0.24861893,0.0,0.00528459,0.47731044,False
ETTh2,MLP,42,22,0.24997323,0.0,0.00528459,0.47731044,False
ETTh2,MLP,42,23,0.24573108,0.00424216,0.00084843,0.07663135,True
ETTh2,MLP,42,24,0.24602547,0.0,0.00634373,0.5729732,False
ETTh2,MLP,42,25,0.26332725,0.0,0.00634373,0.5729732,False
ETTh2,MLP,42,26,0.23585076,0.02747649,0.00771763,0.69706575,False
ETTh2,MLP,42,27,0.25715491,0.0,0.00771763,0.69706575,False
ETTh2,MLP,42,28,0.24604324,0.01111167,0.01083968,0.9790531,False
ETTh2,MLP,42,29,0.24818237,0.0,0.00534438,0.48271125,False
ETTh2,MLP,42,30,0.23257212,0.01561025,0.00897423,0.81056302,False
ETTh2,MLP,42,31,0.25764306,0.0,0.00699791,0.63205978,False
ETTh2,MLP,42,32,0.23949385,0.01814921,0.00699791,0.63205978,False
ETTh2,MLP,42,33,0.23826376,0.00123009,0.00599942,0.54187517,False
ETTh2,MLP,42,34,0.25199953,0.0,0.00599942,0.54187517,False
ETTh2,MLP,42,35,0.24138172,0.01061781,0.00347924,0.31424919,False
ETTh2,MLP,42,36,0.24317147,0.0,0.0040923,0.36962114,False
ETTh2,MLP,42,37,0.23762318,0.0055483,0.0040923,0.36962114,False
ETTh2,MLP,42,38,0.2333278,0.00429537,0.00498298,0.45006882,False
ETTh2,MLP,42,39,0.25015176,0.0,0.00498298,0.45006882,False
ETTh2,MLP,42,40,0.23508053,0.01507124,0.00387332,0.34984303,False
ETTh2,MLP,42,41,0.24302359,0.0,0.00364203,0.3289526,False
ETTh2,MLP,42,42,0.24336211,0.0,0.00364203,0.3289526,False
ETTh2,MLP,42,43,0.24022319,0.00313892,0.00189519,0.17117587,False
ETTh2,MLP,42,44,0.25532701,0.0,0.00318115,0.28732558,False
ETTh2,MLP,42,45,0.24898998,0.00633703,0.00318115,0.28732558,False
ETTh2,MLP,42,46,0.24256017,0.00642981,0.00354128,0.31985282,False
ETTh2,MLP,42,47,0.24472773,0.0,0.00448527,0.40511469,False
ETTh2,MLP,42,48,0.23978817,0.00493956,0.00321786,0.29064099,False
ETTh2,MLP,42,49,0.23506824,0.00471993,0.00664585,0.60026133,False
ETTh2,MLP,42,50,0.25236552,0.0,0.00664585,0.60026133,False
ETTh2,MLP,42,51,0.22879575,0.02356977,0.00565794,0.51103191,False
ETTh2,MLP,42,52,0.25249137,0.0,0.01038138,0.93765914,False
ETTh2,MLP,42,53,0.25843255,0.0,0.01038138,0.93765914,False
ETTh2,MLP,42,54,0.23009539,0.02833715,0.00566743,0.5118891,False
ETTh2,MLP,42,55,0.23883203,0.0,0.00923595,0.83420197,False
ETTh2,MLP,42,56,0.24799166,0.0,0.00923595,0.83420197,False
ETTh2,MLP,42,57,0.23014907,0.01784259,0.00356852,0.32231286,False
ETTh2,MLP,42,58,0.23445235,0.0,0.00356852,0.32231286,False
ETTh2,MLP,42,59,0.24352613,0.0,0.00712441,0.64348484,False
ETTh2,MLP,42,60,0.25492062,0.0,0.00355589,0.32117198,False
ETTh2,MLP,42,61,0.23714119,0.01777943,0.00629936,0.56896607,False
ETTh2,MLP,42,62,0.26097523,0.0,0.00629936,0.56896607,False
ETTh2,MLP,42,63,0.24725785,0.01371738,0.01089758,0.9842823,False
ETTh2,MLP,42,64,0.26012758,0.0,0.00835882,0.75497834,False
ETTh2,MLP,42,65,0.23713651,0.02299107,0.00835882,0.75497834,False
ETTh2,MLP,42,66,0.23205088,0.00508563,0.00886414,0.80061954,False
ETTh2,MLP,42,67,0.25482784,0.0,0.00886414,0.80061954,False
ETTh2,MLP,42,68,0.23858385,0.01624399,0.00560033,0.50582845,False
ETTh2,MLP,42,69,0.25119062,0.0,0.0045832,0.41396044,False
ETTh2,MLP,42,70,0.24451859,0.00667203,0.00799866,0.72244885,False
ETTh2,MLP,42,71,0.2691633,0.0,0.00534797,0.48303484,False
ETTh2,MLP,42,72,0.252086,0.0170773,0.00865465,0.78169866,False
ETTh2,MLP,42,73,0.24909549,0.00299051,0.00732025,0.66117352,False
ETTh2,MLP,42,74,0.23256206,0.01653343,0.00732025,0.66117352,False
ETTh2,MLP,42,75,0.23855005,0.0,0.00605733,0.54710576,False
ETTh2,MLP,42,76,0.23977204,0.0,0.00545923,0.49308448,False
ETTh2,MLP,42,77,0.2290093,0.01076274,0.00215255,0.19442066,False
ETTh2,MLP,42,78,0.25289383,0.0,0.01193906,1.07835053,False
ETTh2,MLP,42,79,0.28009269,0.0,0.01492383,1.34793816,False
ETTh2,MLP,42,80,0.23116011,0.04893258,0.01631086,1.47321645,False
ETTh2,CNN,42,2,0.32350567,0.0,0.02123798,1.25688121,False
ETTh2,CNN,42,3,0.30167161,0.02183406,0.01592848,0.94266091,False
ETTh2,CNN,42,4,0.25979174,0.04187987,0.01722905,1.01962983,False
ETTh2,CNN,42,5,0.26214321,0.0,0.01722905,1.01962983,False
ETTh2,CNN,42,6,0.23971187,0.02243134,0.01286224,0.76119822,False
ETTh2,CNN,42,7,0.29404054,0.0,0.01581677,0.93604952,False
ETTh2,CNN,42,8,0.29766384,0.0,0.01581677,0.93604952,False
ETTh2,CNN,42,9,0.24101135,0.0566525,0.01314282,0.77780299,False
ETTh2,CNN,42,10,0.26227644,0.0,0.01584448,0.93768928,False
ETTh2,CNN,42,11,0.25321484,0.0090616,0.01584448,0.93768928,False
ETTh2,CNN,42,12,0.23970656,0.01350828,0.00980031,0.57999074,False
ETTh2,CNN,42,13,0.24979638,0.0,0.00980031,0.57999074,False
ETTh2,CNN,42,14,0.22336469,0.02643169,0.00798799,0.47273615,False
ETTh2,CNN,42,15,0.23301617,0.0,0.00528634,0.31284987,False
ETTh2,CNN,42,16,0.24774783,0.0,0.00528634,0.31284987,False
ETTh2,CNN,42,17,0.29309468,0.0,0.01928941,1.14156356,False
ETTh2,CNN,42,18,0.36065875,0.0,0.02261321,1.33826835,False
ETTh2,CNN,42,19,0.26421168,0.09644707,0.02261321,1.33826835,False
ETTh2,CNN,42,20,0.24759272,0.01661896,0.02501997,1.48070284,False
ETTh2,CNN,42,21,0.25741591,0.0,0.02738721,1.62079773,False
ETTh2,CNN,42,22,0.24538207,0.01203384,0.00809779,0.47923417,False
ETTh2,CNN,42,23,0.2335459,0.01183617,0.0099338,0.58789029,False
ETTh2,CNN,42,24,0.2645497,0.0,0.01010797,0.59819834,False
ETTh2,CNN,42,25,0.23875073,0.02579897,0.00770121,0.45576385,False
ETTh2,CNN,42,26,0.23787984,0.00087089,0.00533397,0.31566895,False
ETTh2,CNN,42,27,0.24979409,0.0,0.00533397,0.31566895,False
ETTh2,CNN,42,28,0.25669724,0.0,0.00972637,0.57561469,False
ETTh2,CNN,42,29,0.28104134,0.0,0.00955219,0.56530665,False
ETTh2,CNN,42,30,0.23328039,0.04776096,0.01731302,1.02459894,False
ETTh2,CNN,42,31,0.29276361,0.0,0.02099303,1.24238491,False
ETTh2,CNN,42,32,0.25395947,0.03880414,0.02099303,1.24238491,False
ETTh2,CNN,42,33,0.23555942,0.01840004,0.01491764,0.88283861,False
ETTh2,CNN,42,34,0.26101779,0.0,0.01491764,0.88283861,False
ETTh2,CNN,42,35,0.24363375,0.01738404,0.00715682,0.42354633,False
ETTh2,CNN,42,36,0.24532577,0.0,0.00347681,0.20576035,False
ETTh2,CNN,42,37,0.27497007,0.0,0.01838528,1.08805631,False
ETTh2,CNN,42,38,0.31165412,0.0,0.01490847,0.88229596,False
ETTh2,CNN,42,39,0.23711175,0.07454237,0.01490847,0.88229596,False
ETTh2,CNN,42,40,0.26836147,0.0,0.02180011,1.29014858,False
ETTh2,CNN,42,41,0.27032857,0.0,0.02180011,1.29014858,False
ETTh2,CNN,42,42,0.23587041,0.03445817,0.01062991,0.62908699,False
ETTh2,CNN,42,43,0.30836652,0.0,0.01062991,0.62908699,False
ETTh2,CNN,42,44,0.28967514,0.01869139,0.01836287,1.08673012,False
ETTh2,CNN,42,45,0.30432538,0.0,0.01147124,0.67887749,False
ETTh2,CNN,42,46,0.26566057,0.03866481,0.01147124,0.67887749,False
ETTh2,CNN,42,47,0.2811107,0.0,0.04495042,2.66020319,False
ETTh2,CNN,42,48,0.40761441,0.0,0.04495042,2.66020319,False
ETTh2,CNN,42,49,0.22152713,0.18608728,0.03721746,2.20256007,False
ETTh2,CNN,42,50,0.23068205,0.0,0.03721746,2.20256007,False
ETTh2,CNN,42,51,0.23226647,0.0,0.03721746,2.20256007,False
ETTh2,CNN,42,52,0.24268044,0.0,0.0,0.0,True
ETTh2,CNN,42,53,0.24531231,0.0,0.00805065,0.47644409,False
ETTh2,CNN,42,54,0.28520749,0.0,0.00805065,0.47644409,False
ETTh2,CNN,42,55,0.24495425,0.04025324,0.00805065,0.47644409,False
ETTh2,CNN,42,56,0.24703615,0.0,0.01220194,0.72212116,False
ETTh2,CNN,42,57,0.26895,0.0,0.01220194,0.72212116,False
ETTh2,CNN,42,58,0.24819352,0.02075647,0.02839188,1.68025529,False
ETTh2,CNN,42,59,0.35249424,0.0,0.02839188,1.68025529,False
ETTh2,CNN,42,60,0.2312913,0.12120294,0.03324738,1.96760777,False
ETTh2,CNN,42,61,0.26439651,0.0,0.0298256,1.76510391,False
ETTh2,CNN,42,62,0.24011902,0.02427749,0.0298256,1.76510391,False
ETTh2,CNN,42,63,0.23647145,0.00364757,0.00558501,0.33052569,False
ETTh2,CNN,42,64,0.24761329,0.0,0.00558501,0.33052569,False
ETTh2,CNN,42,65,0.28428886,0.0,0.00493394,0.29199478,False
ETTh2,CNN,42,66,0.29658406,0.0,0.01023191,0.6055328,False
ETTh2,CNN,42,67,0.27556192,0.02102214,0.01276223,0.75527967,False
ETTh2,CNN,42,68,0.24542452,0.03013739,0.01276223,0.75527967,False
ETTh2,CNN,42,69,0.23277288,0.01265164,0.01276223,0.75527967,False
ETTh2,CNN,42,70,0.26223188,0.0,0.00855781,0.5064581,False
ETTh2,CNN,42,71,0.26832609,0.0,0.01079606,0.63891995,False
ETTh2,CNN,42,72,0.30683447,0.0,0.00826573,0.48917308,False
ETTh2,CNN,42,73,0.26550579,0.04132867,2.29646304,135.90659795,False
ETTh2,CNN,42,74,11.80872382,0.0,2.29646304,135.90659795,False
ETTh2,CNN,42,75,0.36773727,11.44098655,2.29924234,136.07107907,False
ETTh2,CNN,42,76,0.3943775,0.0,2.29123171,135.59700304,False
ETTh2,CNN,42,77,0.38048101,0.01389649,2.30331238,136.31194734,False
ETTh2,CNN,42,78,0.37920551,0.0012755,0.01511507,0.89452248,False
ETTh2,CNN,42,79,0.31880214,0.06040336,0.01889384,1.11815309,False
ETTh2,CNN,42,80,0.58447405,0.0,0.02055962,1.21673558,False
ETTm1,DLinear,42,2,0.40782467,0.01313956,0.00703496,1.73313525,False
ETTm1,DLinear,42,3,0.40198944,0.00583522,0.00546533,1.34644045,False
ETTm1,DLinear,42,4,0.39985934,0.0021301,0.00437226,1.07715236,False
ETTm1,DLinear,42,5,0.39910291,0.00075644,0.00229498,0.56539264,False
ETTm1,DLinear,42,6,0.40004885,0.0,0.00112794,0.2778793,False
ETTm1,DLinear,42,7,0.39729569,0.00275316,0.00077821,0.19171995,False
ETTm1,DLinear,42,8,0.39740927,0.0,0.00062692,0.15444874,False
ETTm1,DLinear,42,9,0.39702781,0.00038146,0.00081355,0.20042542,False
ETTm1,DLinear,42,10,0.39774816,0.0,0.00026291,0.06477179,True
ETTm1,DLinear,42,11,0.39681504,0.00093312,0.00026291,0.06477179,False
ETTm1,DLinear,42,12,0.39778207,0.0,0.00018662,0.04597669,False
ETTm1,DLinear,42,13,0.39814973,0.0,0.00031872,0.07852114,False
ETTm1,DLinear,42,14,0.3985698,0.0,0.00026892,0.06625052,False
ETTm1,DLinear,42,15,0.3979093,0.00066051,0.00026892,0.06625052,False
ETTm1,DLinear,42,16,0.39722521,0.00068408,0.00047816,0.11779928,False
ETTm1,DLinear,42,17,0.39811194,0.0,0.00047816,0.11779928,False
ETTm1,DLinear,42,18,0.39706574,0.00104621,0.00034606,0.08525483,False
ETTm1,DLinear,42,19,0.39770082,0.0,0.00020924,0.05154877,False
ETTm1,DLinear,42,20,0.39770879,0.0,0.00020924,0.05154877,False
ETTm1,DLinear,42,21,0.39779917,0.0,0.0,0.0,False
ETTm1,DLinear,42,22,0.39828835,0.0,0.00025887,0.06377605,False
ETTm1,DLinear,42,23,0.39900332,0.0,0.00025887,0.06377605,False
ETTm1,DLinear,42,24,0.39770896,0.00129437,0.00043598,0.10740715,False
ETTm1,DLinear,42,25,0.39881726,0.0,0.00061396,0.15125603,False
ETTm1,DLinear,42,26,0.39793175,0.00088551,0.00061396,0.15125603,False
ETTm1,DLinear,42,27,0.39704181,0.00088993,0.00065879,0.16230022,False
ETTm1,DLinear,42,28,0.39794862,0.0,0.00065879,0.16230022,False
ETTm1,DLinear,42,29,0.39643011,0.00151851,0.00070437,0.1735292,False
ETTm1,DLinear,42,30,0.39733438,0.0,0.00052638,0.12968032,False
ETTm1,DLinear,42,31,0.39622097,0.00111341,0.00094825,0.2336109,False
ETTm1,DLinear,42,32,0.39759488,0.0,0.00064455,0.15879065,False
ETTm1,DLinear,42,33,0.39548556,0.00210932,0.00090899,0.22393801,False
ETTm1,DLinear,42,34,0.39797486,0.0,0.0006863,0.16907793,False
ETTm1,DLinear,42,35,0.39665266,0.0013222,0.0006863,0.16907793,False
ETTm1,DLinear,42,36,0.39668977,0.0,0.00026444,0.06514735,False
ETTm1,DLinear,42,37,0.39730106,0.0,0.00038656,0.09523309,False
ETTm1,DLinear,42,38,0.39750012,0.0,0.00012212,0.03008574,False
ETTm1,DLinear,42,39,0.39688952,0.0006106,0.00028768,0.07087317,False
ETTm1,DLinear,42,40,0.39768001,0.0,0.00033644,0.08288641,False
ETTm1,DLinear,42,41,0.39685221,0.0008278,0.00033644,0.08288641,False
ETTm1,DLinear,42,42,0.3966084,0.00024381,0.00021432,0.05280067,False
ETTm1,DLinear,42,43,0.39667121,0.0,0.00047042,0.11589251,False
ETTm1,DLinear,42,44,0.39781597,0.0,0.00058859,0.14500472,False
ETTm1,DLinear,42,45,0.39653549,0.00128048,0.00053983,0.13299148,False
ETTm1,DLinear,42,46,0.39511684,0.00141865,0.00053983,0.13299148,False
ETTm1,DLinear,42,47,0.3962379,0.0,0.00076959,0.18959649,False
ETTm1,DLinear,42,48,0.39763812,0.0,0.00051349,0.12650465,False
ETTm1,DLinear,42,49,0.39648929,0.00114883,0.0004922,0.12125923,False
ETTm1,DLinear,42,50,0.39840535,0.0,0.00061052,0.15040694,False
ETTm1,DLinear,42,51,0.39709316,0.00131219,0.00061052,0.15040694,False
ETTm1,DLinear,42,52,0.3965016,0.00059157,0.00076061,0.18738522,False
ETTm1,DLinear,42,53,0.39895325,0.0,0.0007626,0.18787542,False
ETTm1,DLinear,42,54,0.39705393,0.00189932,0.00050017,0.1232212,False
ETTm1,DLinear,42,55,0.39704398,9.95e-06,0.00038185,0.09407349,False
ETTm1,DLinear,42,56,0.39726915,0.0,0.00038185,0.09407349,False
ETTm1,DLinear,42,57,0.39794068,0.0,0.00037075,0.09133771,False
ETTm1,DLinear,42,58,0.39833105,0.0,0.00036876,0.09084751,False
ETTm1,DLinear,42,59,0.39648726,0.00184379,0.00040055,0.09867939,False
ETTm1,DLinear,42,60,0.39749892,0.0,0.00040055,0.09867939,False
ETTm1,DLinear,42,61,0.39733997,0.00015895,0.0005171,0.12739306,False
ETTm1,DLinear,42,62,0.39787058,0.0,0.00014834,0.03654556,False
ETTm1,DLinear,42,63,0.39728783,0.00058276,0.00014834,0.03654556,False
ETTm1,DLinear,42,64,0.39753052,0.0,0.00042751,0.10532059,False
ETTm1,DLinear,42,65,0.39797656,0.0,0.00042751,0.10532059,False
ETTm1,DLinear,42,66,0.39642179,0.00155477,0.00031095,0.07660692,False
ETTm1,DLinear,42,67,0.39699093,0.0,0.00031095,0.07660692,False
ETTm1,DLinear,42,68,0.39716613,0.0,0.00044171,0.10881903,False
ETTm1,DLinear,42,69,0.39821114,0.0,0.00013075,0.03221211,False
ETTm1,DLinear,42,70,0.39755738,0.00065376,0.00064483,0.15885962,False
ETTm1,DLinear,42,71,0.39916179,0.0,0.00085246,0.21001177,False
ETTm1,DLinear,42,72,0.39659142,0.00257037,0.00085246,0.21001177,False
ETTm1,DLinear,42,73,0.39555326,0.00103816,0.00072171,0.17779966,False
ETTm1,DLinear,42,74,0.39611809,0.0,0.00102413,0.2523041,False
ETTm1,DLinear,42,75,0.39817216,0.0,0.00051005,0.12565659,False
ETTm1,DLinear,42,76,0.39666005,0.0015121,0.00082998,0.20447474,False
ETTm1,DLinear,42,77,0.39808424,0.0,0.00082998,0.20447474,False
ETTm1,DLinear,42,78,0.39544643,0.00263781,0.00082998,0.20447474,False
ETTm1,DLinear,42,79,0.39602314,0.0,0.00065945,0.16246288,False
ETTm1,DLinear,42,80,0.39655386,0.0,0.00087927,0.21661717,False
ETTm1,MLP,42,2,0.43682987,0.03987971,0.01933292,1.79128261,False
ETTm1,MLP,42,3,0.4235984,0.01323147,0.0154261,1.42929837,False
ETTm1,MLP,42,4,0.41871082,0.00488759,0.01249602,1.15781305,False
ETTm1,MLP,42,5,0.41500516,0.00370565,0.00467757,0.4333985,False
ETTm1,MLP,42,6,0.41422947,0.0007757,0.00203128,0.18820746,False
ETTm1,MLP,42,7,0.41344199,0.00078747,0.00124658,0.11550111,False
ETTm1,MLP,42,8,0.41359389,0.0,0.00050545,0.04683197,True
ETTm1,MLP,42,9,0.41262982,0.00096407,0.00046164,0.04277332,False
ETTm1,MLP,42,10,0.41338764,0.0,0.00030415,0.02818072,False
ETTm1,MLP,42,11,0.41283096,0.00055668,0.00065602,0.06078344,False
ETTm1,MLP,42,12,0.41283188,0.0,0.00046321,0.04291842,False
ETTm1,MLP,42,13,0.41107251,0.00175937,0.00046321,0.04291842,False
ETTm1,MLP,42,14,0.4121922,0.0,0.00044526,0.04125542,False
ETTm1,MLP,42,15,0.41316024,0.0,0.00072006,0.0667169,False
ETTm1,MLP,42,16,0.41269331,0.00046693,0.00036819,0.03411419,False
ETTm1,MLP,42,17,0.4113193,0.001374,0.00042389,0.03927516,False
ETTm1,MLP,42,18,0.41219159,0.0,0.00042389,0.03927516,False
ETTm1,MLP,42,19,0.41191309,0.00027851,0.00089775,0.0831805,False
ETTm1,MLP,42,20,0.41398536,0.0,0.00062295,0.05771901,False
ETTm1,MLP,42,21,0.41114912,0.00283624,0.00088122,0.08164932,False
ETTm1,MLP,42,22,0.41232551,0.0,0.00082552,0.07648835,False
ETTm1,MLP,42,23,0.41103414,0.00129137,0.00121616,0.11268265,False
ETTm1,MLP,42,24,0.41142257,0.0,0.00064891,0.06012461,False
ETTm1,MLP,42,25,0.40946939,0.00195319,0.00065344,0.06054383,False
ETTm1,MLP,42,26,0.41021389,0.0,0.00039516,0.03661352,False
ETTm1,MLP,42,27,0.41019126,2.262e-05,0.00074113,0.06866948,False
ETTm1,MLP,42,28,0.41056987,0.0,0.0003505,0.03247518,False
ETTm1,MLP,42,29,0.40884,0.00172986,0.0003505,0.03247518,False
ETTm1,MLP,42,30,0.40999859,0.0,0.00034597,0.03205596,False
ETTm1,MLP,42,31,0.41083681,0.0,0.00044477,0.04121032,False
ETTm1,MLP,42,32,0.41096597,0.0,9.88e-05,0.00915436,False
ETTm1,MLP,42,33,0.41047197,0.000494,0.00087935,0.08147564,False
ETTm1,MLP,42,34,0.41626712,0.0,0.00144377,0.13377138,False
ETTm1,MLP,42,35,0.41236438,0.00390274,0.00144377,0.13377138,False
ETTm1,MLP,42,36,0.40954229,0.00282208,0.00162649,0.15070144,False
ETTm1,MLP,42,37,0.4111504,0.0,0.00162649,0.15070144,False
ETTm1,MLP,42,38,0.40974278,0.00140762,0.00084594,0.07838015,False
ETTm1,MLP,42,39,0.41037378,0.0,0.00052263,0.04842425,False
ETTm1,MLP,42,40,0.41233532,0.0,0.00052263,0.04842425,False
ETTm1,MLP,42,41,0.41112978,0.00120554,0.00043293,0.04011247,False
ETTm1,MLP,42,42,0.41202539,0.0,0.00043293,0.04011247,False
ETTm1,MLP,42,43,0.41106631,0.00095908,0.00043293,0.04011247,False
ETTm1,MLP,42,44,0.41164374,0.0,0.00019182,0.01777264,False
ETTm1,MLP,42,45,0.41190945,0.0,0.00037889,0.03510594,False
ETTm1,MLP,42,46,0.4122602,0.0,0.00040456,0.03748464,False
ETTm1,MLP,42,47,0.41132483,0.00093537,0.00040456,0.03748464,False
ETTm1,MLP,42,48,0.41023738,0.00108744,0.00040456,0.03748464,False
ETTm1,MLP,42,49,0.41355538,0.0,0.0015299,0.14175253,False
ETTm1,MLP,42,50,0.42162758,0.0,0.00221267,0.20501369,False
ETTm1,MLP,42,51,0.41600087,0.0056267,0.00199518,0.18486236,False
ETTm1,MLP,42,52,0.41165168,0.00434919,0.00199518,0.18486236,False
ETTm1,MLP,42,53,0.41377215,0.0,0.00284597,0.26369226,False
ETTm1,MLP,42,54,0.41645016,0.0,0.00172063,0.15942436,False
ETTm1,MLP,42,55,0.41219619,0.00425397,0.00085079,0.0788299,False
ETTm1,MLP,42,56,0.41465577,0.0,0.00145278,0.13460632,False
ETTm1,MLP,42,57,0.41493709,0.0,0.00145278,0.13460632,False
ETTm1,MLP,42,58,0.41192718,0.00300991,0.00083819,0.07766207,False
ETTm1,MLP,42,59,0.41499383,0.0,0.00083819,0.07766207,False
ETTm1,MLP,42,60,0.4138128,0.00118104,0.00083819,0.07766207,False
ETTm1,MLP,42,61,0.41473141,0.0,0.00023621,0.02188565,False
ETTm1,MLP,42,62,0.41571552,0.0,0.00024595,0.02278794,False
ETTm1,MLP,42,63,0.41642427,0.0,0.00012979,0.01202569,False
ETTm1,MLP,42,64,0.41637557,4.869e-05,0.00021041,0.01949587,False
ETTm1,MLP,42,65,0.41577531,0.00060026,0.00057986,0.05372671,False
ETTm1,MLP,42,66,0.41537219,0.00040312,0.00057986,0.05372671,False
ETTm1,MLP,42,67,0.41352496,0.00184723,0.00078431,0.07266989,False
ETTm1,MLP,42,68,0.41642275,0.0,0.00081312,0.0753394,False
ETTm1,MLP,42,69,0.41535181,0.00107094,0.0007325,0.06786921,False
ETTm1,MLP,42,70,0.4146075,0.00074432,0.00036305,0.03363837,False
ETTm1,MLP,42,71,0.41490621,0.0,0.00036305,0.03363837,False
ETTm1,MLP,42,72,0.41640007,0.0,0.00017068,0.01581412,False
ETTm1,MLP,42,73,0.41725458,0.0,2.181e-05,0.00202121,False
ETTm1,MLP,42,74,0.4171455,0.00010907,2.181e-05,0.00202121,False
ETTm1,MLP,42,75,0.41725551,0.0,0.00065165,0.06037821,False
ETTm1,MLP,42,76,0.42082319,0.0,0.00151927,0.14076725,False
ETTm1,MLP,42,77,0.41767402,0.00314917,0.00149746,0.13874604,False
ETTm1,MLP,42,78,0.41333591,0.00433811,0.00149746,0.13874604,False
ETTm1,MLP,42,79,0.4162997,0.0,0.00187182,0.17343255,False
ETTm1,MLP,42,80,0.41809184,0.0,0.00144604,0.13398173,False
ETTm1,CNN,42,2,0.42392691,0.01046227,0.00651467,1.24672213,False
ETTm1,CNN,42,3,0.41814523,0.00578168,0.00665208,1.2730193,False
ETTm1,CNN,42,4,0.41484519,0.00330004,0.00532166,1.01841544,False
ETTm1,CNN,42,5,0.40778086,0.00706432,0.00423714,0.8108681,False
ETTm1,CNN,42,6,0.4103394,0.0,0.00340163,0.65097503,False
ETTm1,CNN,42,7,0.40529975,0.00503965,0.00274162,0.5246681,False
ETTm1,CNN,42,8,0.40369562,0.00160413,0.00175258,0.33539354,False
ETTm1,CNN,42,9,0.40608013,0.0,0.00190009,0.36362359,False
ETTm1,CNN,42,10,0.40396102,0.00211911,0.00089216,0.1707346,False
ETTm1,CNN,42,11,0.40322345,0.00073757,0.00081719,0.15638609,False
ETTm1,CNN,42,12,0.40548393,0.0,0.00096439,0.18455631,False
ETTm1,CNN,42,13,0.40425469,0.00122924,0.00077535,0.14837908,False
ETTm1,CNN,42,14,0.40351868,0.00073601,0.00062783,0.12014903,False
ETTm1,CNN,42,15,0.40234478,0.0011739,0.00217794,0.4167966,False
ETTm1,CNN,42,16,0.40766043,0.0,0.0020455,0.39144977,False
ETTm1,CNN,42,17,0.39990986,0.00775056,0.00189829,0.36327955,False
ETTm1,CNN,42,18,0.39934286,0.000567,0.00166351,0.31834917,False
ETTm1,CNN,42,19,0.40166896,0.0,0.00219989,0.42099604,False
ETTm1,CNN,42,20,0.40266958,0.0,0.00097091,0.18580427,False
ETTm1,CNN,42,21,0.39998771,0.00268187,0.00085751,0.16410267,False
ETTm1,CNN,42,22,0.39838204,0.00160567,0.00085751,0.16410267,False
ETTm1,CNN,42,23,0.40090316,0.0,0.00085751,0.16410267,False
ETTm1,CNN,42,24,0.40352673,0.0,0.0011061,0.21167605,False
ETTm1,CNN,42,25,0.40386907,0.0,0.00115518,0.22106923,False
ETTm1,CNN,42,26,0.39994423,0.00392483,0.00115518,0.22106923,False
ETTm1,CNN,42,27,0.39809315,0.00185108,0.00115518,0.22106923,False
ETTm1,CNN,42,28,0.3995806,0.0,0.00139621,0.26719544,False
ETTm1,CNN,42,29,0.40077,0.0,0.00061125,0.1169752,False
ETTm1,CNN,42,30,0.39956485,0.00120515,0.00083157,0.15913882,False
ETTm1,CNN,42,31,0.40519585,0.0,0.00083157,0.15913882,False
ETTm1,CNN,42,32,0.40224315,0.0029527,0.0019111,0.36573109,False
ETTm1,CNN,42,33,0.40278608,0.0,0.00167007,0.31960488,False
ETTm1,CNN,42,34,0.3973884,0.00539767,0.00167007,0.31960488,False
ETTm1,CNN,42,35,0.39991627,0.0,0.00107953,0.20659228,False
ETTm1,CNN,42,36,0.40068019,0.0,0.00150127,0.28730099,False
ETTm1,CNN,42,37,0.40163982,0.0,0.00065326,0.12501505,False
ETTm1,CNN,42,38,0.39953113,0.00210869,0.00065326,0.12501505,False
ETTm1,CNN,42,39,0.39837353,0.0011576,0.00085836,0.1642654,False
ETTm1,CNN,42,40,0.40218831,0.0,0.00085836,0.1642654,False
ETTm1,CNN,42,41,0.40116281,0.0010255,0.00221006,0.42294223,False
ETTm1,CNN,42,42,0.40766893,0.0,0.00197854,0.37863589,False
ETTm1,CNN,42,43,0.39880175,0.00886719,0.00197854,0.37863589,False
ETTm1,CNN,42,44,0.39928356,0.0,0.00181582,0.34749637,False
ETTm1,CNN,42,45,0.40592331,0.0,0.00215925,0.4132195,False
ETTm1,CNN,42,46,0.40571139,0.00021191,0.00038581,0.07383396,True
ETTm1,CNN,42,47,0.40399423,0.00171716,0.00038581,0.07383396,False
ETTm1,CNN,42,48,0.40503952,0.0,0.00213675,0.40891232,False
ETTm1,CNN,42,49,0.4146032,0.0,0.00225974,0.43244912,False
ETTm1,CNN,42,50,0.40584855,0.00875465,0.00216083,0.41352183,False
ETTm1,CNN,42,51,0.40502169,0.00082686,0.0024708,0.47284034,False
ETTm1,CNN,42,52,0.40379904,0.00122264,0.0024708,0.47284034,False
ETTm1,CNN,42,53,0.40224922,0.00154983,0.00071987,0.13776198,False
ETTm1,CNN,42,54,0.4085905,0.0,0.00219045,0.41918939,False
ETTm1,CNN,42,55,0.4095769,0.0,0.00194592,0.37239355,False
ETTm1,CNN,42,56,0.40139713,0.00817977,0.00262505,0.50236089,False
ETTm1,CNN,42,57,0.4078916,0.0,0.00262505,0.50236089,False
ETTm1,CNN,42,58,0.4029461,0.00494551,0.00491741,0.94105201,False
ETTm1,CNN,42,59,0.41553179,0.0,0.00341493,0.65352058,False
ETTm1,CNN,42,60,0.40407002,0.01146176,0.00369727,0.70755222,False
ETTm1,CNN,42,61,0.40340264,0.00066738,0.00270817,0.51826637,False
ETTm1,CNN,42,62,0.40199095,0.00141169,0.00270817,0.51826637,False
ETTm1,CNN,42,63,0.40293687,0.0,0.00160964,0.30803989,False
ETTm1,CNN,42,64,0.40965351,0.0,0.00159301,0.30485598,False
ETTm1,CNN,42,65,0.40368437,0.00596914,0.0016248,0.31093982,False
ETTm1,CNN,42,66,0.40310017,0.0005842,0.0016248,0.31093982,False
ETTm1,CNN,42,67,0.40152952,0.00157065,0.00200061,0.38285995,False
ETTm1,CNN,42,68,0.40714756,0.0,0.00080678,0.15439531,False
ETTm1,CNN,42,69,0.40526849,0.00187907,0.0013079,0.25029572,False
ETTm1,CNN,42,70,0.41044864,0.0,0.00208464,0.3989411,False
ETTm1,CNN,42,71,0.40735884,0.0030898,0.00208464,0.3989411,False
ETTm1,CNN,42,72,0.40190451,0.00545433,0.00282631,0.54087509,False
ETTm1,CNN,42,73,0.4095657,0.0,0.0032688,0.62555634,False
ETTm1,CNN,42,74,0.40397829,0.00558741,0.00265084,0.50729623,False
ETTm1,CNN,42,75,0.40176581,0.00221248,0.00155998,0.29853537,False
ETTm1,CNN,42,76,0.40562481,0.0,0.00232708,0.4453362,False
ETTm1,CNN,42,77,0.40884659,0.0,0.00120959,0.23148208,False
ETTm1,CNN,42,78,0.4050111,0.00383549,0.0007671,0.14680083,False
ETTm1,CNN,42,79,0.4068049,0.0,0.00095887,0.18350104,False
ETTm1,CNN,42,80,0.41008611,0.0,0.0012785,0.24466805,False
ETTm2,DLinear,42,2,0.14191642,0.00143582,0.00540305,1.20958943,False
ETTm2,DLinear,42,3,0.14824669,0.0,0.00405228,0.90719208,False
ETTm2,DLinear,42,4,0.13347336,0.01477332,0.00324183,0.72575366,False
ETTm2,DLinear,42,5,0.13435181,0.0,0.00481853,1.07873242,False
ETTm2,DLinear,42,6,0.14051098,0.0,0.00481853,1.07873242,False
ETTm2,DLinear,42,7,0.13119166,0.00931932,0.00259565,0.58109291,False
ETTm2,DLinear,42,8,0.13245193,0.0,0.00259565,0.58109291,False
ETTm2,DLinear,42,9,0.128793,0.00365893,0.00259565,0.58109291,False
ETTm2,DLinear,42,10,0.13313313,0.0,0.00153764,0.344235,False
ETTm2,DLinear,42,11,0.14273702,0.0,0.00217237,0.48633235,False
ETTm2,DLinear,42,12,0.13870773,0.00402928,0.00150896,0.33781345,False
ETTm2,DLinear,42,13,0.1355341,0.00317363,0.00150896,0.33781345,False
ETTm2,DLinear,42,14,0.13519222,0.00034188,0.00150896,0.33781345,False
ETTm2,DLinear,42,15,0.13532842,0.0,0.01439622,3.22290643,False
ETTm2,DLinear,42,16,0.20171188,0.0,0.0141365,3.16476232,False
ETTm2,DLinear,42,17,0.13324631,0.06846558,0.01418253,3.17506763,False
ETTm2,DLinear,42,18,0.13137128,0.00187503,0.01418253,3.17506763,False
ETTm2,DLinear,42,19,0.13079923,0.00057204,0.01462192,3.27343403,False
ETTm2,DLinear,42,20,0.13847624,0.0,0.00194828,0.43616419,False
ETTm2,DLinear,42,21,0.1362793,0.00219694,0.00157327,0.35221094,False
ETTm2,DLinear,42,22,0.13118193,0.00509738,0.00465359,1.04180671,False
ETTm2,DLinear,42,23,0.14524102,0.0,0.00465359,1.04180671,False
ETTm2,DLinear,42,24,0.1292674,0.01597362,0.0042142,0.94344031,False
ETTm2,DLinear,42,25,0.13149864,0.0,0.00402884,0.901943,False
ETTm2,DLinear,42,26,0.13613261,0.0,0.00453514,1.01529031,False
ETTm2,DLinear,42,27,0.13196204,0.00417057,0.00134042,0.30008174,False
ETTm2,DLinear,42,28,0.12943052,0.00253152,0.00134042,0.30008174,False
ETTm2,DLinear,42,29,0.13290463,0.0,0.00167472,0.37492155,False
ETTm2,DLinear,42,30,0.13568311,0.0,0.00158866,0.35565598,False
ETTm2,DLinear,42,31,0.13401162,0.00167149,0.00108235,0.24230867,False
ETTm2,DLinear,42,32,0.13027134,0.00374029,0.00108235,0.24230867,False
ETTm2,DLinear,42,33,0.13361911,0.0,0.00272013,0.60896014,False
ETTm2,DLinear,42,34,0.13945064,0.0,0.00238583,0.53412033,False
ETTm2,DLinear,42,35,0.13126176,0.00818887,0.00173013,0.38732617,False
ETTm2,DLinear,42,36,0.13672154,0.0,0.00252666,0.56564806,False
ETTm2,DLinear,42,37,0.13625979,0.00046175,0.00252666,0.56564806,False
ETTm2,DLinear,42,38,0.13227711,0.00398268,0.00290868,0.65117115,False
ETTm2,DLinear,42,39,0.14333323,0.0,0.00290868,0.65117115,False
ETTm2,DLinear,42,40,0.13323426,0.01009896,0.00309884,0.69374341,False
ETTm2,DLinear,42,41,0.13671971,0.0,0.00255649,0.57232521,False
ETTm2,DLinear,42,42,0.13530714,0.00141257,0.00255649,0.57232521,False
ETTm2,DLinear,42,43,0.13403624,0.0012709,0.00067829,0.15184892,False
ETTm2,DLinear,42,44,0.13501714,0.0,0.00143242,0.32067919,False
ETTm2,DLinear,42,45,0.13430918,0.00070796,0.00114991,0.25743223,False
ETTm2,DLinear,42,46,0.13053849,0.00377069,0.00155471,0.34805638,False
ETTm2,DLinear,42,47,0.13455915,0.0,0.00155471,0.34805638,False
ETTm2,DLinear,42,48,0.13126423,0.00329492,0.00264596,0.59235607,False
ETTm2,DLinear,42,49,0.13706873,0.0,0.00189182,0.4235258,False
ETTm2,DLinear,42,50,0.13090453,0.0061642,0.00189182,0.4235258,False
ETTm2,DLinear,42,51,0.13122374,0.0,0.0015614,0.34955247,False
ETTm2,DLinear,42,52,0.13801905,0.0,0.0015614,0.34955247,False
ETTm2,DLinear,42,53,0.13637626,0.00164278,0.00073515,0.16457953,False
ETTm2,DLinear,42,54,0.13858248,0.0,0.00073515,0.16457953,False
ETTm2,DLinear,42,55,0.13654951,0.00203297,0.00224314,0.50217575,False
ETTm2,DLinear,42,56,0.14399915,0.0,0.00260131,0.58235988,False
ETTm2,DLinear,42,57,0.1364592,0.00753995,0.00260131,0.58235988,False
ETTm2,DLinear,42,58,0.13302557,0.00343363,0.00257926,0.57742423,False
ETTm2,DLinear,42,59,0.13316515,0.0,0.00257926,0.57742423,False
ETTm2,DLinear,42,60,0.13124241,0.00192274,0.00107127,0.23982801,False
ETTm2,DLinear,42,61,0.13472345,0.0,0.00038455,0.08608937,True
ETTm2,DLinear,42,62,0.13924075,0.0,0.0033128,0.74164168,False
ETTm2,DLinear,42,63,0.14382689,0.0,0.00292825,0.65555231,False
ETTm2,DLinear,42,64,0.12918564,0.01464125,0.00293513,0.65709189,False
ETTm2,DLinear,42,65,0.14020412,0.0,0.00326823,0.73166486,False
ETTm2,DLinear,42,66,0.14016974,3.439e-05,0.00443962,0.99390486,False
ETTm2,DLinear,42,67,0.13850421,0.00166553,0.00177353,0.3970435,False
ETTm2,DLinear,42,68,0.13264729,0.00585693,0.00177353,0.3970435,False
ETTm2,DLinear,42,69,0.13133647,0.00131082,0.00176665,0.39550393,False
ETTm2,DLinear,42,70,0.13305169,0.0,0.0024203,0.54183746,False
ETTm2,DLinear,42,71,0.14146417,0.0,0.00156721,0.35085335,False
ETTm2,DLinear,42,72,0.1365304,0.00493377,0.0020343,0.45542252,False
ETTm2,DLinear,42,73,0.13493895,0.00159144,0.0020343,0.45542252,False
ETTm2,DLinear,42,74,0.13129267,0.00364629,0.0028838,0.64560151,False
ETTm2,DLinear,42,75,0.13266696,0.0,0.00189705,0.424695,False
ETTm2,DLinear,42,76,0.12841947,0.0042475,0.00475256,1.06396393,False
ETTm2,DLinear,42,77,0.14690361,0.0,0.0040233,0.9007038,False
ETTm2,DLinear,42,78,0.13103459,0.01586902,0.0040233,0.9007038,False
ETTm2,DLinear,42,79,0.132128,0.0,0.00396725,0.88815602,False
ETTm2,DLinear,42,80,0.13513083,0.0,0.00528967,1.18420803,False
ETTm2,MLP,42,2,0.1569322,0.00065496,0.00372743,1.00127249,False
ETTm2,MLP,42,3,0.15007341,0.00685878,0.00397872,1.0687756,False
ETTm2,MLP,42,4,0.14640487,0.00366854,0.00397506,1.06779306,False
ETTm2,MLP,42,5,0.14167227,0.0047326,0.004152,1.11532205,False
ETTm2,MLP,42,6,0.13771184,0.00396043,0.00278024,0.7468368,False
ETTm2,MLP,42,7,0.1361722,0.00153964,0.00325809,0.87519877,False
ETTm2,MLP,42,8,0.141237,0.0,0.00231157,0.62094178,False
ETTm2,MLP,42,9,0.1351792,0.0060578,0.00151949,0.4081692,False
ETTm2,MLP,42,10,0.13567572,0.0,0.00121156,0.32545263,False
ETTm2,MLP,42,11,0.13617228,0.0,0.00277409,0.74518402,False
ETTm2,MLP,42,12,0.13914708,0.0,0.00156253,0.41973139,False
ETTm2,MLP,42,13,0.13133443,0.00781265,0.00299295,0.80397495,False
ETTm2,MLP,42,14,0.14062009,0.0,0.00299295,0.80397495,False
ETTm2,MLP,42,15,0.13346799,0.0071521,0.00421808,1.13307258,False
ETTm2,MLP,42,16,0.1389135,0.0,0.00265555,0.71334119,False
ETTm2,MLP,42,17,0.13278786,0.00612564,0.00265555,0.71334119,False
ETTm2,MLP,42,18,0.13386169,0.0,0.00122513,0.32909763,False
ETTm2,MLP,42,19,0.13450568,0.0,0.00122513,0.32909763,False
ETTm2,MLP,42,20,0.13483542,0.0,0.0,0.0,True
ETTm2,MLP,42,21,0.13890719,0.0,0.00815087,2.18951071,False
ETTm2,MLP,42,22,0.17950231,0.0,0.00996105,2.67576499,False
ETTm2,MLP,42,23,0.13874795,0.04075436,0.00996105,2.67576499,False
ETTm2,MLP,42,24,0.12969708,0.00905087,0.00996105,2.67576499,False
ETTm2,MLP,42,25,0.1342811,0.0,0.05251369,14.10637789,False
ETTm2,MLP,42,26,0.35149904,0.0,0.04436281,11.91686719,False
ETTm2,MLP,42,27,0.13873584,0.2127632,0.04479014,12.03165663,False
ETTm2,MLP,42,28,0.14451104,0.0,0.04479014,12.03165663,False
ETTm2,MLP,42,29,0.13332354,0.0111875,0.05370679,14.42687315,False
ETTm2,MLP,42,30,0.18667636,0.0,0.01255987,3.37386852,False
ETTm2,MLP,42,31,0.1420931,0.04458325,0.01255987,3.37386852,False
ETTm2,MLP,42,32,0.13506451,0.00702859,0.01364477,3.66529789,False
ETTm2,MLP,42,33,0.15024949,0.0,0.01451666,3.89950812,False
ETTm2,MLP,42,34,0.13363748,0.01661201,0.00560001,1.5042916,False
ETTm2,MLP,42,35,0.12927802,0.00435946,0.00419429,1.12668333,False
ETTm2,MLP,42,36,0.13001153,0.0,0.00592217,1.59082922,False
ETTm2,MLP,42,37,0.14427725,0.0,0.00381921,1.02592637,False
ETTm2,MLP,42,38,0.13563789,0.00863936,0.00294731,0.79171614,False
ETTm2,MLP,42,39,0.12954067,0.00609721,0.00294731,0.79171614,False
ETTm2,MLP,42,40,0.13132903,0.0,0.00491824,1.32115308,False
ETTm2,MLP,42,41,0.13731661,0.0,0.00319037,0.85700718,False
ETTm2,MLP,42,42,0.12746196,0.00985465,0.00210733,0.56607724,False
ETTm2,MLP,42,43,0.13087785,0.0,0.00274574,0.73756926,False
ETTm2,MLP,42,44,0.13019585,0.000682,0.00274574,0.73756926,False
ETTm2,MLP,42,45,0.12700379,0.00319206,0.00110056,0.29563613,False
ETTm2,MLP,42,46,0.13199325,0.0,0.00110056,0.29563613,False
ETTm2,MLP,42,47,0.1303645,0.00162875,0.00218243,0.58625097,False
ETTm2,MLP,42,48,0.13529026,0.0,0.00154402,0.41475895,False
ETTm2,MLP,42,49,0.12919891,0.00609135,0.00154402,0.41475895,False
ETTm2,MLP,42,50,0.13102003,0.0,0.00367738,0.98782888,False
ETTm2,MLP,42,51,0.14124185,0.0,0.00374851,1.00693582,False
ETTm2,MLP,42,52,0.12894629,0.01229556,0.00253024,0.67968068,False
ETTm2,MLP,42,53,0.12859064,0.00035565,0.00407854,1.09558825,False
ETTm2,MLP,42,54,0.13411846,0.0,0.00407854,1.09558825,False
ETTm2,MLP,42,55,0.12637699,0.00774148,0.00161942,0.43501452,False
ETTm2,MLP,42,56,0.12791816,0.0,0.00617064,1.6575745,False
ETTm2,MLP,42,57,0.14932792,0.0,0.00617064,1.6575745,False
ETTm2,MLP,42,58,0.12621621,0.02311171,0.00524057,1.40773713,False
ETTm2,MLP,42,59,0.13145197,0.0,0.00524057,1.40773713,False
ETTm2,MLP,42,60,0.12836083,0.00309114,0.00606042,1.62796773,False
ETTm2,MLP,42,61,0.13103888,0.0,0.00143808,0.38630081,False
ETTm2,MLP,42,62,0.12693963,0.00409925,0.00143808,0.38630081,False
ETTm2,MLP,42,63,0.12820194,0.0,0.00161519,0.43387804,False
ETTm2,MLP,42,64,0.13670122,0.0,0.00197806,0.53135176,False
ETTm2,MLP,42,65,0.1327245,0.00397672,0.00115821,0.31112116,False
ETTm2,MLP,42,66,0.13091018,0.00181432,0.00307771,0.82674454,False
ETTm2,MLP,42,67,0.137315,0.0,0.00330807,0.88862293,False
ETTm2,MLP,42,68,0.12771746,0.00959753,0.00251273,0.67497549,False
ETTm2,MLP,42,69,0.12656569,0.00115177,0.00618652,1.66184084,False
ETTm2,MLP,42,70,0.14767678,0.0,0.00618652,1.66184084,False
ETTm2,MLP,42,71,0.12749349,0.0201833,0.00532358,1.43003446,False
ETTm2,MLP,42,72,0.13266313,0.0,0.00517788,1.39089752,False
ETTm2,MLP,42,73,0.12738032,0.00528281,0.00517788,1.39089752,False
ETTm2,MLP,42,74,0.12695702,0.0004233,0.003362,0.9031108,False
ETTm2,MLP,42,75,0.14244943,0.0,0.00427887,1.14940249,False
ETTm2,MLP,42,76,0.13134553,0.0111039,0.00322231,0.8655855,False
ETTm2,MLP,42,77,0.1267612,0.00458434,0.00658437,1.76871259,False
ETTm2,MLP,42,78,0.14508417,0.0,0.00658437,1.76871259,False
ETTm2,MLP,42,79,0.12785056,0.01723361,0.00545449,1.46520029,False
ETTm2,MLP,42,80,0.1305124,0.0,0.00574454,1.54311424,False
ETTm2,CNN,42,2,0.149006,9.257e-05,0.00384742,0.81702783,False
ETTm2,CNN,42,3,0.13755632,0.01144968,0.00528785,1.1229151,False
ETTm2,CNN,42,4,0.14346319,0.0,0.00423028,0.89833208,False
ETTm2,CNN,42,5,0.13385403,0.00960916,0.00421177,0.89440042,False
ETTm2,CNN,42,6,0.13728872,0.0,0.00596788,1.26732458,False
ETTm2,CNN,42,7,0.15169299,0.0,0.00596788,1.26732458,False
ETTm2,CNN,42,8,0.13146273,0.02023025,0.0093148,1.97806755,False
ETTm2,CNN,42,9,0.15930064,0.0,0.0093148,1.97806755,False
ETTm2,CNN,42,10,0.13295689,0.02634374,0.01210093,2.56972298,False
ETTm2,CNN,42,11,0.15038041,0.0,0.00805488,1.71051378,False
ETTm2,CNN,42,12,0.13644977,0.01393065,0.01120936,2.38039251,False
ETTm2,CNN,42,13,0.14789587,0.0,0.00594061,1.26153416,False
ETTm2,CNN,42,14,0.13212344,0.01577243,0.00594061,1.26153416,False
ETTm2,CNN,42,15,0.13575369,0.0,0.00315449,0.66987873,False
ETTm2,CNN,42,16,0.13868208,0.0,0.00830054,1.76268276,False
ETTm2,CNN,42,17,0.15863496,0.0,0.00514606,1.09280403,False
ETTm2,CNN,42,18,0.13290467,0.02573029,0.00724198,1.53788954,False
ETTm2,CNN,42,19,0.14931176,0.0,0.00724198,1.53788954,False
ETTm2,CNN,42,20,0.13883213,0.01047963,0.00841905,1.78784947,False
ETTm2,CNN,42,21,0.13949316,0.0,0.003273,0.69504543,False
ETTm2,CNN,42,22,0.1336078,0.00588536,0.00952175,2.02201544,False
ETTm2,CNN,42,23,0.16088397,0.0,0.00742583,1.57692993,False
ETTm2,CNN,42,24,0.1296402,0.03124378,0.00824715,1.75134319,False
ETTm2,CNN,42,25,0.13840919,0.0,0.00707007,1.50138326,False
ETTm2,CNN,42,26,0.1343026,0.00410659,0.01029983,2.18724644,False
ETTm2,CNN,42,27,0.14787188,0.0,0.00405108,0.86027643,False
ETTm2,CNN,42,28,0.1317231,0.01614879,0.00495072,1.05132324,False
ETTm2,CNN,42,29,0.14031403,0.0,0.00535199,1.13653446,False
ETTm2,CNN,42,30,0.13581579,0.00449824,0.00535199,1.13653446,False
ETTm2,CNN,42,31,0.12970288,0.00611291,0.0050016,1.06212832,False
ETTm2,CNN,42,32,0.14933291,0.0,0.0050016,1.06212832,False
ETTm2,CNN,42,33,0.13493603,0.01439688,0.00533596,1.13313125,False
ETTm2,CNN,42,34,0.14292768,0.0,0.00411338,0.87350677,False
ETTm2,CNN,42,35,0.13675767,0.00617001,0.00411338,0.87350677,False
ETTm2,CNN,42,36,0.14009024,0.0,0.00605357,1.28552111,False
ETTm2,CNN,42,37,0.16139425,0.0,0.00605357,1.28552111,False
ETTm2,CNN,42,38,0.13729642,0.02409784,0.00615242,1.30651359,False
ETTm2,CNN,42,39,0.14140932,0.0,0.00615242,1.30651359,False
ETTm2,CNN,42,40,0.13474504,0.00666429,0.00634987,1.34844296,False
ETTm2,CNN,42,41,0.13996434,0.0,0.0015303,0.32497158,False
ETTm2,CNN,42,42,0.13897711,0.00098724,0.00361943,0.76861272,False
ETTm2,CNN,42,43,0.14416285,0.0,0.00228657,0.48557051,False
ETTm2,CNN,42,44,0.13371723,0.01044562,0.00228657,0.48557051,False
ETTm2,CNN,42,45,0.13531251,0.0,0.00208912,0.44364114,False
ETTm2,CNN,42,46,0.14111692,0.0,0.00367919,0.78130289,False
ETTm2,CNN,42,47,0.14237041,0.0,0.00159006,0.33766175,False
ETTm2,CNN,42,48,0.13442009,0.00795031,0.0018162,0.38568293,False
ETTm2,CNN,42,49,0.14346444,0.0,0.00316454,0.67201356,False
ETTm2,CNN,42,50,0.14233377,0.00113067,0.00318797,0.67698842,False
ETTm2,CNN,42,51,0.13559206,0.00674171,0.0015979,0.33932666,False
ETTm2,CNN,42,52,0.13547493,0.00011713,0.00350879,0.74511802,False
ETTm2,CNN,42,53,0.14310615,0.0,0.00328266,0.69709685,False
ETTm2,CNN,42,54,0.13355171,0.00955444,0.00193431,0.41076622,False
ETTm2,CNN,42,55,0.13424528,0.0,0.00191089,0.40579136,False
ETTm2,CNN,42,56,0.13511086,0.0,0.00285263,0.60577791,False
ETTm2,CNN,42,57,0.13794924,0.0,0.00094174,0.19998655,False
ETTm2,CNN,42,58,0.13324052,0.00470872,0.00094174,0.19998655,False
ETTm2,CNN,42,59,0.13390855,0.0,0.00094174,0.19998655,False
ETTm2,CNN,42,60,0.13697185,0.0,0.00244838,0.51993214,False
ETTm2,CNN,42,61,0.14767401,0.0,0.00187882,0.39898083,False
ETTm2,CNN,42,62,0.14014083,0.00753318,0.00228011,0.48419775,False
ETTm2,CNN,42,63,0.13827993,0.0018609,0.00228011,0.48419775,False
ETTm2,CNN,42,64,0.13627348,0.00200645,0.00228011,0.48419775,False
ETTm2,CNN,42,65,0.14594636,0.0,0.00254968,0.54144318,False
ETTm2,CNN,42,66,0.14749513,0.0,0.0021775,0.46240795,False
ETTm2,CNN,42,67,0.13861409,0.00888104,0.00177621,0.37719102,False
ETTm2,CNN,42,68,0.14321809,0.0,0.00321834,0.6834395,False
ETTm2,CNN,42,69,0.14646882,0.0,0.00325622,0.69148371,False
ETTm2,CNN,42,70,0.13925814,0.00721068,0.00148002,0.31429269,False
ETTm2,CNN,42,71,0.13906873,0.0001894,0.00270204,0.5737977,False
ETTm2,CNN,42,72,0.13999289,0.0,0.00270204,0.5737977,False
ETTm2,CNN,42,73,0.13388279,0.0061101,0.00176696,0.37522644,False
ETTm2,CNN,42,74,0.14909243,0.0,0.00314472,0.6678044,False
ETTm2,CNN,42,75,0.14655715,0.00253528,0.00314472,0.6678044,False
ETTm2,CNN,42,76,0.13947894,0.00707821,0.00239592,0.50879172,False
ETTm2,CNN,42,77,0.14011521,0.0,0.00239592,0.50879172,False
ETTm2,CNN,42,78,0.13774909,0.00236611,0.00259054,0.55012021,False
ETTm2,CNN,42,79,0.14158044,0.0,0.00146862,0.31187255,False
ETTm2,CNN,42,80,0.13807207,0.00350837,0.00195816,0.41583007,False
ETTh1,DLinear,7,2,0.6953522,0.03499598,0.01804895,1.73370285,False
ETTh1,DLinear,7,3,0.68312615,0.01222605,0.0143312,1.37659204,False
ETTh1,DLinear,7,4,0.67620132,0.00692484,0.01150294,1.1049216,False
ETTh1,DLinear,7,5,0.67302337,0.00317795,0.00500148,0.48042028,False
ETTh1,DLinear,7,6,0.67283348,0.00018989,0.00316862,0.30436323,False
ETTh1,DLinear,7,7,0.67034479,0.00248869,0.00291082,0.27960098,False
ETTh1,DLinear,7,8,0.66728308,0.00306172,0.00227524,0.21854905,False
ETTh1,DLinear,7,9,0.66164719,0.00563588,0.00223726,0.21490109,False
ETTh1,DLinear,7,10,0.66329973,0.0,0.00256707,0.24658145,False
ETTh1,DLinear,7,11,0.66845371,0.0,0.00245645,0.23595602,False
ETTh1,DLinear,7,12,0.66431595,0.00413775,0.00132928,0.12768441,False
ETTh1,DLinear,7,13,0.66180733,0.00250863,0.00240541,0.23105261,False
ETTh1,DLinear,7,14,0.66524318,0.0,0.00240541,0.23105261,False
ETTh1,DLinear,7,15,0.65986254,0.00538065,0.00161002,0.15465144,False
ETTh1,DLinear,7,16,0.66161904,0.0,0.0014313,0.1374844,False
ETTh1,DLinear,7,17,0.66145821,0.00016083,0.00191975,0.18440247,False
ETTh1,DLinear,7,18,0.65984318,0.00161503,0.00084362,0.08103426,True
ETTh1,DLinear,7,19,0.65740095,0.00244224,0.00084362,0.08103426,False
ETTh1,DLinear,7,20,0.66016282,0.0,0.00100985,0.09700204,False
ETTh1,DLinear,7,21,0.66235323,0.0,0.00100879,0.09690009,False
ETTh1,DLinear,7,22,0.66136123,0.000992,0.00052034,0.04998202,False
ETTh1,DLinear,7,23,0.6597515,0.00160972,0.00052034,0.04998202,False
ETTh1,DLinear,7,24,0.66000552,0.0,0.00188259,0.1808332,False
ETTh1,DLinear,7,25,0.66279987,0.0,0.00168419,0.16177573,False
ETTh1,DLinear,7,26,0.65598865,0.00681122,0.00209043,0.20079768,False
ETTh1,DLinear,7,27,0.66337603,0.0,0.00258728,0.24852254,False
ETTh1,DLinear,7,28,0.65973509,0.00364094,0.00258728,0.24852254,False
ETTh1,DLinear,7,29,0.65725086,0.00248423,0.00122503,0.11767136,False
ETTh1,DLinear,7,30,0.66166448,0.0,0.00192462,0.18487067,False
ETTh1,DLinear,7,31,0.66305302,0.0,0.00119643,0.11492417,False
ETTh1,DLinear,7,32,0.65955508,0.00349794,0.00069959,0.06719931,False
ETTh1,DLinear,7,33,0.66035476,0.0,0.00093728,0.090031,False
ETTh1,DLinear,7,34,0.66228483,0.0,0.00110397,0.10604251,False
ETTh1,DLinear,7,35,0.66109636,0.00118846,0.00043914,0.04218215,False
ETTh1,DLinear,7,36,0.66026291,0.00083345,0.00043914,0.04218215,False
ETTh1,DLinear,7,37,0.66008911,0.0001738,0.00082248,0.0790042,False
ETTh1,DLinear,7,38,0.66226651,0.0,0.00058479,0.05617251,False
ETTh1,DLinear,7,39,0.66034981,0.00191671,0.00116091,0.11151161,False
ETTh1,DLinear,7,40,0.66232646,0.0,0.00138685,0.13321497,False
ETTh1,DLinear,7,41,0.65861243,0.00371403,0.00138685,0.13321497,False
ETTh1,DLinear,7,42,0.6573089,0.00130353,0.00103448,0.09936764,False
ETTh1,DLinear,7,43,0.66078784,0.0,0.00103448,0.09936764,False
ETTh1,DLinear,7,44,0.66063299,0.00015484,0.00065672,0.0630821,False
ETTh1,DLinear,7,45,0.66289677,0.0,0.00062791,0.06031452,False
ETTh1,DLinear,7,46,0.66107152,0.00182525,0.00062791,0.06031452,False
ETTh1,DLinear,7,47,0.65991205,0.00115947,0.00137589,0.13216203,False
ETTh1,DLinear,7,48,0.66233152,0.0,0.00137589,0.13216203,False
ETTh1,DLinear,7,49,0.65843679,0.00389474,0.00211865,0.20350864,False
ETTh1,DLinear,7,50,0.6624748,0.0,0.00188676,0.1812339,False
ETTh1,DLinear,7,51,0.65693573,0.00553907,0.00188676,0.1812339,False
ETTh1,DLinear,7,52,0.66016957,0.0,0.00133024,0.12777651,False
ETTh1,DLinear,7,53,0.66155641,0.0,0.00186062,0.17872322,False
ETTh1,DLinear,7,54,0.6604443,0.00111211,0.00075281,0.07231154,False
ETTh1,DLinear,7,55,0.65779236,0.00265194,0.00094447,0.09072127,False
ETTh1,DLinear,7,56,0.66017952,0.0,0.00094447,0.09072127,False
ETTh1,DLinear,7,57,0.65922124,0.00095828,0.00133369,0.12810868,False
ETTh1,DLinear,7,58,0.65948063,0.0,0.00080331,0.07716196,False
ETTh1,DLinear,7,59,0.65642238,0.00305824,0.00139336,0.13384034,False
ETTh1,DLinear,7,60,0.66271064,0.0,0.00120171,0.11543061,False
ETTh1,DLinear,7,61,0.65976035,0.00295029,0.00120171,0.11543061,False
ETTh1,DLinear,7,62,0.66045949,0.0,0.00085875,0.08248808,False
ETTh1,DLinear,7,63,0.66240309,0.0,0.00130945,0.12577976,False
ETTh1,DLinear,7,64,0.66105961,0.00134348,0.00071939,0.06910139,False
ETTh1,DLinear,7,65,0.65880614,0.00225347,0.000766,0.07357851,False
ETTh1,DLinear,7,66,0.66218667,0.0,0.000766,0.07357851,False
ETTh1,DLinear,7,67,0.66195362,0.00023305,0.00053756,0.05163539,False
ETTh1,DLinear,7,68,0.66352263,0.0,0.00042189,0.04052456,False
ETTh1,DLinear,7,69,0.66332136,0.00020127,0.00076675,0.07365076,False
ETTh1,DLinear,7,70,0.66164624,0.00167512,0.00084898,0.08154886,False
ETTh1,DLinear,7,71,0.65992192,0.00172432,0.00084898,0.08154886,False
ETTh1,DLinear,7,72,0.65927775,0.00064417,0.00080872,0.07768228,False
ETTh1,DLinear,7,73,0.66026719,0.0,0.0004737,0.04550143,False
ETTh1,DLinear,7,74,0.6617376,0.0,0.0002985,0.0286724,False
ETTh1,DLinear,7,75,0.6623508,0.0,0.0010985,0.10551684,False
ETTh1,DLinear,7,76,0.66150248,0.00084832,0.0010985,0.10551684,False
ETTh1,DLinear,7,77,0.65685831,0.00464417,0.00153939,0.14786696,False
ETTh1,DLinear,7,78,0.65952555,0.0,0.00153939,0.14786696,False
ETTh1,DLinear,7,79,0.65732109,0.00220446,0.00171216,0.16446224,False
ETTh1,DLinear,7,80,0.65946891,0.0,0.00073482,0.07058353,False
ETTh1,MLP,7,2,0.82606954,0.13434624,0.07554898,1.6710358,False
ETTh1,MLP,7,3,0.76434141,0.06172812,0.05971335,1.32077419,False
ETTh1,MLP,7,4,0.73376882,0.03057259,0.05086891,1.12514783,False
ETTh1,MLP,7,5,0.72156237,0.01220645,0.02492434,0.55129077,False
ETTh1,MLP,7,6,0.70607121,0.01549116,0.01499877,0.33175141,False
ETTh1,MLP,7,7,0.70144786,0.00462335,0.00924723,0.20453561,False
ETTh1,MLP,7,8,0.68934756,0.0121003,0.00680594,0.15053774,False
ETTh1,MLP,7,9,0.68753266,0.0018149,0.00370771,0.08200926,True
ETTh1,MLP,7,10,0.68790064,0.0,0.00360328,0.07969937,False
ETTh1,MLP,7,11,0.68829764,0.0,0.00118322,0.02617111,False
ETTh1,MLP,7,12,0.68419645,0.00410119,0.00179827,0.03977513,False
ETTh1,MLP,7,13,0.684658,0.0,0.00179827,0.03977513,False
ETTh1,MLP,7,14,0.67976785,0.00489015,0.00329526,0.07288647,False
ETTh1,MLP,7,15,0.68444316,0.0,0.00262216,0.05799835,False
ETTh1,MLP,7,16,0.67695819,0.00748496,0.00296631,0.06561062,False
ETTh1,MLP,7,17,0.67622253,0.00073566,0.00205145,0.04537521,False
ETTh1,MLP,7,18,0.67450174,0.00172079,0.00205145,0.04537521,False
ETTh1,MLP,7,19,0.67418589,0.00031585,0.00055446,0.01226387,False
ETTh1,MLP,7,20,0.67556769,0.0,0.00181562,0.04015882,False
ETTh1,MLP,7,21,0.67654317,0.0,0.00147146,0.03254655,False
ETTh1,MLP,7,22,0.66950173,0.00704144,0.00161123,0.03563805,False
ETTh1,MLP,7,23,0.67391358,0.0,0.00214509,0.04744631,False
ETTh1,MLP,7,24,0.67289889,0.0010147,0.0022383,0.04950796,False
ETTh1,MLP,7,25,0.67022958,0.00266931,0.00102226,0.022611,False
ETTh1,MLP,7,26,0.66976353,0.00046604,0.00102226,0.022611,False
ETTh1,MLP,7,27,0.66880227,0.00096126,0.00132205,0.02924184,False
ETTh1,MLP,7,28,0.67140771,0.0,0.00078819,0.01743358,False
ETTh1,MLP,7,29,0.66889408,0.00251363,0.00163892,0.03625067,False
ETTh1,MLP,7,30,0.67052456,0.0,0.00171522,0.0379383,False
ETTh1,MLP,7,31,0.66580483,0.00471973,0.00171522,0.0379383,False
ETTh1,MLP,7,32,0.66446206,0.00134276,0.0012125,0.02681873,False
ETTh1,MLP,7,33,0.66616543,0.0,0.0012125,0.02681873,False
ETTh1,MLP,7,34,0.66753261,0.0,0.00047817,0.01057638,False
ETTh1,MLP,7,35,0.66868667,0.0,0.00089778,0.01985771,False
ETTh1,MLP,7,36,0.66763859,0.00104808,0.00089778,0.01985771,False
ETTh1,MLP,7,37,0.66419775,0.00344084,0.00089778,0.01985771,False
ETTh1,MLP,7,38,0.66518083,0.0,0.0013156,0.02909913,False
ETTh1,MLP,7,39,0.66928058,0.0,0.00160536,0.03550824,False
ETTh1,MLP,7,40,0.66719152,0.00208906,0.00095685,0.02116425,False
ETTh1,MLP,7,41,0.66469463,0.00249688,0.00095685,0.02116425,False
ETTh1,MLP,7,42,0.66449631,0.00019832,0.00168071,0.03717481,False
ETTh1,MLP,7,43,0.66930814,0.0,0.00167285,0.03700104,False
ETTh1,MLP,7,44,0.66568889,0.00361926,0.00117347,0.02595554,False
ETTh1,MLP,7,45,0.66363911,0.00204978,0.00175777,0.03887942,False
ETTh1,MLP,7,46,0.66536611,0.0,0.00175777,0.03887942,False
ETTh1,MLP,7,47,0.66224629,0.00311982,0.00103392,0.02286886,False
ETTh1,MLP,7,48,0.66417044,0.0,0.00135958,0.03007201,False
ETTh1,MLP,7,49,0.66558226,0.0,0.00135958,0.03007201,False
ETTh1,MLP,7,50,0.66190418,0.00367808,0.00129442,0.0286307,False
ETTh1,MLP,7,51,0.66495268,0.0,0.0016232,0.03590282,False
ETTh1,MLP,7,52,0.66215867,0.00279401,0.0016232,0.03590282,False
ETTh1,MLP,7,53,0.66051478,0.00164389,0.00241906,0.05350621,False
ETTh1,MLP,7,54,0.66429069,0.0,0.00241906,0.05350621,False
ETTh1,MLP,7,55,0.65663329,0.00765741,0.00259876,0.05748076,False
ETTh1,MLP,7,56,0.6611036,0.0,0.00226998,0.05020864,False
ETTh1,MLP,7,57,0.65741112,0.00369248,0.00226998,0.05020864,False
ETTh1,MLP,7,58,0.66100678,0.0,0.00224479,0.04965154,False
ETTh1,MLP,7,59,0.66551155,0.0,0.00224479,0.04965154,False
ETTh1,MLP,7,60,0.65798008,0.00753147,0.00150629,0.03331708,False
ETTh1,MLP,7,61,0.65899343,0.0,0.00172314,0.03811342,False
ETTh1,MLP,7,62,0.66422254,0.0,0.00258563,0.05719036,False
ETTh1,MLP,7,63,0.66313831,0.00108423,0.00107933,0.02387328,False
ETTh1,MLP,7,64,0.65882589,0.00431242,0.001349,0.02983799,False
ETTh1,MLP,7,65,0.66106513,0.0,0.00171207,0.03786858,False
ETTh1,MLP,7,66,0.65971678,0.00134835,0.00213355,0.04719111,False
ETTh1,MLP,7,67,0.65790143,0.00181535,0.00127107,0.02811417,False
ETTh1,MLP,7,68,0.6547098,0.00319163,0.00127107,0.02811417,False
ETTh1,MLP,7,69,0.6568056,0.0,0.0010014,0.02214947,False
ETTh1,MLP,7,70,0.65945899,0.0,0.00105752,0.02339084,False
ETTh1,MLP,7,71,0.66136026,0.0,0.00041919,0.00927197,False
ETTh1,MLP,7,72,0.65926429,0.00209597,0.00041919,0.00927197,False
ETTh1,MLP,7,73,0.66108532,0.0,0.00089436,0.01978204,False
ETTh1,MLP,7,74,0.66379884,0.0,0.00108411,0.02397892,False
ETTh1,MLP,7,75,0.66142299,0.00237585,0.00219511,0.04855274,False
ETTh1,MLP,7,76,0.66047427,0.00094872,0.00219511,0.04855274,False
ETTh1,MLP,7,77,0.65282328,0.00765099,0.00219511,0.04855274,False
ETTh1,MLP,7,78,0.65773644,0.0,0.00171994,0.03804268,False
ETTh1,MLP,7,79,0.66042455,0.0,0.00191275,0.04230724,False
ETTh1,MLP,7,80,0.66067264,0.0,0.0,0.0,False
ETTh1,CNN,7,2,0.76718104,0.13405042,0.06301927,1.74942406,False
ETTh1,CNN,7,3,0.73954774,0.0276333,0.04940315,1.37143855,False
ETTh1,CNN,7,4,0.71217366,0.02737408,0.04062835,1.12784902,False
ETTh1,CNN,7,5,0.70361887,0.00855478,0.01579534,0.43848088,False
ETTh1,CNN,7,6,0.69808969,0.00552918,0.01126822,0.31280749,False
ETTh1,CNN,7,7,0.68820435,0.00988534,0.00579341,0.16082579,False
ETTh1,CNN,7,8,0.68320663,0.00499773,0.00535204,0.14857353,False
ETTh1,CNN,7,9,0.68700101,0.0,0.00565695,0.1570378,False
ETTh1,CNN,7,10,0.68065304,0.00634797,0.00367988,0.10215412,False
ETTh1,CNN,7,11,0.67359932,0.00705372,0.00457646,0.12704317,False
ETTh1,CNN,7,12,0.67841676,0.0,0.00457646,0.12704317,False
ETTh1,CNN,7,13,0.66893616,0.0094806,0.00337001,0.09355188,True
ETTh1,CNN,7,14,0.67285517,0.0,0.00238225,0.06613167,False
ETTh1,CNN,7,15,0.67253945,0.00031571,0.00238225,0.06613167,False
ETTh1,CNN,7,16,0.67042451,0.00211495,0.00174001,0.04830282,False
ETTh1,CNN,7,17,0.67068884,0.0,0.00174001,0.04830282,False
ETTh1,CNN,7,18,0.66441947,0.00626937,0.00167686,0.04654997,False
ETTh1,CNN,7,19,0.66671092,0.0,0.00153337,0.04256661,False
ETTh1,CNN,7,20,0.66768038,0.0,0.00235295,0.06531819,False
ETTh1,CNN,7,21,0.66628289,0.00139749,0.00109907,0.03051047,False
ETTh1,CNN,7,22,0.66218501,0.00409789,0.00118412,0.03287144,False
ETTh1,CNN,7,23,0.67246024,0.0,0.00195327,0.05422303,False
ETTh1,CNN,7,24,0.672035,0.00042525,0.00264726,0.07348823,False
ETTh1,CNN,7,25,0.66818927,0.00384573,0.0022719,0.06306816,False
ETTh1,CNN,7,26,0.66332184,0.00486743,0.0022719,0.06306816,False
ETTh1,CNN,7,27,0.66110076,0.00222108,0.00263086,0.07303297,False
ETTh1,CNN,7,28,0.66815249,0.0,0.00235781,0.0654531,False
ETTh1,CNN,7,29,0.66593244,0.00222005,0.00185866,0.0515968,False
ETTh1,CNN,7,30,0.66345196,0.00248048,0.00190643,0.05292265,False
ETTh1,CNN,7,31,0.66108025,0.00237171,0.00193735,0.05378114,False
ETTh1,CNN,7,32,0.65862037,0.00245989,0.00149334,0.04145536,False
ETTh1,CNN,7,33,0.65846574,0.00015463,0.00132506,0.0367839,False
ETTh1,CNN,7,34,0.66692885,0.0,0.00113443,0.03149204,False
ETTh1,CNN,7,35,0.66528977,0.00163909,0.00200544,0.05567134,False
ETTh1,CNN,7,36,0.6638712,0.00141857,0.00197452,0.05481285,False
ETTh1,CNN,7,37,0.65705627,0.00681493,0.00197452,0.05481285,False
ETTh1,CNN,7,38,0.66126948,0.0,0.00185777,0.05157198,False
ETTh1,CNN,7,39,0.66598341,0.0,0.00157406,0.04369605,False
ETTh1,CNN,7,40,0.66492805,0.00105536,0.00143564,0.03985362,False
ETTh1,CNN,7,41,0.66615181,0.0,0.00143564,0.03985362,False
ETTh1,CNN,7,42,0.66002896,0.00612285,0.00143564,0.03985362,False
ETTh1,CNN,7,43,0.66050796,0.0,0.00402219,0.11165667,False
ETTh1,CNN,7,44,0.67002672,0.0,0.00402219,0.11165667,False
ETTh1,CNN,7,45,0.6560386,0.01398812,0.00316268,0.0877964,False
ETTh1,CNN,7,46,0.65877216,0.0,0.00316268,0.0877964,False
ETTh1,CNN,7,47,0.65694689,0.00182527,0.00412182,0.11442222,False
ETTh1,CNN,7,48,0.66331067,0.0,0.00136734,0.03795758,False
ETTh1,CNN,7,49,0.65851498,0.00479569,0.0015781,0.04380841,False
ETTh1,CNN,7,50,0.65829923,0.00021574,0.00121305,0.03367446,False
ETTh1,CNN,7,51,0.65724542,0.00105382,0.0030079,0.08349983,False
ETTh1,CNN,7,52,0.66315881,0.0,0.00204876,0.05687401,False
ETTh1,CNN,7,53,0.65418455,0.00897426,0.00200562,0.0556762,False
ETTh1,CNN,7,54,0.65786589,0.0,0.00247929,0.06882538,False
ETTh1,CNN,7,55,0.66201311,0.0,0.00318895,0.08852571,False
ETTh1,CNN,7,56,0.65859093,0.00342217,0.0013941,0.03870034,False
ETTh1,CNN,7,57,0.65504262,0.00354831,0.0013941,0.03870034,False
ETTh1,CNN,7,58,0.65663516,0.0,0.00370183,0.10276328,False
ETTh1,CNN,7,59,0.66469137,0.0,0.00301739,0.08376328,False
ETTh1,CNN,7,60,0.65315272,0.01153865,0.00230773,0.06406295,False
ETTh1,CNN,7,61,0.66160217,0.0,0.00285102,0.07914474,False
ETTh1,CNN,7,62,0.66624264,0.0,0.00472746,0.13123496,False
ETTh1,CNN,7,63,0.6635262,0.00271645,0.00241973,0.06717201,False
ETTh1,CNN,7,64,0.654144,0.0093822,0.00349342,0.0969778,False
ETTh1,CNN,7,65,0.66622739,0.0,0.00494918,0.13739003,False
ETTh1,CNN,7,66,0.66085894,0.00536845,0.00440589,0.12230824,False
ETTh1,CNN,7,67,0.65358012,0.00727882,0.0046302,0.12853507,False
ETTh1,CNN,7,68,0.66716892,0.0,0.0046302,0.12853507,False
ETTh1,CNN,7,69,0.65666518,0.01050374,0.00424793,0.11792315,False
ETTh1,CNN,7,70,0.6605919,0.0,0.003248,0.09016487,False
ETTh1,CNN,7,71,0.65713481,0.00345709,0.003248,0.09016487,False
ETTh1,CNN,7,72,0.65485566,0.00227916,0.00114725,0.03184782,False
ETTh1,CNN,7,73,0.65872842,0.0,0.0016396,0.04551552,False
ETTh1,CNN,7,74,0.66404435,0.0,0.00094818,0.02632165,False
ETTh1,CNN,7,75,0.66158261,0.00246175,0.00238379,0.06617425,False
ETTh1,CNN,7,76,0.66484923,0.0,0.00240497,0.06676239,False
ETTh1,CNN,7,77,0.65539205,0.00945718,0.00240497,0.06676239,False
ETTh1,CNN,7,78,0.65528611,0.00010593,0.00459222,0.12748062,False
ETTh1,CNN,7,79,0.66971937,0.0,0.00574027,0.15935077,False
ETTh1,CNN,7,80,0.6563214,0.01339797,0.0045013,0.12495678,False
ETTh2,DLinear,7,2,0.24416041,0.01735267,0.00691322,1.34299281,False
ETTh2,DLinear,7,3,0.24077342,0.00338698,0.00660502,1.28312085,False
ETTh2,DLinear,7,4,0.24226196,0.0,0.00528401,1.02649668,False
ETTh2,DLinear,7,5,0.23658153,0.00568042,0.00380662,0.73949191,False
ETTh2,DLinear,7,6,0.239373,0.0,0.00312923,0.60789773,False
ETTh2,DLinear,7,7,0.22940729,0.00996571,0.00312923,0.60789773,False
ETTh2,DLinear,7,8,0.24430997,0.0,0.00334535,0.64988232,False
ETTh2,DLinear,7,9,0.24573755,0.0,0.00334535,0.64988232,False
ETTh2,DLinear,7,10,0.23897652,0.00676103,0.00135221,0.26268558,False
ETTh2,DLinear,7,11,0.23910994,0.0,0.00333092,0.64708022,False
ETTh2,DLinear,7,12,0.24072645,0.0,0.00333092,0.64708022,False
ETTh2,DLinear,7,13,0.23083286,0.00989359,0.00197872,0.38439464,False
ETTh2,DLinear,7,14,0.23431832,0.0,0.00197872,0.38439464,False
ETTh2,DLinear,7,15,0.23705724,0.0,0.00641701,1.2465984,False
ETTh2,DLinear,7,16,0.24976769,0.0,0.0044383,0.86220375,False
ETTh2,DLinear,7,17,0.22757621,0.02219149,0.00825768,1.60417515,False
ETTh2,DLinear,7,18,0.24438313,0.0,0.00825768,1.60417515,False
ETTh2,DLinear,7,19,0.2252862,0.01909693,0.00825768,1.60417515,False
ETTh2,DLinear,7,20,0.23031581,0.0,0.00615842,1.1963627,False
ETTh2,DLinear,7,21,0.25395474,0.0,0.00710335,1.37992853,False
ETTh2,DLinear,7,22,0.24225957,0.01169517,0.00445953,0.86632811,False
ETTh2,DLinear,7,23,0.23753493,0.00472464,0.00496891,0.9652837,False
ETTh2,DLinear,7,24,0.2316571,0.00587784,0.00511232,0.99314306,False
ETTh2,DLinear,7,25,0.22911017,0.00254693,0.00277329,0.53875176,False
ETTh2,DLinear,7,26,0.22839312,0.00071705,0.00273254,0.53083489,False
ETTh2,DLinear,7,27,0.23977655,0.0,0.00167614,0.32561545,False
ETTh2,DLinear,7,28,0.23525568,0.00452087,0.00116676,0.22665986,False
ETTh2,DLinear,7,29,0.2346598,0.00059588,0.0014738,0.28630796,False
ETTh2,DLinear,7,30,0.23469525,0.0,0.0014738,0.28630796,False
ETTh2,DLinear,7,31,0.23244297,0.00225228,0.00256893,0.4990522,False
ETTh2,DLinear,7,32,0.24326434,0.0,0.00244976,0.47590065,False
ETTh2,DLinear,7,33,0.23326783,0.0099965,0.00244976,0.47590065,False
ETTh2,DLinear,7,34,0.23720068,0.0,0.00321977,0.62548723,False
ETTh2,DLinear,7,35,0.24013951,0.0,0.00321977,0.62548723,False
ETTh2,DLinear,7,36,0.23403716,0.00610235,0.00288268,0.56000309,False
ETTh2,DLinear,7,37,0.23834836,0.0,0.00288268,0.56000309,False
ETTh2,DLinear,7,38,0.2300373,0.00831107,0.00433479,0.84209663,False
ETTh2,DLinear,7,39,0.23948853,0.0,0.00311432,0.6050026,False
ETTh2,DLinear,7,40,0.23222798,0.00726055,0.00311432,0.6050026,False
ETTh2,DLinear,7,41,0.23563385,0.0,0.00145211,0.28209355,False
ETTh2,DLinear,7,42,0.2409051,0.0,0.00283874,0.55146697,False
ETTh2,DLinear,7,43,0.24397942,0.0,0.00138663,0.26937343,False
ETTh2,DLinear,7,44,0.23704626,0.00693316,0.0019287,0.37467837,False
ETTh2,DLinear,7,45,0.23930134,0.0,0.0019287,0.37467837,False
ETTh2,DLinear,7,46,0.23659099,0.00271035,0.00506432,0.98381687,False
ETTh2,DLinear,7,47,0.24564633,0.0,0.00460808,0.89518597,False
ETTh2,DLinear,7,48,0.22996826,0.01567807,0.00460808,0.89518597,False
ETTh2,DLinear,7,49,0.22531629,0.00465197,0.00739915,1.43739229,False
ETTh2,DLinear,7,50,0.24618453,0.0,0.00827105,1.60677144,False
ETTh2,DLinear,7,51,0.22951882,0.01666571,0.00513544,0.99763295,False
ETTh2,DLinear,7,52,0.22515932,0.0043595,0.00487778,0.94757958,False
ETTh2,DLinear,7,53,0.23174823,0.0,0.00487778,0.94757958,False
ETTh2,DLinear,7,54,0.22838453,0.00336369,0.00154464,0.30006831,False
ETTh2,DLinear,7,55,0.23318814,0.0,0.00067274,0.13068916,False
ETTh2,DLinear,7,56,0.23359498,0.0,0.00153721,0.29862465,False
ETTh2,DLinear,7,57,0.23706257,0.0,0.00086447,0.1679355,False
ETTh2,DLinear,7,58,0.23274023,0.00432234,0.00114798,0.2230109,False
ETTh2,DLinear,7,59,0.23342762,0.0,0.00114798,0.2230109,False
ETTh2,DLinear,7,60,0.23201008,0.00141754,0.00114798,0.2230109,False
ETTh2,DLinear,7,61,0.23901634,0.0,0.00028351,0.05507541,True
ETTh2,DLinear,7,62,0.2397049,0.0,0.00282078,0.54797701,False
ETTh2,DLinear,7,63,0.24508591,0.0,0.00253727,0.49290161,False
ETTh2,DLinear,7,64,0.23239956,0.01268635,0.00253727,0.49290161,False
ETTh2,DLinear,7,65,0.23525424,0.0,0.00470165,0.91336359,False
ETTh2,DLinear,7,66,0.24248923,0.0,0.00570504,1.10828737,False
ETTh2,DLinear,7,67,0.23166733,0.01082189,0.00316777,0.61538576,False
ETTh2,DLinear,7,68,0.22665037,0.00501697,0.00316777,0.61538576,False
ETTh2,DLinear,7,69,0.23791891,0.0,0.00526946,1.0236686,False
ETTh2,DLinear,7,70,0.23987486,0.0,0.00310508,0.60320662,False
ETTh2,DLinear,7,71,0.22936643,0.01050842,0.00210168,0.40828284,False
ETTh2,DLinear,7,72,0.23030659,0.0,0.00444271,0.86306196,False
ETTh2,DLinear,7,73,0.24292548,0.0,0.00444271,0.86306196,False
ETTh2,DLinear,7,74,0.23122033,0.01170515,0.00244296,0.47457956,False
ETTh2,DLinear,7,75,0.24244042,0.0,0.00345386,0.67096257,False
ETTh2,DLinear,7,76,0.24193079,0.00050963,0.00345386,0.67096257,False
ETTh2,DLinear,7,77,0.23687627,0.00505453,0.00111283,0.21618345,False
ETTh2,DLinear,7,78,0.23748824,0.0,0.00344,0.66826909,False
ETTh2,DLinear,7,79,0.24027356,0.0,0.00417259,0.81058581,False
ETTh2,DLinear,7,80,0.22863773,0.01163583,0.00387861,0.75347607,False
ETTh2,MLP,7,2,0.28818395,0.00118817,0.00937998,1.38073644,False
ETTh2,MLP,7,3,0.27071587,0.01746808,0.00703499,1.03555233,False
ETTh2,MLP,7,4,0.26123216,0.00948371,0.00713018,1.04956396,False
ETTh2,MLP,7,5,0.26660753,0.0,0.00689254,1.01458429,False
ETTh2,MLP,7,6,0.25909661,0.00751093,0.00352963,0.51956297,False
ETTh2,MLP,7,7,0.26295092,0.0,0.00508182,0.74804554,False
ETTh2,MLP,7,8,0.26229739,0.00065353,0.00508182,0.74804554,False
ETTh2,MLP,7,9,0.24505274,0.01724465,0.00402804,0.59292913,False
ETTh2,MLP,7,10,0.25600423,0.0,0.00596245,0.87767449,False
ETTh2,MLP,7,11,0.25376219,0.00224204,0.00583174,0.85843459,False
ETTh2,MLP,7,12,0.24409015,0.00967204,0.00383963,0.56519541,False
ETTh2,MLP,7,13,0.26344837,0.0,0.0049781,0.73277822,False
ETTh2,MLP,7,14,0.25616427,0.0072841,0.00495646,0.72959251,False
ETTh2,MLP,7,15,0.25047193,0.00569234,0.00302205,0.44484715,False
ETTh2,MLP,7,16,0.2483381,0.00213383,0.00520959,0.76685311,False
ETTh2,MLP,7,17,0.25794258,0.0,0.00375277,0.55240874,False
ETTh2,MLP,7,18,0.2470049,0.01093768,0.00452084,0.66546846,False
ETTh2,MLP,7,19,0.25442768,0.0,0.00577194,0.84963119,False
ETTh2,MLP,7,20,0.24489501,0.00953268,0.00577194,0.84963119,False
ETTh2,MLP,7,21,0.23650567,0.00838934,0.00650815,0.9580012,False
ETTh2,MLP,7,22,0.25513099,0.0,0.00776883,1.14357365,False
ETTh2,MLP,7,23,0.24051227,0.01461872,0.00586229,0.86293112,False
ETTh2,MLP,7,24,0.23420887,0.0063034,0.00501226,0.73780576,False
ETTh2,MLP,7,25,0.24543106,0.0,0.00501226,0.73780576,False
ETTh2,MLP,7,26,0.24129189,0.00413917,0.00208851,0.3074298,False
ETTh2,MLP,7,27,0.27143206,0.0,0.01236983,1.820842,False
ETTh2,MLP,7,28,0.31495798,0.0,0.01482559,2.1823313,False
ETTh2,MLP,7,29,0.25724802,0.05770996,0.01461745,2.15169299,False
ETTh2,MLP,7,30,0.24496919,0.01227882,0.01461745,2.15169299,False
ETTh2,MLP,7,31,0.24187073,0.00309847,0.01480596,2.17944241,False
ETTh2,MLP,7,32,0.25482969,0.0,0.00690411,1.01628761,False
ETTh2,MLP,7,33,0.25388712,0.00094257,0.00444835,0.6547983,False
ETTh2,MLP,7,34,0.23568641,0.0182007,0.00423217,0.62297625,False
ETTh2,MLP,7,35,0.24972834,0.0,0.00559593,0.82372241,False
ETTh2,MLP,7,36,0.24771078,0.00201756,0.00717653,1.05638701,False
ETTh2,MLP,7,37,0.24089197,0.00681881,0.00353639,0.52055717,False
ETTh2,MLP,7,38,0.2320464,0.00884557,0.00353639,0.52055717,False
ETTh2,MLP,7,39,0.23309166,0.0,0.00313288,0.46116018,False
ETTh2,MLP,7,40,0.24744374,0.0,0.00704528,1.03706778,False
ETTh2,MLP,7,41,0.26696527,0.0,0.00527617,0.77665375,False
ETTh2,MLP,7,42,0.24058442,0.02638085,0.00527617,0.77665375,False
ETTh2,MLP,7,43,0.24747094,0.0,0.00768014,1.13051856,False
ETTh2,MLP,7,44,0.25471118,0.0,0.00768014,1.13051856,False
ETTh2,MLP,7,45,0.24269134,0.01201984,0.00507216,0.74662379,False
ETTh2,MLP,7,46,0.24365988,0.0,0.00507216,0.74662379,False
ETTh2,MLP,7,47,0.23031891,0.01334097,0.00507216,0.74662379,False
ETTh2,MLP,7,48,0.24946031,0.0,0.00482431,0.71014052,False
ETTh2,MLP,7,49,0.25061497,0.0,0.00482431,0.71014052,False
ETTh2,MLP,7,50,0.23983437,0.0107806,0.00503684,0.74142474,False
ETTh2,MLP,7,51,0.24925668,0.0,0.00570606,0.83993406,False
ETTh2,MLP,7,52,0.23485307,0.01440361,0.00570606,0.83993406,False
ETTh2,MLP,7,53,0.23150697,0.0033461,0.00354994,0.52255253,False
ETTh2,MLP,7,54,0.23667921,0.0,0.00380245,0.55972222,False
ETTh2,MLP,7,55,0.23806094,0.0,0.00092173,0.13567902,False
ETTh2,MLP,7,56,0.23679838,0.00126255,0.00202075,0.29745447,False
ETTh2,MLP,7,57,0.24027797,0.0,0.00202075,0.29745447,False
ETTh2,MLP,7,58,0.23143679,0.00884118,0.00202075,0.29745447,False
ETTh2,MLP,7,59,0.232416,0.0,0.00476616,0.70158045,False
ETTh2,MLP,7,60,0.24930099,0.0,0.00476616,0.70158045,False
ETTh2,MLP,7,61,0.23431136,0.01498963,0.00383939,0.56515972,False
ETTh2,MLP,7,62,0.26006564,0.0,0.00694079,1.0216863,False
ETTh2,MLP,7,63,0.25585831,0.00420733,0.00694079,1.0216863,False
ETTh2,MLP,7,64,0.24035132,0.01550699,0.01279302,1.88313604,False
ETTh2,MLP,7,65,0.29544743,0.0,0.01279302,1.88313604,False
ETTh2,MLP,7,66,0.25119666,0.04425077,0.0169567,2.49603141,False
ETTh2,MLP,7,67,0.25788221,0.0,0.0138553,2.03950482,False
ETTh2,MLP,7,68,0.23285647,0.02502574,0.0138553,2.03950482,False
ETTh2,MLP,7,69,0.24235021,0.0,0.00704695,1.03731362,False
ETTh2,MLP,7,70,0.24585232,0.0,0.00704695,1.03731362,False
ETTh2,MLP,7,71,0.2356433,0.01020902,0.0020418,0.30055421,False
ETTh2,MLP,7,72,0.23684196,0.0,0.00612748,0.90196688,False
ETTh2,MLP,7,73,0.26771509,0.0,0.00612748,0.90196688,False
ETTh2,MLP,7,74,0.24728671,0.02042838,0.00533164,0.78481877,False
ETTh2,MLP,7,75,0.24880474,0.0,0.00533164,0.78481877,False
ETTh2,MLP,7,76,0.24257492,0.00622981,0.00826762,1.21699611,False
ETTh2,MLP,7,77,0.24668332,0.0,0.00418194,0.61558344,False
ETTh2,MLP,7,78,0.23200341,0.01467991,0.00418194,0.61558344,False
ETTh2,MLP,7,79,0.23920467,0.0,0.00366998,0.54022167,False
ETTh2,MLP,7,80,0.24711142,0.0,0.0048933,0.72029556,False
ETTh2,CNN,7,2,0.28558736,0.05969911,0.03178069,1.54462622,False
ETTh2,CNN,7,3,0.26590692,0.01968044,0.02383552,1.15846966,False
ETTh2,CNN,7,4,0.2499444,0.01596252,0.02404605,1.16870225,False
ETTh2,CNN,7,5,0.26062387,0.0,0.01210623,0.58839506,False
ETTh2,CNN,7,6,0.23573568,0.0248882,0.01110653,0.53980681,False
ETTh2,CNN,7,7,0.25545253,0.0,0.00791402,0.38464262,False
ETTh2,CNN,7,8,0.24077061,0.01468192,0.00791402,0.38464262,False
ETTh2,CNN,7,9,0.25870944,0.0,0.00544119,0.26445637,False
ETTh2,CNN,7,10,0.26410175,0.0,0.00544119,0.26445637,False
ETTh2,CNN,7,11,0.25157771,0.01252403,0.00805929,0.391703,False
ETTh2,CNN,7,12,0.25873088,0.0,0.00805929,0.391703,False
ETTh2,CNN,7,13,0.23095846,0.02777242,0.01171626,0.56944136,False
ETTh2,CNN,7,14,0.25980733,0.0,0.00921145,0.44770109,False
ETTh2,CNN,7,15,0.2415225,0.01828484,0.01074125,0.52205345,False
ETTh2,CNN,7,16,0.24765523,0.0,0.00518677,0.25209072,False
ETTh2,CNN,7,17,0.24000623,0.007649,0.01021461,0.49645724,False
ETTh2,CNN,7,18,0.27191035,0.0,0.00893306,0.43417046,False
ETTh2,CNN,7,19,0.24677114,0.02513921,0.00893306,0.43417046,False
ETTh2,CNN,7,20,0.23489405,0.01187708,0.00740326,0.35981811,False
ETTh2,CNN,7,21,0.24932195,0.0,0.03977603,1.93322104,False
ETTh2,CNN,7,22,0.41525954,0.0,0.03850193,1.87129651,False
ETTh2,CNN,7,23,0.25339568,0.16186386,0.03612652,1.75584493,False
ETTh2,CNN,7,24,0.23462696,0.01876872,0.04750707,2.30897017,False
ETTh2,CNN,7,25,0.33463324,0.0,0.04920153,2.39132524,False
ETTh2,CNN,7,26,0.27773047,0.05690277,0.02486476,1.20849362,False
ETTh2,CNN,7,27,0.26925819,0.00847228,0.02111102,1.02605162,False
ETTh2,CNN,7,28,0.22907816,0.04018003,0.02111102,1.02605162,False
ETTh2,CNN,7,29,0.24405153,0.0,0.01342719,0.65259735,False
ETTh2,CNN,7,30,0.2532555,0.0,0.01173274,0.57024228,False
ETTh2,CNN,7,31,0.23477184,0.01848365,0.00786088,0.38205957,False
ETTh2,CNN,7,32,0.25169903,0.0,0.00786088,0.38205957,False
ETTh2,CNN,7,33,0.2308783,0.02082073,0.0105744,0.51394415,False
ETTh2,CNN,7,34,0.24986518,0.0,0.00687767,0.33427319,False
ETTh2,CNN,7,35,0.23629755,0.01356763,0.00687767,0.33427319,False
ETTh2,CNN,7,36,0.24791565,0.0,0.00379667,0.18452839,False
ETTh2,CNN,7,37,0.25382286,0.0,0.00379667,0.18452839,False
ETTh2,CNN,7,38,0.24840713,0.00541573,0.0069264,0.33664141,False
ETTh2,CNN,7,39,0.27944675,0.0,0.0069264,0.33664141,False
ETTh2,CNN,7,40,0.25023049,0.02921626,0.01593741,0.77460042,False
ETTh2,CNN,7,41,0.28398833,0.0,0.01485426,0.72195661,False
ETTh2,CNN,7,42,0.23893329,0.04505504,0.01556646,0.75657146,False
ETTh2,CNN,7,43,0.25052556,0.0,0.01136828,0.55252857,False
ETTh2,CNN,7,44,0.24696456,0.003561,0.01136828,0.55252857,False
ETTh2,CNN,7,45,0.23873922,0.00822534,0.00235727,0.11456956,False
ETTh2,CNN,7,46,0.2435238,0.0,0.00846101,0.41122784,False
ETTh2,CNN,7,47,0.25644028,0.0,0.00786173,0.38210092,False
ETTh2,CNN,7,48,0.22592155,0.03051873,0.00621666,0.3021462,False
ETTh2,CNN,7,49,0.22535698,0.00056457,0.0072111,0.35047886,False
ETTh2,CNN,7,50,0.23603025,0.0,0.0072111,0.35047886,False
ETTh2,CNN,7,51,0.23105802,0.00497222,0.01255979,0.61043944,False
ETTh2,CNN,7,52,0.29473023,0.0,0.01244688,0.60495152,False
ETTh2,CNN,7,53,0.23746805,0.05726218,0.01508746,0.73329092,False
ETTh2,CNN,7,54,0.24107937,0.0,0.01409302,0.68495827,False
ETTh2,CNN,7,55,0.22787645,0.01320292,0.01409302,0.68495827,False
ETTh2,CNN,7,56,0.23319495,0.0,0.00264058,0.12833941,False
ETTh2,CNN,7,57,0.23992507,0.0,0.01174328,0.57075455,False
ETTh2,CNN,7,58,0.28776384,0.0,0.00910269,0.44241515,False
ETTh2,CNN,7,59,0.24225037,0.04551347,0.01917268,0.93184329,False
ETTh2,CNN,7,60,0.272932,0.0,0.01917268,0.93184329,False
ETTh2,CNN,7,61,0.22258207,0.05034993,0.01917268,0.93184329,False
ETTh2,CNN,7,62,0.24534882,0.0,0.01449848,0.70466472,False
ETTh2,CNN,7,63,0.25660485,0.0,0.01449848,0.70466472,False
ETTh2,CNN,7,64,0.23446238,0.02214247,0.00936705,0.45526349,False
ETTh2,CNN,7,65,0.26279953,0.0,0.00936705,0.45526349,False
ETTh2,CNN,7,66,0.23810676,0.02469277,0.0131346,0.63837652,False
ETTh2,CNN,7,67,0.29713418,0.0,0.01356742,0.65941297,False
ETTh2,CNN,7,68,0.27829643,0.01883776,0.01867743,0.90777304,False
ETTh2,CNN,7,69,0.25398983,0.02430659,0.01373888,0.66774614,False
ETTh2,CNN,7,70,0.22843979,0.02555005,0.01373888,0.66774614,False
ETTh2,CNN,7,71,0.30324983,0.0,0.0221647,1.07726343,False
ETTh2,CNN,7,72,0.30638626,0.0,0.02138022,1.03913565,False
ETTh2,CNN,7,73,0.24541941,0.06096686,0.01627021,0.79077558,False
ETTh2,CNN,7,74,0.22503521,0.0203842,0.01942357,0.94403726,False
ETTh2,CNN,7,75,0.26710407,0.0,0.02120798,1.03076451,False
ETTh2,CNN,7,76,0.25133727,0.0157668,0.00938865,0.45631321,False
ETTh2,CNN,7,77,0.24241521,0.00892207,0.00531181,0.25816796,False
ETTh2,CNN,7,78,0.24054504,0.00187017,0.00531181,0.25816796,False
ETTh2,CNN,7,79,0.2473849,0.0,0.00269806,0.13113284,False
ETTh2,CNN,7,80,0.25312221,0.0,0.00062339,0.03029836,True
ETTm1,DLinear,7,2,0.40828336,0.01255013,0.00657839,1.72500441,False
ETTm1,DLinear,7,3,0.4014505,0.00683285,0.00513505,1.34652789,False
ETTm1,DLinear,7,4,0.40109832,0.00035219,0.00432283,1.13354613,False
ETTm1,DLinear,7,5,0.40029328,0.00080503,0.00210099,0.55092867,False
ETTm1,DLinear,7,6,0.39921931,0.00107397,0.00093048,0.2439929,False
ETTm1,DLinear,7,7,0.39777839,0.00144093,0.00086004,0.22552269,False
ETTm1,DLinear,7,8,0.39679811,0.00098028,0.00079592,0.20870892,False
ETTm1,DLinear,7,9,0.39759254,0.0,0.00073324,0.19227319,False
ETTm1,DLinear,7,10,0.3971081,0.00048443,0.00044506,0.11670441,False
ETTm1,DLinear,7,11,0.39634753,0.00076058,0.00040166,0.10532337,False
ETTm1,DLinear,7,12,0.39794464,0.0,0.00053899,0.1413351,False
ETTm1,DLinear,7,13,0.39718137,0.00076327,0.0004421,0.1159292,False
ETTm1,DLinear,7,14,0.39649471,0.00068666,0.00028999,0.07604112,True
ETTm1,DLinear,7,15,0.39666851,0.0,0.00028999,0.07604112,False
ETTm1,DLinear,7,16,0.39677539,0.0,0.00013733,0.03601173,False
ETTm1,DLinear,7,17,0.39690257,0.0,0.00011168,0.02928489,False
ETTm1,DLinear,7,18,0.39806055,0.0,0.00019279,0.05055282,False
ETTm1,DLinear,7,19,0.39750215,0.0005584,0.00019279,0.05055282,False
ETTm1,DLinear,7,20,0.39709662,0.00040553,0.00058496,0.15339049,False
ETTm1,DLinear,7,21,0.3982069,0.0,0.00058496,0.15339049,False
ETTm1,DLinear,7,22,0.39624602,0.00196088,0.00047328,0.1241056,False
ETTm1,DLinear,7,23,0.3970822,0.0,0.00056925,0.14926921,False
ETTm1,DLinear,7,24,0.39775983,0.0,0.00064988,0.17041386,False
ETTm1,DLinear,7,25,0.39687448,0.00088534,0.00025771,0.06757618,False
ETTm1,DLinear,7,26,0.3964713,0.00040318,0.00029488,0.07732332,False
ETTm1,DLinear,7,27,0.39664106,0.0,0.00030109,0.07895272,False
ETTm1,DLinear,7,28,0.3964552,0.00018586,0.00012402,0.03252118,False
ETTm1,DLinear,7,29,0.39642413,3.107e-05,0.00026226,0.06877038,False
ETTm1,DLinear,7,30,0.39770312,0.0,0.00026226,0.06877038,False
ETTm1,DLinear,7,31,0.39660875,0.00109437,0.00048242,0.1265003,False
ETTm1,DLinear,7,32,0.39834956,0.0,0.00056343,0.14774359,False
ETTm1,DLinear,7,33,0.39706292,0.00128664,0.00056343,0.14774359,False
ETTm1,DLinear,7,34,0.39662679,0.00043613,0.00034455,0.09034975,False
ETTm1,DLinear,7,35,0.3976991,0.0,0.00071977,0.1887409,False
ETTm1,DLinear,7,36,0.39790833,0.0,0.00046245,0.12126385,False
ETTm1,DLinear,7,37,0.39603223,0.0018761,0.00037522,0.09839115,False
ETTm1,DLinear,7,38,0.39831438,0.0,0.00071254,0.18684561,False
ETTm1,DLinear,7,39,0.39836709,0.0,0.00074347,0.19495421,False
ETTm1,DLinear,7,40,0.39668046,0.00168663,0.00036825,0.09656306,False
ETTm1,DLinear,7,41,0.39652585,0.00015461,0.00061031,0.16003644,False
ETTm1,DLinear,7,42,0.39829674,0.0,0.00067615,0.1773008,False
ETTm1,DLinear,7,43,0.39708645,0.00121029,0.0004,0.10489024,False
ETTm1,DLinear,7,44,0.39675726,0.00032919,0.00056623,0.14847744,False
ETTm1,DLinear,7,45,0.39645134,0.00030592,0.00056623,0.14847744,False
ETTm1,DLinear,7,46,0.39546561,0.00098572,0.00032417,0.08500407,False
ETTm1,DLinear,7,47,0.39574397,0.0,0.00025833,0.0677397,False
ETTm1,DLinear,7,48,0.39680415,0.0,0.00040682,0.10667781,False
ETTm1,DLinear,7,49,0.3970821,0.0,0.00020968,0.054982,False
ETTm1,DLinear,7,50,0.39603372,0.00104838,0.00038727,0.10155219,False
ETTm1,DLinear,7,51,0.39777044,0.0,0.00038727,0.10155219,False
ETTm1,DLinear,7,52,0.39688245,0.00088799,0.00046241,0.12125567,False
ETTm1,DLinear,7,53,0.39815134,0.0,0.00025274,0.06627367,False
ETTm1,DLinear,7,54,0.39777564,0.0003757,0.00025274,0.06627367,False
ETTm1,DLinear,7,55,0.39779569,0.0,0.00035502,0.09309548,False
ETTm1,DLinear,7,56,0.39789392,0.0,0.00035502,0.09309548,False
ETTm1,DLinear,7,57,0.3964945,0.00139942,0.00048086,0.12609374,False
ETTm1,DLinear,7,58,0.39775588,0.0,0.00069964,0.18346083,False
ETTm1,DLinear,7,59,0.39675098,0.0010049,0.00069964,0.18346083,False
ETTm1,DLinear,7,60,0.39565712,0.00109386,0.0006418,0.16829555,False
ETTm1,DLinear,7,61,0.39927323,0.0,0.00080144,0.21015631,False
ETTm1,DLinear,7,62,0.39816297,0.00111025,0.00070445,0.18472324,False
ETTm1,DLinear,7,63,0.39736478,0.00079819,0.00048568,0.12735616,False
ETTm1,DLinear,7,64,0.39684483,0.00051995,0.00061881,0.16226717,False
ETTm1,DLinear,7,65,0.3972343,0.0,0.00039676,0.10404046,False
ETTm1,DLinear,7,66,0.39656863,0.00066567,0.00023713,0.0621797,False
ETTm1,DLinear,7,67,0.39664282,0.0,0.00013313,0.03491102,False
ETTm1,DLinear,7,68,0.3966624,0.0,0.00018355,0.04813143,False
ETTm1,DLinear,7,69,0.39759138,0.0,7.904e-05,0.02072729,False
ETTm1,DLinear,7,70,0.3973393,0.00025208,7.904e-05,0.02072729,False
ETTm1,DLinear,7,71,0.39719616,0.00014314,7.904e-05,0.02072729,False
ETTm1,DLinear,7,72,0.39826882,0.0,0.00043094,0.11300311,False
ETTm1,DLinear,7,73,0.3990493,0.0,0.0004413,0.11571882,False
ETTm1,DLinear,7,74,0.39728981,0.00175949,0.00041267,0.10821194,False
ETTm1,DLinear,7,75,0.39698594,0.00030387,0.00063406,0.16626423,False
ETTm1,DLinear,7,76,0.39774583,0.0,0.00063406,0.16626423,False
ETTm1,DLinear,7,77,0.3966389,0.00110693,0.00044279,0.11610942,False
ETTm1,DLinear,7,78,0.39801614,0.0,0.00046214,0.12118358,False
ETTm1,DLinear,7,79,0.39721298,0.00080315,0.00057767,0.15147948,False
ETTm1,DLinear,7,80,0.39681237,0.00040062,0.00040126,0.10521883,False
ETTm1,MLP,7,2,0.43504289,0.03489878,0.01660985,1.80827557,False
ETTm1,MLP,7,3,0.42520084,0.00984205,0.01288625,1.40289605,False
ETTm1,MLP,7,4,0.42011213,0.00508871,0.01072554,1.16766516,False
ETTm1,MLP,7,5,0.41839668,0.00171545,0.00374579,0.40779523,False
ETTm1,MLP,7,6,0.41631395,0.00208273,0.00195988,0.21336799,False
ETTm1,MLP,7,7,0.41640039,0.0,0.00117062,0.12744301,False
ETTm1,MLP,7,8,0.41548786,0.00091253,0.00082753,0.09009152,True
ETTm1,MLP,7,9,0.41434545,0.0011424,0.00071914,0.07829132,False
ETTm1,MLP,7,10,0.41501542,0.0,0.00071914,0.07829132,False
ETTm1,MLP,7,11,0.41347465,0.00154078,0.00053664,0.05842231,False
ETTm1,MLP,7,12,0.41386733,0.0,0.00067226,0.07318783,False
ETTm1,MLP,7,13,0.41514428,0.0,0.00067226,0.07318783,False
ETTm1,MLP,7,14,0.41332374,0.00182054,0.00066247,0.07212107,False
ETTm1,MLP,7,15,0.41392851,0.0,0.0008418,0.09164435,False
ETTm1,MLP,7,16,0.41243673,0.00149178,0.0008418,0.09164435,False
ETTm1,MLP,7,17,0.41154008,0.00089665,0.00066671,0.07258312,False
ETTm1,MLP,7,18,0.41298949,0.0,0.00066671,0.07258312,False
ETTm1,MLP,7,19,0.41204438,0.00094511,0.00090724,0.09876935,False
ETTm1,MLP,7,20,0.41319256,0.0,0.00072791,0.07924607,False
ETTm1,MLP,7,21,0.41049812,0.00269445,0.00117513,0.1279334,False
ETTm1,MLP,7,22,0.41260215,0.0,0.0009861,0.10735493,False
ETTm1,MLP,7,23,0.41036607,0.00223608,0.00126043,0.13722048,False
ETTm1,MLP,7,24,0.41188644,0.0,0.00072154,0.07855288,False
ETTm1,MLP,7,25,0.4105148,0.00137164,0.00084108,0.09156671,False
ETTm1,MLP,7,26,0.41088205,0.0,0.00068342,0.07440241,False
ETTm1,MLP,7,27,0.41028436,0.00059769,0.00068342,0.07440241,False
ETTm1,MLP,7,28,0.40883659,0.00144777,0.00040909,0.04453686,False
ETTm1,MLP,7,29,0.40933209,0.0,0.00040909,0.04453686,False
ETTm1,MLP,7,30,0.40981236,0.0,0.00028955,0.03152302,False
ETTm1,MLP,7,31,0.41090363,0.0,0.0,0.0,False
ETTm1,MLP,7,32,0.41128263,0.0,0.00064921,0.07067821,False
ETTm1,MLP,7,33,0.41253086,0.0,0.00064921,0.07067821,False
ETTm1,MLP,7,34,0.4092848,0.00324606,0.00074079,0.08064812,False
ETTm1,MLP,7,35,0.41170374,0.0,0.00122318,0.13316484,False
ETTm1,MLP,7,36,0.41124585,0.00045789,0.00122318,0.13316484,False
ETTm1,MLP,7,37,0.40883389,0.00241195,0.00057397,0.06248663,False
ETTm1,MLP,7,38,0.41054835,0.0,0.00127331,0.13862263,False
ETTm1,MLP,7,39,0.41336984,0.0,0.00118173,0.12865271,False
ETTm1,MLP,7,40,0.40987312,0.00349672,0.00086153,0.09379328,False
ETTm1,MLP,7,41,0.41069903,0.0,0.00105166,0.11449215,False
ETTm1,MLP,7,42,0.40988808,0.00081095,0.00105166,0.11449215,False
ETTm1,MLP,7,43,0.40893744,0.00095064,0.00070905,0.07719212,False
ETTm1,MLP,7,44,0.41125684,0.0,0.00070905,0.07719212,False
ETTm1,MLP,7,45,0.40947321,0.00178363,0.00054686,0.05953485,False
ETTm1,MLP,7,46,0.41091469,0.0,0.00398896,0.43426919,False
ETTm1,MLP,7,47,0.42654493,0.0,0.00398896,0.43426919,False
ETTm1,MLP,7,48,0.40838375,0.01816118,0.00363224,0.39543321,False
ETTm1,MLP,7,49,0.41000258,0.0,0.00412857,0.44946758,False
ETTm1,MLP,7,50,0.41222625,0.0,0.00445516,0.48502334,False
ETTm1,MLP,7,51,0.4097446,0.00248165,0.00106661,0.11611987,False
ETTm1,MLP,7,52,0.40811162,0.00163298,0.00106661,0.11611987,False
ETTm1,MLP,7,53,0.40689318,0.00121844,0.00138331,0.15059799,False
ETTm1,MLP,7,54,0.4094969,0.0,0.00090924,0.09898661,False
ETTm1,MLP,7,55,0.40791341,0.00158349,0.00058264,0.06343084,False
ETTm1,MLP,7,56,0.40780213,0.00011128,0.00139253,0.15160187,False
ETTm1,MLP,7,57,0.4132617,0.0,0.00139253,0.15160187,False
ETTm1,MLP,7,58,0.4079938,0.0052679,0.00182632,0.1988277,False
ETTm1,MLP,7,59,0.41453258,0.0,0.00180407,0.19640472,False
ETTm1,MLP,7,60,0.41078013,0.00375244,0.00288955,0.31457821,False
ETTm1,MLP,7,61,0.41442858,0.0,0.00183597,0.19987744,False
ETTm1,MLP,7,62,0.40900119,0.00542739,0.00183597,0.19987744,False
ETTm1,MLP,7,63,0.41111036,0.0,0.00182915,0.19913514,False
ETTm1,MLP,7,64,0.41158315,0.0,0.00182915,0.19913514,False
ETTm1,MLP,7,65,0.4078648,0.00371835,0.00081011,0.08819496,False
ETTm1,MLP,7,66,0.40827759,0.0,0.00081011,0.08819496,False
ETTm1,MLP,7,67,0.40794538,0.00033221,0.00081011,0.08819496,False
ETTm1,MLP,7,68,0.40928995,0.0,0.00075252,0.08192541,False
ETTm1,MLP,7,69,0.4114875,0.0,0.00075252,0.08192541,False
ETTm1,MLP,7,70,0.40805709,0.00343041,0.00068608,0.07469211,False
ETTm1,MLP,7,71,0.40848964,0.0,0.00142471,0.15510497,False
ETTm1,MLP,7,72,0.41122252,0.0,0.00149452,0.1627054,False
ETTm1,MLP,7,73,0.40752937,0.00369315,0.00080844,0.08801329,False
ETTm1,MLP,7,74,0.40718031,0.00034907,0.00080844,0.08801329,False
ETTm1,MLP,7,75,0.41113813,0.0,0.00211435,0.23018448,False
ETTm1,MLP,7,76,0.41665941,0.0,0.00195541,0.21288148,False
ETTm1,MLP,7,77,0.41012987,0.00652954,0.00199336,0.21701267,False
ETTm1,MLP,7,78,0.4072314,0.00289847,0.00199336,0.21701267,False
ETTm1,MLP,7,79,0.4066926,0.0005388,0.0024917,0.27126584,False
ETTm1,MLP,7,80,0.43040373,0.0,0.00114576,0.1247358,False
ETTm1,CNN,7,2,0.42082854,0.01536722,0.00907104,1.45545725,False
ETTm1,CNN,7,3,0.40898263,0.01184591,0.00776469,1.24585102,False
ETTm1,CNN,7,4,0.4124603,0.0,0.00761417,1.22170098,False
ETTm1,CNN,7,5,0.40861469,0.00384561,0.00454073,0.72856412,False
ETTm1,CNN,7,6,0.40160257,0.00701212,0.00217155,0.34842663,False
ETTm1,CNN,7,7,0.40311533,0.0,0.00217155,0.34842663,False
ETTm1,CNN,7,8,0.40448129,0.0,0.00140242,0.22502016,False
ETTm1,CNN,7,9,0.4047766,0.0,0.00125989,0.20215028,False
ETTm1,CNN,7,10,0.4064935,0.0,0.00144228,0.23141437,False
ETTm1,CNN,7,11,0.40019405,0.00629944,0.00144228,0.23141437,False
ETTm1,CNN,7,12,0.39928212,0.00091193,0.00371378,0.5958802,False
ETTm1,CNN,7,13,0.40598667,0.0,0.00371378,0.5958802,False
ETTm1,CNN,7,14,0.39462912,0.01135755,0.00283744,0.45527005,False
ETTm1,CNN,7,15,0.40235373,0.0,0.00360826,0.57894819,False
ETTm1,CNN,7,16,0.400436,0.00191772,0.00360826,0.57894819,False
ETTm1,CNN,7,17,0.39566999,0.00476601,0.0031986,0.51321806,False
ETTm1,CNN,7,18,0.40630284,0.0,0.0031986,0.51321806,False
ETTm1,CNN,7,19,0.39699359,0.00930925,0.00474912,0.76200076,False
ETTm1,CNN,7,20,0.40670622,0.0,0.00379592,0.60905853,False
ETTm1,CNN,7,21,0.39703589,0.00967034,0.00513338,0.82365482,False
ETTm1,CNN,7,22,0.40560732,0.0,0.00327152,0.52491912,False
ETTm1,CNN,7,23,0.39892003,0.00668729,0.00327152,0.52491912,False
ETTm1,CNN,7,24,0.39951826,0.0,0.00396962,0.63692881,False
ETTm1,CNN,7,25,0.4167144,0.0,0.00473236,0.75931124,False
ETTm1,CNN,7,26,0.4035536,0.0131608,0.0033949,0.54471496,False
ETTm1,CNN,7,27,0.3997399,0.0038137,0.0033949,0.54471496,False
ETTm1,CNN,7,28,0.40067943,0.0,0.00343361,0.55092661,False
ETTm1,CNN,7,29,0.40425995,0.0,0.00135817,0.21791904,False
ETTm1,CNN,7,30,0.40406639,0.00019357,0.00059543,0.09553661,True
ETTm1,CNN,7,31,0.40128283,0.00278356,0.00162329,0.26045802,False
ETTm1,CNN,7,32,0.40443696,0.0,0.00164273,0.26357803,False
ETTm1,CNN,7,33,0.39929765,0.00513931,0.00177982,0.28557362,False
ETTm1,CNN,7,34,0.39920042,9.723e-05,0.00122311,0.19624866,False
ETTm1,CNN,7,35,0.39832142,0.000879,0.00131784,0.21144801,False
ETTm1,CNN,7,36,0.40272773,0.0,0.00028997,0.04652661,False
ETTm1,CNN,7,37,0.40225409,0.00047364,0.00272955,0.43795914,False
ETTm1,CNN,7,38,0.41535965,0.0,0.00255375,0.40975189,False
ETTm1,CNN,7,39,0.40306454,0.01229512,0.00523538,0.84002168,False
ETTm1,CNN,7,40,0.41701033,0.0,0.00559702,0.89804684,False
ETTm1,CNN,7,41,0.40360219,0.01340814,0.00559702,0.89804684,False
ETTm1,CNN,7,42,0.40132035,0.00228184,0.00407104,0.65320144,False
ETTm1,CNN,7,43,0.40224984,0.0,0.00407104,0.65320144,False
ETTm1,CNN,7,44,0.39758464,0.0046652,0.00138941,0.22293165,False
ETTm1,CNN,7,45,0.40019299,0.0,0.00183429,0.29431312,False
ETTm1,CNN,7,46,0.40576526,0.0,0.00183429,0.29431312,False
ETTm1,CNN,7,47,0.40125902,0.00450624,0.00227508,0.36503856,False
ETTm1,CNN,7,48,0.40658627,0.0,0.00227508,0.36503856,False
ETTm1,CNN,7,49,0.39971711,0.00686916,0.00227508,0.36503856,False
ETTm1,CNN,7,50,0.41165739,0.0,0.00336422,0.53979251,False
ETTm1,CNN,7,51,0.41249605,0.0,0.00404519,0.64905502,False
ETTm1,CNN,7,52,0.4025441,0.00995195,0.00267136,0.42862245,False
ETTm1,CNN,7,53,0.39913925,0.00340486,0.00394141,0.63240235,False
ETTm1,CNN,7,54,0.40455661,0.0,0.00394141,0.63240235,False
ETTm1,CNN,7,55,0.39820639,0.00635023,0.00210693,0.33805916,False
ETTm1,CNN,7,56,0.4015094,0.0,0.00142596,0.22879665,False
ETTm1,CNN,7,57,0.40072982,0.00077958,0.00256282,0.41120613,False
ETTm1,CNN,7,58,0.40823936,0.0,0.00261268,0.41920667,False
ETTm1,CNN,7,59,0.40255508,0.00568428,0.00261268,0.41920667,False
ETTm1,CNN,7,60,0.39595554,0.00659954,0.00245676,0.39418993,False
ETTm1,CNN,7,61,0.39790318,0.0,0.00363511,0.5832568,False
ETTm1,CNN,7,62,0.40372251,0.0,0.00249825,0.40084731,False
ETTm1,CNN,7,63,0.39783077,0.00589174,0.00198276,0.31813581,False
ETTm1,CNN,7,64,0.40239436,0.0,0.00198276,0.31813581,False
ETTm1,CNN,7,65,0.3983723,0.00402207,0.00407252,0.6534403,False
ETTm1,CNN,7,66,0.41263488,0.0,0.00289418,0.46437343,False
ETTm1,CNN,7,67,0.40218607,0.01044882,0.00351692,0.56429366,False
ETTm1,CNN,7,68,0.40256526,0.0,0.00271251,0.43522473,False
ETTm1,CNN,7,69,0.39945153,0.00311373,0.00271251,0.43522473,False
ETTm1,CNN,7,70,0.40002844,0.0,0.00062275,0.09992023,False
ETTm1,CNN,7,71,0.4000586,0.0,0.00255083,0.40928256,False
ETTm1,CNN,7,72,0.40648765,0.0,0.00192808,0.30936233,False
ETTm1,CNN,7,73,0.39684725,0.0096404,0.00341899,0.54857943,False
ETTm1,CNN,7,74,0.40250348,0.0,0.00341899,0.54857943,False
ETTm1,CNN,7,75,0.39504895,0.00745453,0.00423649,0.67974849,False
ETTm1,CNN,7,76,0.40143993,0.0,0.00230841,0.37038616,False
ETTm1,CNN,7,77,0.39735241,0.00408751,0.00672167,1.07849738,False
ETTm1,CNN,7,78,0.42136127,0.0,0.00523076,0.83928028,False
ETTm1,CNN,7,79,0.39929498,0.02206629,0.00653845,1.04910035,False
ETTm1,CNN,7,80,0.40412652,0.0,0.00735543,1.18018536,False
ETTm2,DLinear,7,2,0.13859922,0.00012201,0.0023474,0.6889541,False
ETTm2,DLinear,7,3,0.14109369,0.0,0.0034392,1.00939221,False
ETTm2,DLinear,7,4,0.1341735,0.0069202,0.00275136,0.80751377,False
ETTm2,DLinear,7,5,0.12745891,0.00671458,0.00420927,1.23540709,False
ETTm2,DLinear,7,6,0.1438796,0.0,0.00428875,1.25873284,False
ETTm2,DLinear,7,7,0.13646801,0.00741159,0.00362211,1.06307643,False
ETTm2,DLinear,7,8,0.13607063,0.00039738,0.00227919,0.66893512,False
ETTm2,DLinear,7,9,0.13248364,0.003587,0.00431036,1.26507569,False
ETTm2,DLinear,7,10,0.1408128,0.0,0.00287811,0.84471415,False
ETTm2,DLinear,7,11,0.13065696,0.01015584,0.00279863,0.8213884,False
ETTm2,DLinear,7,12,0.13040664,0.00025032,0.00208123,0.61083418,False
ETTm2,DLinear,7,13,0.13117139,0.0,0.00283829,0.83302842,False
ETTm2,DLinear,7,14,0.13661895,0.0,0.00080712,0.23688785,False
ETTm2,DLinear,7,15,0.13283366,0.0037853,0.00191721,0.5626939,False
ETTm2,DLinear,7,16,0.13317384,0.0,0.00191721,0.5626939,False
ETTm2,DLinear,7,17,0.12737309,0.00580075,0.00351141,1.03058643,False
ETTm2,DLinear,7,18,0.13990763,0.0,0.00275435,0.80839219,False
ETTm2,DLinear,7,19,0.13193662,0.00797101,0.00346641,1.01737881,False
ETTm2,DLinear,7,20,0.13732212,0.0,0.0029887,0.87717176,False
ETTm2,DLinear,7,21,0.13376183,0.00356029,0.0029887,0.87717176,False
ETTm2,DLinear,7,22,0.13034965,0.00341218,0.00288395,0.84642922,False
ETTm2,DLinear,7,23,0.13551573,0.0,0.00288395,0.84642922,False
ETTm2,DLinear,7,24,0.12806845,0.00744728,0.00295626,0.86765041,False
ETTm2,DLinear,7,25,0.13417308,0.0,0.00227382,0.6673578,False
ETTm2,DLinear,7,26,0.13025126,0.00392182,0.00392348,1.15152835,False
ETTm2,DLinear,7,27,0.14033825,0.0,0.00243403,0.71437836,False
ETTm2,DLinear,7,28,0.13208993,0.00824832,0.00424636,1.24629307,False
ETTm2,DLinear,7,29,0.14174469,0.0,0.003462,1.01608527,False
ETTm2,DLinear,7,30,0.132683,0.00906169,0.00375517,1.10212902,False
ETTm2,DLinear,7,31,0.13321013,0.0,0.00210551,0.61795847,False
ETTm2,DLinear,7,32,0.13174429,0.00146584,0.0031684,0.92991491,False
ETTm2,DLinear,7,33,0.13627631,0.0,0.00135606,0.39800019,False
ETTm2,DLinear,7,34,0.13096183,0.00531448,0.00143713,0.42179164,False
ETTm2,DLinear,7,35,0.13404649,0.0,0.00114396,0.33574789,False
ETTm2,DLinear,7,36,0.13364118,0.00040531,0.00175657,0.51554595,False
ETTm2,DLinear,7,37,0.13497452,0.0,0.00069367,0.20358951,False
ETTm2,DLinear,7,38,0.13191148,0.00306304,0.00094202,0.2764787,False
ETTm2,DLinear,7,39,0.13388614,0.0,0.00087824,0.25775998,False
ETTm2,DLinear,7,40,0.1326444,0.00124174,0.00087824,0.25775998,False
ETTm2,DLinear,7,41,0.13255799,8.642e-05,0.00026563,0.07796192,True
ETTm2,DLinear,7,42,0.13264018,0.0,0.00143126,0.42006876,False
ETTm2,DLinear,7,43,0.13760788,0.0,0.00118291,0.34717957,False
ETTm2,DLinear,7,44,0.13177975,0.00582813,0.00116563,0.34210684,False
ETTm2,DLinear,7,45,0.13364898,0.0,0.00214449,0.62939924,False
ETTm2,DLinear,7,46,0.13695605,0.0,0.00214449,0.62939924,False
ETTm2,DLinear,7,47,0.13206174,0.00489431,0.00118183,0.34686287,False
ETTm2,DLinear,7,48,0.14242792,0.0,0.00302207,0.88696613,False
ETTm2,DLinear,7,49,0.14141308,0.00101484,0.00302207,0.88696613,False
ETTm2,DLinear,7,50,0.13221189,0.00920119,0.00204321,0.59967372,False
ETTm2,DLinear,7,51,0.13662809,0.0,0.00280697,0.82383622,False
ETTm2,DLinear,7,52,0.13922355,0.0,0.00308332,0.90494326,False
ETTm2,DLinear,7,53,0.13540472,0.00381883,0.00124308,0.36484,False
ETTm2,DLinear,7,54,0.13300814,0.00239658,0.00270394,0.79359651,False
ETTm2,DLinear,7,55,0.142039,0.0,0.00322491,0.9464997,False
ETTm2,DLinear,7,56,0.13473472,0.00730429,0.00246114,0.7223372,False
ETTm2,DLinear,7,57,0.13212986,0.00260486,0.00361988,1.06242075,False
ETTm2,DLinear,7,58,0.13869976,0.0,0.00361988,1.06242075,False
ETTm2,DLinear,7,59,0.13050952,0.00819024,0.0022475,0.65963391,False
ETTm2,DLinear,7,60,0.13124341,0.0,0.00172653,0.50673072,False
ETTm2,DLinear,7,61,0.13080099,0.00044242,0.00172653,0.50673072,False
ETTm2,DLinear,7,62,0.13479323,0.0,0.00146277,0.42931873,False
ETTm2,DLinear,7,63,0.13660895,0.0,0.00146277,0.42931873,False
ETTm2,DLinear,7,64,0.1297375,0.00687145,0.00137429,0.40334906,False
ETTm2,DLinear,7,65,0.13196215,0.0,0.00137429,0.40334906,False
ETTm2,DLinear,7,66,0.1384245,0.0,0.00271502,0.79684871,False
ETTm2,DLinear,7,67,0.13864919,0.0,0.00134073,0.39349965,False
ETTm2,DLinear,7,68,0.13194553,0.00670365,0.00201679,0.59192181,False
ETTm2,DLinear,7,69,0.13439855,0.0,0.00248339,0.72886749,False
ETTm2,DLinear,7,70,0.13101823,0.00338032,0.00248339,0.72886749,False
ETTm2,DLinear,7,71,0.12868523,0.002333,0.00263038,0.77200671,False
ETTm2,DLinear,7,72,0.14160822,0.0,0.00311803,0.91513087,False
ETTm2,DLinear,7,73,0.13416965,0.00743857,0.00244197,0.7167087,False
ETTm2,DLinear,7,74,0.13173139,0.00243826,0.00197537,0.57976303,False
ETTm2,DLinear,7,75,0.13348644,0.0,0.00304429,0.89348801,False
ETTm2,DLinear,7,76,0.1372821,0.0,0.00165069,0.48447102,False
ETTm2,DLinear,7,77,0.13193749,0.00534461,0.00155396,0.45608118,False
ETTm2,DLinear,7,78,0.13146692,0.00047057,0.00155396,0.45608118,False
ETTm2,DLinear,7,79,0.12951231,0.00195461,0.00194245,0.57010148,False
ETTm2,DLinear,7,80,0.13420831,0.0,0.00080839,0.23726035,False
ETTm2,MLP,7,2,0.15380744,0.00835166,0.00764455,1.34355114,False
ETTm2,MLP,7,3,0.1503023,0.00350514,0.00573341,1.00766335,False
ETTm2,MLP,7,4,0.13922545,0.01107685,0.00458673,0.80613068,False
ETTm2,MLP,7,5,0.14871106,0.0,0.00559269,0.98293118,False
ETTm2,MLP,7,6,0.15533528,0.0,0.00489166,0.85972365,False
ETTm2,MLP,7,7,0.14195382,0.01338147,0.00292659,0.51435725,False
ETTm2,MLP,7,8,0.14306683,0.0,0.00292659,0.51435725,False
ETTm2,MLP,7,9,0.14181532,0.0012515,0.00336909,0.59212708,False
ETTm2,MLP,7,10,0.1430722,0.0,0.00151016,0.26541454,False
ETTm2,MLP,7,11,0.14085972,0.00221248,0.00214259,0.37656602,False
ETTm2,MLP,7,12,0.13677292,0.00408681,0.00189229,0.33257491,False
ETTm2,MLP,7,13,0.13361076,0.00316215,0.00189229,0.33257491,False
ETTm2,MLP,7,14,0.13499412,0.0,0.00298368,0.52439033,False
ETTm2,MLP,7,15,0.13856658,0.0,0.00216632,0.38073672,False
ETTm2,MLP,7,16,0.13089714,0.00766944,0.00158312,0.27823732,False
ETTm2,MLP,7,17,0.13153354,0.0,0.00158312,0.27823732,False
ETTm2,MLP,7,18,0.1312874,0.00024614,0.00271255,0.47673851,False
ETTm2,MLP,7,19,0.13945606,0.0,0.00117866,0.20715327,False
ETTm2,MLP,7,20,0.13380889,0.00564717,0.00304793,0.53568196,False
ETTm2,MLP,7,21,0.13894548,0.0,0.0029987,0.52702988,False
ETTm2,MLP,7,22,0.12959915,0.00934633,0.0029987,0.52702988,False
ETTm2,MLP,7,23,0.12968667,0.0,0.00243783,0.42845561,False
ETTm2,MLP,7,24,0.13440426,0.0,0.00243783,0.42845561,False
ETTm2,MLP,7,25,0.13156143,0.00284283,0.00132605,0.23305625,False
ETTm2,MLP,7,26,0.13660584,0.0,0.00137239,0.24120105,False
ETTm2,MLP,7,27,0.13281843,0.0037874,0.00176854,0.31082672,False
ETTm2,MLP,7,28,0.13258672,0.00023171,0.00119998,0.21089979,False
ETTm2,MLP,7,29,0.13060594,0.00198078,0.00211588,0.37187263,False
ETTm2,MLP,7,30,0.13895212,0.0,0.0013584,0.23874331,False
ETTm2,MLP,7,31,0.1343726,0.00457952,0.01261798,2.21764516,False
ETTm2,MLP,7,32,0.18684204,0.0,0.01229789,2.16138869,False
ETTm2,MLP,7,33,0.13031247,0.05652957,0.01229789,2.16138869,False
ETTm2,MLP,7,34,0.12993213,0.00038034,0.01278494,2.24698942,False
ETTm2,MLP,7,35,0.13444681,0.0,0.01278494,2.24698942,False
ETTm2,MLP,7,36,0.12743203,0.00701478,0.00168907,0.29685966,False
ETTm2,MLP,7,37,0.12865226,0.0,0.00161301,0.28349045,False
ETTm2,MLP,7,38,0.12760201,0.00105025,0.00161301,0.28349045,False
ETTm2,MLP,7,39,0.13586222,0.0,0.00196934,0.3461163,False
ETTm2,MLP,7,40,0.13632961,0.0,0.00196934,0.3461163,False
ETTm2,MLP,7,41,0.12753319,0.00879643,0.00175929,0.30919942,False
ETTm2,MLP,7,42,0.12755916,0.0,0.00201308,0.35380525,False
ETTm2,MLP,7,43,0.12804071,0.0,0.00201308,0.35380525,False
ETTm2,MLP,7,44,0.12677172,0.00126899,0.00168541,0.2962148,False
ETTm2,MLP,7,45,0.13575859,0.0,0.00168541,0.2962148,False
ETTm2,MLP,7,46,0.12860056,0.00715803,0.00199047,0.34983112,False
ETTm2,MLP,7,47,0.13152584,0.0,0.00200288,0.35201186,False
ETTm2,MLP,7,48,0.13000051,0.00152533,0.00200288,0.35201186,False
ETTm2,MLP,7,49,0.12866948,0.00133103,0.0008997,0.15812516,False
ETTm2,MLP,7,50,0.13128763,0.0,0.0008997,0.15812516,False
ETTm2,MLP,7,51,0.12964549,0.00164214,0.00059464,0.10450884,False
ETTm2,MLP,7,52,0.12987402,0.0,0.00062555,0.10994294,False
ETTm2,MLP,7,53,0.13000812,0.0,0.00062555,0.10994294,False
ETTm2,MLP,7,54,0.12852249,0.00148563,0.00061456,0.1080111,False
ETTm2,MLP,7,55,0.13035189,0.0,0.00061456,0.1080111,False
ETTm2,MLP,7,56,0.12876471,0.00158718,0.00252496,0.4437684,False
ETTm2,MLP,7,57,0.1367149,0.0,0.00222783,0.39154773,False
ETTm2,MLP,7,58,0.12716293,0.00955197,0.00278068,0.48871176,False
ETTm2,MLP,7,59,0.1339069,0.0,0.00246324,0.43292132,False
ETTm2,MLP,7,60,0.13114267,0.00276422,0.00246324,0.43292132,False
ETTm2,MLP,7,61,0.13154443,0.0,0.00055284,0.09716403,True
ETTm2,MLP,7,62,0.13392337,0.0,0.00359417,0.63168483,False
ETTm2,MLP,7,63,0.14247077,0.0,0.00315197,0.55396793,False
ETTm2,MLP,7,64,0.12726416,0.0152066,0.00315197,0.55396793,False
ETTm2,MLP,7,65,0.12671091,0.00055325,0.00315197,0.55396793,False
ETTm2,MLP,7,66,0.1267649,0.0,0.00315197,0.55396793,False
ETTm2,MLP,7,67,0.13143635,0.0,0.00216426,0.38037546,False
ETTm2,MLP,7,68,0.14059607,0.0,0.00265426,0.46649392,False
ETTm2,MLP,7,69,0.130328,0.01026806,0.00265426,0.46649392,False
ETTm2,MLP,7,70,0.12732476,0.00300324,0.00265426,0.46649392,False
ETTm2,MLP,7,71,0.12777166,0.0,0.00265426,0.46649392,False
ETTm2,MLP,7,72,0.12786693,0.0,0.00072705,0.12778161,False
ETTm2,MLP,7,73,0.12839977,0.0,0.00072873,0.1280767,False
ETTm2,MLP,7,74,0.12776775,0.00063202,0.00072873,0.1280767,False
ETTm2,MLP,7,75,0.12475611,0.00301163,0.0043145,0.75828614,False
ETTm2,MLP,7,76,0.15374913,0.0,0.00518744,0.91170711,False
ETTm2,MLP,7,77,0.13582028,0.01792885,0.00631506,1.10989033,False
ETTm2,MLP,7,78,0.1314556,0.00436468,0.00571274,1.00402966,False
ETTm2,MLP,7,79,0.12518545,0.00627015,0.00714092,1.25503707,False
ETTm2,MLP,7,80,0.13506551,0.0,0.00354494,0.62303371,False
ETTm2,CNN,7,2,0.13770932,0.00608661,0.0034637,1.17348847,False
ETTm2,CNN,7,3,0.14199198,0.0,0.00259777,0.88011635,False
ETTm2,CNN,7,4,0.13768749,0.00430449,0.00280794,0.95131968,False
ETTm2,CNN,7,5,0.14254319,0.0,0.00294436,0.99753775,False
ETTm2,CNN,7,6,0.13889459,0.0036486,0.00294436,0.99753775,False
ETTm2,CNN,7,7,0.13212589,0.0067687,0.00364855,1.23611639,False
ETTm2,CNN,7,8,0.16528018,0.0,0.00783146,2.65327048,False
ETTm2,CNN,7,9,0.15745472,0.00782546,0.00710174,2.40604388,False
ETTm2,CNN,7,10,0.13654018,0.02091454,0.00594983,2.0157826,False
ETTm2,CNN,7,11,0.13746275,0.0,0.00594983,2.0157826,False
ETTm2,CNN,7,12,0.13645357,0.00100918,0.00681658,2.30943178,False
ETTm2,CNN,7,13,0.15631208,0.0,0.00453188,1.5353836,False
ETTm2,CNN,7,14,0.14415291,0.01215917,0.00503808,1.70688324,False
ETTm2,CNN,7,15,0.13466187,0.00949104,0.00483624,1.63850226,False
ETTm2,CNN,7,16,0.13213086,0.00253101,0.00502284,1.70172044,False
ETTm2,CNN,7,17,0.13404776,0.0,0.00259101,0.87782373,False
ETTm2,CNN,7,18,0.13311478,0.00093298,0.00312726,1.05950328,False
ETTm2,CNN,7,19,0.15967189,0.0,0.0032764,1.11003213,False
ETTm2,CNN,7,20,0.14749961,0.01217229,0.0032764,1.11003213,False
ETTm2,CNN,7,21,0.14422288,0.00327672,0.00580551,1.96688652,False
ETTm2,CNN,7,22,0.14866767,0.0,0.00580551,1.96688652,False
ETTm2,CNN,7,23,0.13508912,0.01357855,0.00337105,1.14210105,False
ETTm2,CNN,7,24,0.13738426,0.0,0.00348564,1.18092188,False
ETTm2,CNN,7,25,0.15145675,0.0,0.0035592,1.20584295,False
ETTm2,CNN,7,26,0.1476071,0.00384965,0.00347486,1.17727037,False
ETTm2,CNN,7,27,0.14723932,0.00036779,0.00347486,1.17727037,False
ETTm2,CNN,7,28,0.13408245,0.01315687,0.0076073,2.57732745,False
ETTm2,CNN,7,29,0.16137317,0.0,0.00749394,2.53892063,False
ETTm2,CNN,7,30,0.14071095,0.02066222,0.00742038,2.51399956,False
ETTm2,CNN,7,31,0.13742812,0.00328283,0.00571908,1.93760511,False
ETTm2,CNN,7,32,0.13915706,0.0,0.00571908,1.93760511,False
ETTm2,CNN,7,33,0.1345067,0.00465037,0.00337586,1.14372897,False
ETTm2,CNN,7,34,0.14312016,0.0,0.00271929,0.92128648,False
ETTm2,CNN,7,35,0.13417406,0.00894609,0.00402689,1.36429599,False
ETTm2,CNN,7,36,0.14050134,0.0,0.00309682,1.04919045,False
ETTm2,CNN,7,37,0.13396335,0.00653799,0.00309682,1.04919045,False
ETTm2,CNN,7,38,0.13450639,0.0,0.00261799,0.88696627,False
ETTm2,CNN,7,39,0.14279075,0.0,0.00276943,0.93827185,False
ETTm2,CNN,7,40,0.13623878,0.00655197,0.00146183,0.49526234,False
ETTm2,CNN,7,41,0.1354816,0.00075717,0.00226481,0.76730883,False
ETTm2,CNN,7,42,0.14227168,0.0,0.00226481,0.76730883,False
ETTm2,CNN,7,43,0.13825678,0.0040149,0.00095441,0.32335207,False
ETTm2,CNN,7,44,0.14119172,0.0,0.00694291,2.35223197,False
ETTm2,CNN,7,45,0.17902041,0.0,0.00940151,3.18519816,False
ETTm2,CNN,7,46,0.14832077,0.03069964,0.00859853,2.91315167,False
ETTm2,CNN,7,47,0.13602775,0.01229302,0.00859853,2.91315167,False
ETTm2,CNN,7,48,0.14479165,0.0,0.00960015,3.25249743,False
ETTm2,CNN,7,49,0.14780372,0.0,0.00346023,1.17231195,False
ETTm2,CNN,7,50,0.14279561,0.00500811,0.00309528,1.04866857,False
ETTm2,CNN,7,51,0.14818707,0.0,0.00309528,1.04866857,False
ETTm2,CNN,7,52,0.13771879,0.01046828,0.00309528,1.04866857,False
ETTm2,CNN,7,53,0.13853125,0.0,0.00257507,0.87242329,False
ETTm2,CNN,7,54,0.14067301,0.0,0.00257507,0.87242329,False
ETTm2,CNN,7,55,0.13826595,0.00240706,0.00122449,0.41485257,False
ETTm2,CNN,7,56,0.1431282,0.0,0.00122449,0.41485257,False
ETTm2,CNN,7,57,0.13941281,0.00371539,0.00316366,1.07183772,False
ETTm2,CNN,7,58,0.15447847,0.0,0.00277475,0.9400751,False
ETTm2,CNN,7,59,0.1447826,0.00969587,0.0034791,1.17870522,False
ETTm2,CNN,7,60,0.14432011,0.00046249,0.00295879,1.0024272,False
ETTm2,CNN,7,61,0.14079838,0.00352173,0.00295879,1.0024272,False
ETTm2,CNN,7,62,0.13968452,0.00111386,0.01173171,3.97466178,False
ETTm2,CNN,7,63,0.19862411,0.0,0.01163921,3.94332393,False
ETTm2,CNN,7,64,0.14506363,0.05356048,0.0137293,4.65143778,False
ETTm2,CNN,7,65,0.15479277,0.0,0.01350653,4.5759637,False
ETTm2,CNN,7,66,0.1408206,0.01397217,0.01402848,4.75279984,False
ETTm2,CNN,7,67,0.14864902,0.0,0.005101,1.72820131,False
ETTm2,CNN,7,68,0.14603925,0.00260977,0.005101,1.72820131,False
ETTm2,CNN,7,69,0.13711618,0.00892308,0.00230657,0.78145734,False
ETTm2,CNN,7,70,0.13989484,0.0,0.00425379,1.4411673,False
ETTm2,CNN,7,71,0.14875651,0.0,0.00373183,1.26433116,False
ETTm2,CNN,7,72,0.13902043,0.00973608,0.00548886,1.85960663,False
ETTm2,CNN,7,73,0.15513271,0.0,0.00548886,1.85960663,False
ETTm2,CNN,7,74,0.13742448,0.01770823,0.02493224,8.44695389,False
ETTm2,CNN,7,75,0.23343783,0.0,0.02298503,7.78724393,False
ETTm2,CNN,7,76,0.13622093,0.0972169,0.02298503,7.78724393,False
ETTm2,CNN,7,77,0.13965671,0.0,0.01944338,6.58734726,False
ETTm2,CNN,7,78,0.14749294,0.0,0.02047871,6.9381148,False
ETTm2,CNN,7,79,0.15227928,0.0,0.00129417,0.43845943,False
ETTm2,CNN,7,80,0.14710261,0.00517667,0.00172556,0.58461258,False
ETTh1,DLinear,123,2,0.6953924,0.0348472,0.01836289,1.67796343,False
ETTh1,DLinear,123,3,0.6786383,0.01675409,0.01514122,1.38357375,False
ETTh1,DLinear,123,4,0.67515092,0.00348738,0.01211298,1.106859,False
ETTh1,DLinear,123,5,0.66967471,0.00547621,0.00589319,0.5385074,False
ETTh1,DLinear,123,6,0.67054009,0.0,0.00320752,0.29309641,False
ETTh1,DLinear,123,7,0.66679184,0.00374825,0.00251004,0.22936245,False
ETTh1,DLinear,123,8,0.66346609,0.00332575,0.00216004,0.19738036,False
ETTh1,DLinear,123,9,0.66725818,0.0,0.00229076,0.20932464,False
ETTh1,DLinear,123,10,0.66353196,0.00372622,0.00154111,0.1408231,False
ETTh1,DLinear,123,11,0.6628784,0.00065356,0.00112989,0.10324742,False
ETTh1,DLinear,123,12,0.66335334,0.0,0.00147668,0.13493595,False
ETTh1,DLinear,123,13,0.66208366,0.00126969,0.00154201,0.14090571,False
ETTh1,DLinear,123,14,0.66034973,0.00173393,0.0014113,0.12896143,False
ETTh1,DLinear,123,15,0.65629686,0.00405287,0.0014113,0.12896143,False
ETTh1,DLinear,123,16,0.66257471,0.0,0.0016281,0.14877225,False
ETTh1,DLinear,123,17,0.66502167,0.0,0.0024969,0.22816189,False
ETTh1,DLinear,123,18,0.66266798,0.00235369,0.00168633,0.15409327,False
ETTh1,DLinear,123,19,0.65659002,0.00607795,0.00186358,0.1702897,False
ETTh1,DLinear,123,20,0.66556242,0.0,0.00270796,0.24744788,False
ETTh1,DLinear,123,21,0.66467619,0.00088623,0.0023012,0.21027868,False
ETTh1,DLinear,123,22,0.66045427,0.00422193,0.00108561,0.09920051,True
ETTh1,DLinear,123,23,0.66013439,0.00031988,0.00228668,0.20895231,False
ETTh1,DLinear,123,24,0.66259261,0.0,0.00210944,0.19275588,False
ETTh1,DLinear,123,25,0.65658723,0.00600538,0.00150689,0.13769685,False
ETTh1,DLinear,123,26,0.66070278,0.0,0.00228443,0.20874685,False
ETTh1,DLinear,123,27,0.65949357,0.00120922,0.00228443,0.20874685,False
ETTh1,DLinear,123,28,0.65528599,0.00420757,0.00146966,0.13429484,False
ETTh1,DLinear,123,29,0.66139728,0.0,0.00146966,0.13429484,False
ETTh1,DLinear,123,30,0.65946576,0.00193153,0.00122782,0.11219568,False
ETTh1,DLinear,123,31,0.66325586,0.0,0.00227074,0.20749554,False
ETTh1,DLinear,123,32,0.66595786,0.0,0.00227074,0.20749554,False
ETTh1,DLinear,123,33,0.65653569,0.00942217,0.00188443,0.17219576,False
ETTh1,DLinear,123,34,0.66003315,0.0,0.00327583,0.29933883,False
ETTh1,DLinear,123,35,0.66308579,0.0,0.00327583,0.29933883,False
ETTh1,DLinear,123,36,0.6561288,0.00695699,0.0013914,0.12714307,False
ETTh1,DLinear,123,37,0.66136689,0.0,0.0021052,0.19236926,False
ETTh1,DLinear,123,38,0.66157183,0.0,0.0021052,0.19236926,False
ETTh1,DLinear,123,39,0.6580028,0.00356903,0.00071381,0.06522619,False
ETTh1,DLinear,123,40,0.66137647,0.0,0.00153204,0.13999442,False
ETTh1,DLinear,123,41,0.6618364,0.0,0.00153204,0.13999442,False
ETTh1,DLinear,123,42,0.65774525,0.00409115,0.00117248,0.10713891,False
ETTh1,DLinear,123,43,0.66236492,0.0,0.00117248,0.10713891,False
ETTh1,DLinear,123,44,0.66059367,0.00177125,0.0015451,0.14118846,False
ETTh1,DLinear,123,45,0.66076993,0.0,0.00148373,0.1355803,False
ETTh1,DLinear,123,46,0.65890682,0.00186312,0.00148373,0.1355803,False
ETTh1,DLinear,123,47,0.65512253,0.00378429,0.0012015,0.10979026,False
ETTh1,DLinear,123,48,0.66088925,0.0,0.00130071,0.11885642,False
ETTh1,DLinear,123,49,0.66052917,0.00036008,0.00128108,0.11706218,False
ETTh1,DLinear,123,50,0.66003309,0.00049608,0.00052422,0.04790211,False
ETTh1,DLinear,123,51,0.65826815,0.00176494,0.00090875,0.08303999,False
ETTh1,DLinear,123,52,0.66281298,0.0,0.00132519,0.12109359,False
ETTh1,DLinear,123,53,0.66089031,0.00192267,0.00198181,0.18109412,False
ETTh1,DLinear,123,54,0.65844802,0.00244229,0.00162883,0.14883881,False
ETTh1,DLinear,123,55,0.65466884,0.00377918,0.00205032,0.18735367,False
ETTh1,DLinear,123,56,0.66179174,0.0,0.00177086,0.16181755,False
ETTh1,DLinear,123,57,0.65968429,0.00210745,0.0012824,0.11718331,False
ETTh1,DLinear,123,58,0.6591589,0.00052539,0.00104815,0.09577751,False
ETTh1,DLinear,123,59,0.66234767,0.0,0.00104815,0.09577751,False
ETTh1,DLinear,123,60,0.65973977,0.0026079,0.00092437,0.08446678,False
ETTh1,DLinear,123,61,0.66023588,0.0,0.00124768,0.11401064,False
ETTh1,DLinear,123,62,0.65874733,0.00148855,0.00124768,0.11401064,False
ETTh1,DLinear,123,63,0.65660537,0.00214196,0.00092551,0.08457097,False
ETTh1,DLinear,123,64,0.65980891,0.0,0.00092551,0.08457097,False
ETTh1,DLinear,123,65,0.65881189,0.00099702,0.00117099,0.10700275,False
ETTh1,DLinear,123,66,0.66363484,0.0,0.00104983,0.09593135,False
ETTh1,DLinear,123,67,0.66091888,0.00271597,0.00104983,0.09593135,False
ETTh1,DLinear,123,68,0.65938272,0.00153616,0.00085043,0.07771014,False
ETTh1,DLinear,123,69,0.66063359,0.0,0.0015909,0.14537302,False
ETTh1,DLinear,123,70,0.66250213,0.0,0.0010477,0.09573711,False
ETTh1,DLinear,123,71,0.65879976,0.00370236,0.00151823,0.13873293,False
ETTh1,DLinear,123,72,0.66204403,0.0,0.00155338,0.14194506,False
ETTh1,DLinear,123,73,0.65815523,0.0038888,0.00155338,0.14194506,False
ETTh1,DLinear,123,74,0.65797947,0.00017576,0.00168428,0.15390625,False
ETTh1,DLinear,123,75,0.66054923,0.0,0.00168428,0.15390625,False
ETTh1,DLinear,123,76,0.65619238,0.00435685,0.00090652,0.08283621,False
ETTh1,DLinear,123,77,0.65766849,0.0,0.00225446,0.20600817,False
ETTh1,DLinear,123,78,0.66537128,0.0,0.00225446,0.20600817,False
ETTh1,DLinear,123,79,0.65845582,0.00691546,0.00172886,0.15798012,False
ETTh1,DLinear,123,80,0.65970979,0.0,0.00230515,0.21064016,False
ETTh1,MLP,123,2,0.82349881,0.14043972,0.07638474,1.68242687,False
ETTh1,MLP,123,3,0.76067405,0.06282476,0.06092756,1.34197175,False
ETTh1,MLP,123,4,0.7347843,0.02588974,0.05191297,1.1434192,False
ETTh1,MLP,123,5,0.72022828,0.01455602,0.02493013,0.54910344,False
ETTh1,MLP,123,6,0.70437366,0.01585462,0.01285221,0.28307874,False
ETTh1,MLP,123,7,0.69884815,0.00552552,0.00864056,0.19031422,False
ETTh1,MLP,123,8,0.69641302,0.00243513,0.00606741,0.13363894,False
ETTh1,MLP,123,9,0.69158152,0.00483149,0.00385923,0.08500224,True
ETTh1,MLP,123,10,0.68989123,0.0016903,0.00367903,0.0810333,False
ETTh1,MLP,123,11,0.68507751,0.00481372,0.00335226,0.07383576,False
ETTh1,MLP,123,12,0.68045297,0.00462454,0.00238596,0.05255236,False
ETTh1,MLP,123,13,0.67965174,0.00080123,0.0020479,0.04510636,False
ETTh1,MLP,123,14,0.68116037,0.0,0.00265329,0.05844062,False
ETTh1,MLP,123,15,0.68297983,0.0,0.00187633,0.04132739,False
ETTh1,MLP,123,16,0.67513914,0.00784069,0.00171608,0.03779786,False
ETTh1,MLP,123,17,0.67439943,0.00073971,0.00171608,0.03779786,False
ETTh1,MLP,123,18,0.67932607,0.0,0.00301799,0.06647337,False
ETTh1,MLP,123,19,0.67979932,0.0,0.00144985,0.03193402,False
ETTh1,MLP,123,20,0.67328976,0.00650956,0.00168519,0.03711752,False
ETTh1,MLP,123,21,0.6760293,0.0,0.00269368,0.05933017,False
ETTh1,MLP,123,22,0.6741129,0.0019164,0.00269368,0.05933017,False
ETTh1,MLP,123,23,0.66907046,0.00504244,0.00160605,0.03537445,False
ETTh1,MLP,123,24,0.6733134,0.0,0.00183844,0.04049287,False
ETTh1,MLP,123,25,0.67224197,0.00107143,0.00145516,0.03205086,False
ETTh1,MLP,123,26,0.67108005,0.00116192,0.00154196,0.03396277,False
ETTh1,MLP,123,27,0.67120203,0.0,0.00154196,0.03396277,False
ETTh1,MLP,123,28,0.66572557,0.00547646,0.00132768,0.02924298,False
ETTh1,MLP,123,29,0.66930514,0.0,0.00130043,0.02864283,False
ETTh1,MLP,123,30,0.67004373,0.0,0.0016056,0.03536448,False
ETTh1,MLP,123,31,0.66901805,0.00102568,0.00051031,0.01123993,False
ETTh1,MLP,123,32,0.66749219,0.00152587,0.00051708,0.01138915,False
ETTh1,MLP,123,33,0.67055228,0.0,0.00051708,0.01138915,False
ETTh1,MLP,123,34,0.67051841,3.387e-05,0.00035469,0.00781239,False
ETTh1,MLP,123,35,0.67200027,0.0,0.00125739,0.02769493,False
ETTh1,MLP,123,36,0.67178654,0.00021373,0.00125739,0.02769493,False
ETTh1,MLP,123,37,0.66574719,0.00603936,0.00125062,0.02754571,False
ETTh1,MLP,123,38,0.66765293,0.0,0.00125062,0.02754571,False
ETTh1,MLP,123,39,0.66798441,0.0,0.00249539,0.05496266,False
ETTh1,MLP,123,40,0.6713336,0.0,0.00145133,0.03196654,False
ETTh1,MLP,123,41,0.66489601,0.00643759,0.00145133,0.03196654,False
ETTh1,MLP,123,42,0.66407695,0.00081906,0.00161605,0.03559457,False
ETTh1,MLP,123,43,0.66518848,0.0,0.00161605,0.03559457,False
ETTh1,MLP,123,44,0.66436489,0.00082359,0.001023,0.02253221,False
ETTh1,MLP,123,45,0.66910408,0.0,0.00085918,0.01892413,False
ETTh1,MLP,123,46,0.66563175,0.00347233,0.00085918,0.01892413,False
ETTh1,MLP,123,47,0.66587726,0.0,0.00079266,0.01745882,False
ETTh1,MLP,123,48,0.66742002,0.0,0.00118903,0.0261892,False
ETTh1,MLP,123,49,0.66692906,0.00049095,0.00049456,0.01089309,False
ETTh1,MLP,123,50,0.6649472,0.00198186,0.00049456,0.01089309,False
ETTh1,MLP,123,51,0.6660834,0.0,0.00123583,0.02722005,False
ETTh1,MLP,123,52,0.66634413,0.0,0.00113764,0.02505733,False
ETTh1,MLP,123,53,0.66263779,0.00370634,0.0007834,0.017255,False
ETTh1,MLP,123,54,0.66667447,0.0,0.00177857,0.0391742,False
ETTh1,MLP,123,55,0.6664638,0.00021067,0.00177857,0.0391742,False
ETTh1,MLP,123,56,0.66148797,0.00497583,0.0010373,0.02284725,False
ETTh1,MLP,123,57,0.66465339,0.0,0.00215194,0.04739792,False
ETTh1,MLP,123,58,0.66755637,0.0,0.0021098,0.04646987,False
ETTh1,MLP,123,59,0.66198318,0.00557319,0.00111464,0.02455067,False
ETTh1,MLP,123,60,0.66264229,0.0,0.00111464,0.02455067,False
ETTh1,MLP,123,61,0.66397259,0.0,0.0012226,0.02692857,False
ETTh1,MLP,123,62,0.66511899,0.0,0.00010796,0.0023779,False
ETTh1,MLP,123,63,0.66457919,0.0005398,0.00156598,0.03449182,False
ETTh1,MLP,123,64,0.66673948,0.0,0.00190444,0.04194657,False
ETTh1,MLP,123,65,0.65944938,0.0072901,0.00190444,0.04194657,False
ETTh1,MLP,123,66,0.65775709,0.00169228,0.00179648,0.03956866,False
ETTh1,MLP,123,67,0.66360322,0.0,0.00201,0.04427164,False
ETTh1,MLP,123,68,0.66567605,0.0,0.00116328,0.02562197,False
ETTh1,MLP,123,69,0.66460844,0.00106761,0.00082482,0.01816722,False
ETTh1,MLP,123,70,0.66155195,0.00305649,0.00122206,0.02691678,False
ETTh1,MLP,123,71,0.66168715,0.0,0.00122206,0.02691678,False
ETTh1,MLP,123,72,0.65970093,0.00198622,0.00100854,0.0222138,False
ETTh1,MLP,123,73,0.66056697,0.0,0.00141077,0.03107323,False
ETTh1,MLP,123,74,0.66413949,0.0,0.00141077,0.03107323,False
ETTh1,MLP,123,75,0.65907184,0.00506764,0.00105537,0.0232452,False
ETTh1,MLP,123,76,0.66024902,0.0,0.00124863,0.02750203,False
ETTh1,MLP,123,77,0.66003983,0.00020919,0.00124863,0.02750203,False
ETTh1,MLP,123,78,0.6590735,0.00096633,0.00023511,0.00517835,False
ETTh1,MLP,123,79,0.66279892,0.0,0.00029388,0.00647294,False
ETTh1,MLP,123,80,0.66340902,0.0,0.00032211,0.00709471,False
ETTh1,CNN,123,2,0.77036874,0.13943383,0.06258555,1.68737495,False
ETTh1,CNN,123,3,0.72871483,0.04165391,0.05320275,1.43440422,False
ETTh1,CNN,123,4,0.72204591,0.00666892,0.0439155,1.18400995,False
ETTh1,CNN,123,5,0.69699158,0.02505433,0.01602874,0.43215227,False
ETTh1,CNN,123,6,0.69022506,0.00676652,0.00971988,0.26205861,False
ETTh1,CNN,123,7,0.69304144,0.0,0.01021686,0.27545769,False
ETTh1,CNN,123,8,0.68293181,0.01010963,0.00520599,0.14035928,False
ETTh1,CNN,123,9,0.67377799,0.00915381,0.00577476,0.15569378,False
ETTh1,CNN,123,10,0.6818681,0.0,0.00577476,0.15569378,False
ETTh1,CNN,123,11,0.67225775,0.00961034,0.00481468,0.12980904,False
ETTh1,CNN,123,12,0.67627523,0.0,0.00350336,0.09445437,True
ETTh1,CNN,123,13,0.67096599,0.00530924,0.00350336,0.09445437,False
ETTh1,CNN,123,14,0.66836878,0.0025972,0.0018158,0.04895601,False
ETTh1,CNN,123,15,0.6754397,0.0,0.00293645,0.07916979,False
ETTh1,CNN,123,16,0.67426713,0.00117256,0.0018746,0.05054118,False
ETTh1,CNN,123,17,0.66866392,0.00560322,0.00172497,0.04650709,False
ETTh1,CNN,123,18,0.6711293,0.0,0.00226036,0.06094182,False
ETTh1,CNN,123,19,0.66928023,0.00184907,0.00243585,0.06567323,False
ETTh1,CNN,123,20,0.66660327,0.00267696,0.00165095,0.04451133,False
ETTh1,CNN,123,21,0.66455326,0.00205001,0.00165095,0.04451133,False
ETTh1,CNN,123,22,0.66287457,0.00167869,0.00169618,0.04573093,False
ETTh1,CNN,123,23,0.66404208,0.0,0.00116079,0.0312962,False
ETTh1,CNN,123,24,0.66196683,0.00207525,0.00075079,0.02024207,False
ETTh1,CNN,123,25,0.66307829,0.0,0.00041505,0.01119019,False
ETTh1,CNN,123,26,0.67034519,0.0,0.00214725,0.0578922,False
ETTh1,CNN,123,27,0.68085746,0.0,0.00424795,0.11452933,False
ETTh1,CNN,123,28,0.67219645,0.008661,0.00424795,0.11452933,False
ETTh1,CNN,123,29,0.65961771,0.01257874,0.00491559,0.13252972,False
ETTh1,CNN,123,30,0.66486648,0.0,0.00491559,0.13252972,False
ETTh1,CNN,123,31,0.66152826,0.00333822,0.00440357,0.11872505,False
ETTh1,CNN,123,32,0.67050051,0.0,0.00269547,0.07267278,False
ETTh1,CNN,123,33,0.66439962,0.00610089,0.00269547,0.07267278,False
ETTh1,CNN,123,34,0.66036139,0.00403824,0.00202783,0.05467239,False
ETTh1,CNN,123,35,0.66560929,0.0,0.00202783,0.05467239,False
ETTh1,CNN,123,36,0.66872095,0.0,0.00080765,0.02177505,False
ETTh1,CNN,123,37,0.67114645,0.0,0.00271203,0.0731192,False
ETTh1,CNN,123,38,0.67725951,0.0,0.0027668,0.07459592,False
ETTh1,CNN,123,39,0.66369938,0.01356013,0.0027668,0.07459592,False
ETTh1,CNN,123,40,0.66342552,0.00027386,0.00340011,0.09167077,False
ETTh1,CNN,123,41,0.66519639,0.0,0.00396306,0.10684845,False
ETTh1,CNN,123,42,0.66202982,0.00316657,0.00125103,0.03372925,False
ETTh1,CNN,123,43,0.65921508,0.00281474,0.00200703,0.05411175,False
ETTh1,CNN,123,44,0.66289922,0.0,0.00200703,0.05411175,False
ETTh1,CNN,123,45,0.65884537,0.00405385,0.00364816,0.0983585,False
ETTh1,CNN,123,46,0.66876681,0.0,0.00308522,0.08318083,False
ETTh1,CNN,123,47,0.65739457,0.01137224,0.00489701,0.13202866,False
ETTh1,CNN,123,48,0.66588351,0.0,0.00408624,0.11016944,False
ETTh1,CNN,123,49,0.65682456,0.00905895,0.00638304,0.17209381,False
ETTh1,CNN,123,50,0.66682711,0.0,0.00410859,0.11077221,False
ETTh1,CNN,123,51,0.65534309,0.01148403,0.00486403,0.13113944,False
ETTh1,CNN,123,52,0.66534599,0.0,0.00351724,0.09482858,False
ETTh1,CNN,123,53,0.66156884,0.00377715,0.00398749,0.10750715,False
ETTh1,CNN,123,54,0.65924382,0.00232501,0.00169069,0.04558278,False
ETTh1,CNN,123,55,0.65689255,0.00235127,0.00277857,0.07491317,False
ETTh1,CNN,123,56,0.66388549,0.0,0.00202314,0.05454594,False
ETTh1,CNN,123,57,0.6584461,0.00543939,0.00155813,0.04200896,False
ETTh1,CNN,123,58,0.65952714,0.0,0.00293057,0.07901132,False
ETTh1,CNN,123,59,0.67073959,0.0,0.00293057,0.07901132,False
ETTh1,CNN,123,60,0.66152614,0.00921345,0.0029151,0.07859429,False
ETTh1,CNN,123,61,0.66227198,0.0,0.0029151,0.07859429,False
ETTh1,CNN,123,62,0.65690993,0.00536205,0.00383074,0.10328106,False
ETTh1,CNN,123,63,0.66265282,0.0,0.00198805,0.05360013,False
ETTh1,CNN,123,64,0.6580746,0.00457822,0.00198805,0.05360013,False
ETTh1,CNN,123,65,0.65862365,0.0,0.00091564,0.02468677,False
ETTh1,CNN,123,66,0.66025514,0.0,0.00100323,0.02704828,False
ETTh1,CNN,123,67,0.66128596,0.0,0.00112673,0.03037791,False
ETTh1,CNN,123,68,0.66084801,0.00043795,0.00119412,0.0321948,False
ETTh1,CNN,123,69,0.6556523,0.00519571,0.00119412,0.0321948,False
ETTh1,CNN,123,70,0.65531536,0.00033695,0.00206503,0.05567555,False
ETTh1,CNN,123,71,0.65633362,0.0,0.00197744,0.05331404,False
ETTh1,CNN,123,72,0.65197906,0.00435456,0.00141395,0.03812171,False
ETTh1,CNN,123,73,0.65933131,0.0,0.00169773,0.04577265,False
ETTh1,CNN,123,74,0.65695306,0.00237825,0.00169773,0.04577265,False
ETTh1,CNN,123,75,0.65519722,0.00175583,0.00082682,0.0222919,False
ETTh1,CNN,123,76,0.65871344,0.0,0.00142687,0.03846992,False
ETTh1,CNN,123,77,0.66635719,0.0,0.00095122,0.02564585,False
ETTh1,CNN,123,78,0.66335694,0.00300025,0.00408904,0.11024504,False
ETTh1,CNN,123,79,0.66904441,0.0,0.0051113,0.1378063,False
ETTh1,CNN,123,80,0.65159946,0.01744496,0.00681507,0.18374173,False
ETTh2,DLinear,123,2,0.2564182,0.0,0.00329749,0.69057267,False
ETTh2,DLinear,123,3,0.24652572,0.00989248,0.00605612,1.26829431,False
ETTh2,DLinear,123,4,0.25035332,0.0,0.0048449,1.01463545,False
ETTh2,DLinear,123,5,0.23602132,0.014332,0.00556518,1.16548026,False
ETTh2,DLinear,123,6,0.24170825,0.0,0.00411137,0.86101732,False
ETTh2,DLinear,123,7,0.23810682,0.00360143,0.00554951,1.1621994,False
ETTh2,DLinear,123,8,0.23548342,0.00262341,0.00268311,0.56190755,False
ETTh2,DLinear,123,9,0.22829268,0.00719074,0.00333919,0.69930517,False
ETTh2,DLinear,123,10,0.24196783,0.0,0.00297838,0.62374259,False
ETTh2,DLinear,123,11,0.23868746,0.00328038,0.0024537,0.51386193,False
ETTh2,DLinear,123,12,0.23689009,0.00179737,0.00309839,0.64887625,False
ETTh2,DLinear,123,13,0.25068488,0.0,0.00491085,1.02844883,False
ETTh2,DLinear,123,14,0.24027067,0.01041421,0.00425478,0.89105121,False
ETTh2,DLinear,123,15,0.23120835,0.00906232,0.00389531,0.81576898,False
ETTh2,DLinear,123,16,0.23310003,0.0,0.00694436,1.45431214,False
ETTh2,DLinear,123,17,0.24731067,0.0,0.00486151,1.01811575,False
ETTh2,DLinear,123,18,0.23206541,0.01524525,0.00319424,0.66894954,False
ETTh2,DLinear,123,19,0.23561639,0.0,0.00319424,0.66894954,False
ETTh2,DLinear,123,20,0.23489043,0.00072595,0.00354442,0.74228624,False
ETTh2,DLinear,123,21,0.23583102,0.0,0.00049537,0.10374307,False
ETTh2,DLinear,123,22,0.2340801,0.00175092,0.00171275,0.35868992,False
ETTh2,DLinear,123,23,0.23658327,0.0,0.00156756,0.32828355,False
ETTh2,DLinear,123,24,0.2304964,0.00608687,0.00246944,0.51715825,False
ETTh2,DLinear,123,25,0.24337976,0.0,0.00420958,0.88158572,False
ETTh2,DLinear,123,26,0.23887037,0.00450939,0.00420958,0.88158572,False
ETTh2,DLinear,123,27,0.22841872,0.01045164,0.00403635,0.84530628,False
ETTh2,DLinear,123,28,0.23027585,0.0,0.00403635,0.84530628,False
ETTh2,DLinear,123,29,0.22505515,0.0052207,0.00313447,0.65643158,False
ETTh2,DLinear,123,30,0.23223496,0.0,0.00104414,0.21866741,False
ETTh2,DLinear,123,31,0.23775514,0.0,0.00104414,0.21866741,False
ETTh2,DLinear,123,32,0.24548241,0.0,0.00281865,0.59029205,False
ETTh2,DLinear,123,33,0.24875856,0.0,0.00374089,0.78343149,False
ETTh2,DLinear,123,34,0.23466531,0.01409325,0.00374089,0.78343149,False
ETTh2,DLinear,123,35,0.23005409,0.00461121,0.00462071,0.96768499,False
ETTh2,DLinear,123,36,0.23238769,0.0,0.00462071,0.96768499,False
ETTh2,DLinear,123,37,0.22798862,0.00439906,0.00180206,0.37739295,False
ETTh2,DLinear,123,38,0.22917745,0.0,0.00281085,0.58865897,False
ETTh2,DLinear,123,39,0.23764529,0.0,0.00281085,0.58865897,False
ETTh2,DLinear,123,40,0.22799009,0.0096552,0.00268637,0.56258924,False
ETTh2,DLinear,123,41,0.24042661,0.0,0.00268637,0.56258924,False
ETTh2,DLinear,123,42,0.23664997,0.00377665,0.0048014,1.0055263,False
ETTh2,DLinear,123,43,0.251912,0.0,0.00443063,0.92787911,False
ETTh2,DLinear,123,44,0.24133685,0.01057515,0.00540458,1.13184569,False
ETTh2,DLinear,123,45,0.23353548,0.00780137,0.00464925,0.97366191,False
ETTh2,DLinear,123,46,0.22866577,0.00486971,0.00565374,1.1840276,False
ETTh2,DLinear,123,47,0.2402092,0.0,0.00477089,0.99913679,False
ETTh2,DLinear,123,48,0.23518671,0.00502249,0.00321061,0.67237851,False
ETTh2,DLinear,123,49,0.22902584,0.00616087,0.00410001,0.85863799,False
ETTh2,DLinear,123,50,0.23873131,0.0,0.00410001,0.85863799,False
ETTh2,DLinear,123,51,0.22941464,0.00931667,0.00480749,1.00680215,False
ETTh2,DLinear,123,52,0.23889537,0.0,0.00418505,0.87644932,False
ETTh2,DLinear,123,53,0.23033545,0.00855992,0.00418505,0.87644932,False
ETTh2,DLinear,123,54,0.22728677,0.00304869,0.00384354,0.80492797,False
ETTh2,DLinear,123,55,0.2315618,0.0,0.00384354,0.80492797,False
ETTh2,DLinear,123,56,0.22395271,0.00760909,0.00233757,0.4895422,False
ETTh2,DLinear,123,57,0.23523258,0.0,0.00196058,0.4105926,False
ETTh2,DLinear,123,58,0.23420251,0.00103007,0.00238491,0.49945545,False
ETTh2,DLinear,123,59,0.23303875,0.00116376,0.00086309,0.18075075,False
ETTh2,DLinear,123,60,0.23091715,0.00212161,0.00086309,0.18075075,False
ETTh2,DLinear,123,61,0.2350027,0.0,0.00065707,0.13760668,False
ETTh2,DLinear,123,62,0.24333671,0.0,0.00312266,0.65395863,False
ETTh2,DLinear,123,63,0.25013984,0.0,0.00269834,0.56509578,False
ETTh2,DLinear,123,64,0.23664814,0.01349169,0.00269834,0.56509578,False
ETTh2,DLinear,123,65,0.23849183,0.0,0.0046845,0.9810459,False
ETTh2,DLinear,123,66,0.24135695,0.0,0.0046845,0.9810459,False
ETTh2,DLinear,123,67,0.23142612,0.00993083,0.00456753,0.95654824,False
ETTh2,DLinear,123,68,0.2424612,0.0,0.00456753,0.95654824,False
ETTh2,DLinear,123,69,0.22955439,0.01290681,0.00456753,0.95654824,False
ETTh2,DLinear,123,70,0.23950061,0.0,0.00470834,0.9860372,False
ETTh2,DLinear,123,71,0.24091067,0.0,0.00470834,0.9860372,False
ETTh2,DLinear,123,72,0.23027579,0.01063488,0.00428963,0.89834959,False
ETTh2,DLinear,123,73,0.24386695,0.0,0.00428963,0.89834959,False
ETTh2,DLinear,123,74,0.23305368,0.01081326,0.00503906,1.05529876,False
ETTh2,DLinear,123,75,0.24718731,0.0,0.00504189,1.05589017,False
ETTh2,DLinear,123,76,0.24344014,0.00374717,0.00504189,1.05589017,False
ETTh2,DLinear,123,77,0.23279113,0.010649,0.00287923,0.60297965,False
ETTh2,DLinear,123,78,0.23452783,0.0,0.00484594,1.01485365,False
ETTh2,DLinear,123,79,0.23456308,0.0,0.00512063,1.0723806,False
ETTh2,DLinear,123,80,0.22472957,0.00983351,0.00327784,0.68645667,False
ETTh2,MLP,123,2,0.26556599,0.01970033,0.01709601,1.52259422,False
ETTh2,MLP,123,3,0.28534542,0.0,0.01282201,1.14194566,False
ETTh2,MLP,123,4,0.25375771,0.0315877,0.011357,1.01147025,False
ETTh2,MLP,123,5,0.26552016,0.0,0.00741694,0.66056259,False
ETTh2,MLP,123,6,0.26002318,0.00549698,0.0074491,0.66342728,False
ETTh2,MLP,123,7,0.26743382,0.0,0.00290983,0.25915389,False
ETTh2,MLP,123,8,0.26727299,0.00016083,0.00290983,0.25915389,False
ETTh2,MLP,123,9,0.25838162,0.00889137,0.00388629,0.34611813,False
ETTh2,MLP,123,10,0.27008597,0.0,0.00388629,0.34611813,False
ETTh2,MLP,123,11,0.25970672,0.01037924,0.0064892,0.57793688,False
ETTh2,MLP,123,12,0.26134861,0.0,0.00471092,0.4195614,False
ETTh2,MLP,123,13,0.24817323,0.01317538,0.00885363,0.78851613,False
ETTh2,MLP,123,14,0.26513346,0.0,0.00677778,0.60363817,False
ETTh2,MLP,123,15,0.24441995,0.02071351,0.00754888,0.67231381,False
ETTh2,MLP,123,16,0.2450017,0.0,0.00491381,0.43763037,False
ETTh2,MLP,123,17,0.24114618,0.00385552,0.00523338,0.46609163,False
ETTh2,MLP,123,18,0.24883155,0.0,0.00109067,0.09713691,True
ETTh2,MLP,123,19,0.2472337,0.00159785,0.00353328,0.31467905,False
ETTh2,MLP,123,20,0.25667861,0.0,0.00441847,0.39351463,False
ETTh2,MLP,123,21,0.24446557,0.01221305,0.00441847,0.39351463,False
ETTh2,MLP,123,22,0.23618413,0.00828144,0.00449664,0.40047719,False
ETTh2,MLP,123,23,0.24480072,0.0,0.00449664,0.40047719,False
ETTh2,MLP,123,24,0.24281199,0.00198873,0.00376262,0.33510433,False
ETTh2,MLP,123,25,0.24831116,0.0,0.00210634,0.18759312,False
ETTh2,MLP,123,26,0.23976822,0.00854295,0.00351378,0.31294211,False
ETTh2,MLP,123,27,0.24675846,0.0,0.00311603,0.27751828,False
ETTh2,MLP,123,28,0.23972123,0.00703723,0.00712353,0.6344317,False
ETTh2,MLP,123,29,0.2694688,0.0,0.00795214,0.70822815,False
ETTh2,MLP,123,30,0.24943131,0.0200375,0.00795214,0.70822815,False
ETTh2,MLP,123,31,0.23674535,0.01268596,0.00879358,0.78316818,False
ETTh2,MLP,123,32,0.25908642,0.0,0.00989102,0.88090825,False
ETTh2,MLP,123,33,0.24784198,0.01124444,0.00711865,0.63399652,False
ETTh2,MLP,123,34,0.24235475,0.00548723,0.00458146,0.40803078,False
ETTh2,MLP,123,35,0.23617913,0.00617561,0.00458146,0.40803078,False
ETTh2,MLP,123,36,0.25718393,0.0,0.00419811,0.37388954,False
ETTh2,MLP,123,37,0.26064668,0.0,0.00557794,0.49677893,False
ETTh2,MLP,123,38,0.25131897,0.00932771,0.00434282,0.38677724,False
ETTh2,MLP,123,39,0.2389326,0.01238637,0.00434282,0.38677724,False
ETTh2,MLP,123,40,0.24390678,0.0,0.00434282,0.38677724,False
ETTh2,MLP,123,41,0.25136742,0.0,0.0033289,0.2964767,False
ETTh2,MLP,123,42,0.25947283,0.0,0.0056759,0.50550356,False
ETTh2,MLP,123,43,0.25521469,0.00425814,0.0056759,0.50550356,False
ETTh2,MLP,123,44,0.23109332,0.02412136,0.01176584,1.04788161,False
ETTh2,MLP,123,45,0.26197664,0.0,0.01176584,1.04788161,False
ETTh2,MLP,123,46,0.23152696,0.03044968,0.01091421,0.97203437,False
ETTh2,MLP,123,47,0.24457724,0.0,0.0082446,0.73427547,False
ETTh2,MLP,123,48,0.26061728,0.0,0.01077926,0.96001602,False
ETTh2,MLP,123,49,0.24984395,0.01077332,0.00468933,0.41763797,False
ETTh2,MLP,123,50,0.23717064,0.01267331,0.00468933,0.41763797,False
ETTh2,MLP,123,51,0.24428297,0.0,0.00734413,0.65407846,False
ETTh2,MLP,123,52,0.25577892,0.0,0.00518947,0.46218103,False
ETTh2,MLP,123,53,0.2425049,0.01327402,0.00654913,0.58327487,False
ETTh2,MLP,123,54,0.25078514,0.0,0.00654913,0.58327487,False
ETTh2,MLP,123,55,0.23131349,0.01947165,0.01148969,1.02328782,False
ETTh2,MLP,123,56,0.26579217,0.0,0.00945614,0.84217676,False
ETTh2,MLP,123,57,0.24108938,0.02470279,0.00945614,0.84217676,False
ETTh2,MLP,123,58,0.23798312,0.00310625,0.00652367,0.58100729,False
ETTh2,MLP,123,59,0.24248226,0.0,0.00652367,0.58100729,False
ETTh2,MLP,123,60,0.23767294,0.00480932,0.0029148,0.25959625,False
ETTh2,MLP,123,61,0.2471688,0.0,0.00375812,0.33470337,False
ETTh2,MLP,123,62,0.24051036,0.00665844,0.00375812,0.33470337,False
ETTh2,MLP,123,63,0.23318751,0.00732285,0.00279626,0.24903845,False
ETTh2,MLP,123,64,0.23354852,0.0,0.0498608,4.44067135,False
ETTh2,MLP,123,65,0.48726744,0.0,0.05005845,4.45827481,False
ETTh2,MLP,123,66,0.25194473,0.23532271,0.04859389,4.32783827,False
ETTh2,MLP,123,67,0.24429801,0.00764671,0.04906191,4.36952131,False
ETTh2,MLP,123,68,0.26469022,0.0,0.05535497,4.92998959,False
ETTh2,MLP,123,69,0.26235009,0.00234013,0.00829043,0.7383567,False
ETTh2,MLP,123,70,0.23088481,0.03146528,0.00717391,0.63891806,False
ETTh2,MLP,123,71,0.2416125,0.0,0.00717391,0.63891806,False
ETTh2,MLP,123,72,0.23954837,0.00206412,0.00675733,0.60181696,False
ETTh2,MLP,123,73,0.2427921,0.0,0.00046427,0.04134867,False
ETTh2,MLP,123,74,0.24253486,0.00025723,0.00400577,0.35675922,False
ETTh2,MLP,123,75,0.2504236,0.0,0.00359294,0.31999248,False
ETTh2,MLP,123,76,0.23271612,0.01770748,0.00359294,0.31999248,False
ETTh2,MLP,123,77,0.23973127,0.0,0.0035415,0.31541055,False
ETTh2,MLP,123,78,0.24594508,0.0,0.00587096,0.52287594,False
ETTh2,MLP,123,79,0.25275124,0.0,0.00291183,0.25933174,False
ETTh2,MLP,123,80,0.24110391,0.01164733,0.00388244,0.34577566,False
ETTh2,CNN,123,2,0.3017522,0.0,0.01471067,1.3925235,False
ETTh2,CNN,123,3,0.26132553,0.04042667,0.011033,1.04439262,False
ETTh2,CNN,123,4,0.2576202,0.00370533,0.0088264,0.8355141,False
ETTh2,CNN,123,5,0.26801865,0.0,0.01316772,1.24646698,False
ETTh2,CNN,123,6,0.27327004,0.0,0.00508239,0.4811028,False
ETTh2,CNN,123,7,0.25156343,0.0217066,0.01248337,1.18168537,False
ETTh2,CNN,123,8,0.27821079,0.0,0.01248337,1.18168537,False
ETTh2,CNN,123,9,0.23750056,0.04071023,0.01248337,1.18168537,False
ETTh2,CNN,123,10,0.23753982,0.0,0.01080762,1.02305779,False
ETTh2,CNN,123,11,0.26270491,0.0,0.01080762,1.02305779,False
ETTh2,CNN,123,12,0.24937704,0.01332787,0.00528764,0.50053183,False
ETTh2,CNN,123,13,0.31386143,0.0,0.01073728,1.0163993,False
ETTh2,CNN,123,14,0.30075112,0.01311031,0.01521677,1.44043156,False
ETTh2,CNN,123,15,0.2735029,0.02724821,0.0125512,1.18810626,False
ETTh2,CNN,123,16,0.25110545,0.02239746,0.02537054,2.40159529,False
ETTh2,CNN,123,17,0.29719852,0.0,0.02274848,2.15338875,False
ETTh2,CNN,123,18,0.23310181,0.06409671,0.01729883,1.63752129,False
ETTh2,CNN,123,19,0.26343915,0.0,0.02752205,2.60525868,False
ETTh2,CNN,123,20,0.31873805,0.0,0.02752205,2.60525868,False
ETTh2,CNN,123,21,0.24522453,0.07351352,0.02293815,2.17134308,False
ETTh2,CNN,123,22,0.28578223,0.0,0.02400224,2.27207154,False
ETTh2,CNN,123,23,0.24460502,0.04117721,0.02400224,2.27207154,False
ETTh2,CNN,123,24,0.23928452,0.0053205,0.01568883,1.48511749,False
ETTh2,CNN,123,25,0.25887652,0.0,0.01568883,1.48511749,False
ETTh2,CNN,123,26,0.22693005,0.03194647,0.01390096,1.3158761,False
ETTh2,CNN,123,27,0.28939914,0.0,0.01283686,1.21514764,False
ETTh2,CNN,123,28,0.25716129,0.03223785,0.02498475,2.36507668,False
ETTh2,CNN,123,29,0.32226455,0.0,0.01859546,1.76026108,False
ETTh2,CNN,123,30,0.26152509,0.06073946,0.02377688,2.2507379,False
ETTh2,CNN,123,31,0.29334567,0.0,0.0225524,2.13482785,False
ETTh2,CNN,123,32,0.2674386,0.02590707,0.0225524,2.13482785,False
ETTh2,CNN,123,33,0.24132314,0.02611546,0.01420827,1.34496618,False
ETTh2,CNN,123,34,0.26245864,0.0,0.01420827,1.34496618,False
ETTh2,CNN,123,35,0.24343982,0.01901882,0.01813016,1.71621577,False
ETTh2,CNN,123,36,0.28934979,0.0,0.01290707,1.22179378,False
ETTh2,CNN,123,37,0.24383324,0.04551654,0.01290707,1.22179378,False
ETTh2,CNN,123,38,0.29321977,0.0,0.01365205,1.29231425,False
ETTh2,CNN,123,39,0.29962756,0.0,0.02303562,2.18057019,False
ETTh2,CNN,123,40,0.27688383,0.02274373,0.01462585,1.38449457,False
ETTh2,CNN,123,41,0.229966,0.04691784,0.01462585,1.38449457,False
ETTh2,CNN,123,42,0.22649831,0.00346769,0.01637388,1.54996467,False
ETTh2,CNN,123,43,0.23788168,0.0,0.01182514,1.11937683,False
ETTh2,CNN,123,44,0.22914152,0.00874016,0.00796498,0.75397179,False
ETTh2,CNN,123,45,0.26456548,0.0,0.00757435,0.71699387,False
ETTh2,CNN,123,46,0.23694841,0.02761708,0.00981102,0.92871865,False
ETTh2,CNN,123,47,0.2354339,0.00151451,0.00806298,0.76324856,False
ETTh2,CNN,123,48,0.22425056,0.01118334,0.00806298,0.76324856,False
ETTh2,CNN,123,49,0.23301997,0.0,0.00253957,0.24039766,False
ETTh2,CNN,123,50,0.23315276,0.0,0.00223667,0.21172478,False
ETTh2,CNN,123,51,0.23824073,0.0,0.0,0.0,True
ETTh2,CNN,123,52,0.24580333,0.0,0.0,0.0,False
ETTh2,CNN,123,53,0.27388027,0.0,0.01259598,1.192345,False
ETTh2,CNN,123,54,0.29969116,0.0,0.01292341,1.22333985,False
ETTh2,CNN,123,55,0.23671128,0.06297988,0.01292341,1.22333985,False
ETTh2,CNN,123,56,0.23507413,0.00163715,0.01292341,1.22333985,False
ETTh2,CNN,123,57,0.24414777,0.0,0.01292341,1.22333985,False
ETTh2,CNN,123,58,0.24703188,0.0,0.00032743,0.03099485,False
ETTh2,CNN,123,59,0.26356382,0.0,0.01228989,1.16337045,False
ETTh2,CNN,123,60,0.28931879,0.0,0.01228989,1.16337045,False
ETTh2,CNN,123,61,0.22786935,0.06144943,0.01544156,1.46171047,False
ETTh2,CNN,123,62,0.26507275,0.0,0.01814074,1.71721676,False
ETTh2,CNN,123,63,0.24931438,0.01575837,0.01814074,1.71721676,False
ETTh2,CNN,123,64,0.23581849,0.01349589,0.00585085,0.55384631,False
ETTh2,CNN,123,65,0.2457331,0.0,0.02488134,2.35528712,False
ETTh2,CNN,123,66,0.33569474,0.0,0.02172966,2.05694709,False
ETTh2,CNN,123,67,0.24054231,0.09515242,0.03344467,3.16589878,False
ETTh2,CNN,123,68,0.3336659,0.0,0.03344467,3.16589878,False
ETTh2,CNN,123,69,0.26159498,0.07207091,0.04138249,3.91729921,False
ETTh2,CNN,123,70,0.28424321,0.0,0.022352,2.1158584,False
ETTh2,CNN,123,71,0.2445541,0.03968911,0.022352,2.1158584,False
ETTh2,CNN,123,72,0.2483889,0.0,0.00868031,0.82168462,False
ETTh2,CNN,123,73,0.25703379,0.0,0.01533497,1.45162,False
ETTh2,CNN,123,74,0.25332136,0.00371242,0.00739714,0.70021957,False
ETTh2,CNN,123,75,0.22004806,0.0332733,0.00739714,0.70021957,False
ETTh2,CNN,123,76,0.27247414,0.0,0.02105895,1.99345645,False
ETTh2,CNN,123,77,0.31260713,0.0,0.02199613,2.08217134,False
ETTh2,CNN,123,78,0.24429812,0.068309,0.01534147,1.45223596,False
ETTh2,CNN,123,79,0.23589976,0.00839836,0.01917684,1.81529495,False
ETTh2,CNN,123,80,0.26182223,0.0,0.02556912,2.42039327,False
ETTm1,DLinear,123,2,0.40670319,0.01488187,0.00709685,1.68099571,False
ETTm1,DLinear,123,3,0.40345227,0.00325091,0.00557047,1.31945012,False
ETTm1,DLinear,123,4,0.40029452,0.00315776,0.00487651,1.1550757,False
ETTm1,DLinear,123,5,0.39930318,0.00099134,0.00190014,0.4500764,False
ETTm1,DLinear,123,6,0.3972025,0.00210068,0.00166509,0.39440207,False
ETTm1,DLinear,123,7,0.39895837,0.0,0.00103354,0.24480961,False
ETTm1,DLinear,123,8,0.39688269,0.00207568,0.00083527,0.19784694,False
ETTm1,DLinear,123,9,0.39718401,0.0,0.0009669,0.22902514,False
ETTm1,DLinear,123,10,0.39942015,0.0,0.0009669,0.22902514,False
ETTm1,DLinear,123,11,0.39666133,0.00275882,0.00055176,0.13069381,False
ETTm1,DLinear,123,12,0.39773874,0.0,0.00083987,0.1989348,False
ETTm1,DLinear,123,13,0.39867281,0.0,0.00083987,0.1989348,False
ETTm1,DLinear,123,14,0.39723231,0.0014405,0.0002881,0.06824099,True
ETTm1,DLinear,123,15,0.39728253,0.0,0.00039598,0.09379316,False
ETTm1,DLinear,123,16,0.39790517,0.0,0.00043893,0.10396604,False
ETTm1,DLinear,123,17,0.39736578,0.00053938,0.0001888,0.04471944,False
ETTm1,DLinear,123,18,0.39715104,0.00021474,0.0001888,0.04471944,False
ETTm1,DLinear,123,19,0.39696118,0.00018986,0.00018914,0.04480172,False
ETTm1,DLinear,123,20,0.39708593,0.0,8.127e-05,0.01924956,False
ETTm1,DLinear,123,21,0.39708419,1.74e-06,0.00011905,0.02819837,False
ETTm1,DLinear,123,22,0.39824557,0.0,0.00031175,0.07384252,False
ETTm1,DLinear,123,23,0.39784192,0.00040364,0.00034551,0.08183976,False
ETTm1,DLinear,123,24,0.39668856,0.00115337,0.00034516,0.08175748,False
ETTm1,DLinear,123,25,0.39651974,0.00016881,0.00055175,0.13069077,False
ETTm1,DLinear,123,26,0.39818352,0.0,0.00058216,0.13789303,False
ETTm1,DLinear,123,27,0.39715059,0.00103294,0.00035148,0.08325449,False
ETTm1,DLinear,123,28,0.39659491,0.00055567,0.00079279,0.18778396,False
ETTm1,DLinear,123,29,0.39781339,0.0,0.00079279,0.18778396,False
ETTm1,DLinear,123,30,0.39543806,0.00237533,0.00108347,0.25663659,False
ETTm1,DLinear,123,31,0.39833985,0.0,0.00097234,0.23031264,False
ETTm1,DLinear,123,32,0.3958535,0.00248635,0.00097234,0.23031264,False
ETTm1,DLinear,123,33,0.39690698,0.0,0.00049727,0.11778592,False
ETTm1,DLinear,123,34,0.39703243,0.0,0.00066007,0.15634804,False
ETTm1,DLinear,123,35,0.39718762,0.0,0.0001628,0.03856211,False
ETTm1,DLinear,123,36,0.39637361,0.00081401,0.0001838,0.04353555,False
ETTm1,DLinear,123,37,0.39695161,0.0,0.0001838,0.04353555,False
ETTm1,DLinear,123,38,0.39684662,0.00010498,0.00054459,0.1289938,False
ETTm1,DLinear,123,39,0.39776954,0.0,0.00038179,0.09043169,False
ETTm1,DLinear,123,40,0.39596559,0.00180394,0.00044331,0.1050055,False
ETTm1,DLinear,123,41,0.39677486,0.0,0.00042232,0.10003206,False
ETTm1,DLinear,123,42,0.39646722,0.00030764,0.00056886,0.13474385,False
ETTm1,DLinear,123,43,0.39728112,0.0,0.00020807,0.0492856,False
ETTm1,DLinear,123,44,0.39654839,0.00073273,0.00020807,0.0492856,False
ETTm1,DLinear,123,45,0.39837408,0.0,0.00036063,0.08542169,False
ETTm1,DLinear,123,46,0.39855265,0.0,0.00036063,0.08542169,False
ETTm1,DLinear,123,47,0.39748221,0.00107044,0.00030163,0.07144649,False
ETTm1,DLinear,123,48,0.39754759,0.0,0.00059451,0.1408198,False
ETTm1,DLinear,123,49,0.39710986,0.00043773,0.00060143,0.14245823,False
ETTm1,DLinear,123,50,0.39564546,0.00146441,0.00038734,0.09174833,False
ETTm1,DLinear,123,51,0.39561087,3.459e-05,0.00038734,0.09174833,False
ETTm1,DLinear,123,52,0.39735627,0.0,0.0006696,0.15860437,False
ETTm1,DLinear,123,53,0.39913347,0.0,0.00057768,0.13683258,False
ETTm1,DLinear,123,54,0.39728447,0.001849,0.00057076,0.13519415,False
ETTm1,DLinear,123,55,0.39627965,0.00100482,0.00067359,0.15954884,False
ETTm1,DLinear,123,56,0.39773302,0.0,0.00079546,0.18841673,False
ETTm1,DLinear,123,57,0.39721892,0.0005141,0.00042566,0.1008241,False
ETTm1,DLinear,123,58,0.39660954,0.00060937,0.00052212,0.12367132,False
ETTm1,DLinear,123,59,0.39847927,0.0,0.00052212,0.12367132,False
ETTm1,DLinear,123,60,0.39699216,0.00148711,0.00058702,0.13904543,False
ETTm1,DLinear,123,61,0.39767206,0.0,0.00046515,0.11017754,False
ETTm1,DLinear,123,62,0.39683343,0.00083864,0.00061769,0.14630872,False
ETTm1,DLinear,123,63,0.39833502,0.0,0.00032027,0.07585998,False
ETTm1,DLinear,123,64,0.39757233,0.0007627,0.00054369,0.1287823,False
ETTm1,DLinear,123,65,0.39774685,0.0,0.00037597,0.0890535,False
ETTm1,DLinear,123,66,0.39662971,0.00111714,0.00075208,0.17814081,False
ETTm1,DLinear,123,67,0.39752503,0.0,0.00059954,0.14200963,False
ETTm1,DLinear,123,68,0.39564448,0.00188055,0.00059954,0.14200963,False
ETTm1,DLinear,123,69,0.39755469,0.0,0.00038375,0.09089612,False
ETTm1,DLinear,123,70,0.39769307,0.0,0.00049514,0.11728193,False
ETTm1,DLinear,123,71,0.39765488,3.818e-05,0.00023283,0.05515049,False
ETTm1,DLinear,123,72,0.3970979,0.00055698,0.00023283,0.05515049,False
ETTm1,DLinear,123,73,0.39652889,0.00056901,0.0002787,0.06601502,False
ETTm1,DLinear,123,74,0.39749858,0.0,0.00027107,0.06420621,False
ETTm1,DLinear,123,75,0.39726924,0.00022934,0.00026247,0.06216961,False
ETTm1,DLinear,123,76,0.39775954,0.0,0.00017241,0.04083801,False
ETTm1,DLinear,123,77,0.39724555,0.00051399,0.00025013,0.05924746,False
ETTm1,DLinear,123,78,0.39712682,0.00011872,0.00027985,0.06628688,False
ETTm1,DLinear,123,79,0.39673822,0.00038861,0.00034981,0.08285861,False
ETTm1,DLinear,123,80,0.39636028,0.00037794,0.00029509,0.06989612,False
ETTm1,MLP,123,2,0.43701462,0.03775905,0.01890373,1.85703761,False
ETTm1,MLP,123,3,0.42447419,0.01254042,0.0141778,1.39277821,False
ETTm1,MLP,123,4,0.41806247,0.00641172,0.0117928,1.15848421,False
ETTm1,MLP,123,5,0.41856047,0.0,0.00426272,0.41875548,False
ETTm1,MLP,123,6,0.41630766,0.00225281,0.00176049,0.17294449,False
ETTm1,MLP,123,7,0.41619899,0.00010867,0.0008737,0.08582902,True
ETTm1,MLP,123,8,0.41616974,2.925e-05,0.00120314,0.11819201,False
ETTm1,MLP,123,9,0.41419199,0.00197776,0.00075257,0.07393037,False
ETTm1,MLP,123,10,0.41254479,0.0016472,0.00097408,0.09569077,False
ETTm1,MLP,123,11,0.41443361,0.0,0.00111614,0.10964608,False
ETTm1,MLP,123,12,0.41321739,0.00121622,0.00072059,0.07078851,False
ETTm1,MLP,123,13,0.41247785,0.00073954,0.000569,0.05589621,False
ETTm1,MLP,123,14,0.41405527,0.0,0.00083328,0.08185837,False
ETTm1,MLP,123,15,0.41316606,0.00088922,0.00097553,0.09583259,False
ETTm1,MLP,123,16,0.41184465,0.00132141,0.00082762,0.08130259,False
ETTm1,MLP,123,17,0.40991717,0.00192748,0.00082762,0.08130259,False
ETTm1,MLP,123,18,0.41225164,0.0,0.00133849,0.13148887,False
ETTm1,MLP,123,19,0.41389676,0.0,0.00107421,0.10552672,False
ETTm1,MLP,123,20,0.41045319,0.00344357,0.00080601,0.07917923,False
ETTm1,MLP,123,21,0.41171273,0.0,0.00080601,0.07917923,False
ETTm1,MLP,123,22,0.41112628,0.00058645,0.00080601,0.07917923,False
ETTm1,MLP,123,23,0.41202434,0.0,0.00020693,0.02032852,False
ETTm1,MLP,123,24,0.41284554,0.0,0.00049108,0.04824195,False
ETTm1,MLP,123,25,0.41239732,0.00044822,0.00037379,0.03671971,False
ETTm1,MLP,123,26,0.4109766,0.00142072,0.00049617,0.04874233,False
ETTm1,MLP,123,27,0.41215836,0.0,0.00056218,0.05522658,False
ETTm1,MLP,123,28,0.41154644,0.00061192,0.00074903,0.07358198,False
ETTm1,MLP,123,29,0.41121641,0.00033003,0.00046488,0.04566855,False
ETTm1,MLP,123,30,0.40983394,0.00138246,0.00046488,0.04566855,False
ETTm1,MLP,123,31,0.41099058,0.0,0.00108261,0.10635168,False
ETTm1,MLP,123,32,0.41191671,0.0,0.0010166,0.09986743,False
ETTm1,MLP,123,33,0.40821616,0.00370054,0.00074011,0.07270575,False
ETTm1,MLP,123,34,0.41115087,0.0,0.00101448,0.0996594,False
ETTm1,MLP,123,35,0.41290145,0.0,0.0012532,0.12311021,False
ETTm1,MLP,123,36,0.41152957,0.00137187,0.00063753,0.06262863,False
ETTm1,MLP,123,37,0.41033598,0.00119359,0.00063753,0.06262863,False
ETTm1,MLP,123,38,0.4097138,0.00062218,0.00130905,0.12859629,False
ETTm1,MLP,123,39,0.41087694,0.0,0.00103467,0.10164264,False
ETTm1,MLP,123,40,0.40751935,0.00335759,0.00079595,0.07819183,False
ETTm1,MLP,123,41,0.40785194,0.0,0.0008224,0.08078992,False
ETTm1,MLP,123,42,0.40915254,0.0,0.0008224,0.08078992,False
ETTm1,MLP,123,43,0.40839812,0.00075442,0.00015088,0.01482225,False
ETTm1,MLP,123,44,0.40882525,0.0,0.00064147,0.06301578,False
ETTm1,MLP,123,45,0.41162878,0.0,0.00064147,0.06301578,False
ETTm1,MLP,123,46,0.40917585,0.00245293,0.00049059,0.04819353,False
ETTm1,MLP,123,47,0.41026535,0.0,0.0012008,0.11796277,False
ETTm1,MLP,123,48,0.41161974,0.0,0.0012008,0.11796277,False
ETTm1,MLP,123,49,0.40806866,0.00355108,0.00077193,0.07583151,False
ETTm1,MLP,123,50,0.40834409,0.0,0.00077193,0.07583151,False
ETTm1,MLP,123,51,0.40803554,0.00030855,0.0020031,0.19677751,False
ETTm1,MLP,123,52,0.4159847,0.0,0.00129288,0.12700826,False
ETTm1,MLP,123,53,0.40982884,0.00615585,0.00192906,0.18950377,False
ETTm1,MLP,123,54,0.41084482,0.0,0.00186734,0.18344151,False
ETTm1,MLP,123,55,0.40766396,0.00318087,0.00186734,0.18344151,False
ETTm1,MLP,123,56,0.41027063,0.0,0.00115204,0.1131724,False
ETTm1,MLP,123,57,0.41053216,0.0,0.00115204,0.1131724,False
ETTm1,MLP,123,58,0.40795284,0.00257933,0.00180887,0.17769676,False
ETTm1,MLP,123,59,0.41362705,0.0,0.00180887,0.17769676,False
ETTm1,MLP,123,60,0.40716205,0.006465,0.00180887,0.17769676,False
ETTm1,MLP,123,61,0.41022522,0.0,0.00147598,0.14499511,False
ETTm1,MLP,123,62,0.4108,0.0,0.00175618,0.17252159,False
ETTm1,MLP,123,63,0.4098851,0.0009149,0.00046319,0.04550172,False
ETTm1,MLP,123,64,0.40848407,0.00140103,0.00075458,0.07412727,False
ETTm1,MLP,123,65,0.41041852,0.0,0.00075458,0.07412727,False
ETTm1,MLP,123,66,0.40896155,0.00145697,0.00059902,0.05884533,False
ETTm1,MLP,123,67,0.41281809,0.0,0.00119788,0.11767592,False
ETTm1,MLP,123,68,0.41268101,0.00013708,0.00119788,0.11767592,False
ETTm1,MLP,123,69,0.40828565,0.00439536,0.00224674,0.22071241,False
ETTm1,MLP,123,70,0.41543633,0.0,0.00224674,0.22071241,False
ETTm1,MLP,123,71,0.40873505,0.00670127,0.00221933,0.21801911,False
ETTm1,MLP,123,72,0.40919355,0.0,0.00197481,0.1939989,False
ETTm1,MLP,123,73,0.41235434,0.0,0.00197481,0.1939989,False
ETTm1,MLP,123,74,0.40918154,0.00317279,0.00063456,0.06233686,False
ETTm1,MLP,123,75,0.40978432,0.0,0.00063456,0.06233686,False
ETTm1,MLP,123,76,0.4102513,0.0,0.00131556,0.12923639,False
ETTm1,MLP,123,77,0.41330221,0.0,0.000681,0.06689953,False
ETTm1,MLP,123,78,0.40989719,0.00340502,0.000681,0.06689953,False
ETTm1,MLP,123,79,0.41205663,0.0,0.00085126,0.08362442,False
ETTm1,MLP,123,80,0.42563604,0.0,0.00113501,0.11149922,False
ETTm1,CNN,123,2,0.42059513,0.01454695,0.00679613,1.51938715,False
ETTm1,CNN,123,3,0.41492658,0.00566855,0.00511685,1.143955,False
ETTm1,CNN,123,4,0.41475368,0.0001729,0.00570074,1.27449372,False
ETTm1,CNN,123,5,0.41467469,7.899e-05,0.00279135,0.62405169,False
ETTm1,CNN,123,6,0.40663839,0.00803631,0.00195965,0.43811245,False
ETTm1,CNN,123,7,0.40755872,0.0,0.00192507,0.43038163,False
ETTm1,CNN,123,8,0.40604865,0.00151007,0.00261279,0.58413199,False
ETTm1,CNN,123,9,0.41060635,0.0,0.00100553,0.22480227,False
ETTm1,CNN,123,10,0.40708878,0.00351757,0.00131325,0.29359955,False
ETTm1,CNN,123,11,0.40857923,0.0,0.00162099,0.36239991,False
ETTm1,CNN,123,12,0.4070406,0.00153863,0.00189378,0.42338676,False
ETTm1,CNN,123,13,0.40399183,0.00304877,0.001681,0.37581434,False
ETTm1,CNN,123,14,0.40262787,0.00136395,0.001681,0.37581434,False
ETTm1,CNN,123,15,0.40017425,0.00245363,0.00266275,0.59530253,False
ETTm1,CNN,123,16,0.41487521,0.0,0.00267852,0.59882807,False
ETTm1,CNN,123,17,0.40842779,0.00644742,0.00240573,0.53784121,False
ETTm1,CNN,123,18,0.40530017,0.00312762,0.00300927,0.67277072,False
ETTm1,CNN,123,19,0.4090384,0.0,0.00300927,0.67277072,False
ETTm1,CNN,123,20,0.40356712,0.00547129,0.00256447,0.57333018,False
ETTm1,CNN,123,21,0.40647954,0.0,0.00193895,0.43348409,False
ETTm1,CNN,123,22,0.40225608,0.00422346,0.00366706,0.81983162,False
ETTm1,CNN,123,23,0.40904328,0.0,0.0025728,0.57519248,False
ETTm1,CNN,123,24,0.40040273,0.00864055,0.0025728,0.57519248,False
ETTm1,CNN,123,25,0.40291805,0.0,0.00242074,0.5411953,False
ETTm1,CNN,123,26,0.40962251,0.0,0.00242074,0.5411953,False
ETTm1,CNN,123,27,0.40615939,0.00346313,0.00286867,0.64133776,False
ETTm1,CNN,123,28,0.41242603,0.0,0.00286867,0.64133776,False
ETTm1,CNN,123,29,0.40154582,0.01088021,0.00421385,0.94207585,False
ETTm1,CNN,123,30,0.41260998,0.0,0.00452958,1.01266219,False
ETTm1,CNN,123,31,0.40588406,0.00672592,0.00452958,1.01266219,False
ETTm1,CNN,123,32,0.40084229,0.00504177,0.00334613,0.74808162,False
ETTm1,CNN,123,33,0.40399718,0.0,0.00334613,0.74808162,False
ETTm1,CNN,123,34,0.39903424,0.00496294,0.00200094,0.44734353,False
ETTm1,CNN,123,35,0.4037838,0.0,0.00222914,0.49836012,False
ETTm1,CNN,123,36,0.4063711,0.0,0.00222914,0.49836012,False
ETTm1,CNN,123,37,0.40018836,0.00618274,0.00194718,0.43532328,False
ETTm1,CNN,123,38,0.4023795,0.0,0.00194718,0.43532328,False
ETTm1,CNN,123,39,0.39882636,0.00355314,0.01454157,3.25100748,False
ETTm1,CNN,123,40,0.47102561,0.0,0.01330502,2.9745568,False
ETTm1,CNN,123,41,0.40805363,0.06297198,0.01485513,3.32110909,False
ETTm1,CNN,123,42,0.4127447,0.0,0.01481553,3.31225601,False
ETTm1,CNN,123,43,0.40499416,0.00775054,0.01481553,3.31225601,False
ETTm1,CNN,123,44,0.40163901,0.00335514,0.00349068,0.78039868,False
ETTm1,CNN,123,45,0.41525711,0.0,0.00427525,0.95580328,False
ETTm1,CNN,123,46,0.4089094,0.00634771,0.00272515,0.60925099,False
ETTm1,CNN,123,47,0.40498653,0.00392287,0.00332651,0.74369503,False
ETTm1,CNN,123,48,0.40991466,0.0,0.00464771,1.03907148,False
ETTm1,CNN,123,49,0.40355271,0.00636195,0.00337817,0.75524462,False
ETTm1,CNN,123,50,0.3969467,0.00660601,0.00259359,0.57984001,False
ETTm1,CNN,123,51,0.39909798,0.0,0.00337478,0.75448763,False
ETTm1,CNN,123,52,0.40757796,0.0,0.00210239,0.47002406,False
ETTm1,CNN,123,53,0.40367201,0.00390594,0.00093376,0.20875817,False
ETTm1,CNN,123,54,0.40568987,0.0,0.0015833,0.35397346,False
ETTm1,CNN,123,55,0.40492699,0.00076287,0.0015833,0.35397346,False
ETTm1,CNN,123,56,0.40167929,0.0032477,0.00080211,0.17932585,False
ETTm1,CNN,123,57,0.40427317,0.0,0.0036156,0.80832635,False
ETTm1,CNN,123,58,0.41040275,0.0,0.00346302,0.77421579,False
ETTm1,CNN,123,59,0.39633533,0.01406742,0.00501733,1.12170708,False
ETTm1,CNN,123,60,0.41484041,0.0,0.00535068,1.19623348,False
ETTm1,CNN,123,61,0.40382116,0.01101924,0.00615937,1.37702917,False
ETTm1,CNN,123,62,0.4021544,0.00166676,0.00334589,0.74802867,False
ETTm1,CNN,123,63,0.39811096,0.00404344,0.00383766,0.85797144,False
ETTm1,CNN,123,64,0.39930937,0.0,0.00199921,0.44695515,False
ETTm1,CNN,123,65,0.39685053,0.00245884,0.00166585,0.37242875,False
ETTm1,CNN,123,66,0.39502355,0.00182698,0.00358326,0.80109726,False
ETTm1,CNN,123,67,0.41234065,0.0,0.00358326,0.80109726,False
ETTm1,CNN,123,68,0.39871016,0.01363049,0.0048283,1.07944484,False
ETTm1,CNN,123,69,0.40872725,0.0,0.0044629,0.99775455,False
ETTm1,CNN,123,70,0.40004325,0.008684,0.00463222,1.03560887,False
ETTm1,CNN,123,71,0.40125233,0.0,0.00190612,0.42614467,False
ETTm1,CNN,123,72,0.40040573,0.0008466,0.00233159,0.52126614,False
ETTm1,CNN,123,73,0.40170694,0.0,0.00059479,0.13297579,False
ETTm1,CNN,123,74,0.39957958,0.00212736,0.00189888,0.42452534,False
ETTm1,CNN,123,75,0.4070837,0.0,0.00242793,0.5428042,False
ETTm1,CNN,123,76,0.40056327,0.00652042,0.00242793,0.5428042,False
ETTm1,CNN,123,77,0.3970714,0.00349187,0.00308195,0.68902137,False
ETTm1,CNN,123,78,0.40691718,0.0,0.00359338,0.80335941,False
ETTm1,CNN,123,79,0.40151971,0.00539747,0.00286162,0.63976233,False
ETTm1,CNN,123,80,0.39896257,0.00255714,0.00265154,0.59279447,False
ETTm2,DLinear,123,2,0.14527323,0.0,0.00384419,1.17891536,False
ETTm2,DLinear,123,3,0.1397151,0.00555813,0.0038863,1.19183088,False
ETTm2,DLinear,123,4,0.13374067,0.00597442,0.00322835,0.99005395,False
ETTm2,DLinear,123,5,0.12972803,0.00401264,0.00322835,0.99005395,False
ETTm2,DLinear,123,6,0.12913148,0.00059655,0.00211672,0.64914586,False
ETTm2,DLinear,123,7,0.13476032,0.0,0.00222847,0.68341503,False
ETTm2,DLinear,123,8,0.13911414,0.0,0.00142594,0.43729954,False
ETTm2,DLinear,123,9,0.132581,0.00653314,0.00143302,0.43947148,False
ETTm2,DLinear,123,10,0.13305786,0.0,0.00143302,0.43947148,False
ETTm2,DLinear,123,11,0.1324259,0.00063196,0.00232889,0.71421176,False
ETTm2,DLinear,123,12,0.13754601,0.0,0.00102226,0.31350146,False
ETTm2,DLinear,123,13,0.13306667,0.00447934,0.00102226,0.31350146,False
ETTm2,DLinear,123,14,0.13325025,0.0,0.00251523,0.77135884,False
ETTm2,DLinear,123,15,0.13856038,0.0,0.00251523,0.77135884,False
ETTm2,DLinear,123,16,0.13046355,0.00809682,0.00161936,0.49661856,False
ETTm2,DLinear,123,17,0.13201108,0.0,0.0035247,1.08093786,False
ETTm2,DLinear,123,18,0.14514811,0.0,0.0035247,1.08093786,False
ETTm2,DLinear,123,19,0.13562142,0.00952669,0.00225456,0.69141604,False
ETTm2,DLinear,123,20,0.1377614,0.0,0.00358749,1.10019211,False
ETTm2,DLinear,123,21,0.1360153,0.0017461,0.00358749,1.10019211,False
ETTm2,DLinear,123,22,0.12935066,0.00666465,0.00168215,0.51587281,False
ETTm2,DLinear,123,23,0.13810468,0.0,0.0035986,1.10360107,False
ETTm2,DLinear,123,24,0.14405853,0.0,0.00324938,0.99650434,False
ETTm2,DLinear,123,25,0.13447626,0.00958227,0.00297208,0.91146286,False
ETTm2,DLinear,123,26,0.1371857,0.0,0.00297208,0.91146286,False
ETTm2,DLinear,123,27,0.13190757,0.00527814,0.00297208,0.91146286,False
ETTm2,DLinear,123,28,0.1370385,0.0,0.00105563,0.3237346,False
ETTm2,DLinear,123,29,0.13742756,0.0,0.00340796,1.04513527,False
ETTm2,DLinear,123,30,0.1411033,0.0,0.00235233,0.72140066,False
ETTm2,DLinear,123,31,0.12934165,0.01176165,0.00257904,0.79092813,False
ETTm2,DLinear,123,32,0.13252557,0.0,0.00257904,0.79092813,False
ETTm2,DLinear,123,33,0.131392,0.00113357,0.00378191,1.1598171,False
ETTm2,DLinear,123,34,0.13803628,0.0,0.00142958,0.43841643,False
ETTm2,DLinear,123,35,0.13202194,0.00601433,0.00257905,0.79092939,False
ETTm2,DLinear,123,36,0.13773093,0.0,0.00277264,0.85029827,False
ETTm2,DLinear,123,37,0.13198359,0.00574734,0.00277264,0.85029827,False
ETTm2,DLinear,123,38,0.12988208,0.00210151,0.00156977,0.48140931,False
ETTm2,DLinear,123,39,0.13154411,0.0,0.00311169,0.95427725,False
ETTm2,DLinear,123,40,0.13839722,0.0,0.00202432,0.6208094,False
ETTm2,DLinear,123,41,0.13068763,0.0077096,0.00160402,0.49191305,False
ETTm2,DLinear,123,42,0.13037712,0.00031051,0.00160402,0.49191305,False
ETTm2,DLinear,123,43,0.13317805,0.0,0.00458292,1.40546755,False
ETTm2,DLinear,123,44,0.14578704,0.0,0.003041,0.93259961,False
ETTm2,DLinear,123,45,0.13089253,0.01489451,0.00308135,0.94497369,False
ETTm2,DLinear,123,46,0.13695706,0.0,0.00401309,1.23071269,False
ETTm2,DLinear,123,47,0.13644481,0.00051226,0.00401309,1.23071269,False
ETTm2,DLinear,123,48,0.13178614,0.00465866,0.00186942,0.57330338,False
ETTm2,DLinear,123,49,0.1364581,0.0,0.00230154,0.70582325,False
ETTm2,DLinear,123,50,0.13228193,0.00417617,0.00219908,0.67440406,False
ETTm2,DLinear,123,51,0.13012134,0.00216059,0.00126735,0.38866506,False
ETTm2,DLinear,123,52,0.13087835,0.0,0.00126735,0.38866506,False
ETTm2,DLinear,123,53,0.13303072,0.0,0.00043212,0.13251987,False
ETTm2,DLinear,123,54,0.13416088,0.0,0.0,0.0,True
ETTm2,DLinear,123,55,0.138456,0.0,0.00173941,0.53343395,False
ETTm2,DLinear,123,56,0.13913378,0.0,0.00173941,0.53343395,False
ETTm2,DLinear,123,57,0.13043672,0.00869706,0.00173941,0.53343395,False
ETTm2,DLinear,123,58,0.13076716,0.0,0.00173941,0.53343395,False
ETTm2,DLinear,123,59,0.13101786,0.0,0.00173941,0.53343395,False
ETTm2,DLinear,123,60,0.13281527,0.0,0.00071067,0.21794603,False
ETTm2,DLinear,123,61,0.13453945,0.0,0.00071067,0.21794603,False
ETTm2,DLinear,123,62,0.13098608,0.00355337,0.00086062,0.26392939,False
ETTm2,DLinear,123,63,0.13295504,0.0,0.00086062,0.26392939,False
ETTm2,DLinear,123,64,0.13220533,0.00074971,0.00086062,0.26392939,False
ETTm2,DLinear,123,65,0.13279711,0.0,0.00014994,0.04598335,False
ETTm2,DLinear,123,66,0.13655814,0.0,0.00104949,0.32185358,False
ETTm2,DLinear,123,67,0.13835088,0.0,0.00093128,0.28560156,False
ETTm2,DLinear,123,68,0.13385312,0.00449776,0.00093128,0.28560156,False
ETTm2,DLinear,123,69,0.13369446,0.00015866,0.00240274,0.73685905,False
ETTm2,DLinear,123,70,0.13767668,0.0,0.00240274,0.73685905,False
ETTm2,DLinear,123,71,0.13031942,0.00735726,0.0020549,0.63018589,False
ETTm2,DLinear,123,72,0.13537014,0.0,0.00202317,0.62045456,False
ETTm2,DLinear,123,73,0.13261157,0.00275857,0.00275728,0.8455883,False
ETTm2,DLinear,123,74,0.13509068,0.0,0.00128583,0.39433081,False
ETTm2,DLinear,123,75,0.13142012,0.00367056,0.00143322,0.43953274,False
ETTm2,DLinear,123,76,0.13551085,0.0,0.00192588,0.59061945,False
ETTm2,DLinear,123,77,0.13477388,0.00073697,0.00192588,0.59061945,False
ETTm2,DLinear,123,78,0.129552,0.00522188,0.00240553,0.73771723,False
ETTm2,DLinear,123,79,0.14198005,0.0,0.00300692,0.92214654,False
ETTm2,DLinear,123,80,0.13591122,0.00606883,0.00376357,1.15419217,False
ETTm2,MLP,123,2,0.14537883,0.01052792,0.0047805,1.32513942,False
ETTm2,MLP,123,3,0.14156527,0.00381357,0.00495956,1.37477624,False
ETTm2,MLP,123,4,0.14571358,0.0,0.00442384,1.22627658,False
ETTm2,MLP,123,5,0.14021682,0.00549676,0.00231826,0.64261482,False
ETTm2,MLP,123,6,0.13793585,0.00228097,0.00155555,0.43119293,False
ETTm2,MLP,123,7,0.1394122,0.0,0.0028584,0.79233961,False
ETTm2,MLP,123,8,0.14660134,0.0,0.00175905,0.48760227,False
ETTm2,MLP,123,9,0.14008708,0.00651426,0.00317789,0.88090184,False
ETTm2,MLP,123,10,0.14588925,0.0,0.00317789,0.88090184,False
ETTm2,MLP,123,11,0.13651406,0.00937519,0.00351946,0.97558361,False
ETTm2,MLP,123,12,0.14107197,0.0,0.00360623,0.99963592,False
ETTm2,MLP,123,13,0.13936413,0.00170784,0.00360623,0.99963592,False
ETTm2,MLP,123,14,0.13241603,0.00694811,0.00173119,0.47988075,False
ETTm2,MLP,123,15,0.13347168,0.0,0.00173119,0.47988075,False
ETTm2,MLP,123,16,0.1359645,0.0,0.00138962,0.38519899,False
ETTm2,MLP,123,17,0.13762189,0.0,0.00115865,0.32117525,False
ETTm2,MLP,123,18,0.13889415,0.0,0.00115865,0.32117525,False
ETTm2,MLP,123,19,0.13310088,0.00579327,0.00228441,0.63323289,False
ETTm2,MLP,123,20,0.13653282,0.0,0.00228441,0.63323289,False
ETTm2,MLP,123,21,0.13090401,0.0056288,0.00228441,0.63323289,False
ETTm2,MLP,123,22,0.13434168,0.0,0.00233043,0.6459872,False
ETTm2,MLP,123,23,0.13539563,0.0,0.00233043,0.6459872,False
ETTm2,MLP,123,24,0.12937231,0.00602332,0.00120466,0.33392955,False
ETTm2,MLP,123,25,0.13097413,0.0,0.00151014,0.41860709,False
ETTm2,MLP,123,26,0.1321912,0.0,0.00202835,0.5622531,False
ETTm2,MLP,123,27,0.13066381,0.00152739,0.00082369,0.22832355,False
ETTm2,MLP,123,28,0.12807277,0.00259104,0.0032983,0.91427833,False
ETTm2,MLP,123,29,0.1456372,0.0,0.00451447,1.25139769,False
ETTm2,MLP,123,30,0.13326415,0.01237305,0.00422568,1.17134483,False
ETTm2,MLP,123,31,0.12718329,0.00608086,0.00370747,1.02769882,False
ETTm2,MLP,123,32,0.12709987,8.342e-05,0.00370747,1.02769882,False
ETTm2,MLP,123,33,0.12832214,0.0,0.00123286,0.34174405,False
ETTm2,MLP,123,34,0.12855032,0.0,0.00046762,0.12962418,False
ETTm2,MLP,123,35,0.13745032,0.0,0.00142863,0.39601288,False
ETTm2,MLP,123,36,0.13519562,0.0022547,0.00234953,0.6512834,False
ETTm2,MLP,123,37,0.13030716,0.00488846,0.00234953,0.6512834,False
ETTm2,MLP,123,38,0.12570266,0.0046045,0.00328061,0.90937501,False
ETTm2,MLP,123,39,0.13278346,0.0,0.00282967,0.78437552,False
ETTm2,MLP,123,40,0.12812808,0.00465538,0.00224841,0.62325291,False
ETTm2,MLP,123,41,0.12977916,0.0,0.00132751,0.3679824,False
ETTm2,MLP,123,42,0.12779699,0.00198218,0.00132751,0.3679824,False
ETTm2,MLP,123,43,0.12789806,0.0,0.00039644,0.10989078,False
ETTm2,MLP,123,44,0.12994832,0.0,0.01362811,3.77767119,False
ETTm2,MLP,123,45,0.19322178,0.0,0.01323167,3.66778041,False
ETTm2,MLP,123,46,0.12706343,0.06615835,0.01477517,4.09563465,False
ETTm2,MLP,123,47,0.13435593,0.0,0.01477517,4.09563465,False
ETTm2,MLP,123,48,0.12663842,0.00771751,0.01577,4.37139867,False
ETTm2,MLP,123,49,0.13892012,0.0,0.0040456,1.12142812,False
ETTm2,MLP,123,50,0.13394597,0.00497415,0.0040456,1.12142812,False
ETTm2,MLP,123,51,0.12640964,0.00753633,0.0025021,0.69357388,False
ETTm2,MLP,123,52,0.12666932,0.0,0.007404,2.05236789,False
ETTm2,MLP,123,53,0.15249056,0.0,0.00640917,1.77660388,False
ETTm2,MLP,123,54,0.12798103,0.02450953,0.00623739,1.72898667,False
ETTm2,MLP,123,55,0.1396515,0.0,0.00630068,1.74652928,False
ETTm2,MLP,123,56,0.13297407,0.00667743,0.00630068,1.74652928,False
ETTm2,MLP,123,57,0.13265764,0.00031643,0.00238391,0.66081405,False
ETTm2,MLP,123,58,0.133368,0.0,0.00285015,0.79005285,False
ETTm2,MLP,123,59,0.12844228,0.00492572,0.00151466,0.4198602,False
ETTm2,MLP,123,60,0.12611111,0.00233117,0.00145138,0.40231758,False
ETTm2,MLP,123,61,0.12855588,0.0,0.00221365,0.61361705,False
ETTm2,MLP,123,62,0.14057863,0.0,0.00214038,0.59330631,False
ETTm2,MLP,123,63,0.13676727,0.00381136,0.00199666,0.55346764,False
ETTm2,MLP,123,64,0.13220791,0.00455936,0.00199666,0.55346764,False
ETTm2,MLP,123,65,0.13059534,0.00161257,0.00318677,0.88336305,False
ETTm2,MLP,123,66,0.13419935,0.0,0.0024245,0.67206358,False
ETTm2,MLP,123,67,0.12824879,0.00595056,0.00280335,0.77707967,False
ETTm2,MLP,123,68,0.13267128,0.0,0.00248083,0.68767955,False
ETTm2,MLP,123,69,0.12621767,0.00645361,0.00248083,0.68767955,False
ETTm2,MLP,123,70,0.13199742,0.0,0.00404886,1.12233315,False
ETTm2,MLP,123,71,0.14022612,0.0,0.00418157,1.15911881,False
ETTm2,MLP,123,72,0.12643541,0.01379071,0.00289085,0.80133467,False
ETTm2,MLP,123,73,0.12577188,0.00066353,0.00289085,0.80133467,False
ETTm2,MLP,123,74,0.12643538,0.0,0.00289085,0.80133467,False
ETTm2,MLP,123,75,0.12840342,0.0,0.00045281,0.1255179,False
ETTm2,MLP,123,76,0.13505406,0.0,0.00116231,0.32218822,False
ETTm2,MLP,123,77,0.13345354,0.00160053,0.00173175,0.48003715,False
ETTm2,MLP,123,78,0.12924253,0.00421101,0.00173175,0.48003715,False
ETTm2,MLP,123,79,0.12639529,0.00284723,0.00216469,0.60004643,False
ETTm2,MLP,123,80,0.12655572,0.0,0.00235275,0.65217485,False
ETTm2,CNN,123,2,0.14312337,0.00760262,0.00343667,1.02803621,False
ETTm2,CNN,123,3,0.14618775,0.0,0.0025775,0.77102716,False
ETTm2,CNN,123,4,0.14348036,0.00270739,0.002062,0.61682173,False
ETTm2,CNN,123,5,0.14948621,0.0,0.00431928,1.29205745,False
ETTm2,CNN,123,6,0.1505712,0.0,0.00431928,1.29205745,False
ETTm2,CNN,123,7,0.13168219,0.01888901,0.00541856,1.62089433,False
ETTm2,CNN,123,8,0.14830153,0.0,0.00541856,1.62089433,False
ETTm2,CNN,123,9,0.14009771,0.00820381,0.00541856,1.62089433,False
ETTm2,CNN,123,10,0.15151728,0.0,0.00164076,0.49081327,False
ETTm2,CNN,123,11,0.15325324,0.0,0.00702608,2.10176134,False
ETTm2,CNN,123,12,0.1562352,0.0,0.00538531,1.61094807,False
ETTm2,CNN,123,13,0.12930863,0.02692657,0.00741646,2.21853799,False
ETTm2,CNN,123,14,0.14134139,0.0,0.00741646,2.21853799,False
ETTm2,CNN,123,15,0.13118569,0.01015571,0.00741646,2.21853799,False
ETTm2,CNN,123,16,0.13353562,0.0,0.00478758,1.43214403,False
ETTm2,CNN,123,17,0.15929126,0.0,0.00790925,2.36595007,False
ETTm2,CNN,123,18,0.14550906,0.0137822,0.00587811,1.75836015,False
ETTm2,CNN,123,19,0.12990073,0.01560832,0.0090881,2.71858894,False
ETTm2,CNN,123,20,0.14657126,0.0,0.0090881,2.71858894,False
ETTm2,CNN,123,21,0.13052129,0.01604997,0.00755508,2.26000584,False
ETTm2,CNN,123,22,0.14271971,0.0,0.00443342,1.3261998,False
ETTm2,CNN,123,23,0.1366026,0.00611711,0.00766591,2.29315967,False
ETTm2,CNN,123,24,0.16461796,0.0,0.00550954,1.64810936,False
ETTm2,CNN,123,25,0.14845548,0.01616248,0.00675572,2.02088799,False
ETTm2,CNN,123,26,0.14318736,0.00526813,0.00623985,1.86657135,False
ETTm2,CNN,123,27,0.13695646,0.0062309,0.00623985,1.86657135,False
ETTm2,CNN,123,28,0.13341872,0.00353775,0.00300735,0.89961147,False
ETTm2,CNN,123,29,0.1389671,0.0,0.00348648,1.04293534,False
ETTm2,CNN,123,30,0.14899959,0.0,0.0022403,0.67015671,False
ETTm2,CNN,123,31,0.14133585,0.00766375,0.01325233,3.96426432,False
ETTm2,CNN,123,32,0.19475959,0.0,0.01342377,4.01554811,False
ETTm2,CNN,123,33,0.13616171,0.05859789,0.01342377,4.01554811,False
ETTm2,CNN,123,34,0.13530451,0.0008572,0.01189102,3.55704577,False
ETTm2,CNN,123,35,0.13635998,0.0,0.01300156,3.88925131,False
ETTm2,CNN,123,36,0.14700081,0.0,0.00128198,0.38348934,False
ETTm2,CNN,123,37,0.14144808,0.00555273,0.00111055,0.33220554,False
ETTm2,CNN,123,38,0.14493309,0.0,0.00365893,1.09452194,False
ETTm2,CNN,123,39,0.15162743,0.0,0.00365893,1.09452194,False
ETTm2,CNN,123,40,0.13888552,0.01274192,0.00283312,0.84749288,False
ETTm2,CNN,123,41,0.14468636,0.0,0.00493369,1.47585189,False
ETTm2,CNN,123,42,0.14326266,0.0014237,0.00493369,1.47585189,False
ETTm2,CNN,123,43,0.1327598,0.01050285,0.00238531,0.71353549,False
ETTm2,CNN,123,44,0.13337765,0.0,0.00308272,0.9221571,False
ETTm2,CNN,123,45,0.14220089,0.0,0.00356044,1.06506157,False
ETTm2,CNN,123,46,0.13871383,0.00348705,0.00145987,0.43670256,False
ETTm2,CNN,123,47,0.13490152,0.00381231,0.00323468,0.96761398,False
ETTm2,CNN,123,48,0.1526596,0.0,0.00446251,1.3349024,False
ETTm2,CNN,123,49,0.14378556,0.00887404,0.0037651,1.1262808,False
ETTm2,CNN,123,50,0.13764643,0.00613913,0.00300263,0.89819983,False
ETTm2,CNN,123,51,0.13776461,0.0,0.00621326,1.85861681,False
ETTm2,CNN,123,52,0.15781197,0.0,0.00533048,1.59454511,False
ETTm2,CNN,123,53,0.14175885,0.01605312,0.00410265,1.22725669,False
ETTm2,CNN,123,54,0.1372987,0.00446016,0.00801646,2.39802278,False
ETTm2,CNN,123,55,0.15608549,0.0,0.00801646,2.39802278,False
ETTm2,CNN,123,56,0.13651645,0.01956905,0.0055193,1.65102793,False
ETTm2,CNN,123,57,0.15056246,0.0,0.00462727,1.38418821,False
ETTm2,CNN,123,58,0.14699517,0.00356729,0.00495073,1.48094763,False
ETTm2,CNN,123,59,0.14774823,0.0,0.00103692,0.31018154,False
ETTm2,CNN,123,60,0.14613092,0.00161731,0.00103692,0.31018154,False
ETTm2,CNN,123,61,0.14761875,0.0,0.00444945,1.33099483,False
ETTm2,CNN,123,62,0.15859738,0.0,0.00444945,1.33099483,False
ETTm2,CNN,123,63,0.13796746,0.02062992,0.00412598,1.23423541,False
ETTm2,CNN,123,64,0.15093516,0.0,0.00412598,1.23423541,False
ETTm2,CNN,123,65,0.15601275,0.0,0.0194219,5.80981232,False
ETTm2,CNN,123,66,0.21470482,0.0,0.01529591,4.57557692,False
ETTm2,CNN,123,67,0.13822526,0.07647956,0.01548862,4.63322228,False
ETTm2,CNN,123,68,0.16269552,0.0,0.01548862,4.63322228,False
ETTm2,CNN,123,69,0.16173199,0.00096353,0.02228703,6.66688183,False
ETTm2,CNN,123,70,0.17951362,0.0,0.00791561,2.36785302,False
ETTm2,CNN,123,71,0.14552153,0.03399208,0.00791561,2.36785302,False
ETTm2,CNN,123,72,0.14089911,0.00462243,0.0077229,2.31020766,False
ETTm2,CNN,123,73,0.14293793,0.0,0.00893287,2.67215364,False
ETTm2,CNN,123,74,0.14808927,0.0,0.00213445,0.6384941,False
ETTm2,CNN,123,75,0.14203944,0.00604983,0.00338431,1.01237287,False
ETTm2,CNN,123,76,0.15197794,0.0,0.00338431,1.01237287,False
ETTm2,CNN,123,77,0.14110622,0.01087171,0.0052365,1.5664316,False
ETTm2,CNN,123,78,0.15295948,0.0,0.00402653,1.20448562,False
ETTm2,CNN,123,79,0.14369853,0.00926095,0.00503316,1.50560702,False
ETTm2,CNN,123,80,0.16042354,0.0,0.00308698,0.9234312,False
