seed,dataset,feature,model,distillation_method,n_distill_steps,alpha,real_mse,transfer_mse,acf_short,acf_long,fft_distance,trend_error,variance_diff,freq_rank_error,peak_mag_ratio,cross_corr_error
7,ETTh1,0,CNN,MTT,300,0.0,0.3855063006053819,0.594715555074776,0.1565857074671992,0.1276136219272963,0.543560672119412,0.7178365805464301,0.7913905382156372,15.0,0.9797041804242252,0.3283411614737674
7,ETTh1,1,CNN,MTT,300,0.0,0.3855063006053819,0.594715555074776,0.1365414280632229,0.1017649736121628,0.4157657387864828,0.8734103885491303,0.3587434291839599,15.0,0.9167823705312989,0.3283411614737674
7,ETTh1,2,CNN,MTT,300,0.0,0.3855063006053819,0.594715555074776,0.3565535034772164,0.1249932838537093,0.5217390800603795,0.559253482887159,0.8144728541374207,32.0,0.9346094881561954,0.3283411614737674
7,ETTh1,3,CNN,MTT,300,0.0,0.3855063006053819,0.594715555074776,0.1568759038314608,0.1173162952474101,0.3094780523526195,0.4105273154412112,0.4856957197189331,15.0,0.5970340435588243,0.3283411614737674
7,ETTh1,4,CNN,MTT,300,0.0,0.3855063006053819,0.594715555074776,0.1964279808681801,0.0832557116221605,0.7136319910733183,1.3678131306525951,0.1203733682632446,15.0,0.6635503135251068,0.3283411614737674
7,ETTh1,5,CNN,MTT,300,0.0,0.3855063006053819,0.594715555074776,0.4935510803511869,0.3658939462436893,0.3285898869985049,1.5800827748871271,0.7523121237754822,2.0,0.5538336719425244,0.3283411614737674
7,ETTh1,6,CNN,MTT,300,0.0,0.3855063006053819,0.594715555074776,0.0690860086313285,0.0537378674513694,0.6299954962495263,1.5407442003091285,0.5543301105499268,0.0,1.3766660887057416,0.3283411614737674
7,ETTh1,0,CNN,MTT,300,0.1,0.3855063006053819,0.523842647249519,0.1467408391871529,0.1196863562424595,0.4892046026245152,0.7396469752344421,0.7928909063339233,15.0,0.8817337747423604,0.3277511741638694
7,ETTh1,1,CNN,MTT,300,0.1,0.3855063006053819,0.523842647249519,0.1326862957996122,0.0998691071666986,0.3741891701026385,0.8470276121535449,0.4153071045875549,15.0,0.8251041049807566,0.3277511741638694
7,ETTh1,2,CNN,MTT,300,0.1,0.3855063006053819,0.523842647249519,0.3451373374656747,0.1110314107318295,0.4695651631223164,0.5921854459840509,0.8107754588127136,32.0,0.8411485281752517,0.3277511741638694
7,ETTh1,3,CNN,MTT,300,0.1,0.3855063006053819,0.523842647249519,0.1494667135407628,0.1115284652554849,0.2785302367426183,0.4005298488291763,0.5271104574203491,15.0,0.5373306980529057,0.3277511741638694
7,ETTh1,4,CNN,MTT,300,0.1,0.3855063006053819,0.523842647249519,0.1899590641867943,0.0816034901507314,0.6422687890098882,1.2968788705594383,0.016735553741455,15.0,0.5971953107580383,0.3277511741638694
7,ETTh1,5,CNN,MTT,300,0.1,0.3855063006053819,0.523842647249519,0.4679268940407511,0.3593427745884869,0.2957308965742932,1.6174369634421752,0.763562023639679,0.0,0.4984503127815981,0.3277511741638694
7,ETTh1,6,CNN,MTT,300,0.1,0.3855063006053819,0.523842647249519,0.0690368458400283,0.0541016465704213,0.5669959460641317,1.481432433769177,0.6030012369155884,0.0,1.238999608014281,0.3277511741638694
7,ETTh1,0,CNN,MTT,300,0.2,0.3855063006053819,0.4861799004975369,0.1298932462956702,0.1001206799797287,0.4348485267939362,0.7628322949501907,0.7872600555419922,15.0,0.7837633514938115,0.3267753270930887
7,ETTh1,1,CNN,MTT,300,0.2,0.3855063006053819,0.4861799004975369,0.1264607395310688,0.0965768628723546,0.3326125812602279,0.8214637194878563,0.4668393731117248,15.0,0.7334258525461782,0.3267753270930887
7,ETTh1,2,CNN,MTT,300,0.2,0.3855063006053819,0.4861799004975369,0.3346317492269395,0.090509255450188,0.4173912659718015,0.6250878587542701,0.8007484078407288,0.0,0.7476875885509764,0.3267753270930887
7,ETTh1,3,CNN,MTT,300,0.2,0.3855063006053819,0.4861799004975369,0.1404895880664928,0.104628050175828,0.2475824304905548,0.3912115139467103,0.5655251741409302,15.0,0.4776272326674311,0.3267753270930887
7,ETTh1,4,CNN,MTT,300,0.2,0.3855063006053819,0.4861799004975369,0.1811448660831597,0.0793266928363621,0.5709056401829541,1.2503773310859274,0.0759720206260681,15.0,0.5308402757407273,0.3267753270930887
7,ETTh1,5,CNN,MTT,300,0.2,0.3855063006053819,0.4861799004975369,0.4395501914916881,0.3508421046220079,0.2628718593551677,1.6451485862035764,0.7727713584899902,0.0,0.4430669536206718,0.3267753270930887
7,ETTh1,6,CNN,MTT,300,0.2,0.3855063006053819,0.4861799004975369,0.068467028272063,0.0541907039116509,0.5039963770129324,1.422166730650099,0.6483407020568848,0.0,1.1013328003139566,0.3267753270930887
7,ETTh1,0,CNN,MTT,300,0.3,0.3855063006053819,0.4700268038625522,0.1170522234032651,0.074077846378851,0.3804924653850672,0.785002087623935,0.7744981050491333,15.0,0.6857929282452626,0.3259850138851969
7,ETTh1,1,CNN,MTT,300,0.3,0.3855063006053819,0.4700268038625522,0.1173048455748041,0.0914135834119729,0.2910360223711357,0.7951061120829757,0.5133401155471802,15.0,0.6417476525754551,0.3259850138851969
7,ETTh1,2,CNN,MTT,300,0.3,0.3855063006053819,0.4700268038625522,0.3258349484506831,0.0718244943003478,0.3652173575773126,0.6567685290404606,0.7843917012214661,0.0,0.6542266489267011,0.3259850138851969
7,ETTh1,3,CNN,MTT,300,0.3,0.3855063006053819,0.4700268038625522,0.1306951587665715,0.0968327991940957,0.2166346289001539,0.3830439936635412,0.6009402275085449,15.0,0.4179237972518456,0.3259850138851969
7,ETTh1,4,CNN,MTT,300,0.3,0.3855063006053819,0.4700268038625522,0.1695541192573417,0.0763583293350623,0.4995423621851478,1.2036359996086468,0.1577493548393249,15.0,0.4644852407234164,0.3259850138851969
7,ETTh1,5,CNN,MTT,300,0.3,0.3855063006053819,0.4700268038625522,0.4088647716995763,0.3403836431410905,0.2300129309362712,1.6713039071347513,0.7799400687217712,0.0,0.3876835944597454,0.3259850138851969
7,ETTh1,6,CNN,MTT,300,0.3,0.3855063006053819,0.4700268038625522,0.067166271862796,0.0538975900026417,0.4409968494320019,1.3650852084342942,0.6903485059738159,0.0,0.9636664831269284,0.3259850138851969
7,ETTh1,0,CNN,MTT,300,0.5,0.3855063006053819,0.4678282634268421,0.1500154244936793,0.0498394693173957,0.2717803525977981,0.8332831518941514,0.7275806665420532,0.0,0.4898521379615539,0.3268845671165979
7,ETTh1,1,CNN,MTT,300,0.5,0.3855063006053819,0.4678282634268421,0.0913547412864622,0.0751558134592591,0.2078828756884942,0.7433850748955005,0.5912469625473022,15.0,0.4583911214743708,0.3268845671165979
7,ETTh1,2,CNN,MTT,300,0.5,0.3855063006053819,0.4678282634268421,0.3143698012632015,0.0694586802406923,0.2608695428072036,0.7215631315753683,0.7326893210411072,0.0,0.4673047425359258,0.3268845671165979
7,ETTh1,3,CNN,MTT,300,0.5,0.3855063006053819,0.4678282634268421,0.1087822051098357,0.0806370146213352,0.1547390500112433,0.3721331866649398,0.6627709865570068,15.0,0.2985169863604524,0.3268845671165979
7,ETTh1,4,CNN,MTT,300,0.5,0.3855063006053819,0.4678282634268421,0.1366060916211218,0.0688756286745549,0.3568160070155765,1.1176143717137197,0.2885127067565918,15.0,0.3317751706887945,0.3268845671165979
7,ETTh1,5,CNN,MTT,300,0.5,0.3855063006053819,0.4678282634268421,0.3433105883780684,0.314120366720429,0.1642949337570074,1.7232711806218195,0.7881559729576111,0.0,0.2769168761378927,0.3268845671165979
7,ETTh1,6,CNN,MTT,300,0.5,0.3855063006053819,0.4678282634268421,0.0614162285437556,0.0511591170970176,0.3149977749420781,1.2509369973367843,0.7643691301345825,0.0,0.6883330312307112,0.3268845671165979
7,ETTh1,0,CNN,MTT,300,0.7,0.3855063006053819,0.435509107882746,0.2128310995849528,0.0933963024453083,0.163068208990902,0.8917849173016579,0.6521385908126831,0.0,0.2939112633577616,0.3332409823877421
7,ETTh1,1,CNN,MTT,300,0.7,0.3855063006053819,0.435509107882746,0.0689933144045935,0.0549747515203633,0.1247297251424107,0.687729314657172,0.6490278244018555,15.0,0.2750345641413588,0.3332409823877421
7,ETTh1,2,CNN,MTT,300,0.7,0.3855063006053819,0.435509107882746,0.3210456355174718,0.1090325139044674,0.1565217464169441,0.7890236858977503,0.6556683778762817,0.0,0.2803828632873753,0.3332409823877421
7,ETTh1,3,CNN,MTT,300,0.7,0.3855063006053819,0.435509107882746,0.0934488671486397,0.0709097867378979,0.0928434394032383,0.3668057522797497,0.7126027345657349,15.0,0.1791102354088372,0.3332409823877421
7,ETTh1,4,CNN,MTT,300,0.7,0.3855063006053819,0.435509107882746,0.0916372221266771,0.0578137886819819,0.2140896253237765,1.0182013261670853,0.3755545616149902,15.0,0.1990651651546573,0.3332409823877421
7,ETTh1,5,CNN,MTT,300,0.7,0.3855063006053819,0.435509107882746,0.2780881417463947,0.2827394232946188,0.0985769681391516,1.7796392747812246,0.7882094979286194,0.0,0.1661502101814249,0.3332409823877421
7,ETTh1,6,CNN,MTT,300,0.7,0.3855063006053819,0.435509107882746,0.047382107225037,0.0435172358771555,0.1889986697589572,1.1350508178731589,0.825063169002533,0.0,0.4129997428389261,0.3332409823877421
7,ETTh1,0,CNN,MTT,300,1.0,0.3855063006053819,0.4428918183150531,0.2933844030667354,0.1598264929620186,8.11275263646377e-08,0.9821300896752044,0.485491931438446,0.0,1.2009224056927696e-07,0.3588726061330454
7,ETTh1,1,CNN,MTT,300,1.0,0.3855063006053819,0.4428918183150531,0.1704825327558033,0.0888680453091177,1.1568311378436961e-07,0.6281455184511229,0.6979626417160034,0.0,1.1446659339497921e-07,0.3588726061330454
7,ETTh1,2,CNN,MTT,300,1.0,0.3855063006053819,0.4428918183150531,0.3460730534573668,0.166477555254923,4.7850141135719934e-08,0.8771641111364397,0.4926643967628479,0.0,9.869900006193505e-09,0.3588726061330454
7,ETTh1,3,CNN,MTT,300,1.0,0.3855063006053819,0.4428918183150531,0.1549609570215832,0.0886233877818169,6.364295430446304e-08,0.3687332212197164,0.7648518681526184,0.0,1.089814143713798e-08,0.3588726061330454
7,ETTh1,4,CNN,MTT,300,1.0,0.3855063006053819,0.4428918183150531,0.0658363137794409,0.045507110489906,6.653372742003749e-08,0.8531783334814255,0.42413991689682,0.0,2.7852482073599852e-08,0.3588726061330454
7,ETTh1,5,CNN,MTT,300,1.0,0.3855063006053819,0.4428918183150531,0.1965360868791598,0.233770714137169,4.884501978418772e-08,1.865416794918325,0.7729856967926025,0.0,1.326986459583703e-07,0.3588726061330454
7,ETTh1,6,CNN,MTT,300,1.0,0.3855063006053819,0.4428918183150531,0.0450063918995825,0.0329339171970956,5.312883833797202e-08,0.9685869198696726,0.8911168575286865,0.0,2.6244319297487724e-08,0.3588726061330454
42,ETTh1,0,CNN,MTT,300,0.0,0.3807109834068176,0.4978187381991914,0.3479124202199639,0.172003267956601,0.3222209152245252,0.695181279463154,0.0069062113761901,0.0,0.4670904219318615,0.2737938546037787
42,ETTh1,1,CNN,MTT,300,0.0,0.3807109834068176,0.4978187381991914,0.3805462183377648,0.1925717078583119,0.2170062887372344,1.861696972216152,0.6649328470230103,0.0,0.0781528964625696,0.2737938546037787
42,ETTh1,2,CNN,MTT,300,0.0,0.3807109834068176,0.4978187381991914,0.3769956138534234,0.1928119715643586,0.3300501134189012,0.6679585048881993,0.0357133150100708,0.0,0.4954970654316556,0.2737938546037787
42,ETTh1,3,CNN,MTT,300,0.0,0.3807109834068176,0.4978187381991914,0.2649337073153051,0.1275617086687651,0.2528103066248187,1.603813692251687,0.6641993522644043,0.0,0.0165928998717191,0.2737938546037787
42,ETTh1,4,CNN,MTT,300,0.0,0.3807109834068176,0.4978187381991914,0.0866462175212348,0.0491675718121348,0.408875745687064,0.471314172548757,0.2846326828002929,8.0,0.3029887978118188,0.2737938546037787
42,ETTh1,5,CNN,MTT,300,0.0,0.3807109834068176,0.4978187381991914,0.64691285595337,0.3240427913705026,0.3934334281743556,1.074903320858187,0.7947039008140564,15.0,0.7732196826982792,0.2737938546037787
42,ETTh1,6,CNN,MTT,300,0.0,0.3807109834068176,0.4978187381991914,0.0470549302252897,0.1774676481327294,0.1334895870342629,2.356018668484729,0.8428152799606323,1.0,0.1309548427671327,0.2737938546037787
42,ETTh1,0,CNN,MTT,300,0.1,0.3807109834068176,0.4875646869861296,0.3452918260178847,0.1703987614606932,0.2899987998950619,0.7162528886281828,0.0655336380004882,0.0,0.4203812553026729,0.275170136805375
42,ETTh1,1,CNN,MTT,300,0.1,0.3807109834068176,0.4875646869861296,0.3650304642439988,0.1889827103149567,0.1953056371122477,1.847275063243788,0.6729780435562134,0.0,0.0703376707268272,0.275170136805375
42,ETTh1,2,CNN,MTT,300,0.1,0.3807109834068176,0.4875646869861296,0.3745612044156068,0.1917136411364765,0.2970450697850362,0.6879229316623556,0.0294715762138366,0.0,0.4459471970221315,0.275170136805375
42,ETTh1,3,CNN,MTT,300,0.1,0.3807109834068176,0.4875646869861296,0.2551841761303063,0.1251236311556581,0.2275292814234469,1.5829523831470869,0.6787692904472351,0.0,0.0149335270586722,0.275170136805375
42,ETTh1,4,CNN,MTT,300,0.1,0.3807109834068176,0.4875646869861296,0.080919033719237,0.0475129103259495,0.3679881603301982,0.4916443069279337,0.3065460324287414,8.0,0.2726899530661276,0.275170136805375
42,ETTh1,5,CNN,MTT,300,0.1,0.3807109834068176,0.4875646869861296,0.6214546145726293,0.3174287729066637,0.3540900954367638,1.038599789984455,0.801240861415863,15.0,0.6958977146069697,0.275170136805375
42,ETTh1,6,CNN,MTT,300,0.1,0.3807109834068176,0.4875646869861296,0.0452365643387777,0.1767917546396044,0.1201406168896344,2.3463271970849267,0.8492462635040283,0.0,0.117859282288993,0.275170136805375
42,ETTh1,0,CNN,MTT,300,0.2,0.3807109834068176,0.4640195991194553,0.3422702007937762,0.1685026114253936,0.2577766933437442,0.7388812896636198,0.1217677593231201,0.0,0.3736722011002628,0.2765916660865163
42,ETTh1,1,CNN,MTT,300,0.2,0.3807109834068176,0.4640195991194553,0.3484486374117312,0.1848578803460798,0.1736050005327136,1.832672412853245,0.679969310760498,0.0,0.0625224449910849,0.2765916660865163
42,ETTh1,2,CNN,MTT,300,0.2,0.3807109834068176,0.4640195991194553,0.3717077660619018,0.1903389954106534,0.2640401053655865,0.7126802938999983,0.0919123291969299,0.0,0.3963976543193045,0.2765916660865163
42,ETTh1,3,CNN,MTT,300,0.2,0.3807109834068176,0.4640195991194553,0.2450072474991683,0.1227437078022448,0.2022482517976058,1.5647110317588553,0.692338228225708,0.0,0.0132742741251812,0.2765916660865163
42,ETTh1,4,CNN,MTT,300,0.2,0.3807109834068176,0.4640195991194553,0.075002167725148,0.0465038189773087,0.3271005999081973,0.5136923590328155,0.3266897797584533,8.0,0.2423911083204363,0.2765916660865163
42,ETTh1,5,CNN,MTT,300,0.2,0.3807109834068176,0.4640195991194553,0.5892920250171493,0.308523114619016,0.3147467472302691,1.002662192015707,0.8058424592018127,15.0,0.6185757726983526,0.2765916660865163
42,ETTh1,6,CNN,MTT,300,0.2,0.3807109834068176,0.4640195991194553,0.0438390034695518,0.1761786259410294,0.1067916504691158,2.335958755625115,0.85532146692276,0.0,0.1047639670675015,0.2765916660865163
42,ETTh1,0,CNN,MTT,300,0.3,0.3807109834068176,0.4815794762377149,0.3387917623547975,0.1662716324646445,0.2255546061206523,0.7593947109946185,0.1756090521812439,0.0,0.3269631468978525,0.2780913438099618
42,ETTh1,1,CNN,MTT,300,0.3,0.3807109834068176,0.4815794762377149,0.3308964364988986,0.1801666757704395,0.1519044082819624,1.817699389906274,0.6859068870544434,0.0,0.0547072192553425,0.2780913438099618
42,ETTh1,2,CNN,MTT,300,0.3,0.3807109834068176,0.4815794762377149,0.3683704763237238,0.188640374174068,0.2310350991845954,0.7312979126024829,0.1516093611717224,0.0,0.3468480030475784,0.2780913438099618
42,ETTh1,3,CNN,MTT,300,0.3,0.3807109834068176,0.4815794762377149,0.2344474960458216,0.1201765305357556,0.1769672206180852,1.546824366294781,0.7049061059951782,0.0,0.0116150211916902,0.2780913438099618
42,ETTh1,4,CNN,MTT,300,0.3,0.3807109834068176,0.4815794762377149,0.0693485381761103,0.0464176742578637,0.2862130133488283,0.5487716737216154,0.3450642824172973,8.0,0.2120921345737754,0.2780913438099618
42,ETTh1,5,CNN,MTT,300,0.3,0.3807109834068176,0.4815794762377149,0.5509168618932611,0.2976859960722791,0.2754033895735326,0.9671002158907764,0.8085088729858398,15.0,0.5412537260589656,0.2780913438099618
42,ETTh1,6,CNN,MTT,300,0.3,0.3807109834068176,0.4815794762377149,0.0429057559354005,0.1756412757380858,0.0934426872503794,2.3259450681805944,0.8610409498214722,0.0,0.0916684065893619,0.2780913438099618
42,ETTh1,0,CNN,MTT,300,0.5,0.3807109834068176,0.4803442458245472,0.3302038443474348,0.1606014887750507,0.1611104347350139,0.7939491744023873,0.2761120796203613,0.0,0.2335451509198105,0.2815244998580694
42,ETTh1,1,CNN,MTT,300,0.5,0.3807109834068176,0.4803442458245472,0.2934013569654257,0.1693083330288078,0.1085031061053656,1.7943053722652924,0.6946204304695129,0.0,0.0390765579284367,0.2815244998580694
42,ETTh1,2,CNN,MTT,300,0.5,0.3807109834068176,0.4803442458245472,0.3599338197060175,0.1840392311281403,0.1650250701085888,0.7665883625050864,0.2627725601196289,0.0,0.2477484833663283,0.2815244998580694
42,ETTh1,3,CNN,MTT,300,0.5,0.3807109834068176,0.4803442458245472,0.2124412198893513,0.1145365077839172,0.1264051684719901,1.5081269951231842,0.7270386815071106,0.0,0.0082963954451523,0.2815244998580694
42,ETTh1,4,CNN,MTT,300,0.5,0.3807109834068176,0.4803442458245472,0.0631391260258762,0.0470699668466474,0.2044378602461365,0.612259893726817,0.3765047192573547,8.0,0.1514944450823928,0.2815244998580694
42,ETTh1,5,CNN,MTT,300,0.5,0.3807109834068176,0.4803442458245472,0.4595117949089822,0.272614508213138,0.1967167154009058,0.9007477405574006,0.8080357909202576,0.0,0.3866098946071163,0.2815244998580694
42,ETTh1,6,CNN,MTT,300,0.5,0.3807109834068176,0.4803442458245472,0.0428395015538028,0.1748506487030534,0.0667448163100247,2.3065615344273227,0.8714127540588379,0.0,0.0654774491375147,0.2815244998580694
42,ETTh1,0,CNN,MTT,300,0.7,0.3807109834068176,0.4896817801619754,0.318923100536201,0.1529105021344276,0.0966662540228998,0.8308311719199178,0.3670431971549988,0.0,0.14012704251499,0.2859119798443803
42,ETTh1,1,CNN,MTT,300,0.7,0.3807109834068176,0.4896817801619754,0.2538291730765826,0.1575562911018207,0.0651018756306469,1.7717343227893076,0.6991187334060669,0.0,0.023446106456952,0.2859119798443803
42,ETTh1,2,CNN,MTT,300,0.7,0.3807109834068176,0.4896817801619754,0.3485116787139437,0.177348347569403,0.0990150487960496,0.8012232613973999,0.3629605770111084,0.0,0.1486490722539771,0.2859119798443803
42,ETTh1,3,CNN,MTT,300,0.7,0.3807109834068176,0.4896817801619754,0.1898718937312994,0.1085362384015283,0.0758430576310333,1.4702795796335852,0.7451671361923218,0.0,0.0049778895781703,0.2859119798443803
42,ETTh1,4,CNN,MTT,300,0.7,0.3807109834068176,0.4896817801619754,0.0597080883670697,0.0491456468129832,0.1226627164978698,0.6679084794642206,0.400867223739624,8.0,0.0908967555910103,0.2859119798443803
42,ETTh1,5,CNN,MTT,300,0.7,0.3807109834068176,0.4896817801619754,0.3579915291671905,0.2474495001742786,0.118030025528953,0.8440971773616237,0.7998216152191162,0.0,0.2319660107898822,0.2859119798443803
42,ETTh1,6,CNN,MTT,300,0.7,0.3807109834068176,0.4896817801619754,0.0454907836554787,0.1745417659267201,0.0400468890159554,2.2880536004620766,0.8803615570068359,0.0,0.0392865734378835,0.2859119798443803
42,ETTh1,0,CNN,MTT,300,1.0,0.3807109834068176,0.5358026101750839,0.2952892152390139,0.1362861669838863,9.792853039721789e-08,0.887978123506194,0.485491931438446,0.0,2.325190189567353e-07,0.2948738886299203
42,ETTh1,1,CNN,MTT,300,1.0,0.3807109834068176,0.5358026101750839,0.1940450497728307,0.1394538897980949,1.1963526280854882e-07,1.7311309873885827,0.6979626417160034,0.0,2.193943039256089e-07,0.2948738886299203
42,ETTh1,2,CNN,MTT,300,1.0,0.3807109834068176,0.5358026101750839,0.3236389462975445,0.1617094132958686,5.401695573016564e-08,0.8455237413918452,0.4926643967628479,0.0,9.869900006193505e-09,0.2948738886299203
42,ETTh1,3,CNN,MTT,300,1.0,0.3807109834068176,0.5358026101750839,0.1572151402129676,0.0994436960646656,6.873755852128177e-08,1.412882196589294,0.7648518681526184,0.0,1.0898141448302633e-07,0.2948738886299203
42,ETTh1,4,CNN,MTT,300,1.0,0.3807109834068176,0.5358026101750839,0.0626866838362733,0.0559645717432256,7.534467332731028e-08,0.7679897888868974,0.42413991689682,0.0,3.664800275371379e-08,0.2948738886299203
42,ETTh1,5,CNN,MTT,300,1.0,0.3807109834068176,0.5358026101750839,0.2125304011442502,0.2105313262881911,4.70315724509738e-08,0.742580267161229,0.7729856967926025,0.0,1.326986459583703e-07,0.2948738886299203
42,ETTh1,6,CNN,MTT,300,1.0,0.3807109834068176,0.5358026101750839,0.0576194720765361,0.175257623642849,5.607482917530752e-08,2.254564028710933,0.8911168575286865,0.0,2.6244319297487724e-08,0.2948738886299203
123,ETTh1,0,CNN,MTT,300,0.0,0.388774066718611,0.4683117133303056,0.374518398162958,0.209964658746525,0.6146666676425213,1.3873903367389289,0.3373838663101196,0.0,0.7671608662513395,0.3066624199464817
123,ETTh1,1,CNN,MTT,300,0.0,0.388774066718611,0.4683117133303056,0.191620121952931,0.0981501515713661,0.4654103615343229,0.931909235022697,0.8253046870231628,0.0,0.2429604189779217,0.3066624199464817
123,ETTh1,2,CNN,MTT,300,0.0,0.388774066718611,0.4683117133303056,0.3744179001467468,0.2036636585768154,0.6714647637168257,1.4419605594796376,0.4832687377929687,0.0,0.7772786317154823,0.3066624199464817
123,ETTh1,3,CNN,MTT,300,0.0,0.388774066718611,0.4683117133303056,0.0854897873317165,0.0578401213957757,0.6477739299227165,0.6637194461775349,0.8694524168968201,15.0,0.3215068881970419,0.3066624199464817
123,ETTh1,4,CNN,MTT,300,0.0,0.388774066718611,0.4683117133303056,0.1031092356967925,0.0634557686082604,0.4104925927864321,0.6651360164930811,0.4685630202293396,14.0,0.2456839870718403,0.3066624199464817
123,ETTh1,5,CNN,MTT,300,0.0,0.388774066718611,0.4683117133303056,0.5063184966883452,0.358824161611798,0.2081264184556882,0.80927768157431,0.8732457160949707,1.0,0.7957458050648979,0.3066624199464817
123,ETTh1,6,CNN,MTT,300,0.0,0.388774066718611,0.4683117133303056,0.2579956420360692,0.1585422199837863,0.5219079918496864,1.2446946404881718,0.8897175788879395,15.0,0.0827171636874361,0.3066624199464817
123,ETTh1,0,CNN,MTT,300,0.1,0.388774066718611,0.4389706230636457,0.3709388316037016,0.2089625063637675,0.5531999825312258,1.3462416003133504,0.2309612035751342,0.0,0.6904447676169815,0.3064067297271667
123,ETTh1,1,CNN,MTT,300,0.1,0.388774066718611,0.4389706230636457,0.1884568424654392,0.1017568230598995,0.4188693129023879,0.9055525991813772,0.8161903023719788,0.0,0.2186644076045544,0.3064067297271667
123,ETTh1,2,CNN,MTT,300,0.1,0.388774066718611,0.4389706230636457,0.372667412259038,0.2042862662536672,0.6043182953275851,1.3998561028950445,0.3561601638793945,0.0,0.6995506826758048,0.3064067297271667
123,ETTh1,3,CNN,MTT,300,0.1,0.388774066718611,0.4389706230636457,0.0919819159544427,0.0582132657303621,0.5829965536131715,0.6245721408947568,0.8627421259880066,15.0,0.2893562102754792,0.3064067297271667
123,ETTh1,4,CNN,MTT,300,0.1,0.388774066718611,0.4389706230636457,0.097486859723927,0.0610585877148346,0.3694433210339364,0.6962115650773396,0.47793048620224,14.0,0.2211156879006317,0.3064067297271667
123,ETTh1,5,CNN,MTT,300,0.1,0.388774066718611,0.4389706230636457,0.4785331761130233,0.3511900520164969,0.1873137720425241,0.8133127874355962,0.8709257245063782,1.0,0.7161712352100035,0.3064067297271667
123,ETTh1,6,CNN,MTT,300,0.1,0.388774066718611,0.4389706230636457,0.2357854536244132,0.1507239686308453,0.4697171954481754,1.199893344529296,0.891498327255249,15.0,0.0744454744687892,0.3064067297271667
123,ETTh1,0,CNN,MTT,300,0.2,0.388774066718611,0.4858947614976521,0.3668165009720547,0.2076171854310235,0.4917333682149721,1.296276257251965,0.129901647567749,0.0,0.6137286689826235,0.3056959290421212
123,ETTh1,1,CNN,MTT,300,0.2,0.388774066718611,0.4858947614976521,0.1860302202884211,0.1052017603326865,0.3723282995536072,0.8794842347605261,0.806271493434906,0.0,0.1943682388396213,0.3056959290421212
123,ETTh1,2,CNN,MTT,300,0.2,0.388774066718611,0.4858947614976521,0.3705992546838386,0.2047771842908262,0.5371718822666399,1.339081259928908,0.2356106042861938,0.0,0.6218229507739255,0.3056959290421212
123,ETTh1,3,CNN,MTT,300,0.2,0.388774066718611,0.4858947614976521,0.0988613342526515,0.0593014128761542,0.5182191372381085,0.5871490551364448,0.8551985025405884,15.0,0.2572055323539164,0.3056959290421212
123,ETTh1,4,CNN,MTT,300,0.2,0.388774066718611,0.4858947614976521,0.0911977500328033,0.0588005277959692,0.3283940638515352,0.7273156993252257,0.4842289090156555,14.0,0.1965471952279687,0.3056959290421212
123,ETTh1,5,CNN,MTT,300,0.2,0.388774066718611,0.4858947614976521,0.4469672631510142,0.3419113233858554,0.1665011372784522,0.8224075537332548,0.8668932318687439,1.0,0.6365966391724166,0.3056959290421212
123,ETTh1,6,CNN,MTT,300,0.2,0.388774066718611,0.4858947614976521,0.2133097432026962,0.1432469309384574,0.4175263990951154,1.153103449226896,0.892914354801178,15.0,0.0661737034979263,0.3056959290421212
123,ETTh1,0,CNN,MTT,300,0.3,0.388774066718611,0.4406960440485092,0.3620564598024227,0.2058490449998698,0.4302666799991583,1.2540690974384268,0.034205675125122,0.0,0.5370125703482654,0.3045221505586505
123,ETTh1,1,CNN,MTT,300,0.3,0.388774066718611,0.4406960440485092,0.1842615549839299,0.1087114571141726,0.3257872665475055,0.8530977026969561,0.7955482602119446,0.0,0.1700721750023987,0.3045221505586505
123,ETTh1,2,CNN,MTT,300,0.3,0.388774066718611,0.4406960440485092,0.3681472947369632,0.2050853349810009,0.4700252871330153,1.274100947957602,0.1216198205947876,0.0,0.5440951103031471,0.3045221505586505
123,ETTh1,3,CNN,MTT,300,0.3,0.388774066718611,0.4406960440485092,0.1059585558717876,0.0612335727394081,0.4534417602667713,0.5565786028445592,0.846821665763855,0.0,0.2250547944925757,0.3045221505586505
123,ETTh1,4,CNN,MTT,300,0.3,0.388774066718611,0.4406960440485092,0.0846873665994613,0.0568636899182845,0.2873447937857958,0.7356785121056149,0.4874587059020996,14.0,0.1719788315562752,0.3045221505586505
123,ETTh1,5,CNN,MTT,300,0.3,0.388774066718611,0.4406960440485092,0.4131180283245519,0.3314745749602832,0.1456884942211221,0.8348557678340836,0.8611483573913574,1.0,0.5570220431348296,0.3045221505586505
123,ETTh1,6,CNN,MTT,300,0.3,0.388774066718611,0.4406960440485092,0.1907463368953909,0.1363550080256995,0.3653355809875908,1.1050950432420477,0.8939658403396606,0.0,0.0579020142792794,0.3045221505586505
123,ETTh1,0,CNN,MTT,300,0.5,0.388774066718611,0.4472096382272216,0.3501511340235178,0.2006272645287607,0.3073333062952058,1.1780640976231511,0.1410963535308838,0.0,0.3835803730795494,0.3007837609427774
123,ETTh1,1,CNN,MTT,300,0.5,0.388774066718611,0.4472096382272216,0.1823883178088865,0.1162005659192034,0.2327052073391614,0.8084828930883754,0.77168869972229,0.0,0.1214800473279536,0.3007837609427774
123,ETTh1,2,CNN,MTT,300,0.5,0.388774066718611,0.4472096382272216,0.3617449413455243,0.204990276070741,0.3357323896976933,1.150397264769062,0.0866845250129699,0.0,0.3886393207926911,0.3007837609427774
123,ETTh1,3,CNN,MTT,300,0.5,0.388774066718611,0.4472096382272216,0.1202614875420324,0.0676377136356612,0.3238870058883207,0.5133319481306122,0.8275681138038635,0.0,0.1607534386494502,0.3007837609427774
123,ETTh1,4,CNN,MTT,300,0.5,0.388774066718611,0.4472096382272216,0.0732522313761092,0.0526362636460511,0.2052462862507885,0.8051649486520148,0.4847117662429809,0.0,0.1228420397124036,0.3007837609427774
123,ETTh1,5,CNN,MTT,300,0.5,0.388774066718611,0.4472096382272216,0.3442066720418881,0.3090963978501491,0.1040632144912051,0.8581408604700621,0.8445212244987488,0.0,0.3978729557904257,0.3007837609427774
123,ETTh1,6,CNN,MTT,300,0.5,0.388774066718611,0.4472096382272216,0.1465446550050904,0.1283287356521999,0.2609540264396215,1.0147168742337755,0.8949748873710632,0.0,0.0413586358419857,0.3007837609427774
123,ETTh1,0,CNN,MTT,300,0.7,0.388774066718611,0.4484236707358806,0.3340547515363213,0.1922011802250021,0.1843999822524895,1.0854292768140048,0.2949449419975281,0.0,0.230148063384055,0.2951495248418822
123,ETTh1,1,CNN,MTT,300,0.7,0.388774066718611,0.4484236707358806,0.182257095260468,0.1239234712349258,0.1396231069627706,0.7715067882312541,0.7446115016937256,0.0,0.0728879196535084,0.2951495248418822
123,ETTh1,2,CNN,MTT,300,0.7,0.388774066718611,0.4484236707358806,0.3525408997829471,0.2032648446315828,0.201439449674874,1.0342952370670884,0.2687534689903259,0.0,0.2331835312822352,0.2951495248418822
123,ETTh1,3,CNN,MTT,300,0.7,0.388774066718611,0.4484236707358806,0.1340606915304466,0.0760866439340455,0.194332215151554,0.4995046876805621,0.8049814105033875,0.0,0.0964521427461027,0.2951495248418822
123,ETTh1,4,CNN,MTT,300,0.7,0.388774066718611,0.4484236707358806,0.0658960307963271,0.0490894684276795,0.1231477498981068,0.8601086809681551,0.4696895480155945,0.0,0.0737053123690168,0.2951495248418822
123,ETTh1,5,CNN,MTT,300,0.7,0.388774066718611,0.4484236707358806,0.2806866925037961,0.287367385922129,0.0624379437529582,0.8744144040436294,0.8210443258285522,0.0,0.2387238684460217,0.2951495248418822
123,ETTh1,6,CNN,MTT,300,0.7,0.388774066718611,0.4484236707358806,0.1060522930615432,0.1316606578201915,0.1565723945166789,0.9282343744166228,0.8945255279541016,0.0,0.0248150939002599,0.2951495248418822
123,ETTh1,0,CNN,MTT,300,1.0,0.388774066718611,0.4357711949674168,0.2985191341331525,0.1698047875170626,4.8377809314379945e-08,0.9320511956092304,0.485491931438446,0.0,7.665462181818631e-09,0.2825109408086951
123,ETTh1,1,CNN,MTT,300,1.0,0.388774066718611,0.4357711949674168,0.1842803927095781,0.1352747585943544,1.169680547340199e-07,0.740454121214914,0.6979626417160034,0.0,1.1446659339497921e-07,0.2825109408086951
123,ETTh1,2,CNN,MTT,300,1.0,0.388774066718611,0.4357711949674168,0.3302448563736371,0.1937434636704288,5.1538285814108455e-08,0.8653279733695116,0.4926643967628479,0.0,9.869900006193505e-09,0.2825109408086951
123,ETTh1,3,CNN,MTT,300,1.0,0.388774066718611,0.4357711949674168,0.1528607892188164,0.0931583431682474,6.70683197520028e-08,0.5372688718911877,0.7648518681526184,0.0,1.089814143713798e-08,0.2825109408086951
123,ETTh1,4,CNN,MTT,300,1.0,0.388774066718611,0.4357711949674168,0.0582741887200003,0.0494702701270713,7.91258096067135e-08,0.9686106029406986,0.4241399765014648,0.0,1.568534517282271e-07,0.2825109408086951
123,ETTh1,5,CNN,MTT,300,1.0,0.388774066718611,0.4357711949674168,0.2044658276076295,0.2598209139400376,4.8936361569910443e-08,0.9189743356293248,0.7729856967926025,0.0,1.326986459583703e-07,0.2825109408086951
123,ETTh1,6,CNN,MTT,300,1.0,0.388774066718611,0.4357711949674168,0.0566803997616613,0.1468322617401231,5.9246732407254243e-08,0.7874387008684856,0.8911168575286865,0.0,1.0799653533471717e-07,0.2825109408086951
7,ETTh2,0,CNN,MTT,300,0.0,0.3137933581917166,0.3438867072157343,0.3300737649551347,0.1752915611586298,0.3862840448115001,0.4756634807009316,0.8392844796180725,15.0,0.424536010256148,0.4443067320410964
7,ETTh2,1,CNN,MTT,300,0.0,0.3137933581917166,0.3438867072157343,0.3790593157307755,0.2333628953130387,0.4221954426009532,0.5027278615139347,0.8519952297210693,15.0,0.5254112357711308,0.4443067320410964
7,ETTh2,2,CNN,MTT,300,0.0,0.3137933581917166,0.3438867072157343,0.3590683107966105,0.1930139558108396,0.189317521503568,0.2839101987172944,0.94433331489563,15.0,0.3773815991486128,0.4443067320410964
7,ETTh2,3,CNN,MTT,300,0.0,0.3137933581917166,0.3438867072157343,0.3774277654102254,0.2398578123223547,0.2861996549359281,0.8481862339760187,0.749455988407135,15.0,0.4840259027636365,0.4443067320410964
7,ETTh2,4,CNN,MTT,300,0.0,0.3137933581917166,0.3438867072157343,0.268445070641715,0.2009340219408949,0.1596442320071905,0.4581069045242821,0.9235775470733644,15.0,0.8392865505646834,0.4443067320410964
7,ETTh2,5,CNN,MTT,300,0.0,0.3137933581917166,0.3438867072157343,0.1911896634942856,0.1188039249671692,0.1217889540410274,0.1504487364947533,0.9892578125,15.0,0.2852551481346083,0.4443067320410964
7,ETTh2,6,CNN,MTT,300,0.0,0.3137933581917166,0.3438867072157343,0.1108090584013261,0.1304309634964114,0.3097247405336437,1.59360095659601,0.632164478302002,15.0,0.4134727942340501,0.4443067320410964
7,ETTh2,0,CNN,MTT,300,0.1,0.3137933581917166,0.4454990544604105,0.2970637409127519,0.1648453123468171,0.3476556514547282,0.4909995082898123,0.8303753733634949,15.0,0.3820824355054388,0.4500251719876258
7,ETTh2,1,CNN,MTT,300,0.1,0.3137933581917166,0.4454990544604105,0.3402017698568931,0.2306872225486409,0.3799758977500618,0.5053916904231613,0.8423293232917786,15.0,0.4728701557255289,0.4500251719876258
7,ETTh2,2,CNN,MTT,300,0.1,0.3137933581917166,0.4454990544604105,0.3287697213415241,0.1822042998244451,0.1703857710118888,0.2880579092163149,0.9422486424446106,15.0,0.3396434492278776,0.4500251719876258
7,ETTh2,3,CNN,MTT,300,0.1,0.3137933581917166,0.4454990544604105,0.3458878994278492,0.232965469485257,0.2575796805152953,0.8609836276844618,0.740283191204071,0.0,0.4356232733933187,0.4500251719876258
7,ETTh2,4,CNN,MTT,300,0.1,0.3137933581917166,0.4454990544604105,0.2522047100584614,0.1925455370351984,0.1436797706283199,0.4499757496431453,0.9274161458015442,15.0,0.7553578757135445,0.4500251719876258
7,ETTh2,5,CNN,MTT,300,0.1,0.3137933581917166,0.4454990544604105,0.2265358626319756,0.1170414514477592,0.1096100695110858,0.1623089460270723,0.98901629447937,15.0,0.2567296323440098,0.4500251719876258
7,ETTh2,6,CNN,MTT,300,0.1,0.3137933581917166,0.4454990544604105,0.0892675678230786,0.1301049615931368,0.2787522426609328,1.5978124801730178,0.6616929769515991,15.0,0.3721255967339037,0.4500251719876258
7,ETTh2,0,CNN,MTT,300,0.2,0.3137933581917166,0.6241569850550173,0.2649980866519699,0.1565853128408185,0.3090272324336216,0.5127278472891106,0.8196749687194824,15.0,0.3396288138542896,0.454450371729426
7,ETTh2,1,CNN,MTT,300,0.2,0.3137933581917166,0.6241569850550173,0.3039262871014394,0.2289512900277835,0.3377563636900347,0.5104137407291076,0.830286979675293,0.0,0.4203289761146773,0.454450371729426
7,ETTh2,2,CNN,MTT,300,0.2,0.3137933581917166,0.6241569850550173,0.2991062467683276,0.1734463328038245,0.1514539848115577,0.2941668569667944,0.9397454261779784,15.0,0.3019052566137883,0.454450371729426
7,ETTh2,3,CNN,MTT,300,0.2,0.3137933581917166,0.6241569850550173,0.3157637205446242,0.2264936005763044,0.228959710282111,0.8741950163938961,0.7287721037864685,0.0,0.3872207279575655,0.454450371729426
7,ETTh2,4,CNN,MTT,300,0.2,0.3137933581917166,0.6241569850550173,0.2307357107062922,0.1820060660236176,0.1277153622126294,0.4421110720422888,0.930603325366974,15.0,0.6714292008624055,0.454450371729426
7,ETTh2,5,CNN,MTT,300,0.2,0.3137933581917166,0.6241569850550173,0.2619962164412643,0.1144794739743821,0.0974311521331773,0.1739211947193843,0.9886425733566284,0.0,0.2282041165534113,0.454450371729426
7,ETTh2,6,CNN,MTT,300,0.2,0.3137933581917166,0.6241569850550173,0.0639882782787296,0.1306858650539809,0.2477797931456398,1.5987301928063429,0.6889660358428955,15.0,0.3307781710930371,0.454450371729426
7,ETTh2,0,CNN,MTT,300,0.3,0.3137933581917166,0.3610214882348657,0.2346132801728412,0.1510865122342796,0.2703988370039503,0.533929403189998,0.8071833252906799,15.0,0.2971752391035803,0.4575012335942553
7,ETTh2,1,CNN,MTT,300,0.3,0.3137933581917166,0.3610214882348657,0.2702270105789142,0.2283634455709172,0.2955367998255441,0.5222912288208245,0.8158681392669678,0.0,0.3677878462864505,0.4575012335942553
7,ETTh2,2,CNN,MTT,300,0.3,0.3137933581917166,0.3610214882348657,0.2705920142283475,0.1670171271546102,0.1325222640421987,0.3005354362805456,0.936823546886444,15.0,0.264167063999699,0.4575012335942553
7,ETTh2,3,CNN,MTT,300,0.3,0.3137933581917166,0.3610214882348657,0.2871076956087295,0.2203060175210591,0.2003397611893345,0.8904429816087591,0.7149227261543274,0.0,0.3388180985872476,0.4575012335942553
7,ETTh2,4,CNN,MTT,300,0.3,0.3137933581917166,0.3610214882348657,0.2039178873897384,0.1695523354166054,0.1117509570610763,0.4346696321333704,0.9331390261650084,15.0,0.5875005796091439,0.4575012335942553
7,ETTh2,5,CNN,MTT,300,0.3,0.3137933581917166,0.3610214882348657,0.2963737303092387,0.1103271795917515,0.0852522692789021,0.1829892612919477,0.9881365299224854,0.0,0.1996786566900426,0.4575012335942553
7,ETTh2,6,CNN,MTT,300,0.3,0.3137933581917166,0.3610214882348657,0.0401769858101783,0.1338481180019417,0.2168073075638938,1.60408440762862,0.7139838933944702,15.0,0.2894309165577106,0.4575012335942553
7,ETTh2,0,CNN,MTT,300,0.5,0.3137933581917166,0.9306588474823856,0.1830216319228782,0.1450350410772007,0.1931420264477028,0.5797275677339662,0.7768262028694153,0.0,0.2122679958012819,0.4594145288879124
7,ETTh2,1,CNN,MTT,300,0.5,0.3137933581917166,0.9306588474823856,0.2127313367508053,0.2292678368954177,0.2110977393630471,0.5492062259167737,0.7799012064933777,0.0,0.262705586629997,0.4594145288879124
7,ETTh2,2,CNN,MTT,300,0.5,0.3137933581917166,0.9306588474823856,0.219822112062533,0.1598581298529338,0.0946587306167225,0.3183355262238628,0.9297239780426024,15.0,0.1886907641582285,0.4594145288879124
7,ETTh2,3,CNN,MTT,300,0.5,0.3137933581917166,0.9306588474823856,0.2358871407712622,0.2098372792407827,0.1430998412918211,0.9222325768303792,0.6802091002464294,0.0,0.2420128818138942,0.4594145288879124
7,ETTh2,4,CNN,MTT,300,0.5,0.3137933581917166,0.9306588474823856,0.1407508337803415,0.1407770926146327,0.0798221148506039,0.4219765234417823,0.9362562894821168,15.0,0.4196432567058047,0.4594145288879124
7,ETTh2,5,CNN,MTT,300,0.5,0.3137933581917166,0.9306588474823856,0.3583287204343717,0.0988112113280121,0.060894500448159,0.2127029727547908,0.9867275953292848,0.0,0.1426276251088455,0.4594145288879124
7,ETTh2,6,CNN,MTT,300,0.5,0.3137933581917166,0.9306588474823856,0.0417860559550999,0.160023342198295,0.1548623687776098,1.6099984415749122,0.7572532892227173,15.0,0.2067363504518777,0.4594145288879124
7,ETTh2,0,CNN,MTT,300,0.7,0.3137933581917166,0.7838820724311196,0.1421516425240826,0.1442945664398481,0.115885193259107,0.6350518520090725,0.7393040060997009,0.0,0.1273609401007434,0.4559602336990121
7,ETTh2,1,CNN,MTT,300,0.7,0.3137933581917166,0.7838820724311196,0.1688184523083698,0.2313685851699289,0.1266586477357917,0.5932066356781807,0.734428346157074,0.0,0.1576234265387931,0.4559602336990121
7,ETTh2,2,CNN,MTT,300,0.7,0.3137933581917166,0.7838820724311196,0.1781651572771553,0.1587539040030361,0.0567951901935829,0.3382342262596852,0.9209500551223756,0.0,0.1132142935433419,0.4559602336990121
7,ETTh2,3,CNN,MTT,300,0.7,0.3137933581917166,0.7838820724311196,0.1940125578173478,0.2015385107101704,0.0858599121271303,0.955534107193111,0.6361421942710876,0.0,0.1452077909423879,0.4559602336990121
7,ETTh2,4,CNN,MTT,300,0.7,0.3137933581917166,0.7838820724311196,0.0705812797710792,0.1127237209443509,0.047893277734542,0.4118326513686381,0.936767876148224,15.0,0.2517860141992815,0.4559602336990121
7,ETTh2,5,CNN,MTT,300,0.7,0.3137933581917166,0.7838820724311196,0.4081253777552328,0.0877455345919931,0.0365367322906316,0.2390618193817856,0.9847895503044128,0.0,0.0855765376004187,0.4559602336990121
7,ETTh2,6,CNN,MTT,300,0.7,0.3137933581917166,0.7838820724311196,0.1381344151462369,0.1916121700811864,0.0929173728227639,1.6211015079454285,0.7915011644363403,15.0,0.1240417843460447,0.4559602336990121
7,ETTh2,0,CNN,MTT,300,1.0,0.3137933581917166,1.1954859734804515,0.0975080964278847,0.1493405524545712,5.268878237447057e-08,0.7214496640903231,0.669586181640625,0.0,1.8653584109190805e-08,0.4422932637510174
7,ETTh2,1,CNN,MTT,300,1.0,0.3137933581917166,1.1954859734804515,0.1240774226453696,0.2353217139874102,5.8421923439379175e-08,0.6686771327184581,0.648395836353302,0.0,1.2728511939746089e-08,0.4422932637510174
7,ETTh2,2,CNN,MTT,300,1.0,0.3137933581917166,1.1954859734804515,0.1300999818185042,0.1619180865480896,7.77818924858684e-08,0.3740606090090952,0.9046496748924256,0.0,1.1352550970204637e-07,0.4422932637510174
7,ETTh2,3,CNN,MTT,300,1.0,0.3137933581917166,1.1954859734804515,0.1481078132132419,0.1924254888335507,6.996723954225984e-08,1.0080095505236448,0.5525047183036804,0.0,1.3234001013752106e-08,0.4422932637510174
7,ETTh2,4,CNN,MTT,300,1.0,0.3137933581917166,1.1954859734804515,0.1439667081400355,0.1304693959592789,2.8967462799448088e-08,0.4007667261140076,0.932649552822113,0.0,3.7153073936789226e-08,0.4422932637510174
7,ETTh2,5,CNN,MTT,300,1.0,0.3137933581917166,1.1954859734804515,0.4596189845094953,0.0778386497669188,5.966407564439415e-08,0.2777373248123046,0.9808902740478516,0.0,9.7713768586485e-09,0.4422932637510174
7,ETTh2,6,CNN,MTT,300,1.0,0.3137933581917166,1.1954859734804515,0.3188886250702937,0.244217586350006,1.329693700071401e-07,1.6429878802335334,0.8259576559066772,0.0,2.074006547683546e-07,0.4422932637510174
42,ETTh2,0,CNN,MTT,300,0.0,0.3217719936142561,0.3487535271714301,0.4066411289604069,0.2174894242544685,0.2923651979609202,0.4406783396986145,0.8321550488471985,15.0,0.5528553326007427,0.4176315490867723
42,ETTh2,1,CNN,MTT,300,0.0,0.3217719936142561,0.3487535271714301,0.4054948811740206,0.2351333122014424,0.3158063759936558,0.4681016877144376,0.8313862085342407,15.0,0.7165948848114547,0.4176315490867723
42,ETTh2,2,CNN,MTT,300,0.0,0.3217719936142561,0.3487535271714301,0.441332565852945,0.2443942878352371,0.2630355675477885,0.241636437790018,0.9436527490615844,15.0,0.5487198057681519,0.4176315490867723
42,ETTh2,3,CNN,MTT,300,0.0,0.3217719936142561,0.3487535271714301,0.426862371218173,0.2597807448526127,0.4452040441534552,0.739246828319406,0.7370712161064148,15.0,0.7525858317768562,0.4176315490867723
42,ETTh2,4,CNN,MTT,300,0.0,0.3217719936142561,0.3487535271714301,0.2678636197863135,0.1927825815690735,0.1680051097708531,0.4675205399035171,0.9446446895599364,15.0,0.84887076218727,0.4176315490867723
42,ETTh2,5,CNN,MTT,300,0.0,0.3217719936142561,0.3487535271714301,0.0893935807707726,0.0857117791179076,0.1459569811376826,0.1293312227521893,0.9933451414108276,15.0,0.6693075192343574,0.4176315490867723
42,ETTh2,6,CNN,MTT,300,0.0,0.3217719936142561,0.3487535271714301,0.0182496003680124,0.2192693730172989,0.1836307431718273,1.7986552439963734,0.6822306513786316,15.0,0.2577296227789927,0.4176315490867723
42,ETTh2,0,CNN,MTT,300,0.1,0.3217719936142561,0.3505547045927593,0.3685008273683727,0.2065275666755216,0.2631286820898015,0.4485254773016558,0.8248730301856995,15.0,0.49756979747531,0.4200310197775154
42,ETTh2,1,CNN,MTT,300,0.1,0.3217719936142561,0.3505547045927593,0.368277660949698,0.2217410916800694,0.2842257403079114,0.4641466059092603,0.8240568041801453,15.0,0.644935434883558,0.4200310197775154
42,ETTh2,2,CNN,MTT,300,0.1,0.3217719936142561,0.3505547045927593,0.4051052142482231,0.2341540560362969,0.2367320261439213,0.2332659359858488,0.9420873522758484,15.0,0.4938478309161274,0.4200310197775154
42,ETTh2,3,CNN,MTT,300,0.1,0.3217719936142561,0.3505547045927593,0.3964564879276366,0.248499505501794,0.4006836364395986,0.7453113193302466,0.7318462133407593,15.0,0.6773272053084881,0.4200310197775154
42,ETTh2,4,CNN,MTT,300,0.1,0.3217719936142561,0.3505547045927593,0.2471960265677694,0.1827828039664752,0.1512045564699619,0.4589104670729682,0.9459139108657836,15.0,0.7639836768934479,0.4200310197775154
42,ETTh2,5,CNN,MTT,300,0.1,0.3217719936142561,0.3505547045927593,0.097576893477673,0.074348486860941,0.1313612809628634,0.1440656482065445,0.992904245853424,15.0,0.6023768026864834,0.4200310197775154
42,ETTh2,6,CNN,MTT,300,0.1,0.3217719936142561,0.3505547045927593,0.0077013761266186,0.2221006290682682,0.1652676408419158,1.7884866500240402,0.7024567127227783,15.0,0.2319566796856539,0.4200310197775154
42,ETTh2,0,CNN,MTT,300,0.2,0.3217719936142561,0.3520305373214744,0.3294936429668052,0.196819218040096,0.2338921586775441,0.4570148065285337,0.8155966401100159,15.0,0.4422842623498774,0.4215857542522037
42,ETTh2,1,CNN,MTT,300,0.2,0.3217719936142561,0.3520305373214744,0.3294167763424659,0.2078953596865955,0.2526451033879595,0.4630835286136767,0.8142896890640259,15.0,0.5732758356077867,0.4215857542522037
42,ETTh2,2,CNN,MTT,300,0.2,0.3217719936142561,0.3520305373214744,0.367845677853887,0.2246694944969479,0.2104284103945826,0.2291121478538745,0.9400030970573424,15.0,0.4389757279840406,0.4215857542522037
42,ETTh2,3,CNN,MTT,300,0.2,0.3217719936142561,0.3520305373214744,0.3635878102342846,0.2355814664052911,0.3561632381093879,0.7570219697563219,0.7236809134483337,1.0,0.6020686627746847,0.4215857542522037
42,ETTh2,4,CNN,MTT,300,0.2,0.3217719936142561,0.3520305373214744,0.2205471190409905,0.1698407819223042,0.1344040651782204,0.4509921717019919,0.9466345310211182,15.0,0.6790966183985644,0.4215857542522037
42,ETTh2,5,CNN,MTT,300,0.2,0.3217719936142561,0.3520305373214744,0.1455284421128316,0.0645007686645278,0.116765580331591,0.1601303333218465,0.9922845959663392,15.0,0.5354460022477646,0.4215857542522037
42,ETTh2,6,CNN,MTT,300,0.2,0.3217719936142561,0.3520305373214744,0.026511819059736,0.225287380308406,0.1469046038876064,1.77738345881266,0.7213820219039917,15.0,0.2061836795571352,0.4215857542522037
42,ETTh2,0,CNN,MTT,300,0.3,0.3217719936142561,0.3551853709193573,0.2916175188349588,0.1891723268410224,0.2046556268159378,0.4673338300262574,0.8043257594108582,15.0,0.3869986803240047,0.4223517830177442
42,ETTh2,1,CNN,MTT,300,0.3,0.3217719936142561,0.3551853709193573,0.2905915002068488,0.1942327330684609,0.2210644631630298,0.4637034093338255,0.8020848631858826,15.0,0.5016164852451395,0.4223517830177442
42,ETTh2,2,CNN,MTT,300,0.3,0.3217719936142561,0.3551853709193573,0.3310893687518705,0.2171570008335175,0.1841249030226112,0.2277200450124258,0.9373999834060668,15.0,0.3841037531320161,0.4223517830177442
42,ETTh2,3,CNN,MTT,300,0.3,0.3217719936142561,0.3551853709193573,0.3294749845459512,0.2215625639050264,0.3116428158876209,0.7783926233343954,0.7125751376152039,1.0,0.5268100363063166,0.4223517830177442
42,ETTh2,4,CNN,MTT,300,0.3,0.3217719936142561,0.3551853709193573,0.1884983628031196,0.154237389960927,0.1176035717319815,0.4431797784185968,0.94680655002594,15.0,0.594209559903681,0.4223517830177442
42,ETTh2,5,CNN,MTT,300,0.3,0.3217719936142561,0.3551853709193573,0.1981988565379731,0.0585355765799077,0.1021699143223276,0.1772314504470098,0.991486132144928,15.0,0.4685152577362756,0.4223517830177442
42,ETTh2,6,CNN,MTT,300,0.3,0.3217719936142561,0.3551853709193573,0.0511465799460053,0.2288593526305946,0.1285415118063586,1.767679481600786,0.7390066385269165,15.0,0.1804106794286164,0.4223517830177442
42,ETTh2,0,CNN,MTT,300,0.5,0.3217719936142561,0.358786956858531,0.2230200682640147,0.1829725548456522,0.1461826000700695,0.4929078220850294,0.775800883769989,15.0,0.2764276100731394,0.4217757537303788
42,ETTh2,1,CNN,MTT,300,0.5,0.3217719936142561,0.358786956858531,0.2179685248547642,0.1690900700793314,0.1579032092409238,0.4749867387992391,0.7703622579574585,0.0,0.3582974858240962,0.4217757537303788
42,ETTh2,2,CNN,MTT,300,0.5,0.3217719936142561,0.358786956858531,0.2623566299208701,0.2086002969013323,0.1315177513496744,0.2342152675579369,0.9306370615959167,15.0,0.2743598461213211,0.4217757537303788
42,ETTh2,3,CNN,MTT,300,0.5,0.3217719936142561,0.358786956858531,0.2618861322036378,0.1922971783557752,0.2226020483969103,0.8158452403029752,0.6815425753593445,0.0,0.3762929512387099,0.4217757537303788
42,ETTh2,4,CNN,MTT,300,0.5,0.3217719936142561,0.358786956858531,0.120271523171983,0.1174381959665295,0.0840025883388498,0.4306290655399022,0.9455047845840454,15.0,0.4244354965117912,0.4217757537303788
42,ETTh2,5,CNN,MTT,300,0.5,0.3217719936142561,0.358786956858531,0.2913962055009711,0.0570223787109655,0.0729785152545712,0.2051893736460597,0.9893527626991272,0.0,0.3346538246405275,0.4217757537303788
42,ETTh2,6,CNN,MTT,300,0.5,0.3217719936142561,0.358786956858531,0.1095036640571124,0.2372578053782698,0.0918153864596682,1.7508394585135252,0.7703534960746765,15.0,0.1288647362067589,0.4217757537303788
42,ETTh2,0,CNN,MTT,300,0.7,0.3217719936142561,0.3836318613393007,0.1647060501818221,0.18361447316971,0.0877095588506677,0.5267544363587638,0.7392982244491577,0.0,0.1658566336231539,0.4187618981372158
42,ETTh2,1,CNN,MTT,300,0.7,0.3217719936142561,0.3836318613393007,0.1564672588185896,0.1482765455729169,0.0947419169133106,0.4965501100822641,0.7288886904716492,0.0,0.2149784366204281,0.4187618981372158
42,ETTh2,2,CNN,MTT,300,0.7,0.3217719936142561,0.3836318613393007,0.2018716968602443,0.2069502127321543,0.0789106317797595,0.2537615790989533,0.9217987060546876,0.0,0.164615896417272,0.4187618981372158
42,ETTh2,3,CNN,MTT,300,0.7,0.3217719936142561,0.3836318613393007,0.2004480366451404,0.1641618235847461,0.1335612460154101,0.8617193220077137,0.6387485861778259,0.0,0.2257758242038208,0.4187618981372158
42,ETTh2,4,CNN,MTT,300,0.7,0.3217719936142561,0.3836318613393007,0.0586650832760717,0.0786356957230954,0.0504015736768222,0.420634150502134,0.9420084953308104,15.0,0.254661325924147,0.4187618981372158
42,ETTh2,5,CNN,MTT,300,0.7,0.3217719936142561,0.3836318613393007,0.3629899070872462,0.0640992800253857,0.0437871145658834,0.233956741183703,0.9865041375160216,0.0,0.2007923915447794,0.4187618981372158
42,ETTh2,6,CNN,MTT,300,0.7,0.3217719936142561,0.3836318613393007,0.1797121404554904,0.2474095645163779,0.0550892486286411,1.7247840513251091,0.7964974045753479,15.0,0.0773187929849015,0.4187618981372158
42,ETTh2,0,CNN,MTT,300,1.0,0.3217719936142561,0.4022006804060302,0.0978933743121306,0.1911117266755116,5.7011465110944123e-08,0.5804484970471872,0.669586181640625,0.0,1.8653584109190805e-08,0.4105021511329897
42,ETTh2,1,CNN,MTT,300,1.0,0.3217719936142561,0.4022006804060302,0.0871463122252394,0.1274411322890216,6.579848500237872e-08,0.5310351050622891,0.648395836353302,0.0,8.683673767055123e-08,0.4105021511329897
42,ETTh2,2,CNN,MTT,300,1.0,0.3217719936142561,0.4022006804060302,0.1299371691997734,0.2076732896968392,1.1708189613812709e-07,0.2979950290442348,0.9046496748924256,0.0,1.9891221782138825e-07,0.4105021511329897
42,ETTh2,3,CNN,MTT,300,1.0,0.3217719936142561,0.4022006804060302,0.1262952148606302,0.1284721467957337,7.032028043247675e-08,0.9382454669537036,0.5525047183036804,0.0,7.070056370394287e-08,0.4105021511329897
42,ETTh2,4,CNN,MTT,300,1.0,0.3217719936142561,0.4022006804060302,0.1456948605729008,0.0658782488481198,3.3718941788919714e-08,0.4100909313424027,0.932649552822113,0.0,1.772384352057785e-07,0.4105021511329897
42,ETTh2,5,CNN,MTT,300,1.0,0.3217719936142561,0.4022006804060302,0.4347491523287514,0.0751199225291844,6.002499254543235e-08,0.2728827341260039,0.9808902740478516,0.0,1.020830827915348e-07,0.4105021511329897
42,ETTh2,6,CNN,MTT,300,1.0,0.3217719936142561,0.4022006804060302,0.30424112551193,0.2655754457427913,1.328254597733214e-07,1.7009892080239937,0.8259576559066772,0.0,2.074006547683546e-07,0.4105021511329897
123,ETTh2,0,CNN,MTT,300,0.0,0.3383878320488673,0.3581146926852162,0.1279416498052847,0.2997697038256682,0.9694280376477468,1.4591133312404587,0.3451725840568542,0.0,0.1968314098997697,0.2742187686130377
123,ETTh2,1,CNN,MTT,300,0.0,0.3383878320488673,0.3581146926852162,0.1820729963679123,0.2780894476158511,0.5617743133618415,1.4942362618794165,0.6060250401496887,0.0,0.0140370203143204,0.2742187686130377
123,ETTh2,2,CNN,MTT,300,0.0,0.3383878320488673,0.3581146926852162,0.2084168170390777,0.2739696232310273,1.7166835037484385,2.79237000234287,0.5919703841209412,0.0,0.3719602398609486,0.2742187686130377
123,ETTh2,3,CNN,MTT,300,0.0,0.3383878320488673,0.3581146926852162,0.2812364234180959,0.1645165934628807,0.3641395207867077,0.8330241817129131,0.7003093361854553,0.0,0.2087963653688195,0.2742187686130377
123,ETTh2,4,CNN,MTT,300,0.0,0.3383878320488673,0.3581146926852162,0.2717843983716979,0.1214327753547324,1.727144653425648,2.6750379637526693,0.6140738725662231,0.0,1.472719202123096,0.2742187686130377
123,ETTh2,5,CNN,MTT,300,0.0,0.3383878320488673,0.3581146926852162,0.3832555092448382,0.1367834949944565,0.5251226395759262,0.3146126301044396,0.9918352961540222,1.0,0.4990017499862313,0.2742187686130377
123,ETTh2,6,CNN,MTT,300,0.0,0.3383878320488673,0.3581146926852162,0.4615050816034074,0.2740284817797692,0.1257406240622821,0.4428235915429659,0.762579619884491,0.0,0.2247179042583575,0.2742187686130377
123,ETTh2,0,CNN,MTT,300,0.1,0.3383878320488673,0.3466530682990273,0.1250268354099318,0.2950929216719878,0.8724852718671615,1.3781563228166305,0.3879403471946716,0.0,0.1771482332547991,0.2751639731504564
123,ETTh2,1,CNN,MTT,300,0.1,0.3383878320488673,0.3466530682990273,0.1738774374381814,0.2772111232485065,0.5055968332577138,1.447043049609941,0.6158074736595154,0.0,0.0126333494253145,0.2751639731504564
123,ETTh2,2,CNN,MTT,300,0.1,0.3383878320488673,0.3466530682990273,0.2047291489172553,0.2702626249903913,1.545015109938908,2.724124221662424,0.6392462849617004,0.0,0.334764167456709,0.2751639731504564
123,ETTh2,3,CNN,MTT,300,0.1,0.3383878320488673,0.3466530682990273,0.2639499921212587,0.164730656256942,0.3277255821872411,0.8546293361955204,0.6929845213890076,0.0,0.1879168030496456,0.2751639731504564
123,ETTh2,4,CNN,MTT,300,0.1,0.3383878320488673,0.3466530682990273,0.2702435742645616,0.1196345981524236,1.5544301714241904,2.4988921462570985,0.6608774662017822,0.0,1.325447242747792,0.2751639731504564
123,ETTh2,5,CNN,MTT,300,0.1,0.3383878320488673,0.3466530682990273,0.3969150722603831,0.1295638558392098,0.4726103846903097,0.3656595597726029,0.9911415576934814,1.0,0.4491016299377003,0.2751639731504564
123,ETTh2,6,CNN,MTT,300,0.1,0.3383878320488673,0.3466530682990273,0.4488870651408558,0.2710069770256672,0.1131665579219165,0.444134038768792,0.7716327905654907,0.0,0.2022460433162991,0.2751639731504564
123,ETTh2,0,CNN,MTT,300,0.2,0.3383878320488673,0.3452287182804253,0.1224316949631533,0.2900286812636622,0.7755424450058775,1.298991017777632,0.4284132719039917,0.0,0.1574650566098286,0.2758449691766403
123,ETTh2,1,CNN,MTT,300,0.2,0.3383878320488673,0.3452287182804253,0.165975753291567,0.2763472955695571,0.4494195042866157,1.4000113833311485,0.6243575215339661,0.0,0.0112296785363085,0.2758449691766403
123,ETTh2,2,CNN,MTT,300,0.2,0.3383878320488673,0.3452287182804253,0.2001154486289385,0.2659979652755641,1.3733468785177088,2.5413514199554106,0.6829649806022644,0.0,0.2975681804391776,0.2758449691766403
123,ETTh2,3,CNN,MTT,300,0.2,0.3383878320488673,0.3452287182804253,0.2468073970398497,0.1663363855492654,0.2913116102118507,0.8770123146897598,0.6840028166770935,0.0,0.1670370728613424,0.2758449691766403
123,ETTh2,4,CNN,MTT,300,0.2,0.3383878320488673,0.3452287182804253,0.268023824858878,0.1174778381946503,1.3817156953123044,2.324420208623987,0.7043596506118774,0.0,1.1781757121555063,0.2758449691766403
123,ETTh2,5,CNN,MTT,300,0.2,0.3383878320488673,0.3452287182804253,0.4084826675353727,0.1223338464499879,0.420098112175098,0.4204555987792642,0.9903587698936462,1.0,0.3992014539619395,0.2758449691766403
123,ETTh2,6,CNN,MTT,300,0.2,0.3383878320488673,0.3452287182804253,0.4358202866480332,0.2682481254856991,0.100592499815772,0.4415663431433793,0.7800825238227844,0.0,0.179774410514961,0.2758449691766403
123,ETTh2,0,CNN,MTT,300,0.3,0.3383878320488673,0.3507630479878988,0.1200788058265482,0.2845541029629708,0.6785996861798494,1.2213202482696277,0.4665915369987488,0.0,0.1377820675666179,0.2762527136206847
123,ETTh2,1,CNN,MTT,300,0.3,0.3383878320488673,0.3507630479878988,0.1584677246196611,0.2755076192964697,0.3932419463911736,1.3404502522419208,0.6316753029823303,0.0,0.0098259080820529,0.2762527136206847
123,ETTh2,2,CNN,MTT,300,0.3,0.3383878320488673,0.3507630479878988,0.1943149196474313,0.2610758484577918,1.2016784850550757,2.3606912277645806,0.7231263518333435,0.0,0.260372108034938,0.2762527136206847
123,ETTh2,3,CNN,MTT,300,0.3,0.3383878320488673,0.3507630479878988,0.2300577546987039,0.169194585420502,0.2548976777410536,0.901106578525753,0.6733643412590027,0.0,0.1461575105421686,0.2762527136206847
123,ETTh2,4,CNN,MTT,300,0.3,0.3383878320488673,0.3507630479878988,0.264865110356468,0.1148635529075103,1.2090012114930209,2.14965066547794,0.7445205450057983,0.0,1.030903538388693,0.2762527136206847
123,ETTh2,5,CNN,MTT,300,0.3,0.3383878320488673,0.3507630479878988,0.4181316802570116,0.1153712145365347,0.3675858697328731,0.4654571509331854,0.9894869327545166,1.0,0.3493012779861787,0.2762527136206847
123,ETTh2,6,CNN,MTT,300,0.3,0.3383878320488673,0.3507630479878988,0.4223625300259474,0.2654551288077523,0.0880184346994459,0.4419623264048776,0.7879288792610168,0.0,0.1573026636432627,0.2762527136206847
123,ETTh2,0,CNN,MTT,300,0.5,0.3383878320488673,0.3448055324202227,0.1164715984050687,0.2723059978128495,0.4847140158024198,1.0721084307235698,0.5360637903213501,0.0,0.0984157142766769,0.2762457704240053
123,ETTh2,1,CNN,MTT,300,0.5,0.3383878320488673,0.3448055324202227,0.145031753564534,0.273940920068107,0.280887139210176,1.268886629679649,0.6426140666007996,0.0,0.0070184667387914,0.2762457704240053
123,ETTh2,2,CNN,MTT,300,0.5,0.3383878320488673,0.3448055324202227,0.1777102960746127,0.2488119858811605,0.858341706371954,1.9135927072130368,0.7927768230438232,0.0,0.1859801339998751,0.2762457704240053
123,ETTh2,3,CNN,MTT,300,0.5,0.3383878320488673,0.3448055324202227,0.1985276151981983,0.1780189534703934,0.1820697707200842,0.9455451226022232,0.6471169590950012,0.0,0.1043982180346915,0.2762457704240053
123,ETTh2,4,CNN,MTT,300,0.5,0.3383878320488673,0.3448055324202227,0.2540674247305279,0.1076833258753393,0.8635724058469965,1.7965168095703372,0.8148784041404724,0.0,0.7363595124423304,0.2762457704240053
123,ETTh2,5,CNN,MTT,300,0.5,0.3383878320488673,0.3448055324202227,0.4325350863312927,0.104114067232508,0.2625613451637538,0.5673757265795845,0.9874759912490844,1.0,0.2495009819618869,0.2762457704240053
123,ETTh2,6,CNN,MTT,300,0.5,0.3383878320488673,0.3448055324202227,0.3945871512633133,0.2599380916994597,0.0628702932547363,0.4410631770634817,0.8018112778663635,0.0,0.112358941759146,0.2762457704240053
123,ETTh2,0,CNN,MTT,300,0.7,0.3383878320488673,0.3552413979075633,0.1151435420764675,0.2583015929266387,0.2908284219412835,0.9348017502097564,0.596356987953186,0.0,0.0590494547876157,0.2752399382695564
123,ETTh2,1,CNN,MTT,300,0.7,0.3383878320488673,0.3552413979075633,0.1343193832450411,0.2725897419498195,0.1685323325331015,1.1958828067019376,0.6486236453056335,0.0,0.0042111249607794,0.2752399382695564
123,ETTh2,2,CNN,MTT,300,0.7,0.3383878320488673,0.3552413979075633,0.1518261867204524,0.2326842239914551,0.5150051628515631,1.571142703104529,0.8481980562210083,0.0,0.111588074578104,0.2752399382695564
123,ETTh2,3,CNN,MTT,300,0.7,0.3383878320488673,0.3552413979075633,0.1705024330178395,0.1898588742279464,0.1092418719944631,0.9940624864241356,0.6142424941062927,0.0,0.0626389255272145,0.2752399382695564
123,ETTh2,4,CNN,MTT,300,0.7,0.3383878320488673,0.3552413979075633,0.2322785379303878,0.0963575911512051,0.5181434464330186,1.4464662031511046,0.8719508647918701,0.0,0.4418157008874769,0.2752399382695564
123,ETTh2,5,CNN,MTT,300,0.7,0.3383878320488673,0.3552413979075633,0.4418516988441197,0.0962501083918394,0.1575368401724356,0.6758437389217308,0.9851089119911194,0.0,0.149700685937595,0.2752399382695564
123,ETTh2,6,CNN,MTT,300,0.7,0.3383878320488673,0.3552413979075633,0.3663591022908901,0.2560032457010126,0.0377221624440072,0.4371248452654296,0.8132801055908203,0.0,0.0674153339453894,0.2752399382695564
123,ETTh2,0,CNN,MTT,300,1.0,0.3383878320488673,0.6684561512475748,0.1202925332804359,0.2345319921924169,5.444045300979715e-08,0.8902526754264535,0.669586181640625,0.0,1.8653584109190805e-08,0.2734841478548002
123,ETTh2,1,CNN,MTT,300,1.0,0.3383878320488673,0.6684561512475748,0.1245858843110712,0.2711106200155858,5.954794545308061e-08,1.1090431544375263,0.648395836353302,0.0,1.2728511939746089e-08,0.2734841478548002
123,ETTh2,2,CNN,MTT,300,1.0,0.3383878320488673,0.6684561512475748,0.1520688420321802,0.2032499662080822,7.884452806036925e-08,1.0647915993888812,0.9046496748924256,0.0,1.1352550970204637e-07,0.2734841478548002
123,ETTh2,3,CNN,MTT,300,1.0,0.3383878320488673,0.6684561512475748,0.1359853408659486,0.2105951972813021,7.214527075104643e-08,1.063979850021184,0.5525047183036804,0.0,1.5463512842163788e-07,0.2734841478548002
123,ETTh2,4,CNN,MTT,300,1.0,0.3383878320488673,0.6684561512475748,0.1496267786202801,0.073606657515512,2.5400826389164805e-08,0.9166100914752968,0.932649552822113,0.0,7.004268063449465e-08,0.2734841478548002
123,ETTh2,5,CNN,MTT,300,1.0,0.3383878320488673,0.6684561512475748,0.4494398146181708,0.08734867458294,6.027630933839002e-08,0.8448612978638228,0.9808902740478516,0.0,9.7713768586485e-09,0.2734841478548002
123,ETTh2,6,CNN,MTT,300,1.0,0.3383878320488673,0.6684561512475748,0.3255519947961743,0.2560045227448061,1.3402287355833174e-07,0.4302218379418452,0.8259576559066772,0.0,2.074006547683546e-07,0.2734841478548002
7,ETTm1,0,CNN,MTT,300,0.0,0.3322249136624938,0.3652457276346585,0.5989367241085982,0.23962142860052,0.5766607427550852,0.8659535159564793,0.8583608865737915,0.0,1.1938397106111074,0.4210036442744442
7,ETTm1,1,CNN,MTT,300,0.0,0.3322249136624938,0.3652457276346585,0.5649501747917927,0.2108577330641783,0.1280196076365383,1.843221783715354,0.7884775400161743,0.0,0.1835096937501442,0.4210036442744442
7,ETTm1,2,CNN,MTT,300,0.0,0.3322249136624938,0.3652457276346585,0.6165197573106704,0.2360170775782331,0.6211223487335827,0.7485005427218617,1.1372551918029783,0.0,1.274036913291994,0.4210036442744442
7,ETTm1,3,CNN,MTT,300,0.0,0.3322249136624938,0.3652457276346585,0.5318919566985375,0.2040771971281033,0.1517661650570962,1.5910213234773611,0.7719787955284119,0.0,0.3306153847734286,0.4210036442744442
7,ETTm1,4,CNN,MTT,300,0.0,0.3322249136624938,0.3652457276346585,0.0983465111855651,0.0873650137218507,0.2206183791895499,0.7645137560673521,0.70206618309021,0.0,0.438809503135121,0.4210036442744442
7,ETTm1,5,CNN,MTT,300,0.0,0.3322249136624938,0.3652457276346585,0.3861556011061665,0.1652189327646823,0.2450698819585675,1.0824510079629472,0.9020964503288268,3.0,0.7635545473694411,0.4210036442744442
7,ETTm1,6,CNN,MTT,300,0.0,0.3322249136624938,0.3652457276346585,0.2319849621602121,0.1159198124052692,0.7410780142038065,0.845880425605614,0.9483177065849304,3.0,0.4955744051882153,0.4210036442744442
7,ETTm1,0,CNN,MTT,300,0.1,0.3322249136624938,0.3709653477988243,0.5961509869848126,0.2379025254690608,0.5189946028514462,0.8268400397638439,0.6710062026977539,0.0,1.0744555605559238,0.42556173824366
7,ETTm1,1,CNN,MTT,300,0.1,0.3322249136624938,0.3709653477988243,0.5611296554593221,0.2052802072967662,0.1152176485519503,1.8440196466849388,0.7905391454696655,0.0,0.1651587656922418,0.42556173824366
7,ETTm1,2,CNN,MTT,300,0.1,0.3322249136624938,0.3709653477988243,0.6147848975341562,0.2351391177146257,0.559010029379113,0.72486077013677,0.9101963043212892,0.0,1.1466328798593128,0.42556173824366
7,ETTm1,3,CNN,MTT,300,0.1,0.3322249136624938,0.3709653477988243,0.5299598058331875,0.198873383161564,0.136589524581614,1.582668125783752,0.7785357236862183,0.0,0.2975536566399876,0.42556173824366
7,ETTm1,4,CNN,MTT,300,0.1,0.3322249136624938,0.3709653477988243,0.0928783501929777,0.0862073537697813,0.1985565444625292,0.7693553003710825,0.6903820633888245,0.0,0.394928602691646,0.42556173824366
7,ETTm1,5,CNN,MTT,300,0.1,0.3322249136624938,0.3709653477988243,0.3801500833710081,0.160750448851885,0.2205629170368735,1.058893461624212,0.902121603488922,3.0,0.6871990975839043,0.42556173824366
7,ETTm1,6,CNN,MTT,300,0.1,0.3322249136624938,0.3709653477988243,0.2143593031921989,0.1106774155910419,0.6669702150227842,0.9113342378587757,0.9477942585945128,3.0,0.4460169337559232,0.42556173824366
7,ETTm1,0,CNN,MTT,300,0.2,0.3322249136624938,0.3670269673857153,0.5929452326124643,0.2358758271274386,0.4613286350397152,0.8129424469241207,0.4942325353622436,0.0,0.9550718457446864,0.4298449766410401
7,ETTm1,1,CNN,MTT,300,0.2,0.3322249136624938,0.3670269673857153,0.5566797349588269,0.1989657410759021,0.1024156817385256,1.845717625847889,0.7919548749923706,0.0,0.1468077398102004,0.4298449766410401
7,ETTm1,2,CNN,MTT,300,0.2,0.3322249136624938,0.3670269673857153,0.6127821067336815,0.2340971414517775,0.4968977952210436,0.699812606356898,0.6963762044906616,0.0,1.0192292686137283,0.4298449766410401
7,ETTm1,3,CNN,MTT,300,0.2,0.3322249136624938,0.3670269673857153,0.5278305190200565,0.1930889010053114,0.1214129487598024,1.571739627746723,0.7846019268035889,0.0,0.2644921465716865,0.4298449766410401
7,ETTm1,4,CNN,MTT,300,0.2,0.3322249136624938,0.3670269673857153,0.0889353286466675,0.0852690849067602,0.1764946969179666,0.779873721034859,0.6767705082893372,0.0,0.3510475642703561,0.4298449766410401
7,ETTm1,5,CNN,MTT,300,0.2,0.3322249136624938,0.3670269673857153,0.3725825454780649,0.1552211136876233,0.1960558895757856,1.0374906912437034,0.9014075398445128,3.0,0.6108436693522566,0.4298449766410401
7,ETTm1,6,CNN,MTT,300,0.2,0.3322249136624938,0.3670269673857153,0.1963949354734693,0.1050085325874125,0.5928624110174819,0.9784914725775836,0.9470425844192504,3.0,0.3964594623236311,0.4298449766410401
7,ETTm1,0,CNN,MTT,300,0.3,0.3322249136624938,0.3746982577339713,0.5892283142249458,0.2334668183407795,0.4036625304072963,0.7866716752462557,0.3280388116836548,0.0,0.8356876956895029,0.4338164484206866
7,ETTm1,1,CNN,MTT,300,0.3,0.3322249136624938,0.3746982577339713,0.5517606872723272,0.1918885773763716,0.089613733025277,1.847646574182729,0.7927246689796448,0.0,0.1284568117522981,0.4338164484206866
7,ETTm1,2,CNN,MTT,300,0.3,0.3322249136624938,0.3746982577339713,0.6104496671466672,0.2328382396719555,0.4347856472514662,0.6754239627512333,0.4957937002182007,0.0,0.8918258684616922,0.4338164484206866
7,ETTm1,3,CNN,MTT,300,0.3,0.3322249136624938,0.3746982577339713,0.5255019742517996,0.1866570334671235,0.1062363289181699,1.5698667694932351,0.7901774048805237,0.0,0.2314307455359555,0.4338164484206866
7,ETTm1,4,CNN,MTT,300,0.3,0.3322249136624938,0.3746982577339713,0.0871718667665834,0.0843387955537716,0.1544328568599693,0.7911390003421884,0.661231517791748,0.0,0.307166663826881,0.4338164484206866
7,ETTm1,5,CNN,MTT,300,0.3,0.3322249136624938,0.3746982577339713,0.3638781467670747,0.1488778501836938,0.1715489240997419,1.0146417793127218,0.8999541997909546,3.0,0.5344881980128307,0.4338164484206866
7,ETTm1,6,CNN,MTT,300,0.3,0.3322249136624938,0.3746982577339713,0.1786295126887112,0.0992358818430957,0.5187546260187125,1.043964878295299,0.9460628032684326,3.0,0.3469019508306861,0.4338164484206866
7,ETTm1,0,CNN,MTT,300,0.5,0.3322249136624938,0.3528405372512903,0.5797597656189649,0.2270835164625237,0.2883303858461571,0.7383025645534455,0.0273928642272949,0.0,0.5969198308230818,0.4407470371893298
7,ETTm1,1,CNN,MTT,300,0.5,0.3322249136624938,0.3528405372512903,0.5409472062228265,0.1755868369344744,0.064009807780736,1.8561948585737864,0.7923265099525452,0.0,0.0917547599882153,0.4407470371893298
7,ETTm1,2,CNN,MTT,300,0.5,0.3322249136624938,0.3528405372512903,0.6044459734468401,0.229318668695219,0.3105611005600491,0.626439894137863,0.1343425512313842,0.0,0.6370182237834265,0.4407470371893298
7,ETTm1,3,CNN,MTT,300,0.5,0.3322249136624938,0.3528405372512903,0.520283600764328,0.1719586140314478,0.0758831226659801,1.5652695674020216,0.7998563647270203,0.0,0.1653076163667835,0.4407470371893298
7,ETTm1,4,CNN,MTT,300,0.5,0.3322249136624938,0.3528405372512903,0.0873888027921706,0.0825545686258666,0.1103091827194434,0.8007215075049486,0.6243714094161987,0.0,0.219404770954721,0.4407470371893298
7,ETTm1,5,CNN,MTT,300,0.5,0.3322249136624938,0.3528405372512903,0.34540358403347,0.135202536599384,0.1225349663860784,0.9808413595007686,0.8948298692703247,3.0,0.3817773415495353,0.4407470371893298
7,ETTm1,6,CNN,MTT,300,0.5,0.3322249136624938,0.3528405372512903,0.14476734784927,0.0877705243918479,0.3705390194133617,1.1767180255542626,0.9434186220169068,0.0,0.2477871281480609,0.4407470371893298
7,ETTm1,0,CNN,MTT,300,0.7,0.3322249136624938,0.3832269501971791,0.5663227325596504,0.217746413289084,0.1729982495597886,0.6958975645686221,0.2309319376945495,0.0,0.3581518571456742,0.4463223921434443
7,ETTm1,1,CNN,MTT,300,0.7,0.3322249136624938,0.3832269501971791,0.5291119539696165,0.1569463389001089,0.0384058903371316,1.8617885218913068,0.7893447279930115,0.0,0.0550529038724105,0.4463223921434443
7,ETTm1,2,CNN,MTT,300,0.7,0.3322249136624938,0.3832269501971791,0.5957379664157316,0.223651217108952,0.1863366321713358,0.5831504387804108,0.1741564869880676,0.0,0.3822108957454834,0.4463223921434443
7,ETTm1,3,CNN,MTT,300,0.7,0.3322249136624938,0.3832269501971791,0.514652259867647,0.1548693293304897,0.0455299248200809,1.5544544115201542,0.8075725436210632,0.0,0.0991845962301814,0.4463223921434443
7,ETTm1,4,CNN,MTT,300,0.7,0.3322249136624938,0.3832269501971791,0.0909368978965422,0.0812425170305932,0.0661855024527593,0.8104225953151314,0.5798016786575317,0.0,0.131642878082561,0.4463223921434443
7,ETTm1,5,CNN,MTT,300,0.7,0.3322249136624938,0.3832269501971791,0.333390789067519,0.1237006647862501,0.0735209739462932,0.9469866366448328,0.8867486715316772,3.0,0.2290664419784617,0.4463223921434443
7,ETTm1,6,CNN,MTT,300,0.7,0.3322249136624938,0.3832269501971791,0.1147726029875305,0.0770284502437188,0.222323469809424,1.3127312641291844,0.9398616552352904,0.0,0.1486721051621708,0.4463223921434443
7,ETTm1,0,CNN,MTT,300,1.0,0.3322249136624938,0.3823307987365969,0.5328694865774608,0.1930227613904553,1.399330833053969e-07,0.6148149373158641,0.5390664339065552,0.0,4.8964943842690256e-08,0.4523299498444921
7,ETTm1,1,CNN,MTT,300,1.0,0.3322249136624938,0.3823307987365969,0.5106333128546862,0.1269048356948855,8.122605545909224e-08,1.8658331006517133,0.7800276875495911,0.0,7.594957460790688e-08,0.4523299498444921
7,ETTm1,2,CNN,MTT,300,1.0,0.3322249136624938,0.3823307987365969,0.5728170901483175,0.2068617607598864,1.603844642312446e-07,0.5207801439975431,0.5376197099685669,0.0,3.601783667788068e-07,0.4523299498444921
7,ETTm1,3,CNN,MTT,300,1.0,0.3322249136624938,0.3823307987365969,0.5052421748693671,0.1266619542622293,1.4830725450946358e-07,1.5314620099411862,0.8154667019844055,0.0,1.520398615651385e-07,0.4523299498444921
7,ETTm1,4,CNN,MTT,300,1.0,0.3322249136624938,0.3823307987365969,0.0989450676865926,0.0804576180012774,8.252732176585e-08,0.8217511728318542,0.4984915256500244,0.0,7.218283909145925e-09,0.4523299498444921
7,ETTm1,5,CNN,MTT,300,1.0,0.3322249136624938,0.3823307987365969,0.3210348832591845,0.1088648325960646,5.998290652130545e-08,0.8935156586150934,0.8690825700759888,0.0,7.10679621993306e-08,0.4523299498444921
7,ETTm1,6,CNN,MTT,300,1.0,0.3322249136624938,0.3823307987365969,0.0848397169232407,0.0638182679612415,7.112581201359287e-08,1.5225630877351308,0.9328148365020752,0.0,1.8895274647153495e-07,0.4523299498444921
42,ETTm1,0,CNN,MTT,300,0.0,0.3416359933555232,0.7416346281086813,0.4319551222631008,0.140553580844535,1.237099850720203,1.474798127867761,0.6776481866836548,3.0,0.476415188753344,0.2746753386316522
42,ETTm1,1,CNN,MTT,300,0.0,0.3416359933555232,0.7416346281086813,0.4986510109835675,0.13884301558073,0.2880977833392487,0.722464140593127,0.8391605615615845,0.0,0.4558535203205996,0.2746753386316522
42,ETTm1,2,CNN,MTT,300,0.0,0.3416359933555232,0.7416346281086813,0.3218604775710238,0.1405449690325153,0.945241692189898,1.239995323848557,0.7117133140563965,3.0,0.5442751520066694,0.2746753386316522
42,ETTm1,3,CNN,MTT,300,0.0,0.3416359933555232,0.7416346281086813,0.4880176397825546,0.0895430447272906,0.6867357503316409,0.8434303824337583,0.8866077661514282,0.0,0.42435000798188,0.2746753386316522
42,ETTm1,4,CNN,MTT,300,0.0,0.3416359933555232,0.7416346281086813,0.1185837324202859,0.0618686895374396,1.7752919797339777,2.0373661234132245,0.0933879613876342,1.0,0.7624187144042743,0.2746753386316522
42,ETTm1,5,CNN,MTT,300,0.0,0.3416359933555232,0.7416346281086813,0.2638849098087919,0.1078609509962636,0.3551840459762918,0.5066019253641428,0.8539419174194336,0.0,0.4615240458864668,0.2746753386316522
42,ETTm1,6,CNN,MTT,300,0.0,0.3416359933555232,0.7416346281086813,0.1195880846399544,0.1020512994364998,1.6186970370015066,1.6776354797627089,0.8928250074386597,0.0,0.3433652535028871,0.2746753386316522
42,ETTm1,0,CNN,MTT,300,0.1,0.3416359933555232,0.7252750010290183,0.4402172874560275,0.1317270761576046,1.1133897327818827,1.359622830233716,0.6722655296325684,0.0,0.4287736584528561,0.2780001536729536
42,ETTm1,1,CNN,MTT,300,0.1,0.3416359933555232,0.7252750010290183,0.4918025256041365,0.1321915541003996,0.2592880372516682,0.7066630586736409,0.8377399444580078,0.0,0.4102682052307388,0.2780001536729536
42,ETTm1,2,CNN,MTT,300,0.1,0.3416359933555232,0.7252750010290183,0.3458212403591035,0.1265695605499348,0.8507175796117118,1.1467174860314584,0.707571804523468,3.0,0.4898476886558552,0.2780001536729536
42,ETTm1,3,CNN,MTT,300,0.1,0.3416359933555232,0.7252750010290183,0.4788168789435749,0.0903229915404151,0.61806217178955,0.9159033477458468,0.8835393190383911,0.0,0.3819149678713932,0.2780001536729536
42,ETTm1,4,CNN,MTT,300,0.1,0.3416359933555232,0.7252750010290183,0.1155549723502126,0.0682106219959091,1.5977627580531415,1.833481972713892,0.0039148330688476,1.0,0.6861767732531112,0.2780001536729536
42,ETTm1,5,CNN,MTT,300,0.1,0.3416359933555232,0.7252750010290183,0.2655474659852002,0.106986876770869,0.3196656350557917,0.5394915041232091,0.8584162592887878,0.0,0.415371479003022,0.2780001536729536
42,ETTm1,6,CNN,MTT,300,0.1,0.3416359933555232,0.7252750010290183,0.1192859261542127,0.1021992271761376,1.4568273599999284,1.520506694341582,0.8981548547744751,0.0,0.30902870698722,0.2780001536729536
42,ETTm1,0,CNN,MTT,300,0.2,0.3416359933555232,0.743227735360215,0.4482899027399361,0.1220508068394272,0.9896799276637684,1.2440392687383797,0.6649993658065796,0.0,0.3811321281523681,0.281448715876308
42,ETTm1,1,CNN,MTT,300,0.2,0.3416359933555232,0.743227735360215,0.4849273391479512,0.130895859626557,0.230478223874101,0.6950594875652498,0.8353208899497986,0.0,0.3646828412288085,0.281448715876308
42,ETTm1,2,CNN,MTT,300,0.2,0.3416359933555232,0.743227735360215,0.3698660826704693,0.1146128180685741,0.7561933937509534,1.0710372965746244,0.7004818916320801,3.0,0.4354202253050411,0.281448715876308
42,ETTm1,3,CNN,MTT,300,0.2,0.3416359933555232,0.743227735360215,0.4699066368357385,0.0974567907723903,0.5493885679907403,0.9650171215907704,0.8795718550682068,0.0,0.3394800367934763,0.281448715876308
42,ETTm1,4,CNN,MTT,300,0.2,0.3416359933555232,0.743227735360215,0.1130429624080818,0.0756473295769393,1.4202336967161815,1.625627107494738,0.0788278579711914,1.0,0.6099349240871578,0.281448715876308
42,ETTm1,5,CNN,MTT,300,0.2,0.3416359933555232,0.743227735360215,0.2681953266623927,0.105815563225519,0.2841472266159117,0.5681151531386562,0.8622327446937561,0.0,0.3692191707662471,0.281448715876308
42,ETTm1,6,CNN,MTT,300,0.2,0.3416359933555232,0.743227735360215,0.1184073435878437,0.1018075914751339,1.294957524875602,1.3680819356110083,0.903188943862915,0.0,0.2746924008354708,0.281448715876308
42,ETTm1,0,CNN,MTT,300,0.3,0.3416359933555232,0.7045863006765102,0.456052485235025,0.1142116180671795,0.8659699641604851,1.1302959581335106,0.655849814414978,0.0,0.33349059785188,0.2849367576098663
42,ETTm1,1,CNN,MTT,300,0.3,0.3416359933555232,0.7045863006765102,0.4781491126193353,0.1349972574790051,0.2016684800436181,0.6830391955220868,0.8319035172462463,0.0,0.3190975261389477,0.2849367576098663
42,ETTm1,2,CNN,MTT,300,0.3,0.3416359933555232,0.7045863006765102,0.3930164188547533,0.1043158009383849,0.661669202296936,0.9946352553793204,0.6904435157775879,0.0,0.3809927091808399,0.2849367576098663
42,ETTm1,3,CNN,MTT,300,0.3,0.3416359933555232,0.7045863006765102,0.4625241397848711,0.1067409071562741,0.4807149797076267,1.0259581126448687,0.8747053742408752,0.0,0.2970450511992745,0.2849367576098663
42,ETTm1,4,CNN,MTT,300,0.3,0.3416359933555232,0.7045863006765102,0.1107223127132328,0.083922212283691,1.2427044784825538,1.3832125057169524,0.1548407673835754,1.0,0.5336930749212044,0.2849367576098663
42,ETTm1,5,CNN,MTT,300,0.3,0.3416359933555232,0.7045863006765102,0.2716874597116648,0.1093560412345219,0.2486288161992443,0.5993116399373242,0.8653913736343384,0.0,0.3230666038828023,0.2849367576098663
42,ETTm1,6,CNN,MTT,300,0.3,0.3416359933555232,0.7045863006765102,0.1168541797717472,0.1007662673894411,1.1330878471063872,1.217433238782714,0.9079273343086244,0.0,0.2403556940771919,0.2849367576098663
42,ETTm1,0,CNN,MTT,300,0.5,0.3416359933555232,0.5460717575408722,0.4710913658179856,0.1127880195599446,0.6185499622325572,0.9046332657525716,0.631900429725647,0.0,0.238207537250904,0.2916481283320795
42,ETTm1,1,CNN,MTT,300,0.5,0.3416359933555232,0.5460717575408722,0.4653143331087925,0.1422194678443166,0.1440488886556769,0.6573967906711721,0.8220736980438232,0.0,0.2279268470471566,0.2916481283320795
42,ETTm1,2,CNN,MTT,300,0.5,0.3416359933555232,0.5460717575408722,0.4396396049006698,0.1110453314470897,0.4726208359910133,0.8412514910286762,0.6615216732025146,0.0,0.2721377824792116,0.2916481283320795
42,ETTm1,3,CNN,MTT,300,0.5,0.3416359933555232,0.5460717575408722,0.452104885102875,0.1251542096228165,0.3433678066872012,1.1485228655343618,0.862275242805481,0.0,0.2121750800108708,0.2916481283320795
42,ETTm1,4,CNN,MTT,300,0.5,0.3416359933555232,0.5460717575408722,0.1072385039830099,0.1039967889094758,0.8876460369697455,1.0110695621157837,0.2866766452789306,1.0,0.3812092846040879,0.2916481283320795
42,ETTm1,5,CNN,MTT,300,0.5,0.3416359933555232,0.5460717575408722,0.2821181851338387,0.1239738360113357,0.1775920008753868,0.6530616289597793,0.8697351813316345,0.0,0.2307618149781391,0.2916481283320795
42,ETTm1,6,CNN,MTT,300,0.5,0.3416359933555232,0.5460717575408722,0.1111094878534325,0.0964910574118231,0.8093484936615787,0.9285642396563792,0.9165167808532716,0.0,0.1716826811671638,0.2916481283320795
42,ETTm1,0,CNN,MTT,300,0.7,0.3416359933555232,0.5897834286695224,0.4912023722181506,0.1209833042119741,0.3711300416737988,0.6915309773290883,0.6004171371459961,0.0,0.1429245310554213,0.2973154693885138
42,ETTm1,1,CNN,MTT,300,0.7,0.3416359933555232,0.5897834286695224,0.4539741967355004,0.1473724498079518,0.0864293650954931,0.6251695817649803,0.808250367641449,0.0,0.1367561679553655,0.2973154693885138
42,ETTm1,2,CNN,MTT,300,0.7,0.3416359933555232,0.5897834286695224,0.4864595027428886,0.1327303139235683,0.2835724531703631,0.6924480981021778,0.620806097984314,0.0,0.1632827502308092,0.2973154693885138
42,ETTm1,3,CNN,MTT,300,0.7,0.3416359933555232,0.5897834286695224,0.4442933303438169,0.1402562125575493,0.2060206309719094,1.2627395829318613,0.8462489247322083,0.0,0.1273050543061821,0.2973154693885138
42,ETTm1,4,CNN,MTT,300,0.7,0.3416359933555232,0.5897834286695224,0.106799669973765,0.1288884735321519,0.5325875978743447,0.6455625188500805,0.3915925025939941,1.0,0.228725632264786,0.2973154693885138
42,ETTm1,5,CNN,MTT,300,0.7,0.3416359933555232,0.5897834286695224,0.2964725263617142,0.1383774603932555,0.1065551814666244,0.7183572398659301,0.8714476823806763,0.0,0.1384570260734759,0.2973154693885138
42,ETTm1,6,CNN,MTT,300,0.7,0.3416359933555232,0.5897834286695224,0.1011665549232723,0.0897174878295206,0.4856091393086197,0.6583268376339544,0.9239232540130616,0.0,0.1030096682571356,0.2973154693885138
42,ETTm1,0,CNN,MTT,300,1.0,0.3416359933555232,0.4802700889295646,0.5231850417969676,0.1544368002091754,1.393046927794946e-07,0.4239488767231909,0.5390663146972656,0.0,5.984604265455588e-08,0.3021526128523682
42,ETTm1,1,CNN,MTT,300,1.0,0.3416359933555232,0.4802700889295646,0.440982145269368,0.1561760764161018,8.350392168547419e-08,0.5757612142912765,0.7800276875495911,0.0,1.737737136012615e-07,0.3021526128523682
42,ETTm1,2,CNN,MTT,300,1.0,0.3416359933555232,0.4802700889295646,0.5399641658178069,0.1663868375635027,1.2330468648993416e-07,0.5081865711686433,0.5376197099685669,0.0,2.5463159261964897e-07,0.3021526128523682
42,ETTm1,3,CNN,MTT,300,1.0,0.3416359933555232,0.4802700889295646,0.4354924111443902,0.1552387068992432,1.472546590483747e-07,1.462865583793567,0.8154667019844055,0.0,1.520398615651385e-07,0.3021526128523682
42,ETTm1,4,CNN,MTT,300,1.0,0.3416359933555232,0.4802700889295646,0.1158419488351862,0.1687288707123202,7.483037516040534e-08,0.2484064655529274,0.4984915256500244,0.0,7.218283909145925e-09,0.3021526128523682
42,ETTm1,5,CNN,MTT,300,1.0,0.3416359933555232,0.4802700889295646,0.3228967477048792,0.1577097492682287,6.045088862704395e-08,0.8073453557732588,0.8690825700759888,0.0,1.5728351877422233e-07,0.3021526128523682
42,ETTm1,6,CNN,MTT,300,1.0,0.3416359933555232,0.4802700889295646,0.0767584272545055,0.0790849955297187,7.615976479909835e-08,0.4590364661936812,0.9328148365020752,0.0,2.690740524253918e-07,0.3021526128523682
123,ETTm1,0,CNN,MTT,300,0.0,0.3443538349042699,0.6885546543315709,0.1693277892847381,0.0783400870189896,0.4499888838608703,0.3706388791936542,0.639040470123291,3.0,0.4696493760184385,0.220760838343327
123,ETTm1,1,CNN,MTT,300,0.0,0.3443538349042699,0.6885546543315709,0.2450802620134761,0.0965396954176797,0.6302038795465337,1.0716631515833712,0.5343536138534546,3.0,0.5995186622471089,0.220760838343327
123,ETTm1,2,CNN,MTT,300,0.0,0.3443538349042699,0.6885546543315709,0.1954202887270163,0.1217366136425894,0.5362069511450861,0.2667500657112572,0.6708911657333374,2.0,0.6202123618770878,0.220760838343327
123,ETTm1,3,CNN,MTT,300,0.0,0.3443538349042699,0.6885546543315709,0.2575020610048926,0.1045156169745047,0.6270473481208485,0.6544332268348622,0.6432510018348694,3.0,0.942973073122543,0.220760838343327
123,ETTm1,4,CNN,MTT,300,0.0,0.3443538349042699,0.6885546543315709,0.1234847972491967,0.1275369890787987,0.3779803686166831,0.7706347733970196,0.3139160871505737,2.0,0.5621360660462008,0.220760838343327
123,ETTm1,5,CNN,MTT,300,0.0,0.3443538349042699,0.6885546543315709,0.3984992931866342,0.1002963315076671,0.5454778158798702,1.3796084919113587,0.6698930263519287,3.0,0.276608920144639,0.220760838343327
123,ETTm1,6,CNN,MTT,300,0.0,0.3443538349042699,0.6885546543315709,0.1726451237654347,0.2092182666191675,0.2151323177792694,1.7555305431342714,0.8548802733421326,0.0,0.4922024372654574,0.220760838343327
123,ETTm1,0,CNN,MTT,300,0.1,0.3443538349042699,0.6719303143882771,0.1874820329959546,0.0805115920864216,0.4049899776331819,0.3946385151050162,0.6429827213287354,3.0,0.4226844868374836,0.2179099074322936
123,ETTm1,1,CNN,MTT,300,0.1,0.3443538349042699,0.6719303143882771,0.2585795166476907,0.0877112748322806,0.5671835000892821,1.014194336199512,0.577949047088623,3.0,0.5395668696486493,0.2179099074322936
123,ETTm1,2,CNN,MTT,300,0.1,0.3443538349042699,0.6719303143882771,0.2072103224864308,0.1021222412128237,0.4825862586094829,0.2904818298574538,0.6788089275360107,2.0,0.5581911511525384,0.2179099074322936
123,ETTm1,3,CNN,MTT,300,0.1,0.3443538349042699,0.6719303143882771,0.2697176143756222,0.095985960580308,0.5643425696278171,0.6010600850942318,0.6780299544334412,3.0,0.8486757949840729,0.2179099074322936
123,ETTm1,4,CNN,MTT,300,0.1,0.3443538349042699,0.6719303143882771,0.1222834346441096,0.1263693428899354,0.3401823215914358,0.7678172994570347,0.2071353197097778,0.0,0.505922524553056,0.2179099074322936
123,ETTm1,5,CNN,MTT,300,0.1,0.3443538349042699,0.6719303143882771,0.3959560829045993,0.0984524901311741,0.4909300276151723,1.336256541905832,0.6956681609153748,3.0,0.2489479520509336,0.2179099074322936
123,ETTm1,6,CNN,MTT,300,0.1,0.3443538349042699,0.6719303143882771,0.1652218763178518,0.2070997748088533,0.1936190450461959,1.737874804054227,0.8656766414642334,0.0,0.4429821563492722,0.2179099074322936
123,ETTm1,0,CNN,MTT,300,0.2,0.3443538349042699,0.6055217078994858,0.2131451886052964,0.0867325534031218,0.3599910979402922,0.4163185062376787,0.6438271999359131,0.0,0.3757195432510355,0.2152947426299832
123,ETTm1,1,CNN,MTT,300,0.2,0.3443538349042699,0.6055217078994858,0.2745054458399796,0.081375922155806,0.504163115627437,0.9550326523978252,0.6173160076141357,3.0,0.4796149058579464,0.2152947426299832
123,ETTm1,2,CNN,MTT,300,0.2,0.3443538349042699,0.6055217078994858,0.2241906431306768,0.0863205104429056,0.4289655774653259,0.3149939337967313,0.6820055842399597,2.0,0.4961699404279888,0.2152947426299832
123,ETTm1,3,CNN,MTT,300,0.2,0.3443538349042699,0.6055217078994858,0.2845387617784934,0.0872416800748995,0.5016378611506028,0.5498323654500153,0.7089073061943054,3.0,0.7543784861801924,0.2152947426299832
123,ETTm1,4,CNN,MTT,300,0.2,0.3443538349042699,0.6055217078994858,0.120936332201444,0.1250455574934029,0.3023842953776141,0.7659871897041083,0.1060303449630737,0.0,0.4497088910747013,0.2152947426299832
123,ETTm1,5,CNN,MTT,300,0.2,0.3443538349042699,0.6055217078994858,0.3930922822114282,0.0963745572168418,0.4363822414645894,1.2948718938392778,0.7201418876647949,3.0,0.2212871563883414,0.2152947426299832
123,ETTm1,6,CNN,MTT,300,0.2,0.3443538349042699,0.6055217078994858,0.1571560879475162,0.2045195456255889,0.172105896411265,1.718609373486014,0.8758057355880737,0.0,0.3937620356756988,0.2152947426299832
123,ETTm1,0,CNN,MTT,300,0.3,0.3443538349042699,0.5369600717716072,0.2438638895220336,0.0979708390956426,0.3149921851876739,0.4128461452228135,0.6415740251541138,0.0,0.3287545452590942,0.2133265338855659
123,ETTm1,1,CNN,MTT,300,0.3,0.3443538349042699,0.5369600717716072,0.2931012915456785,0.0755178423707307,0.4411427109519981,0.897284349191301,0.6524546146392822,3.0,0.4196630888034521,0.2133265338855659
123,ETTm1,2,CNN,MTT,300,0.3,0.3443538349042699,0.5369600717716072,0.248272604927876,0.0914838600468865,0.3753448830824215,0.3393703606361474,0.6804811954498291,0.0,0.4341487560901328,0.2133265338855659
123,ETTm1,3,CNN,MTT,300,0.3,0.3443538349042699,0.5369600717716072,0.3022225034048461,0.07833238161787,0.4389331026063882,0.4991962012885546,0.7358830571174622,3.0,0.660081177376312,0.2133265338855659
123,ETTm1,4,CNN,MTT,300,0.3,0.3443538349042699,0.5369600717716072,0.1197106885914445,0.1236090277225669,0.2645862393141631,0.7683700442700832,0.0106006860733032,0.0,0.3934953495815566,0.2133265338855659
123,ETTm1,5,CNN,MTT,300,0.3,0.3443538349042699,0.5369600717716072,0.3898597625434948,0.0941945189402039,0.3818344621914692,1.252647193151326,0.7433143854141235,3.0,0.193626188294636,0.2133265338855659
123,ETTm1,6,CNN,MTT,300,0.3,0.3443538349042699,0.5369600717716072,0.1485982529901181,0.2014103845292045,0.1505926156312396,1.699041617558024,0.8852674961090088,0.0,0.3445415945169016,0.2133265338855659
123,ETTm1,0,CNN,MTT,300,0.5,0.3443538349042699,0.4692104411415846,0.3106009638491954,0.123613169778806,0.224994400429698,0.4536225933475794,0.6277745962142944,0.0,0.2348247124916912,0.2133588626849853
123,ETTm1,1,CNN,MTT,300,0.5,0.3443538349042699,0.4692104411415846,0.3386976702359812,0.0697598110597707,0.3151019662660487,0.7849524018740158,0.7100463509559631,3.0,0.2997594057823939,0.2133588626849853
123,ETTm1,2,CNN,MTT,300,0.5,0.3443538349042699,0.4692104411415846,0.3238400129519101,0.1249916322060398,0.2681035161216358,0.3903057284541256,0.66326904296875,0.0,0.3101062818676467,0.2133588626849853
123,ETTm1,3,CNN,MTT,300,0.5,0.3443538349042699,0.4692104411415846,0.3463205975269167,0.0673564639427112,0.3135236032788412,0.4169974171159992,0.778129518032074,3.0,0.4714865870266936,0.2133588626849853
123,ETTm1,4,CNN,MTT,300,0.5,0.3443538349042699,0.4692104411415846,0.1171818911043657,0.1204612632969089,0.1889901747549751,0.7872077588080325,0.1632318496704101,0.0,0.2810680826248473,0.2133588626849853
123,ETTm1,5,CNN,MTT,300,0.5,0.3443538349042699,0.4692104411415846,0.3820590458335775,0.0896213337866781,0.2727388978542799,1.1722270269593262,0.7857549786567688,3.0,0.1383044245383384,0.2133588626849853
123,ETTm1,6,CNN,MTT,300,0.5,0.3443538349042699,0.4692104411415846,0.1309034232403419,0.1930983661223686,0.1075661382831293,1.6587867735034292,0.902189075946808,0.0,0.2461012730484489,0.2133588626849853
123,ETTm1,0,CNN,MTT,300,0.7,0.3443538349042699,0.4084979636015539,0.3764293165935314,0.146319705859708,0.1349966026372508,0.5094782971864311,0.6015845537185669,0.0,0.1408948797242882,0.2221267508799749
123,ETTm1,1,CNN,MTT,300,0.7,0.3443538349042699,0.4084979636015539,0.3937632163524815,0.0724334571819784,0.1890611914272717,0.6849078904939407,0.7507242560386658,3.0,0.1798557716734052,0.2221267508799749
123,ETTm1,2,CNN,MTT,300,0.7,0.3443538349042699,0.4084979636015539,0.4055906469326666,0.1587460207389178,0.16086214826803,0.4330316058309287,0.627172589302063,0.0,0.1860639131919347,0.2221267508799749
123,ETTm1,3,CNN,MTT,300,0.7,0.3443538349042699,0.4084979636015539,0.3989624732480202,0.0635172110282671,0.1881141162037467,0.3553782380847922,0.8047693371772766,3.0,0.2828920784515028,0.2221267508799749
123,ETTm1,4,CNN,MTT,300,0.7,0.3443538349042699,0.4084979636015539,0.1134385541081993,0.1173161269267192,0.1133941154399387,0.8139088097059662,0.3143622875213623,0.0,0.168640815668138,0.2221267508799749
123,ETTm1,5,CNN,MTT,300,0.7,0.3443538349042699,0.4084979636015539,0.3720161770882201,0.0848086673173436,0.1636433468958788,1.0824496420042975,0.8229901790618896,3.0,0.0829825745664842,0.2221267508799749
123,ETTm1,6,CNN,MTT,300,0.7,0.3443538349042699,0.4084979636015539,0.1143154746011927,0.1814572699331421,0.0645396578679247,1.617150279474617,0.9164413809776306,0.0,0.1476608714586903,0.2221267508799749
123,ETTm1,0,CNN,MTT,300,1.0,0.3443538349042699,0.3768995805157837,0.4607777401118341,0.1707049914006896,1.4247152083267625e-07,0.5939993325989178,0.5390664339065552,0.0,4.8964943842690256e-08,0.2560754401027457
123,ETTm1,1,CNN,MTT,300,1.0,0.3443538349042699,0.3768995805157837,0.4924836730901616,0.1238174743395788,8.83065385307429e-08,0.5768707276851636,0.7800276875495911,0.0,1.737737136012615e-07,0.2560754401027457
123,ETTm1,2,CNN,MTT,300,1.0,0.3443538349042699,0.3768995805157837,0.5060428678077691,0.1936847785518506,1.221878976642763e-07,0.540565847586078,0.5376197099685669,0.0,2.5463159261964897e-07,0.2560754401027457
123,ETTm1,3,CNN,MTT,300,1.0,0.3443538349042699,0.3768995805157837,0.4845627887992198,0.0982941729049627,1.473585678823564e-07,0.3574952017380193,0.8154667019844055,0.0,1.520398615651385e-07,0.2560754401027457
123,ETTm1,4,CNN,MTT,300,1.0,0.3443538349042699,0.3768995805157837,0.1036791966517626,0.1148195714471369,8.375369127730244e-08,0.8216326527100372,0.4984915256500244,0.0,7.218283909145925e-09,0.2560754401027457
123,ETTm1,5,CNN,MTT,300,1.0,0.3443538349042699,0.3768995805157837,0.3516736399811407,0.0804309193158757,5.819342852310097e-08,0.9460379381722636,0.8690825700759888,0.0,7.10679621993306e-08,0.2560754401027457
123,ETTm1,6,CNN,MTT,300,1.0,0.3443538349042699,0.3768995805157837,0.1026234881696944,0.1584269886957854,7.68835497456715e-08,1.5535095916642665,0.9328148365020752,0.0,2.690740524253918e-07,0.2560754401027457
7,ETTm2,0,CNN,MTT,300,0.0,0.1913299931999891,0.2444685822620334,0.1285170749591161,0.1651150288228677,0.5869895727580522,0.475192016885766,0.867645800113678,0.0,0.1697543125978817,0.4501867048558839
7,ETTm2,1,CNN,MTT,300,0.0,0.1913299931999891,0.2444685822620334,0.2108995345691148,0.233632202730095,0.4940904872377532,0.3533426213874837,0.8646847009658813,1.0,0.7431992036691318,0.4501867048558839
7,ETTm2,2,CNN,MTT,300,0.0,0.1913299931999891,0.2444685822620334,0.1791093456395383,0.2253875107311348,0.2195586866932819,0.3272139339416208,0.9503433108329772,0.0,0.0309672142298777,0.4501867048558839
7,ETTm2,3,CNN,MTT,300,0.0,0.1913299931999891,0.2444685822620334,0.1958678989204449,0.2603909188195095,0.4995206259634133,0.4321161112317824,0.7640810012817383,1.0,0.5779129769075625,0.4501867048558839
7,ETTm2,4,CNN,MTT,300,0.0,0.1913299931999891,0.2444685822620334,0.1941239266563249,0.1133424753004623,0.6017318899910938,0.2488562045773186,0.9390515685081482,3.0,0.3342977083703475,0.4501867048558839
7,ETTm2,5,CNN,MTT,300,0.0,0.1913299931999891,0.2444685822620334,0.0803052866496542,0.074637817145361,0.2786440481795845,0.0099698337803905,0.9991557598114014,3.0,0.8983436176155936,0.4501867048558839
7,ETTm2,6,CNN,MTT,300,0.0,0.1913299931999891,0.2444685822620334,0.0813358806526058,0.0690612283009517,0.1568980631875272,0.7279353731141815,0.7666675448417664,3.0,0.0232252687771144,0.4501867048558839
7,ETTm2,0,CNN,MTT,300,0.1,0.1913299931999891,0.242061075374734,0.1227979764073598,0.168206700814972,0.5282906032303004,0.427442997735257,0.8644077777862549,0.0,0.1527788229065959,0.4557144395615674
7,ETTm2,1,CNN,MTT,300,0.1,0.1913299931999891,0.242061075374734,0.2065962511737598,0.2410252516571121,0.4446814283828775,0.3917628808953756,0.861712634563446,1.0,0.6688793363344586,0.4557144395615674
7,ETTm2,2,CNN,MTT,300,0.1,0.1913299931999891,0.242061075374734,0.1801909342743215,0.226541046128612,0.1976028239536202,0.3056550878913128,0.951339602470398,0.0,0.0278703873617494,0.4557144395615674
7,ETTm2,3,CNN,MTT,300,0.1,0.1913299931999891,0.242061075374734,0.1949243693962232,0.2631357536967546,0.4495685587100875,0.4188543723286929,0.7658354043960571,1.0,0.5201216516168217,0.4557144395615674
7,ETTm2,4,CNN,MTT,300,0.1,0.1913299931999891,0.242061075374734,0.182747728188931,0.107215111062905,0.541558702519917,0.1960502652137351,0.9409714937210084,3.0,0.3008680579858546,0.4557144395615674
7,ETTm2,5,CNN,MTT,300,0.1,0.1913299931999891,0.242061075374734,0.0778736537578063,0.06798330546086,0.2507796489354031,0.0176660831995118,0.9989749789237976,0.0,0.8085092668286841,0.4557144395615674
7,ETTm2,6,CNN,MTT,300,0.1,0.1913299931999891,0.242061075374734,0.0707241916993382,0.0748758642164433,0.1412082571750978,0.7119467017625598,0.7818744778633118,3.0,0.0209027063936983,0.4557144395615674
7,ETTm2,0,CNN,MTT,300,0.2,0.1913299931999891,0.2358717268720895,0.1164033477175913,0.1704561502374938,0.4695916364227384,0.3838131547047162,0.86039799451828,0.0,0.1358035073008755,0.4626163323034165
7,ETTm2,1,CNN,MTT,300,0.2,0.1913299931999891,0.2358717268720895,0.202343689888031,0.2465511909702671,0.3952723461284455,0.4393928506600336,0.8577637076377869,1.0,0.5945594386088169,0.4626163323034165
7,ETTm2,2,CNN,MTT,300,0.2,0.1913299931999891,0.2358717268720895,0.1811403715376261,0.2275140173301733,0.1756469249794988,0.2833306264720576,0.9521946310997008,0.0,0.0247736684195592,0.4626163323034165
7,ETTm2,3,CNN,MTT,300,0.2,0.1913299931999891,0.2358717268720895,0.1936816548307696,0.264994799928561,0.3996164758480628,0.4044058031316969,0.7665569186210632,1.0,0.462330297442376,0.4626163323034165
7,ETTm2,4,CNN,MTT,300,0.2,0.1913299931999891,0.2358717268720895,0.1700338697824093,0.1005389975632004,0.4813855244252894,0.1483054275124819,0.9426406621932985,3.0,0.2674381591299793,0.4626163323034165
7,ETTm2,5,CNN,MTT,300,0.2,0.1913299931999891,0.2358717268720895,0.0945284340288209,0.0641378456878991,0.2229152888824315,0.046135150041449,0.998714029788971,0.0,0.7186749160417746,0.4626163323034165
7,ETTm2,6,CNN,MTT,300,0.2,0.1913299931999891,0.2358717268720895,0.0588093012115449,0.0815893328208151,0.1255184390513045,0.695050719802324,0.7961711883544922,3.0,0.0185802569259507,0.4626163323034165
7,ETTm2,0,CNN,MTT,300,0.3,0.1913299931999891,0.278539855350265,0.1096650496012503,0.1718974830495334,0.4108926436801672,0.3415274155937111,0.8556165099143982,0.0,0.1188280176095897,0.4695141505917296
7,ETTm2,1,CNN,MTT,300,0.3,0.1913299931999891,0.278539855350265,0.1970918743983348,0.2502503049064586,0.3458632828499555,0.4872307463066301,0.8528379201889038,1.0,0.5202395104922067,0.4695141505917296
7,ETTm2,2,CNN,MTT,300,0.3,0.1913299931999891,0.278539855350265,0.182079126685407,0.2282890248179367,0.1536911005269733,0.2618748417635577,0.9529083967208862,0.0,0.0216769494773691,0.4695141505917296
7,ETTm2,3,CNN,MTT,300,0.3,0.1913299931999891,0.278539855350265,0.1921821360705391,0.2659352022808321,0.3496644011941123,0.3938523761094771,0.7662457227706909,1.0,0.4045389143842256,0.4695141505917296
7,ETTm2,4,CNN,MTT,300,0.3,0.1913299931999891,0.278539855350265,0.1560336639130956,0.0935613861173979,0.4212123375587674,0.1230613561178418,0.9440590143203736,3.0,0.2340085087454864,0.4695141505917296
7,ETTm2,5,CNN,MTT,300,0.3,0.1913299931999891,0.278539855350265,0.1286682768985543,0.0630254288891007,0.1950508696410797,0.0735918782760829,0.9983727931976318,0.0,0.6288405297054426,0.4695141505917296
7,ETTm2,6,CNN,MTT,300,0.3,0.1913299931999891,0.278539855350265,0.0461509421512811,0.089206350705732,0.1098286663379625,0.67954032341405,0.8095576167106628,3.0,0.0162576945425346,0.4695141505917296
7,ETTm2,0,CNN,MTT,300,0.5,0.1913299931999891,0.2421943515631709,0.0969056635164631,0.1725910555008523,0.2934947369795426,0.275282373065934,0.8437382578849792,0.0,0.0848770962555398,0.4809977692478225
7,ETTm2,1,CNN,MTT,300,0.5,0.1913299931999891,0.2421943515631709,0.1842013620979009,0.2526390021716605,0.2470451590284711,0.5890401155289622,0.8400558233261108,1.0,0.3715996846499549,0.4809977692478225
7,ETTm2,2,CNN,MTT,300,0.5,0.1913299931999891,0.2421943515631709,0.1838261888260551,0.2292087791641658,0.1097793776588664,0.2176343944348547,0.9539121985435486,0.0,0.0154834036670506,0.4809977692478225
7,ETTm2,3,CNN,MTT,300,0.5,0.1913299931999891,0.2421943515631709,0.1910254099162069,0.265049430235303,0.249760289086635,0.3809336010486399,0.7625249624252319,1.0,0.2889563215701536,0.4809977692478225
7,ETTm2,4,CNN,MTT,300,0.5,0.1913299931999891,0.2421943515631709,0.1256978714787741,0.0790234734243628,0.3008659645361254,0.1620873864957234,0.9461434483528136,3.0,0.1671490216229638,0.4809977692478225
7,ETTm2,5,CNN,MTT,300,0.5,0.1913299931999891,0.2421943515631709,0.183115083208583,0.0666030513931868,0.1393221110396012,0.1301135783594933,0.9974498152732848,0.0,0.449171970329314,0.4809977692478225
7,ETTm2,6,CNN,MTT,300,0.5,0.1913299931999891,0.2421943515631709,0.0469330452397742,0.107195880358636,0.0784490358328437,0.6557632332926189,0.8335996866226196,0.0,0.0116126826913708,0.4809977692478225
7,ETTm2,0,CNN,MTT,300,0.7,0.1913299931999891,0.234329122531609,0.0853845285659437,0.170873667259289,0.1760968104819112,0.2567635007669878,0.8287730813026428,0.0,0.0509262909585336,0.4883835954489607
7,ETTm2,1,CNN,MTT,300,0.7,0.1913299931999891,0.234329122531609,0.1700982535661847,0.249516942942509,0.1482270710774308,0.6877194096775008,0.8233663439750671,0.0,0.2229598284167346,0.4883835954489607
7,ETTm2,2,CNN,MTT,300,0.7,0.1913299931999891,0.234329122531609,0.1857466948717377,0.2291851424228906,0.0658676537971852,0.1839447772407975,0.954351007938385,0.0,0.0092900737086084,0.4883835954489607
7,ETTm2,3,CNN,MTT,300,0.7,0.1913299931999891,0.234329122531609,0.1914635655360236,0.2606908660746787,0.1498561439761118,0.3839373596133668,0.7546730637550354,0.0,0.1733737287560815,0.4883835954489607
7,ETTm2,4,CNN,MTT,300,0.7,0.1913299931999891,0.234329122531609,0.0944087274075389,0.0659882389529413,0.180519628841825,0.260302404702415,0.9472247958183287,3.0,0.10028941026475,0.4883835954489607
7,ETTm2,5,CNN,MTT,300,0.7,0.1913299931999891,0.234329122531609,0.2178479687443623,0.0732904080502799,0.0835933514129661,0.1920568440628469,0.9962059259414672,0.0,0.2695032332060725,0.4883835954489607
7,ETTm2,6,CNN,MTT,300,0.7,0.1913299931999891,0.234329122531609,0.0875011547609402,0.128434099118537,0.0470694498970824,0.6307416752226789,0.8540007472038269,0.0,0.0069676708402071,0.4883835954489607
7,ETTm2,0,CNN,MTT,300,1.0,0.1913299931999891,0.2486986995352001,0.0733000558322971,0.1651997493389808,1.593601351526446e-07,0.3144393837590917,0.8005371689796448,0.0,6.205828026896795e-08,0.491556989191975
7,ETTm2,1,CNN,MTT,300,1.0,0.1913299931999891,0.2486986995352001,0.1539509585517344,0.2379412374781297,1.743499557653954e-07,0.8455110800548429,0.7910057306289673,0.0,1.960217465323564e-07,0.491556989191975
7,ETTm2,2,CNN,MTT,300,1.0,0.1913299931999891,0.2486986995352001,0.1885289494307792,0.2280489191716211,5.78481302075242e-08,0.1450781235339475,0.9539498686790466,0.0,4.068957764597961e-07,0.491556989191975
7,ETTm2,3,CNN,MTT,300,1.0,0.1913299931999891,0.2486986995352001,0.1898969739592292,0.2488521917007304,1.0037671586972224e-07,0.4297261918865188,0.7351493835449219,0.0,3.0488355048221493e-07,0.491556989191975
7,ETTm2,4,CNN,MTT,300,1.0,0.1913299931999891,0.2486986995352001,0.0610928420735534,0.0544221439488337,7.70329856537504e-08,0.4352067534799477,0.9469658732414246,0.0,8.64041978089841e-08,0.491556989191975
7,ETTm2,5,CNN,MTT,300,1.0,0.1913299931999891,0.2486986995352001,0.2488527447272303,0.0819696566378593,1.7659367595741525e-07,0.2829103570828988,0.9937384724617004,0.0,2.1639476667696445e-07,0.491556989191975
7,ETTm2,6,CNN,MTT,300,1.0,0.1913299931999891,0.2486986995352001,0.1709904753046949,0.1639408887106737,8.989238904279544e-08,0.6357381422820715,0.8777753710746765,0.0,2.0952129573813725e-07,0.491556989191975
42,ETTm2,0,CNN,MTT,300,0.0,0.1925242609360124,2.948991407001094,0.2252962330911442,0.1632713700447008,0.7967916707782859,1.7055670352460277,0.849918007850647,0.0,0.085440677319093,0.4546226706180004
42,ETTm2,1,CNN,MTT,300,0.0,0.1925242609360124,2.948991407001094,0.3032681239245974,0.2348000336279626,0.8656831359466834,1.5631674595648872,0.7679069638252258,3.0,0.7513415215474681,0.4546226706180004
42,ETTm2,2,CNN,MTT,300,0.0,0.1925242609360124,2.948991407001094,0.2785466524892049,0.215644514520462,0.1946875049996747,1.0880869331530272,0.933679699897766,0.0,0.3567094468693986,0.4546226706180004
42,ETTm2,3,CNN,MTT,300,0.0,0.1925242609360124,2.948991407001094,0.3198988163780681,0.2457221359987642,1.1560711729639848,1.939113726596121,0.6335225105285645,3.0,0.686264360924832,0.4546226706180004
42,ETTm2,4,CNN,MTT,300,0.0,0.1925242609360124,2.948991407001094,0.1000483936303211,0.063224525960076,0.5696667158961336,0.2399714471790984,0.9709099531173706,3.0,0.3398042690304315,0.4546226706180004
42,ETTm2,5,CNN,MTT,300,0.0,0.1925242609360124,2.948991407001094,0.0687909967550229,0.075830325159982,0.2747424193380114,0.0127026979057024,0.9987061023712158,4.0,0.8496546484825028,0.4546226706180004
42,ETTm2,6,CNN,MTT,300,0.0,0.1925242609360124,2.948991407001094,0.276229110016474,0.1302281392138153,1.013136603466101,1.5970637683159403,0.8953349590301514,0.0,0.0219709212368889,0.4546226706180004
42,ETTm2,0,CNN,MTT,300,0.1,0.1925242609360124,2.839769370089077,0.2116466528209434,0.1592594553079722,0.7171125523597203,1.6239112428196305,0.8468761444091797,0.0,0.0768966738215335,0.4585964364227936
42,ETTm2,1,CNN,MTT,300,0.1,0.1925242609360124,2.839769370089077,0.2952313200204101,0.2370676563646935,0.7791148284788322,1.4818016726670185,0.7785587310791016,3.0,0.6762074193858644,0.4585964364227936
42,ETTm2,2,CNN,MTT,300,0.1,0.1925242609360124,2.839769370089077,0.2725837079819531,0.2142569327507063,0.1752187623833152,1.109267749338252,0.9361901879310608,0.0,0.3210385212868487,0.4585964364227936
42,ETTm2,3,CNN,MTT,300,0.1,0.1925242609360124,2.839769370089077,0.313091410513409,0.246944860190512,1.0404640898458306,1.826957866470508,0.6548558473587036,3.0,0.617637949223033,0.4585964364227936
42,ETTm2,4,CNN,MTT,300,0.1,0.1925242609360124,2.839769370089077,0.0919896727426599,0.0572403405066278,0.5127000476122946,0.2008315712933656,0.9693906903266908,3.0,0.3058239439445766,0.4585964364227936
42,ETTm2,5,CNN,MTT,300,0.1,0.1925242609360124,2.839769370089077,0.0624790352901018,0.0729752416381898,0.2472681968096698,0.0153737018432623,0.998536229133606,0.0,0.7646891999413158,0.4585964364227936
42,ETTm2,6,CNN,MTT,300,0.1,0.1925242609360124,2.839769370089077,0.2663519516191682,0.1282558088201908,0.911822958465284,1.4919636202451905,0.8944541215896606,0.0,0.0197738081610704,0.4585964364227936
42,ETTm2,0,CNN,MTT,300,0.2,0.1925242609360124,3.834457261233674,0.1976903336326164,0.1549874458639802,0.6374334293161342,1.5440360589343782,0.8434129357337952,0.0,0.0683525542669304,0.462458180067811
42,ETTm2,1,CNN,MTT,300,0.2,0.1925242609360124,3.834457261233674,0.2849626044753365,0.2391063267705575,0.6925466015389543,1.3980945464165897,0.7873566746711731,3.0,0.6010732260513553,0.462458180067811
42,ETTm2,2,CNN,MTT,300,0.2,0.1925242609360124,3.834457261233674,0.266264699529609,0.2127694401661781,0.1557499802161155,1.1333401156124376,0.9385932087898254,0.0,0.2853675957042989,0.462458180067811
42,ETTm2,3,CNN,MTT,300,0.2,0.1925242609360124,3.834457261233674,0.3047794677740764,0.2479910851904766,0.9248570121120082,1.7203203428064084,0.6737066507339478,3.0,0.5490114797538241,0.462458180067811
42,ETTm2,4,CNN,MTT,300,0.2,0.1925242609360124,3.834457261233674,0.0845093597177572,0.0524428666014044,0.4557333780600007,0.1723344419909778,0.9676769375801086,3.0,0.2718434325051848,0.462458180067811
42,ETTm2,5,CNN,MTT,300,0.2,0.1925242609360124,3.834457261233674,0.0700440218260524,0.0718844768905964,0.2197939544049979,0.0422525262741423,0.9982936978340148,0.0,0.6797237691748401,0.462458180067811
42,ETTm2,6,CNN,MTT,300,0.2,0.1925242609360124,3.834457261233674,0.2560821738268768,0.125989725135055,0.8105093130363971,1.3913027242267104,0.8933787941932678,0.0,0.0175766950852519,0.462458180067811
42,ETTm2,0,CNN,MTT,300,0.3,0.1925242609360124,3.4780056423876102,0.1835571865671424,0.1505058418983484,0.5577541518091352,1.465546300747125,0.8395282626152039,0.0,0.059808550769371,0.4660846946981355
42,ETTm2,1,CNN,MTT,300,0.3,0.1925242609360124,3.4780056423876102,0.2725071269193633,0.240831556111128,0.6059782204964462,1.3091768749120252,0.79430091381073,3.0,0.5259391238897516,0.4660846946981355
42,ETTm2,2,CNN,MTT,300,0.3,0.1925242609360124,3.4780056423876102,0.2595807465786344,0.2111779653098876,0.1362812756269826,1.1544050318834644,0.94088876247406,0.0,0.2496967780476872,0.4660846946981355
42,ETTm2,3,CNN,MTT,300,0.3,0.1925242609360124,3.4780056423876102,0.294781491700436,0.2488034683378942,0.8092498523153887,1.6104559005761667,0.690075159072876,3.0,0.4803850391683202,0.4660846946981355
42,ETTm2,4,CNN,MTT,300,0.3,0.1925242609360124,3.4780056423876102,0.07731922189328,0.0485984826189992,0.3987667092626579,0.1567331775507011,0.9657686948776244,3.0,0.2378630453014842,0.4660846946981355
42,ETTm2,5,CNN,MTT,300,0.3,0.1925242609360124,3.4780056423876102,0.0869713447948687,0.0737425589031812,0.1923197318223538,0.0708451829099124,0.9979785680770874,0.0,0.5947583384083645,0.4660846946981355
42,ETTm2,6,CNN,MTT,300,0.3,0.1925242609360124,3.4780056423876102,0.2453457727641505,0.1235030003599423,0.7091956675753125,1.2863006619408692,0.8921090364456177,0.0,0.0153796949251019,0.4660846946981355
42,ETTm2,0,CNN,MTT,300,0.5,0.1925242609360124,2.5596461985267003,0.1553661478597993,0.1411082929415818,0.3983959118413984,1.309772375515453,0.8304948210716248,0.0,0.0427204277172084,0.4723513628112713
42,ETTm2,1,CNN,MTT,300,0.5,0.1925242609360124,2.5596461985267003,0.2415384328569942,0.2430325568586021,0.4328416089206009,1.1351714371674313,0.8026281595230103,3.0,0.3756708587846073,0.4723513628112713
42,ETTm2,2,CNN,MTT,300,0.5,0.1925242609360124,2.5596461985267003,0.2450958915814695,0.2076694584447405,0.0973437855206886,1.1940886823367682,0.9451577067375184,0.0,0.1783547110307113,0.4723513628112713
42,ETTm2,3,CNN,MTT,300,0.5,0.1925242609360124,2.5596461985267003,0.2700382649775668,0.2494925583175596,0.5780356145641078,1.3779459410896913,0.7153652906417847,3.0,0.3431321002299027,0.4723513628112713
42,ETTm2,4,CNN,MTT,300,0.5,0.1925242609360124,2.5596461985267003,0.0650181873995861,0.0424625607814058,0.2848333918741,0.1841008490960335,0.9613688588142396,3.0,0.1699022708940831,0.4723513628112713
42,ETTm2,5,CNN,MTT,300,0.5,0.1925242609360124,2.5596461985267003,0.1226090399825716,0.0805043240874992,0.1373712865310301,0.1347424138102047,0.9971303343772888,0.0,0.4248274057765678,0.4723513628112713
42,ETTm2,6,CNN,MTT,300,0.5,0.1925242609360124,2.5596461985267003,0.2229761663548473,0.1181265984631027,0.5065683761377249,1.0843307749010236,0.8889860510826111,0.0,0.0109854687734649,0.4723513628112713
42,ETTm2,0,CNN,MTT,300,0.7,0.1925242609360124,1.6373576237562362,0.1278062613530446,0.1314273364772386,0.2390375910360396,1.1530483527481372,0.8197759389877319,0.0,0.0256323046650459,0.4769304271295209
42,ETTm2,1,CNN,MTT,300,0.7,0.1925242609360124,1.6373576237562362,0.2048278428204629,0.243222706534376,0.2597050001784373,0.9702861938848456,0.8035404086112976,0.0,0.225402593679463,0.4769304271295209
42,ETTm2,2,CNN,MTT,300,0.7,0.1925242609360124,1.6373576237562362,0.2291233255743311,0.2037122511193623,0.0584063036625113,1.232593442756128,0.9489968419075012,0.0,0.1070130757174878,0.4769304271295209
42,ETTm2,3,CNN,MTT,300,0.7,0.1925242609360124,1.6373576237562362,0.2396726439286932,0.2486063805568599,0.3468214562878486,1.1494752670697592,0.7307259440422058,3.0,0.2058792768263044,0.4769304271295209
42,ETTm2,4,CNN,MTT,300,0.7,0.1925242609360124,1.6373576237562362,0.0555517426423363,0.0390057582382272,0.1709000933956227,0.2835445462716892,0.956191062927246,3.0,0.1019413722509907,0.4769304271295209
42,ETTm2,5,CNN,MTT,300,0.7,0.1925242609360124,1.6373576237562362,0.1484336744100932,0.0894197857011186,0.082422841323982,0.1929196051096182,0.9959915280342102,0.0,0.2548965442436164,0.4769304271295209
42,ETTm2,6,CNN,MTT,300,0.7,0.1925242609360124,1.6373576237562362,0.1999232978848371,0.1123658138270475,0.3039410850986943,0.9060702413789352,0.8850851655006409,0.0,0.006591242621828,0.4769304271295209
42,ETTm2,0,CNN,MTT,300,1.0,0.1925242609360124,1.3192667495601933,0.0888751820079391,0.1170151784967328,1.618225162363488e-07,0.9358134159183724,0.8005371689796448,0.0,6.205828026896795e-08,0.4797985399007007
42,ETTm2,1,CNN,MTT,300,1.0,0.1925242609360124,1.3192667495601933,0.1506728339187915,0.2397527426697768,1.795444140632711e-07,0.7531880582869148,0.7910057306289673,0.0,1.960217465323564e-07,0.4797985399007007
42,ETTm2,2,CNN,MTT,300,1.0,0.1925242609360124,1.3192667495601933,0.2027852137884655,0.1969388912022945,4.948981312664543e-08,1.2924005096294675,0.9539498686790466,0.0,2.989698383497979e-07,0.4797985399007007
42,ETTm2,3,CNN,MTT,300,1.0,0.1925242609360124,1.3192667495601933,0.190678225088671,0.2440388292990104,9.589098498501229e-08,0.847491217002284,0.7351493835449219,0.0,1.8934873131586818e-07,0.4797985399007007
42,ETTm2,4,CNN,MTT,300,1.0,0.1925242609360124,1.3192667495601933,0.0449244476594082,0.0362717308831383,7.598853399028036e-08,0.4471315792527516,0.9469658732414246,0.0,1.4852204342230504e-07,0.4797985399007007
42,ETTm2,5,CNN,MTT,300,1.0,0.1925242609360124,1.3192667495601933,0.1737287415683023,0.0985822924173755,1.3713290868508805e-07,0.279223937623441,0.9937384724617004,0.0,2.8749361191044185e-07,0.4797985399007007
42,ETTm2,6,CNN,MTT,300,1.0,0.1925242609360124,1.3192667495601933,0.1654925306937893,0.1037887353198967,8.267612701865986e-08,0.603360213744641,0.8777753710746765,0.0,9.660562733344681e-08,0.4797985399007007
123,ETTm2,0,CNN,MTT,300,0.0,0.1897492067886166,0.1977484006331192,0.3138855624731901,0.1820523111580396,0.2811750532761787,0.8025407304514033,0.8865256309509277,0.0,0.0095729112479282,0.403901879404912
123,ETTm2,1,CNN,MTT,300,0.0,0.1897492067886166,0.1977484006331192,0.3312731897154973,0.1780858014266024,0.2800732393866005,0.5060426574002784,0.8414790034294128,3.0,0.5452045970057039,0.403901879404912
123,ETTm2,2,CNN,MTT,300,0.0,0.1897492067886166,0.1977484006331192,0.3898770752648584,0.2668813156785725,0.3045639550531543,0.3640269834665733,0.9597803950309752,0.0,0.1878208950623392,0.403901879404912
123,ETTm2,3,CNN,MTT,300,0.0,0.1897492067886166,0.1977484006331192,0.3385553742350615,0.2217822371250564,0.4154859761682761,0.2321905278060603,0.7344890832901001,3.0,0.6446443287379856,0.403901879404912
123,ETTm2,4,CNN,MTT,300,0.0,0.1897492067886166,0.1977484006331192,0.1580276619542433,0.0907130097374551,0.0768209985429281,0.4561499417228902,0.9385545253753662,3.0,0.1773780914958006,0.403901879404912
123,ETTm2,5,CNN,MTT,300,0.0,0.1897492067886166,0.1977484006331192,0.1227888036097353,0.0897419769824948,0.1058063157130314,0.1868431042759753,0.9905173778533936,3.0,0.2256367387727667,0.403901879404912
123,ETTm2,6,CNN,MTT,300,0.0,0.1897492067886166,0.1977484006331192,0.3364210219785493,0.2364021622064705,0.0753532098051675,1.120876818849232,0.8886604309082031,0.0,0.1057275861797572,0.403901879404912
123,ETTm2,0,CNN,MTT,300,0.1,0.1897492067886166,0.3009271532845544,0.2981676170901799,0.1728608819368708,0.2530575449543394,0.8281300303385579,0.8835377097129822,0.0,0.0086156727517808,0.401463598982676
123,ETTm2,1,CNN,MTT,300,0.1,0.1897492067886166,0.3009271532845544,0.3158288387494302,0.1658175082262833,0.252065904377613,0.5354114330850266,0.8403930068016052,3.0,0.4906841113208554,0.401463598982676
123,ETTm2,2,CNN,MTT,300,0.1,0.1897492067886166,0.3009271532845544,0.3806877247558303,0.259718692669355,0.2741075655467896,0.3340559903932147,0.9605653285980223,0.0,0.1690387599049324,0.401463598982676
123,ETTm2,3,CNN,MTT,300,0.1,0.1897492067886166,0.3009271532845544,0.3278877718664798,0.2138279327224941,0.3739373490851012,0.2254186420725849,0.740277886390686,3.0,0.5801798855944253,0.401463598982676
123,ETTm2,4,CNN,MTT,300,0.1,0.1897492067886166,0.3009271532845544,0.1467227009111381,0.0839069150691605,0.069138880403763,0.4524138595875836,0.9401847124099731,3.0,0.1596402785630712,0.401463598982676
123,ETTm2,5,CNN,MTT,300,0.1,0.1897492067886166,0.3009271532845544,0.1347514647494723,0.0926022009392198,0.0952256886809391,0.1964313804119478,0.9909939765930176,3.0,0.203073022546006,0.401463598982676
123,ETTm2,6,CNN,MTT,300,0.1,0.1897492067886166,0.3009271532845544,0.3238800760066141,0.2331881792494073,0.0678179016510898,1.122684001495506,0.8885492086410522,0.0,0.0951549534000208,0.401463598982676
123,ETTm2,0,CNN,MTT,300,0.2,0.1897492067886166,0.2031343882031971,0.2791279816535691,0.1622853075965258,0.224940004425679,0.8479953174700793,0.8793029189109802,0.0,0.0076582021415462,0.3989171947707826
123,ETTm2,1,CNN,MTT,300,0.2,0.1897492067886166,0.2031343882031971,0.2993528738544295,0.153142299221155,0.2240585756083894,0.5678816908112593,0.8384266495704651,3.0,0.4361637168089123,0.3989171947707826
123,ETTm2,2,CNN,MTT,300,0.2,0.1897492067886166,0.2031343882031971,0.3683976635973485,0.2504401050335124,0.2436511388056249,0.3082401396239411,0.9610462188720704,0.0,0.1502567326734638,0.3989171947707826
123,ETTm2,3,CNN,MTT,300,0.2,0.1897492067886166,0.2031343882031971,0.3158255273555263,0.2047893239955331,0.3323887661844729,0.2287345785066566,0.7447949647903442,3.0,0.5157154135671603,0.3989171947707826
123,ETTm2,4,CNN,MTT,300,0.2,0.1897492067886166,0.2031343882031971,0.1349332962151911,0.0767866325373819,0.061456810697497,0.4473863101410915,0.9416395425796508,3.0,0.141902589866033,0.3989171947707826
123,ETTm2,5,CNN,MTT,300,0.2,0.1897492067886166,0.2031343882031971,0.1480384316151314,0.0960337870845493,0.0846450639067786,0.2069745667148673,0.991436243057251,3.0,0.1805094485169358,0.3989171947707826
123,ETTm2,6,CNN,MTT,300,0.2,0.1897492067886166,0.2031343882031971,0.3104473959529447,0.2295091701911578,0.0602825774739428,1.1285102487532963,0.8882207274436951,0.0,0.084582207704616,0.3989171947707826
123,ETTm2,0,CNN,MTT,300,0.3,0.1897492067886166,0.2333419546425634,0.2578334596954526,0.1508731048673015,0.1968224986024264,0.8684378714049017,0.8738212585449219,0.0,0.0067009636453989,0.3964244340170289
123,ETTm2,1,CNN,MTT,300,0.3,0.1897492067886166,0.2333419546425634,0.2820930773816328,0.1400725286665549,0.1960512354157843,0.5994559368337935,0.8355799913406372,3.0,0.381643170342127,0.3964244340170289
123,ETTm2,2,CNN,MTT,300,0.3,0.1897492067886166,0.2333419546425634,0.3530526490437236,0.2392778445949009,0.2131947883923909,0.2804100777801415,0.9612231254577636,0.0,0.1314747054419951,0.3964244340170289
123,ETTm2,3,CNN,MTT,300,0.3,0.1897492067886166,0.2333419546425634,0.3024763652782322,0.1947449625578511,0.2908401530360662,0.2239601278565862,0.7480403184890747,3.0,0.4512509704236001,0.3964244340170289
123,ETTm2,4,CNN,MTT,300,0.3,0.1897492067886166,0.2333419546425634,0.1228369833891194,0.0695336016022126,0.0537746818976176,0.4447785008310222,0.9429190754890442,3.0,0.1241645905797668,0.3964244340170289
123,ETTm2,5,CNN,MTT,300,0.3,0.1897492067886166,0.2333419546425634,0.1623581807260366,0.1008384439707455,0.0740644752395452,0.2198983885541504,0.9918441772460938,3.0,0.157945732290175,0.3964244340170289
123,ETTm2,6,CNN,MTT,300,0.3,0.1897492067886166,0.2333419546425634,0.2962349154925474,0.2253852548045137,0.0527472654071122,1.131382747037401,0.8876751661300659,0.0,0.0740094620092113,0.3964244340170289
123,ETTm2,0,CNN,MTT,300,0.5,0.1897492067886166,0.2298342646784343,0.2123643365366739,0.1268948221563894,0.1405874831446492,0.9276523109745768,0.859117329120636,0.0,0.0047863705960605,0.3922247105243046
123,ETTm2,1,CNN,MTT,300,0.5,0.1897492067886166,0.2298342646784343,0.2466937105559828,0.1153129045847896,0.1400365757316934,0.6536894719178573,0.8272459506988525,3.0,0.2726024421001778,0.3922247105243046
123,ETTm2,2,CNN,MTT,300,0.5,0.1897492067886166,0.2298342646784343,0.3146571249454634,0.2125213065093934,0.1522820117615314,0.2209183828637603,0.9606649875640868,0.0,0.0939105430531197,0.3922247105243046
123,ETTm2,3,CNN,MTT,300,0.5,0.1897492067886166,0.2298342646784343,0.2725727251554384,0.1721275168138847,0.2077429289459876,0.2225665767394841,0.7507159113883972,3.0,0.3223221419038891,0.3922247105243046
123,ETTm2,4,CNN,MTT,300,0.5,0.1897492067886166,0.2298342646784343,0.0986153899226258,0.0559238165311659,0.0384104886892905,0.4390950775152141,0.9449520111083984,3.0,0.0886890889499992,0.3922247105243046
123,ETTm2,5,CNN,MTT,300,0.5,0.1897492067886166,0.2298342646784343,0.1934899896861698,0.114334274428459,0.052903222762265,0.2401928947907673,0.9925571084022522,0.0,0.1128184420343441,0.3922247105243046
123,ETTm2,6,CNN,MTT,300,0.5,0.1897492067886166,0.2298342646784343,0.2658999339550396,0.2160958316713171,0.037676623514705,1.1314905922872702,0.885932445526123,0.0,0.0528639706184017,0.3922247105243046
123,ETTm2,0,CNN,MTT,300,0.7,0.1897492067886166,0.2144936935646007,0.1680940805344894,0.105184829960572,0.0843524320539183,0.970931576264477,0.8394259214401245,0.0,0.0028718936037659,0.3899036964274135
123,ETTm2,1,CNN,MTT,300,0.7,0.1897492067886166,0.2144936935646007,0.2117326991575103,0.0949841842319028,0.0840219093476152,0.702411506325292,0.8153907060623169,3.0,0.163561470730481,0.3899036964274135
123,ETTm2,2,CNN,MTT,300,0.7,0.1897492067886166,0.2144936935646007,0.2699025184958684,0.1822954655003943,0.091369233581032,0.1630739174784742,0.9588909149169922,0.0,0.0563464885901824,0.3899036964274135
123,ETTm2,3,CNN,MTT,300,0.7,0.1897492067886166,0.2144936935646007,0.2398466949881757,0.1472342160590618,0.1246457574012954,0.2416083073709085,0.7483044862747192,3.0,0.1933932556167686,0.3899036964274135
123,ETTm2,4,CNN,MTT,300,0.7,0.1897492067886166,0.2144936935646007,0.0786643990612999,0.0489570080438105,0.0230462934494773,0.4325149941149597,0.9462835788726808,3.0,0.0532134009666948,0.3899036964274135
123,ETTm2,5,CNN,MTT,300,0.7,0.1897492067886166,0.2144936935646007,0.2270716740961062,0.134264685623354,0.0317420092193444,0.2613959249182067,0.9931326508522034,0.0,0.0676910806796679,0.3899036964274135
123,ETTm2,6,CNN,MTT,300,0.7,0.1897492067886166,0.2144936935646007,0.2337673231138478,0.2054989776037361,0.0226059794655983,1.116711339684322,0.8833211064338684,0.0,0.0317182533962553,0.3899036964274135
123,ETTm2,0,CNN,MTT,300,1.0,0.1897492067886166,0.2159299555308771,0.1143171284946542,0.0814475044131812,1.2205426030392718e-07,1.0377505614649711,0.8005371689796448,0.0,5.3998763395839255e-08,0.3909369731949277
123,ETTm2,1,CNN,MTT,300,1.0,0.1897492067886166,0.2159299555308771,0.164087358769663,0.0727475509538894,1.7199871395933066e-07,0.7788209207086898,0.7910057306289673,0.0,7.44578726997986e-08,0.3909369731949277
123,ETTm2,2,CNN,MTT,300,1.0,0.1897492067886166,0.2159299555308771,0.2012508786068932,0.1369294145405868,4.481625940284388e-08,0.079394665153061,0.9539498686790466,0.0,1.910439002397997e-07,0.3909369731949277
123,ETTm2,3,CNN,MTT,300,1.0,0.1897492067886166,0.2159299555308771,0.1902219455523413,0.1090220566316664,9.213080636458044e-08,0.3066367917639696,0.7351495027542114,0.0,7.381391214952139e-08,0.3909369731949277
123,ETTm2,4,CNN,MTT,300,1.0,0.1897492067886166,0.2159299555308771,0.0655685369988747,0.057606847563765,7.679615698796298e-08,0.4229308334260904,0.9469658732414246,0.0,8.64041978089841e-08,0.3909369731949277
123,ETTm2,5,CNN,MTT,300,1.0,0.1897492067886166,0.2159299555308771,0.2789657322926424,0.1680267396373996,1.762210979919013e-07,0.2919702526066204,0.9937384724617004,0.0,1.4529592144348685e-07,0.3909369731949277
123,ETTm2,6,CNN,MTT,300,1.0,0.1897492067886166,0.2159299555308771,0.1842120596594931,0.1881042871320005,8.383401021054947e-08,1.0979376945192354,0.8777753710746765,0.0,1.6310041071243513e-08,0.3909369731949277
7,weather,0,CNN,MTT,300,0.0,0.188128082352608,0.2354453288121228,0.0137749661049737,0.0308067817438628,1.0292851988449323,0.4545576982154294,0.8218997120857239,0.0,0.0953690075788493,0.4945878461575789
7,weather,1,CNN,MTT,300,0.0,0.188128082352608,0.2354453288121228,0.2632417353127065,0.2111327185267182,0.5968589841793565,0.0743600955764697,0.7910957336425781,0.0,0.1203756265821845,0.4945878461575789
7,weather,2,CNN,MTT,300,0.0,0.188128082352608,0.2354453288121228,0.2659092526844639,0.2046207244828845,0.7193328886300802,0.0962010215282863,0.7894584536552429,0.0,0.1094487431072385,0.4945878461575789
7,weather,3,CNN,MTT,300,0.0,0.188128082352608,0.2354453288121228,0.3195089583071137,0.1833044484508025,1.5913019303804548,1.315286606925926,0.9791254997253418,2.0,0.8155055155410179,0.4945878461575789
7,weather,4,CNN,MTT,300,0.0,0.188128082352608,0.2354453288121228,0.1191293869276464,0.1236119139898161,0.7902873352587387,2.027183744414166,0.4890640377998352,0.0,0.0679369099239165,0.4945878461575789
7,weather,5,CNN,MTT,300,0.0,0.188128082352608,0.2354453288121228,0.2669905608061926,0.1924004812256115,0.3939578501408168,0.0305471397087471,0.9569804668426514,0.0,0.5075570272923214,0.4945878461575789
7,weather,6,CNN,MTT,300,0.0,0.188128082352608,0.2354453288121228,0.3152585013560648,0.1783352039508274,0.8175129343694046,0.6133850705115063,0.997627854347229,2.0,0.9351238112642366,0.4945878461575789
7,weather,7,CNN,MTT,300,0.0,0.188128082352608,0.2354453288121228,0.1821182746914047,0.1272736260677013,0.3220787723060802,0.4664622210775361,0.9102497696876526,0.0,0.483484487545095,0.4945878461575789
7,weather,8,CNN,MTT,300,0.0,0.188128082352608,0.2354453288121228,0.305040330136929,0.1754773401109938,0.8183802012352199,0.6029408683785625,0.9977020025253296,2.0,0.9336971685920266,0.4945878461575789
7,weather,9,CNN,MTT,300,0.0,0.188128082352608,0.2354453288121228,0.3044521450413927,0.1753095913130224,0.8225035650575722,0.606974944402968,0.9976670145988464,2.0,0.9327884608730296,0.4945878461575789
7,weather,10,CNN,MTT,300,0.0,0.188128082352608,0.2354453288121228,0.2591407266750349,0.1866718414087184,1.0272239308777429,0.2050133123144099,0.7623689770698547,0.0,0.2179353962914019,0.4945878461575789
7,weather,11,CNN,MTT,300,0.0,0.188128082352608,0.2354453288121228,0.406831043453678,0.1958210420163683,0.0725499049493981,0.0184170989137351,0.9987149834632874,0.0,0.288390924834242,0.4945878461575789
7,weather,12,CNN,MTT,300,0.0,0.188128082352608,0.2354453288121228,0.4143645903604048,0.1998651233449378,0.4212715261926006,0.5614596060523176,0.2265491485595703,0.0,0.8303127900910462,0.4945878461575789
7,weather,13,CNN,MTT,300,0.0,0.188128082352608,0.2354453288121228,0.1013698211933186,0.0588030959539031,0.5266943187872606,0.8373437218416743,0.134876549243927,2.0,0.1595222711423335,0.4945878461575789
7,weather,14,CNN,MTT,300,0.0,0.188128082352608,0.2354453288121228,0.4799148644405481,0.3744998130489431,0.3378688482088081,0.0002463801426161,0.9999999403953552,0.0,0.9977746202891056,0.4945878461575789
7,weather,15,CNN,MTT,300,0.0,0.188128082352608,0.2354453288121228,0.4794566814470282,0.3750534079361948,0.4455507444399059,0.0002806468297239,0.9999999403953552,0.0,0.9987600025959212,0.4945878461575789
7,weather,16,CNN,MTT,300,0.0,0.188128082352608,0.2354453288121228,0.1923837000345422,0.1673649161618799,0.2897966502226283,0.7406024203257079,0.3184444904327392,0.0,0.5073169984942516,0.4945878461575789
7,weather,17,CNN,MTT,300,0.0,0.188128082352608,0.2354453288121228,0.1737750290099955,0.1423893083823338,0.2572743569330322,0.6971009125889484,0.1598467826843261,0.0,0.4001022591469669,0.4945878461575789
7,weather,18,CNN,MTT,300,0.0,0.188128082352608,0.2354453288121228,0.1710726023546475,0.1373210725210561,0.2626710111969358,0.5161799868345397,0.372661679983139,0.0,0.1989182218606148,0.4945878461575789
7,weather,19,CNN,MTT,300,0.0,0.188128082352608,0.2354453288121228,0.167672428315653,0.1785013374695794,0.4705162304404892,0.0424640430393741,0.7770000100135803,0.0,0.0812369839147351,0.4945878461575789
7,weather,20,CNN,MTT,300,0.0,0.188128082352608,0.2354453288121228,0.3288721898471744,0.2560053436236594,0.1002147504720736,0.0108426450643179,0.999028503894806,0.0,0.7396517616301648,0.4945878461575789
7,weather,0,CNN,MTT,300,0.1,0.188128082352608,0.2308300104774351,0.0116145037949571,0.0310871483389444,0.926356668888049,0.3630834552917214,0.8274622559547424,0.0,0.0858319183850197,0.4713820995645129
7,weather,1,CNN,MTT,300,0.1,0.188128082352608,0.2308300104774351,0.2562047596554984,0.2094998454319032,0.5371731861144342,0.0906883452451094,0.7945138812065125,0.0,0.1083380763513089,0.4713820995645129
7,weather,2,CNN,MTT,300,0.1,0.188128082352608,0.2308300104774351,0.2587986330279406,0.2025070856996658,0.6473995392382543,0.0905147499310919,0.7928546071052551,0.0,0.0985039065807431,0.4713820995645129
7,weather,3,CNN,MTT,300,0.1,0.188128082352608,0.2308300104774351,0.2819141448144841,0.1848132596390258,1.432171672033815,1.1599067934434633,0.9760821461677552,2.0,0.7339549175681824,0.4713820995645129
7,weather,4,CNN,MTT,300,0.1,0.188128082352608,0.2308300104774351,0.1155824312847182,0.1234664699086713,0.7112585847006853,1.955647318460914,0.4925817847251892,0.0,0.0611431605319074,0.4713820995645129
7,weather,5,CNN,MTT,300,0.1,0.188128082352608,0.2308300104774351,0.2529053532116705,0.1892543529076703,0.3545620542235528,0.0474919993121747,0.947034239768982,0.0,0.4568012706689584,0.4713820995645129
7,weather,6,CNN,MTT,300,0.1,0.188128082352608,0.2308300104774351,0.2252889530699361,0.1817009237060113,0.7357617387288156,0.5327628143576641,0.995158314704895,0.0,0.8416114166692826,0.4713820995645129
7,weather,7,CNN,MTT,300,0.1,0.188128082352608,0.2308300104774351,0.1733863752658662,0.1242917486872381,0.289870876201625,0.4462632179290725,0.8912263512611389,0.0,0.435136025423812,0.4713820995645129
7,weather,8,CNN,MTT,300,0.1,0.188128082352608,0.2308300104774351,0.2105405631032919,0.1788991372238445,0.7365422331052426,0.5228956320957565,0.995211899280548,0.0,0.8403274627285984,0.4713820995645129
7,weather,9,CNN,MTT,300,0.1,0.188128082352608,0.2308300104774351,0.210143744181999,0.1791168626667577,0.7402530934211594,0.5258341873174739,0.9951655268669128,0.0,0.8395096191833861,0.4713820995645129
7,weather,10,CNN,MTT,300,0.1,0.188128082352608,0.2308300104774351,0.2528014018622284,0.1842939443846223,0.9245014267300729,0.1353887632623829,0.7703781723976135,0.0,0.1961418676005136,0.4713820995645129
7,weather,11,CNN,MTT,300,0.1,0.188128082352608,0.2308300104774351,0.3476316581625385,0.1643872852643542,0.0652949143785491,0.0192145376467855,0.9984235763549804,0.0,0.2595517798786306,0.4713820995645129
7,weather,12,CNN,MTT,300,0.1,0.188128082352608,0.2308300104774351,0.4102570948450083,0.1981465197837765,0.3791443266239782,0.5879645194861152,0.1363196372985839,0.0,0.7472813334875782,0.4713820995645129
7,weather,13,CNN,MTT,300,0.1,0.188128082352608,0.2308300104774351,0.1030956248843143,0.0578194583525614,0.4740248585570543,0.7944829255236043,0.1837892532348632,2.0,0.143570045597218,0.4713820995645129
7,weather,14,CNN,MTT,300,0.1,0.188128082352608,0.2308300104774351,0.0434405296386998,0.0366697800302998,0.3040819627980701,0.0122194638813266,0.997715711593628,0.0,0.8979971677994921,0.4713820995645129
7,weather,15,CNN,MTT,300,0.1,0.188128082352608,0.2308300104774351,0.100135088489249,0.0628232682356201,0.4009956681965973,0.0247562784053223,0.996016263961792,0.0,0.8988839800380846,0.4713820995645129
7,weather,16,CNN,MTT,300,0.1,0.188128082352608,0.2308300104774351,0.1943259478426882,0.168560654065777,0.2608169740642028,0.7463392906872882,0.2395249605178833,0.0,0.4565852736645197,0.4713820995645129
7,weather,17,CNN,MTT,300,0.1,0.188128082352608,0.2308300104774351,0.1762272533119975,0.1437804515160231,0.2315468890432228,0.7094362127499512,0.1012648344039917,0.0,0.3600919974257524,0.4713820995645129
7,weather,18,CNN,MTT,300,0.1,0.188128082352608,0.2308300104774351,0.1723106647400933,0.1387292931583079,0.2364038987487255,0.5363276781875029,0.3845446109771728,0.0,0.1790263195043081,0.4713820995645129
7,weather,19,CNN,MTT,300,0.1,0.188128082352608,0.2308300104774351,0.1648659312164401,0.1790677854963039,0.4234645924923819,0.0616435658579478,0.779443621635437,0.0,0.073113293307969,0.4713820995645129
7,weather,20,CNN,MTT,300,0.1,0.188128082352608,0.2308300104774351,0.2939207247147037,0.2514344369517109,0.0901932756704702,0.0104330346135949,0.9980967044830322,0.0,0.6656866155505912,0.4713820995645129
7,weather,0,CNN,MTT,300,0.2,0.188128082352608,0.2275347507938285,0.0109510385935269,0.0315194803608571,0.8234281425739173,0.2794336274712311,0.8328611850738525,0.0,0.0762952939570887,0.4554975887887009
7,weather,1,CNN,MTT,300,0.2,0.188128082352608,0.2275347507938285,0.2485410853645104,0.2076657058599749,0.4774872342935153,0.1383015802330434,0.7976261377334595,0.0,0.0963005261204333,0.4554975887887009
7,weather,2,CNN,MTT,300,0.2,0.188128082352608,0.2275347507938285,0.2511154985848169,0.2002943910303143,0.5754664290125281,0.1349460207466424,0.7959607243537903,0.0,0.0875589739035271,0.4554975887887009
7,weather,3,CNN,MTT,300,0.2,0.188128082352608,0.2275347507938285,0.2444139346495043,0.1890675135175314,1.2730415723480393,1.0046134641286648,0.9720646739006042,0.0,0.6524043647366446,0.4554975887887009
7,weather,4,CNN,MTT,300,0.2,0.188128082352608,0.2275347507938285,0.112092950626401,0.1233438258694713,0.6322298335794984,1.8858015230907867,0.4951937198638916,0.0,0.0543495291996671,0.4554975887887009
7,weather,5,CNN,MTT,300,0.2,0.188128082352608,0.2275347507938285,0.2399799737297736,0.1860535049717187,0.3151662635138395,0.0793456710158146,0.935809850692749,0.0,0.406045650229054,0.4554975887887009
7,weather,6,CNN,MTT,300,0.2,0.188128082352608,0.2275347507938285,0.1721110713492976,0.1924113477557091,0.654010388256642,0.4522573833612525,0.9912582039833068,0.0,0.7480990451392119,0.4554975887887009
7,weather,7,CNN,MTT,300,0.2,0.188128082352608,0.2275347507938285,0.165758475577659,0.1222145730025168,0.2576630121335568,0.426465502050909,0.8698914647102356,0.0,0.3867875958919959,0.4554975887887009
7,weather,8,CNN,MTT,300,0.2,0.188128082352608,0.2275347507938285,0.1572910831952593,0.1900838645492021,0.6547042648587639,0.4411997757077829,0.9912778735160828,0.0,0.7469577339589637,0.4554975887887009
7,weather,9,CNN,MTT,300,0.2,0.188128082352608,0.2275347507938285,0.1569448044728711,0.1901701437826221,0.6580029311700838,0.4435738114268882,0.9912229180336,0.0,0.7462308462022025,0.4554975887887009
7,weather,10,CNN,MTT,300,0.2,0.188128082352608,0.2275347507938285,0.2459804322335271,0.1818668472055618,0.8217792370510685,0.1311230266196163,0.7780234217643738,0.0,0.1743483389096252,0.4554975887887009
7,weather,11,CNN,MTT,300,0.2,0.188128082352608,0.2275347507938285,0.3115760873535957,0.1426551196104906,0.0580399233043462,0.0200230698903983,0.9979233741760254,0.0,0.2307128212320335,0.4554975887887009
7,weather,12,CNN,MTT,300,0.2,0.188128082352608,0.2275347507938285,0.4055274847788063,0.1961086655041448,0.3370172032951652,0.6147747928796986,0.0505858659744262,0.0,0.6642501610646937,0.4554975887887009
7,weather,13,CNN,MTT,300,0.2,0.188128082352608,0.2275347507938285,0.1048841549297375,0.0570166366468267,0.4213554786297539,0.7516417042291119,0.2295660972595214,2.0,0.1276179276487526,0.4554975887887009
7,weather,14,CNN,MTT,300,0.2,0.188128082352608,0.2275347507938285,0.0429284126991572,0.036321061372864,0.2702950769736053,0.0242163191289223,0.9908775091171264,0.0,0.7982197237348991,0.4554975887887009
7,weather,15,CNN,MTT,300,0.2,0.188128082352608,0.2275347507938285,0.0995354458236043,0.062438408323074,0.3564405940641757,0.0492525764667476,0.984095811843872,0.0,0.7990079650734071,0.4554975887887009
7,weather,16,CNN,MTT,300,0.2,0.188128082352608,0.2275347507938285,0.1961237354483684,0.169737431415667,0.2318373199625536,0.7525270662766025,0.1639572381973266,0.0,0.4058536443294397,0.4554975887887009
7,weather,17,CNN,MTT,300,0.2,0.188128082352608,0.2275347507938285,0.1785061588759893,0.1450547386479616,0.2058195096889051,0.7221767101658705,0.0450620651245117,0.0,0.3200819251596236,0.4554975887887009
7,weather,18,CNN,MTT,300,0.2,0.188128082352608,0.2275347507938285,0.1728549089326456,0.1397362354373558,0.2101368074006423,0.557517065337258,0.3949148058891296,0.0,0.1591346364560988,0.4554975887887009
7,weather,19,CNN,MTT,300,0.2,0.188128082352608,0.2275347507938285,0.1613266016326681,0.1791546961927205,0.3764130340207361,0.1058059977268997,0.78144770860672,0.0,0.0649895170471156,0.4554975887887009
7,weather,20,CNN,MTT,300,0.2,0.188128082352608,0.2275347507938285,0.2749331786469669,0.2451940300078534,0.0801717988798347,0.00900391767982,0.9967861175537108,0.0,0.5917213972801545,0.4554975887887009
7,weather,0,CNN,MTT,300,0.3,0.188128082352608,0.2291179258518485,0.0119095148494367,0.0321219937793411,0.7204996121989287,0.2130418404940177,0.838096559047699,0.0,0.0667581118100794,0.4421276848667749
7,weather,1,CNN,MTT,300,0.3,0.188128082352608,0.2291179258518485,0.2402322455487237,0.2056193932670497,0.4178012769392711,0.1952968726072033,0.8004326224327087,0.0,0.0842627861440445,0.4421276848667749
7,weather,2,CNN,MTT,300,0.3,0.188128082352608,0.2291179258518485,0.2428666094019396,0.197941983353903,0.5035330026013183,0.1996331502739746,0.7987768054008484,0.0,0.0766141373770318,0.4421276848667749
7,weather,3,CNN,MTT,300,0.3,0.188128082352608,0.2291179258518485,0.2103960336340413,0.1956993342712951,1.1139113145271018,0.8441185658552511,0.9670730233192444,0.0,0.5708538119051069,0.4421276848667749
7,weather,4,CNN,MTT,300,0.3,0.188128082352608,0.2291179258518485,0.1087468589919652,0.1232891294631958,0.5532010858608168,1.816423550149963,0.4969000816345215,0.0,0.0475557798076581,0.4421276848667749
7,weather,5,CNN,MTT,300,0.3,0.188128082352608,0.2291179258518485,0.2283181823214927,0.1829284347985173,0.2757704616760153,0.1147825044047418,0.9233071804046632,0.0,0.3552898482112048,0.4421276848667749
7,weather,6,CNN,MTT,300,0.3,0.188128082352608,0.2291179258518485,0.1413079030076098,0.2013048446125237,0.5722590367168541,0.3717983002310885,0.9859275221824646,0.0,0.6545866428559634,0.4421276848667749
7,weather,7,CNN,MTT,300,0.3,0.188128082352608,0.2291179258518485,0.1590844567400694,0.1210968189744974,0.2254551388187343,0.4071830601740249,0.8462449908256531,0.0,0.3384391663601797,0.4421276848667749
7,weather,8,CNN,MTT,300,0.3,0.188128082352608,0.2291179258518485,0.1274957330563654,0.1991526649065263,0.5728661405062897,0.3601532548340193,0.9858999252319336,0.0,0.6535879746477206,0.4421276848667749
7,weather,9,CNN,MTT,300,0.3,0.188128082352608,0.2291179258518485,0.1271670994885478,0.1992681420579938,0.5757524574688219,0.3620782246082419,0.985839068889618,0.0,0.6529519816097391,0.4421276848667749
7,weather,10,CNN,MTT,300,0.3,0.188128082352608,0.2291179258518485,0.238697106967818,0.1793852740585446,0.7190567297242837,0.1963998999208716,0.785304844379425,0.0,0.1525547026569263,0.4421276848667749
7,weather,11,CNN,MTT,300,0.3,0.188128082352608,0.2291179258518485,0.2950975007806995,0.1441032384728611,0.0507849327912763,0.0208411733022876,0.9972144365310668,0.0,0.2018734899674076,0.4421276848667749
7,weather,12,CNN,MTT,300,0.3,0.188128082352608,0.2291179258518485,0.4000765044538715,0.1936954607886323,0.2948900182984372,0.6419136168719286,0.0306527614593505,0.0,0.5812188465515176,0.4421276848667749
7,weather,13,CNN,MTT,300,0.3,0.188128082352608,0.2291179258518485,0.1067266069212502,0.0565257210615009,0.3686860130733275,0.7252579094747289,0.2722070217132568,2.0,0.111665648305312,0.4421276848667749
7,weather,14,CNN,MTT,300,0.3,0.188128082352608,0.2291179258518485,0.0427584755042754,0.0362049835119548,0.2365081897411971,0.0362099679228722,0.9794853925704956,0.0,0.6984422448831255,0.4421276848667749
7,weather,15,CNN,MTT,300,0.3,0.188128082352608,0.2291179258518485,0.0993357929228529,0.0623100052059376,0.3118855179283212,0.0737491480476082,0.9642385840415956,0.0,0.6991319074804675,0.4421276848667749
7,weather,16,CNN,MTT,300,0.3,0.188128082352608,0.2291179258518485,0.1977298356841642,0.1708338828022831,0.2028576090837563,0.7578952730035644,0.0917409658432006,0.0,0.3551217285104039,0.4421276848667749
7,weather,17,CNN,MTT,300,0.3,0.188128082352608,0.2291179258518485,0.1805830582161347,0.146286557222267,0.1800920811278103,0.7347967271329231,0.0087614655494689,0.0,0.2800716634384091,0.4421276848667749
7,weather,18,CNN,MTT,300,0.3,0.188128082352608,0.2291179258518485,0.1725650319110419,0.1403422954607552,0.183869694824566,0.5775281794858013,0.4037727117538452,0.0,0.139242734099792,0.4421276848667749
7,weather,19,CNN,MTT,300,0.3,0.188128082352608,0.2291179258518485,0.1570868326517217,0.1787178697537759,0.3293613161469786,0.1548978936053428,0.7830122709274292,0.0,0.0568659120944368,0.4421276848667749
7,weather,20,CNN,MTT,300,0.3,0.188128082352608,0.2291179258518485,0.2638743511707791,0.2401491239053752,0.0701503212500765,0.008395922640399,0.995096743106842,0.0,0.5177561790097178,0.4421276848667749
7,weather,0,CNN,MTT,300,0.5,0.188128082352608,0.225345857757877,0.0170593314122332,0.0338991559076833,0.5146426348724507,0.2077093790502576,0.8480764627456665,0.0,0.0476843981883188,0.4226075052970154
7,weather,1,CNN,MTT,300,0.5,0.188128082352608,0.225345857757877,0.2216936550773067,0.2007775352722924,0.298429529611094,0.3162395177693254,0.8051280379295349,0.0,0.0601879703005631,0.4226075052970154
7,weather,2,CNN,MTT,300,0.5,0.188128082352608,0.225345857757877,0.2247625386008579,0.1927669883192383,0.3596664641632689,0.3426665526979526,0.8035386204719543,0.0,0.0547243681733204,0.4226075052970154
7,weather,3,CNN,MTT,300,0.5,0.188128082352608,0.225345857757877,0.1567009775847261,0.2116233676914325,0.7956509567052766,0.527999480563633,0.9541671872138976,0.0,0.4077526761478328,0.4226075052970154
7,weather,4,CNN,MTT,300,0.5,0.188128082352608,0.225345857757877,0.102718668585934,0.1229905075598491,0.3951435860705503,1.6788115691951897,0.4975955486297607,0.0,0.0339683990834088,0.4226075052970154
7,weather,5,CNN,MTT,300,0.5,0.188128082352608,0.225345857757877,0.208592031521541,0.1772259019880111,0.1969788759338679,0.1857467045585528,0.8944673538208008,0.0,0.2537784711479373,0.4226075052970154
7,weather,6,CNN,MTT,300,0.5,0.188128082352608,0.225345857757877,0.1093617631896797,0.2118048434980221,0.4087564908125671,0.2129100591006019,0.9709744453430176,0.0,0.4675618690426441,0.4226075052970154
7,weather,7,CNN,MTT,300,0.5,0.188128082352608,0.225345857757877,0.1484836724267515,0.1191054465919924,0.1610393827000521,0.3693441976318968,0.7920176386833191,0.0,0.2417422421176136,0.4226075052970154
7,weather,8,CNN,MTT,300,0.5,0.188128082352608,0.225345857757877,0.0982755628693062,0.2098728883871374,0.4091901287723565,0.2008842808746329,0.970812201499939,0.0,0.4668485781916683,0.4226075052970154
7,weather,9,CNN,MTT,300,0.5,0.188128082352608,0.225345857757877,0.098205331341829,0.2100571729308525,0.411251820185725,0.2019113132613433,0.9707478880882264,0.0,0.4663942829619056,0.4226075052970154
7,weather,10,CNN,MTT,300,0.5,0.188128082352608,0.225345857757877,0.2226222039985546,0.1742013376003175,0.513612114621902,0.3865463998352636,0.7987757921218872,0.0,0.1089676452751495,0.4226075052970154
7,weather,11,CNN,MTT,300,0.5,0.188128082352608,0.225345857757877,0.2762325362224249,0.1540732385982142,0.0362749525750921,0.0224995578145219,0.9951703548431396,0.0,0.1441953863651991,0.4226075052970154
7,weather,12,CNN,MTT,300,0.5,0.188128082352608,0.225345857757877,0.3865660301746435,0.1875628813115206,0.2106357285752751,0.6971249157675429,0.179643452167511,0.0,0.415156217525165,0.4226075052970154
7,weather,13,CNN,MTT,300,0.5,0.188128082352608,0.225345857757877,0.1103693742907913,0.0557699669800231,0.2633471588468559,0.6174583292007624,0.3480815291404724,2.0,0.0797612510134059,0.4226075052970154
7,weather,14,CNN,MTT,300,0.5,0.188128082352608,0.225345857757877,0.0426227866396045,0.0361121719904369,0.1689344266181755,0.0601871316706446,0.9430393576622008,0.0,0.4988873567539394,0.4226075052970154
7,weather,15,CNN,MTT,300,0.5,0.188128082352608,0.225345857757877,0.0991761328920945,0.0622072295547923,0.2227753699825287,0.1227424770418896,0.9007138013839722,0.0,0.4993798946024175,0.4226075052970154
7,weather,16,CNN,MTT,300,0.5,0.188128082352608,0.225345857757877,0.2002582476693974,0.1727048287071506,0.1448983318355264,0.7703620184179765,0.0426365733146667,0.0,0.253658565334896,0.4226075052970154
7,weather,17,CNN,MTT,300,0.5,0.188128082352608,0.225345857757877,0.1841550983061076,0.148446066127194,0.1286372353511987,0.7568528546408656,0.1092707514762878,0.0,0.2000513294510657,0.4226075052970154
7,weather,18,CNN,MTT,300,0.5,0.188128082352608,0.225345857757877,0.1698877373779874,0.1401619288193185,0.1313354866821866,0.6183694516405165,0.4169507622718811,0.0,0.0994590390412273,0.4226075052970154
7,weather,19,CNN,MTT,300,0.5,0.188128082352608,0.225345857757877,0.1468030576024083,0.1762719836614031,0.2352581958756893,0.2566643571418274,0.7848228812217712,0.0,0.0406184452268173,0.4226075052970154
7,weather,20,CNN,MTT,300,0.5,0.188128082352608,0.225345857757877,0.2516785737387959,0.2332274314383652,0.0501073739835035,0.0089503378155794,0.9905815720558168,0.0,0.3698259349778127,0.4226075052970154
7,weather,0,CNN,MTT,300,0.7,0.188128082352608,0.2179614554114074,0.0244437755884073,0.0365579129036203,0.3087855778182715,0.3559307072328112,0.857401967048645,0.0,0.0286105916133785,0.4087776461614627
7,weather,1,CNN,MTT,300,0.7,0.188128082352608,0.2179614554114074,0.2007431627636896,0.1948467585000493,0.1790577801215247,0.4409739454406161,0.8086001873016357,0.0,0.0361127749660553,0.4087776461614627
7,weather,2,CNN,MTT,300,0.7,0.188128082352608,0.2179614554114074,0.2046296004196021,0.1869313304850346,0.2157999244930255,0.4906142603423885,0.8071402907371521,0.0,0.0328345028188885,0.4087776461614627
7,weather,3,CNN,MTT,300,0.7,0.188128082352608,0.2179614554114074,0.1203967243867335,0.2246221210488798,0.4773906790303322,0.2123036322556007,0.9373647570610046,0.0,0.2446515704847572,0.4087776461614627
7,weather,4,CNN,MTT,300,0.7,0.188128082352608,0.2179614554114074,0.0984983558759004,0.1216075225308093,0.237086165673283,1.5371403966318633,0.4946684241294861,0.0,0.0203810183591594,0.4087776461614627
7,weather,5,CNN,MTT,300,0.7,0.188128082352608,0.2179614554114074,0.1928943464849521,0.1723058360147421,0.1181872207068966,0.258260953028798,0.860514760017395,0.0,0.1522671394791561,0.4087776461614627
7,weather,6,CNN,MTT,300,0.7,0.188128082352608,0.2179614554114074,0.0937076688267488,0.2169515388812662,0.2452538650676673,0.0730834190787746,0.950299084186554,0.0,0.2805370337229694,0.4087776461614627
7,weather,7,CNN,MTT,300,0.7,0.188128082352608,0.2179614554114074,0.140699543228617,0.1174956261090474,0.0966236633367363,0.3359406295648952,0.7285442352294922,0.0,0.1450454482329152,0.4087776461614627
7,weather,8,CNN,MTT,300,0.7,0.188128082352608,0.2179614554114074,0.085693492866698,0.2151869106099088,0.2455141159151998,0.0711263839586254,0.9499487280845642,0.0,0.2801091206523991,0.4087776461614627
7,weather,9,CNN,MTT,300,0.7,0.188128082352608,0.2179614554114074,0.0856393421918739,0.2154266686613788,0.2467510334913351,0.0714760181749123,0.9498920440673828,0.0,0.2798367064624451,0.4087776461614627
7,weather,10,CNN,MTT,300,0.7,0.188128082352608,0.2179614554114074,0.2046735406417612,0.1687463191561654,0.3081673413690808,0.5920503383928383,0.8107910752296448,0.0,0.0653805878933728,0.4087776461614627
7,weather,11,CNN,MTT,300,0.7,0.188128082352608,0.2179614554114074,0.2674797011642298,0.1593310693030596,0.0217649725477794,0.0241823624425789,0.992291271686554,0.0,0.0865171896084834,0.4087776461614627
7,weather,12,CNN,MTT,300,0.7,0.188128082352608,0.2179614554114074,0.36878314571648,0.1790953011527968,0.1263814006225455,0.7531083886286543,0.310652494430542,0.0,0.2490935884988126,0.4087776461614627
7,weather,13,CNN,MTT,300,0.7,0.188128082352608,0.2179614554114074,0.1142248401016298,0.0549445948684057,0.1580083485054777,0.5429053611859935,0.4114125967025757,0.0,0.0478567999231749,0.4087776461614627
7,weather,14,CNN,MTT,300,0.7,0.188128082352608,0.2179614554114074,0.0425647107094608,0.0360724137012354,0.1013606588738473,0.084171129104478,0.8883776068687439,0.0,0.2993324686247534,0.4087776461614627
7,weather,15,CNN,MTT,300,0.7,0.188128082352608,0.2179614554114074,0.099107732973407,0.0621631751883941,0.1336652211376895,0.171733130819127,0.8054418563842773,0.0,0.2996278135191478,0.4087776461614627
7,weather,16,CNN,MTT,300,0.7,0.188128082352608,0.2179614554114074,0.2014073627747517,0.1739518909471469,0.0869389895364527,0.7823093753269842,0.1636080741882324,0.0,0.1521951156754322,0.4087776461614627
7,weather,17,CNN,MTT,300,0.7,0.188128082352608,0.2179614554114074,0.1865859307613438,0.1499998142106215,0.0771823623381637,0.7809020910693804,0.2002628445625305,0.0,0.1200309007361795,0.4087776461614627
7,weather,18,CNN,MTT,300,0.7,0.188128082352608,0.2179614554114074,0.1646523657970863,0.138089176417899,0.0788012655943953,0.6594468041996152,0.4240787029266357,0.0,0.0596753439826626,0.4087776461614627
7,weather,19,CNN,MTT,300,0.7,0.188128082352608,0.2179614554114074,0.1352007012434297,0.1716970870807017,0.141154918323508,0.3593887344202681,0.7848753333091736,0.0,0.024371064013285,0.4087776461614627
7,weather,20,CNN,MTT,300,0.7,0.188128082352608,0.2179614554114074,0.2454640952478345,0.2289149134766962,0.0300644303609705,0.0116006742648845,0.9845512509346008,0.0,0.2218955946914234,0.4087776461614627
7,weather,0,CNN,MTT,300,1.0,0.188128082352608,0.2298636992745246,0.0349602905966088,0.0421534092619108,6.265852760819093e-08,0.6466813678980083,0.8701632022857666,0.0,2.11202211706395e-07,0.392163511650042
7,weather,1,CNN,MTT,300,1.0,0.188128082352608,0.2298636992745246,0.1654215883785927,0.1839203062702177,8.777329169793663e-08,0.6299879406512284,0.8115146160125732,0.0,2.9400672027828785e-08,0.392163511650042
7,weather,2,CNN,MTT,300,1.0,0.188128082352608,0.2298636992745246,0.171271693569697,0.1768789869660801,6.927098699536885e-08,0.7151108147213923,0.8103671073913574,0.0,1.0291131814780437e-07,0.392163511650042
7,weather,3,CNN,MTT,300,1.0,0.188128082352608,0.2298636992745246,0.0898754949325895,0.2362583102791879,1.5218943267217826e-07,0.2637658110489158,0.904854953289032,0.0,5.7915657864942864e-08,0.392163511650042
7,weather,4,CNN,MTT,300,1.0,0.188128082352608,0.2298636992745246,0.0942005782543931,0.1197668111288433,1.4573536105870874e-07,1.3292109458284245,0.4834849238395691,0.0,1.1175709886533725e-07,0.392163511650042
7,weather,5,CNN,MTT,300,1.0,0.188128082352608,0.2298636992745246,0.1748629147016093,0.1663105969879322,1.9512742895800952e-07,0.3675863669117247,0.7999994158744812,0.0,3.9601960580479123e-08,0.392163511650042
7,weather,6,CNN,MTT,300,1.0,0.188128082352608,0.2298636992745246,0.0815090753903794,0.2208930062180747,5.83979284467778e-08,0.2110363439503542,0.9085568189620972,0.0,3.4737476188417405e-08,0.392163511650042
7,weather,7,CNN,MTT,300,1.0,0.188128082352608,0.2298636992745246,0.1326587662782614,0.1158522649928421,5.97653211187702e-08,0.2917021215088673,0.6159976720809937,0.0,2.9279599178658812e-08,0.392163511650042
7,weather,8,CNN,MTT,300,1.0,0.188128082352608,0.2298636992745246,0.0757584968495227,0.2193058161088047,8.014592444648353e-08,0.2312714285180004,0.9078238606452942,0.0,6.56565047584591e-08,0.392163511650042
7,weather,9,CNN,MTT,300,1.0,0.188128082352608,0.2298636992745246,0.0757244902570392,0.2195942407238681,5.038498825613727e-08,0.2326177734157949,0.907799482345581,0.0,1.584906949283714e-07,0.392163511650042
7,weather,10,CNN,MTT,300,1.0,0.188128082352608,0.2298636992745246,0.1755701165086441,0.1601097767340636,1.561196726035689e-07,0.9064465022574688,0.8260847330093384,0.0,2.133029133819353e-07,0.392163511650042
7,weather,11,CNN,MTT,300,1.0,0.188128082352608,0.2298636992745246,0.2617117484739278,0.1632876976425026,1.5919786075045482e-08,0.0264577568285011,0.9864071011543274,0.0,1.5210384378015126e-07,0.392163511650042
7,weather,12,CNN,MTT,300,1.0,0.188128082352608,0.2298636992745246,0.3347474092264887,0.1606568948382197,1.1986833084431072e-07,0.8382982955378465,0.4734504222869873,0.0,2.839955701000013e-07,0.392163511650042
7,weather,13,CNN,MTT,300,1.0,0.188128082352608,0.2298636992745246,0.119082196482307,0.0546104981771285,7.960072537723923e-08,0.4346336159009238,0.4828905463218689,0.0,1.7708615335210966e-07,0.392163511650042
7,weather,14,CNN,MTT,300,1.0,0.188128082352608,0.2298636992745246,0.042521182699768,0.0360425993829215,5.094626817358738e-08,0.1201440756421566,0.7722305059432983,0.0,1.1903738407106181e-07,0.392163511650042
7,weather,15,CNN,MTT,300,1.0,0.188128082352608,0.2298636992745246,0.0990564376992904,0.0621301246926639,8.35379316501137e-08,0.2452197668166675,0.6030081510543823,0.0,2.3990053690992934e-07,0.392163511650042
7,weather,16,CNN,MTT,300,1.0,0.188128082352608,0.2298636992745246,0.1992764690204217,0.1737193461373942,7.052360010175884e-08,0.8047409167761805,0.3199283480644226,0.0,3.6680888497835654e-08,0.392163511650042
7,weather,17,CNN,MTT,300,1.0,0.188128082352608,0.2298636992745246,0.1870648411647753,0.150566966153631,1.4556302435361468e-07,0.8208475683978865,0.3189065456390381,0.0,3.050276217053932e-07,0.392163511650042
7,weather,18,CNN,MTT,300,1.0,0.188128082352608,0.2298636992745246,0.1530317244965642,0.131562688106048,1.187332583488903e-07,0.7211422308258031,0.4234265089035034,0.0,1.437781601257709e-07,0.392163511650042
7,weather,19,CNN,MTT,300,1.0,0.188128082352608,0.2298636992745246,0.1239930313696186,0.1610529253670048,1.0317694437297433e-07,0.5145001923389375,0.7816576361656189,0.0,9.346110057574965e-08,0.392163511650042
7,weather,20,CNN,MTT,300,1.0,0.188128082352608,0.2298636992745246,0.2403671962357327,0.2248886855054249,2.2651686032559188e-08,0.0178306896958667,0.9726647734642028,0.0,1.323890816911903e-07,0.392163511650042
42,weather,0,CNN,MTT,300,0.0,0.18656135537111,0.2343042392570278,0.1057137029026754,0.1443810306633735,0.3153006296926521,2.142980738014147,0.62950599193573,0.0,0.9451529257053668,0.3598847460980773
42,weather,1,CNN,MTT,300,0.0,0.18656135537111,0.2343042392570278,0.2534308955998902,0.1645436275047653,0.1213715749858681,2.1947056590640903,0.8770320415496826,0.0,0.0919791081284606,0.3598847460980773
42,weather,2,CNN,MTT,300,0.0,0.18656135537111,0.2343042392570278,0.2408652166350895,0.1538180758923364,0.0919973679701665,2.332053143313494,0.8736071586608887,0.0,0.0847786931877009,0.3598847460980773
42,weather,3,CNN,MTT,300,0.0,0.18656135537111,0.2343042392570278,0.0512321221622908,0.0398710243972533,0.077959165598918,1.820443845325484,0.924536406993866,0.0,0.0179607615638907,0.3598847460980773
42,weather,4,CNN,MTT,300,0.0,0.18656135537111,0.2343042392570278,0.0764681666578961,0.0340439790580718,0.395189698878408,1.2100744051310617,0.4784919619560241,0.0,0.1439995132480705,0.3598847460980773
42,weather,5,CNN,MTT,300,0.0,0.18656135537111,0.2343042392570278,0.2617827536905592,0.1582243721445222,0.1936952014031086,1.7308883959925427,0.82511305809021,0.0,0.0527805718887936,0.3598847460980773
42,weather,6,CNN,MTT,300,0.0,0.18656135537111,0.2343042392570278,0.0563931236852459,0.0270810190678784,0.1512598490065472,1.627022683392701,0.87688148021698,0.0,0.2665990249730613,0.3598847460980773
42,weather,7,CNN,MTT,300,0.0,0.18656135537111,0.2343042392570278,0.1506019876993142,0.0674778053186046,0.2821802377370023,1.1842779541405652,0.5897728204727173,0.0,0.19338677988068,0.3598847460980773
42,weather,8,CNN,MTT,300,0.0,0.18656135537111,0.2343042392570278,0.055525409185786,0.0302331985516606,0.1404121607389788,1.6533224340306647,0.8672211766242981,0.0,0.3281350762143599,0.3598847460980773
42,weather,9,CNN,MTT,300,0.0,0.18656135537111,0.2343042392570278,0.0554632038422221,0.0302297282085236,0.1393417044814851,1.6560846893698806,0.8676083087921143,0.0,0.3262698109119806,0.3598847460980773
42,weather,10,CNN,MTT,300,0.0,0.18656135537111,0.2343042392570278,0.1257501604019829,0.0908174171136194,0.1744100896773444,2.6066589667242304,0.8736625909805298,0.0,0.1320698210931659,0.3598847460980773
42,weather,11,CNN,MTT,300,0.0,0.18656135537111,0.2343042392570278,0.2411938818268763,0.0937382476893847,0.0713482163477312,0.0143627082460384,0.998966634273529,0.0,0.1243509859050294,0.3598847460980773
42,weather,12,CNN,MTT,300,0.0,0.18656135537111,0.2343042392570278,0.3045661589118225,0.1392888860080768,0.2648404899030968,0.6198298389446363,0.1580299735069275,1.0,0.1755049553675857,0.3598847460980773
42,weather,13,CNN,MTT,300,0.0,0.18656135537111,0.2343042392570278,0.1128943537951699,0.0368808655827092,0.2253036261470164,0.6133709150566183,0.6005531549453735,0.0,0.1414684140291905,0.3598847460980773
42,weather,14,CNN,MTT,300,0.0,0.18656135537111,0.2343042392570278,0.037747355506111,0.0124509844936772,0.118153270692151,0.0355330250342439,0.7913355231285095,0.0,0.140429497241275,0.3598847460980773
42,weather,15,CNN,MTT,300,0.0,0.18656135537111,0.2343042392570278,0.0833014494681365,0.0258605606257366,0.3599609865891458,0.0011516021587272,0.00709068775177,0.0,0.3491580371463448,0.3598847460980773
42,weather,16,CNN,MTT,300,0.0,0.18656135537111,0.2343042392570278,0.1450806685546201,0.1132742552684957,0.3369250209092556,0.4474409018017669,0.1269747614860534,0.0,0.1797836161140835,0.3598847460980773
42,weather,17,CNN,MTT,300,0.0,0.18656135537111,0.2343042392570278,0.1398749884844349,0.0955374006845616,0.3281431469043807,0.4853241554162472,0.1139610409736633,0.0,0.190604435787017,0.3598847460980773
42,weather,18,CNN,MTT,300,0.0,0.18656135537111,0.2343042392570278,0.1068403156383019,0.0863432459873021,0.2728305619043419,0.5140464240678755,0.1076146215200424,0.0,0.3297905482779151,0.3598847460980773
42,weather,19,CNN,MTT,300,0.0,0.18656135537111,0.2343042392570278,0.1606053530536882,0.1459649107409027,0.1337014796660621,2.164801118004074,0.8489636182785034,0.0,0.0871209214053491,0.3598847460980773
42,weather,20,CNN,MTT,300,0.0,0.18656135537111,0.2343042392570278,0.2973024781776749,0.1398623731364486,0.1206585150479516,0.0753272832228342,0.9991757273674012,0.0,0.749900939102057,0.3598847460980773
42,weather,0,CNN,MTT,300,0.1,0.18656135537111,0.2487542417687506,0.1030780896718536,0.1396248685221021,0.2837705462748108,2.1200718252862125,0.6612498760223389,0.0,0.8506375748333371,0.3522881394801653
42,weather,1,CNN,MTT,300,0.1,0.18656135537111,0.2487542417687506,0.239549805872873,0.1576808927310292,0.1092344247150231,2.2013924718278832,0.8726083040237427,0.0,0.0827811943755473,0.3522881394801653
42,weather,2,CNN,MTT,300,0.1,0.18656135537111,0.2487542417687506,0.2283017209020938,0.1488452702291724,0.0827976203772147,2.3298316979056124,0.8687277436256409,0.0,0.0763006995490537,0.3522881394801653
42,weather,3,CNN,MTT,300,0.1,0.18656135537111,0.2487542417687506,0.0469279083068603,0.0324333267845923,0.0701632585078963,1.8226135834588555,0.9235352873802184,0.0,0.0161646796159358,0.3522881394801653
42,weather,4,CNN,MTT,300,0.1,0.18656135537111,0.2487542417687506,0.0771370183595229,0.0344749731109164,0.3556707222225374,1.24807210646298,0.4823670387268066,0.0,0.1295995271355998,0.3522881394801653
42,weather,5,CNN,MTT,300,0.1,0.18656135537111,0.2487542417687506,0.2503042018588496,0.1530553009051956,0.1743257065591506,1.7473801225308137,0.8246108889579773,0.0,0.0475024641867268,0.3522881394801653
42,weather,6,CNN,MTT,300,0.1,0.18656135537111,0.2487542417687506,0.054326322894494,0.0233776862308974,0.1361338535925932,1.6390033983130494,0.8814931511878967,0.0,0.239939218209036,0.3522881394801653
42,weather,7,CNN,MTT,300,0.1,0.18656135537111,0.2487542417687506,0.1468475163095256,0.0691467741006781,0.2539622225114225,1.2095254280628318,0.5966639518737793,0.0,0.1740480598572918,0.3522881394801653
42,weather,8,CNN,MTT,300,0.1,0.18656135537111,0.2487542417687506,0.0535030198172137,0.0248391377291936,0.1263709609141187,1.6632012387838362,0.8729470372200012,0.0,0.29532141634221,0.3522881394801653
42,weather,9,CNN,MTT,300,0.1,0.18656135537111,0.2487542417687506,0.0534423298792927,0.0248413338802417,0.1254075382342603,1.6658459569633428,0.8732836246490479,0.0,0.2936428811533182,0.3522881394801653
42,weather,10,CNN,MTT,300,0.1,0.18656135537111,0.2487542417687506,0.1280112389357984,0.0941011967031923,0.1569690837614106,2.590804500281517,0.8695498108863831,0.0,0.1188627903989638,0.3522881394801653
42,weather,11,CNN,MTT,300,0.1,0.18656135537111,0.2487542417687506,0.2243828396690771,0.1114519391491958,0.0642133947234483,0.0144706811521079,0.998623788356781,0.0,0.1119159770485166,0.3522881394801653
42,weather,12,CNN,MTT,300,0.1,0.18656135537111,0.2487542417687506,0.3021553546006283,0.1368972389204686,0.238356443037707,0.6381277482437929,0.1996154189109802,1.0,0.1579545308944744,0.3522881394801653
42,weather,13,CNN,MTT,300,0.1,0.18656135537111,0.2487542417687506,0.1127207873188303,0.0371602952413155,0.2027732538219338,0.6039136957536101,0.59578537940979,0.0,0.1273216064743843,0.3522881394801653
42,weather,14,CNN,MTT,300,0.1,0.18656135537111,0.2487542417687506,0.0378209291419651,0.0127368823998384,0.1063379464250095,0.0410713373166269,0.7908628582954407,0.0,0.1263866081229389,0.3522881394801653
42,weather,15,CNN,MTT,300,0.1,0.18656135537111,0.2487542417687506,0.083706724170138,0.0263934246605068,0.3239648808513552,0.0189568859886655,0.0696713328361511,0.0,0.3142424211142912,0.3522881394801653
42,weather,16,CNN,MTT,300,0.1,0.18656135537111,0.2487542417687506,0.1487410734441028,0.1151429260835986,0.3032325077854258,0.4844866966580753,0.1532511115074157,0.0,0.1618051244782513,0.3522881394801653
42,weather,17,CNN,MTT,300,0.1,0.18656135537111,0.2487542417687506,0.1429790253131105,0.0971087888719611,0.2953288423472713,0.5145806503227165,0.1412093043327331,0.0,0.1715440227110775,0.3522881394801653
42,weather,18,CNN,MTT,300,0.1,0.18656135537111,0.2487542417687506,0.1098790468483976,0.0875020610311223,0.2455475027861766,0.5483293497100831,0.1487456411123275,0.0,0.2968114352106881,0.3522881394801653
42,weather,19,CNN,MTT,300,0.1,0.18656135537111,0.2487542417687506,0.1552764920133913,0.1450727653672651,0.1203313415402724,2.159113031994592,0.8449524641036987,0.0,0.0784087872184718,0.3522881394801653
42,weather,20,CNN,MTT,300,0.1,0.18656135537111,0.2487542417687506,0.2494395049801526,0.1444767786204749,0.1085926627108658,0.0857055833250113,0.9982911944389344,0.0,0.6749108512116732,0.3522881394801653
42,weather,0,CNN,MTT,300,0.2,0.18656135537111,0.2207735822413945,0.1000649667162896,0.1341811286690478,0.2522405223956387,2.097650430798613,0.6912874579429626,0.0,0.7561222239613075,0.3444408744764963
42,weather,1,CNN,MTT,300,0.2,0.18656135537111,0.2207735822413945,0.2249790682511774,0.1505367981690186,0.0970972356856936,2.2081326450507,0.8677116632461548,0.0,0.0735832806226341,0.3444408744764963
42,weather,2,CNN,MTT,300,0.2,0.18656135537111,0.2207735822413945,0.2156561296726539,0.1438175153939856,0.0735979008685538,2.327652782135262,0.8635272979736328,0.0,0.0678229943625684,0.3444408744764963
42,weather,3,CNN,MTT,300,0.2,0.18656135537111,0.2207735822413945,0.0434973434477526,0.0268684380040371,0.0623673157200528,1.824783968185493,0.922319233417511,0.0,0.014368597667981,0.3444408744764963
42,weather,4,CNN,MTT,300,0.2,0.18656135537111,0.2207735822413945,0.0779729109325629,0.0351226318180816,0.3161517600128694,1.3004625869715587,0.4854918122291565,0.0,0.1151996590828978,0.3444408744764963
42,weather,5,CNN,MTT,300,0.2,0.18656135537111,0.2207735822413945,0.2377767596352087,0.1473950130225613,0.1549561869635883,1.764029296662428,0.8236622214317322,0.0,0.0422246288515774,0.3444408744764963
42,weather,6,CNN,MTT,300,0.2,0.18656135537111,0.2207735822413945,0.0527604582389349,0.0229040625512518,0.1210078501496518,1.651017891606368,0.8857839107513428,0.0,0.2132792884322998,0.3444408744764963
42,weather,7,CNN,MTT,300,0.2,0.18656135537111,0.2207735822413945,0.1428510037268174,0.070718825660948,0.2257441779288093,1.2364481630949884,0.6026064157485962,0.0,0.1547096005496389,0.3444408744764963
42,weather,8,CNN,MTT,300,0.2,0.18656135537111,0.2207735822413945,0.0519391380926113,0.0222545894343983,0.1123297261724794,1.6731322796920431,0.8783027529716492,0.0,0.2625081229693625,0.3444408744764963
42,weather,9,CNN,MTT,300,0.2,0.18656135537111,0.2207735822413945,0.0518834553143446,0.0223201071142524,0.1114733737254479,1.6756547755186777,0.8785909414291382,0.0,0.2610159513946558,0.3444408744764963
42,weather,10,CNN,MTT,300,0.2,0.18656135537111,0.2207735822413945,0.1302334938042861,0.0973014796373055,0.139528083265961,2.5749113133943085,0.8652937412261963,0.0,0.1056558672665722,0.3444408744764963
42,weather,11,CNN,MTT,300,0.2,0.18656135537111,0.2207735822413945,0.2296733470481397,0.1272700239638753,0.0570785729869021,0.0148502671154556,0.9980779886245728,0.0,0.0994806887284822,0.3444408744764963
42,weather,12,CNN,MTT,300,0.2,0.18656135537111,0.2207735822413945,0.2995251089494683,0.1344708468473309,0.2118723832330406,0.6563772124932608,0.2389688491821289,1.0,0.1404040353762171,0.3444408744764963
42,weather,13,CNN,MTT,300,0.2,0.18656135537111,0.2207735822413945,0.1123187064713678,0.0375237300534203,0.1802429011627983,0.5923655495942238,0.5894622802734375,0.0,0.1131747451212531,0.3444408744764963
42,weather,14,CNN,MTT,300,0.2,0.18656135537111,0.2207735822413945,0.0379085862699717,0.0130101132253928,0.0945226190748598,0.0407808265587004,0.7900705337524414,0.0,0.1123435798558799,0.3444408744764963
42,weather,15,CNN,MTT,300,0.2,0.18656135537111,0.2207735822413945,0.084120570095961,0.0269632237597419,0.2879687948083435,0.0322377272684923,0.1429327130317688,0.0,0.2793265322613589,0.3444408744764963
42,weather,16,CNN,MTT,300,0.2,0.18656135537111,0.2207735822413945,0.1523598573611723,0.1169654476941701,0.2695400102462036,0.521884541334442,0.1779761314392089,0.0,0.1438269193263749,0.3444408744764963
42,weather,17,CNN,MTT,300,0.2,0.18656135537111,0.2207735822413945,0.1460453846892763,0.0986534243612251,0.2625145155135019,0.5580167982227542,0.1669564843177795,0.0,0.1524837043626808,0.3444408744764963
42,weather,18,CNN,MTT,300,0.2,0.18656135537111,0.2207735822413945,0.1129166201999887,0.0887276417851457,0.2182644380412823,0.5734776224374661,0.1877544224262237,0.0,0.2638324317975097,0.3444408744764963
42,weather,19,CNN,MTT,300,0.2,0.18656135537111,0.2207735822413945,0.1487459705293888,0.1436753201345446,0.1069611956501804,2.15358238328636,0.8403370380401611,0.0,0.0696967386856819,0.3444408744764963
42,weather,20,CNN,MTT,300,0.2,0.18656135537111,0.2207735822413945,0.2226265344774088,0.1492460897254074,0.0965268101673129,0.0961181606947792,0.997014045715332,0.0,0.5999207633212894,0.3444408744764963
42,weather,0,CNN,MTT,300,0.3,0.18656135537111,0.2228969668728272,0.0965973668815072,0.1279028313020768,0.2207103782990197,2.07565658642567,0.7196187973022461,0.0,0.6616068730892777,0.3378867956009405
42,weather,1,CNN,MTT,300,0.3,0.18656135537111,0.2228969668728272,0.2099578513989045,0.1431768836085093,0.0849600828008079,2.21491837127785,0.862342119216919,0.0,0.0643853668697208,0.3378867956009405
42,weather,2,CNN,MTT,300,0.3,0.18656135537111,0.2228969668728272,0.2030340564421775,0.1387842475637613,0.0643981572682967,2.325508750436448,0.8580058813095093,0.0,0.0593450007239213,0.3378867956009405
42,weather,3,CNN,MTT,300,0.3,0.18656135537111,0.2228969668728272,0.0414231548435599,0.0262132177945697,0.0545714067882316,1.826939232148392,0.9208883047103882,0.0,0.0125724555316293,0.3378867956009405
42,weather,4,CNN,MTT,300,0.3,0.18656135537111,0.2228969668728272,0.0789616959184413,0.0360051129617205,0.2766328063010945,1.33678307784408,0.4878665804862976,0.0,0.1007996729704272,0.3378867956009405
42,weather,5,CNN,MTT,300,0.3,0.18656135537111,0.2228969668728272,0.224323821780563,0.1412928261561776,0.1355866862255503,1.7807011426545285,0.8222670555114746,0.0,0.0369465211495106,0.3378867956009405
42,weather,6,CNN,MTT,300,0.3,0.18656135537111,0.2228969668728272,0.052025608247484,0.0267045453894962,0.1058819015317423,1.6630389707797988,0.8897537589073181,0.0,0.1866192356428526,0.3378867956009405
42,weather,7,CNN,MTT,300,0.3,0.18656135537111,0.2228969668728272,0.1388624642387955,0.0722861192742095,0.1975261656720248,1.2617484778062025,0.6076003313064575,0.0,0.1353708805262506,0.3378867956009405
42,weather,8,CNN,MTT,300,0.3,0.18656135537111,0.2228969668728272,0.0511087942895369,0.0237124999703575,0.0982884654985225,1.6831006698693438,0.8832883834838867,0.0,0.2296944630972126,0.3378867956009405
42,weather,9,CNN,MTT,300,0.3,0.18656135537111,0.2228969668728272,0.0510613562853717,0.0238398500009389,0.097539196969529,1.685503058534835,0.8835301399230957,0.0,0.2283888994876204,0.3378867956009405
42,weather,10,CNN,MTT,300,0.3,0.18656135537111,0.2228969668728272,0.1324366165354992,0.100381395875377,0.1220870822154604,2.559048169529873,0.8608943223953247,0.0,0.0924489441341807,0.3378867956009405
42,weather,11,CNN,MTT,300,0.3,0.18656135537111,0.2228969668728272,0.2359495592292957,0.1387493563632336,0.0499437508267575,0.0145998024455342,0.9973292946815492,0.0,0.0870457730264766,0.3378867956009405
42,weather,12,CNN,MTT,300,0.3,0.18656135537111,0.2228969668728272,0.2966928638511731,0.132026475580024,0.1853883156444146,0.6746060841170026,0.2760906219482422,0.0,0.122853468812814,0.3378867956009405
42,weather,13,CNN,MTT,300,0.3,0.18656135537111,0.2228969668728272,0.1116935934792127,0.0380187701905868,0.157712528422978,0.5827187277609726,0.5815839767456055,0.0,0.0990279375664469,0.3378867956009405
42,weather,14,CNN,MTT,300,0.3,0.18656135537111,0.2228969668728272,0.0379494775543398,0.0132679021774805,0.0827072925347572,0.0428957321350261,0.7889588475227356,0.0,0.0983007603119053,0.3378867956009405
42,weather,15,CNN,MTT,300,0.3,0.18656135537111,0.2228969668728272,0.0846726591925355,0.0275726892273544,0.2519726834309279,0.0706751048935209,0.2126936912536621,0.0,0.244410779818866,0.3378867956009405
42,weather,16,CNN,MTT,300,0.3,0.18656135537111,0.2228969668728272,0.1558541445244129,0.1186650188178145,0.2358475059366372,0.5555013391279435,0.2011497616767883,0.0,0.1258485231851946,0.3378867956009405
42,weather,17,CNN,MTT,300,0.3,0.18656135537111,0.2228969668728272,0.1489658666140289,0.10007509258556,0.2297001941015906,0.5919849374018711,0.1912031173706054,0.0,0.1334231965591984,0.3378867956009405
42,weather,18,CNN,MTT,300,0.3,0.18656135537111,0.2228969668728272,0.1158449907769422,0.0899332554594886,0.190981367080805,0.5950315676040974,0.2246411144733429,0.0,0.2308533187302827,0.3378867956009405
42,weather,19,CNN,MTT,300,0.3,0.18656135537111,0.2228969668728272,0.1411751180556989,0.1418384215019388,0.0935910524342231,2.148200349967724,0.8351172208786011,0.0,0.060984690152892,0.3378867956009405
42,weather,20,CNN,MTT,300,0.3,0.18656135537111,0.2228969668728272,0.2127578505868944,0.1529904762819283,0.0844609583246289,0.1065695103519703,0.9953444004058838,0.0,0.5249306513672845,0.3378867956009405
42,weather,0,CNN,MTT,300,0.5,0.18656135537111,0.2386929761335625,0.0877679356785468,0.112066174231106,0.1576502840794053,2.03305068366488,0.7711628079414368,0.0,0.4725762642983979,0.3280630041652957
42,weather,1,CNN,MTT,300,0.5,0.18656135537111,0.2386929761335625,0.1791821913638782,0.1281852448094892,0.060685752826781,2.229315441834881,0.850184440612793,0.0,0.0459895393638943,0.3280630041652957
42,weather,2,CNN,MTT,300,0.5,0.18656135537111,0.2386929761335625,0.1781583862243105,0.128848514136913,0.0459987010747476,2.321385801507021,0.8459998965263367,0.0,0.0423893980495095,0.3280630041652957
42,weather,3,CNN,MTT,300,0.5,0.18656135537111,0.2386929761335625,0.0451856549976022,0.0404413089493022,0.0389795573358633,1.831295735551849,0.917381763458252,0.0,0.0089803518241164,0.3280630041652957
42,weather,4,CNN,MTT,300,0.5,0.18656135537111,0.2386929761335625,0.0814415538346689,0.0387444221684899,0.197594912055795,1.4098412108107978,0.4903654456138611,0.0,0.0719998188052545,0.3280630041652957
42,weather,5,CNN,MTT,300,0.5,0.18656135537111,0.2386929761335625,0.1952121111847552,0.1280099712553545,0.0968476269281145,1.814323277789378,0.8181372880935669,0.0,0.0263903965343495,0.3280630041652957
42,weather,6,CNN,MTT,300,0.5,0.18656135537111,0.2386929761335625,0.0571637012714483,0.0488326668564147,0.0756299100567218,1.687232910239827,0.8967306613922119,0.0,0.1332996221148019,0.3280630041652957
42,weather,7,CNN,MTT,300,0.5,0.18656135537111,0.2386929761335625,0.1318913084067551,0.0753716796489345,0.1410901194346998,1.3123769823460492,0.6147425174713135,0.0,0.0966934404794742,0.3280630041652957
42,weather,8,CNN,MTT,300,0.5,0.18656135537111,0.2386929761335625,0.0554684244236293,0.045645427102658,0.0702060810361969,1.7032162267005018,0.8921491503715515,0.0,0.1640675098522152,0.3280630041652957
42,weather,9,CNN,MTT,300,0.5,0.18656135537111,0.2386929761335625,0.0554911191073498,0.0458064741118862,0.0696708566949262,1.7053715123165123,0.8923044800758362,0.0,0.1631349178219226,0.3280630041652957
42,weather,10,CNN,MTT,300,0.5,0.18656135537111,0.2386929761335625,0.1369428413428546,0.1062731767193673,0.0872051496848746,2.527321914145692,0.8516654372215271,0.0,0.0660348827457764,0.3280630041652957
42,weather,11,CNN,MTT,300,0.5,0.18656135537111,0.2386929761335625,0.2432115291586424,0.1521066436237833,0.0356741080930619,0.0140182137380987,0.9952231645584106,0.0,0.0621755690044366,0.3280630041652957
42,weather,12,CNN,MTT,300,0.5,0.18656135537111,0.2386929761335625,0.290408273751983,0.1271717711576975,0.1324202375271575,0.7111469928789866,0.3436384201049804,0.0,0.0877524067311537,0.3280630041652957
42,weather,13,CNN,MTT,300,0.5,0.18656135537111,0.2386929761335625,0.1097546582072293,0.0392206479467072,0.1126518447956494,0.5637821217899949,0.5611618757247925,0.0,0.0707343224568344,0.3280630041652957
42,weather,14,CNN,MTT,300,0.5,0.18656135537111,0.2386929761335625,0.0382331457114537,0.0137336432262036,0.0590766416297338,0.0542797140475733,0.7857769131660461,0.0,0.0702148429265102,0.3280630041652957
42,weather,15,CNN,MTT,300,0.5,0.18656135537111,0.2386929761335625,0.0866770143245387,0.0289208747715777,0.1799804937636329,0.1360341330178523,0.3417143225669861,0.0,0.1745791385234408,0.3280630041652957
42,weather,16,CNN,MTT,300,0.5,0.18656135537111,0.2386929761335625,0.1622373719341673,0.1215807227142905,0.1684624980234468,0.6210850377944517,0.2428431510925293,0.0,0.089891826397486,0.3280630041652957
42,weather,17,CNN,MTT,300,0.5,0.18656135537111,0.2386929761335625,0.1543368240102666,0.1026191047686025,0.1640715627235897,0.6504177066214782,0.2351939082145691,0.0,0.0953023704073194,0.3280630041652957
42,weather,18,CNN,MTT,300,0.5,0.18656135537111,0.2386929761335625,0.1213882687638157,0.0923090260246979,0.1364152641244073,0.6199029867528476,0.2920478284358978,0.0,0.1648952022498774,0.3280630041652957
42,weather,19,CNN,MTT,300,0.5,0.18656135537111,0.2386929761335625,0.1239903385224404,0.1370435551733932,0.0668507769204314,2.1379944411434617,0.8228647112846375,0.0,0.0435605074332248,0.3280630041652957
42,weather,20,CNN,MTT,300,0.5,0.18656135537111,0.2386929761335625,0.2063675245242522,0.1578735363986619,0.0603292576830995,0.127540097972338,0.9908273220062256,0.0,0.3749504755865168,0.3280630041652957
42,weather,0,CNN,MTT,300,0.7,0.18656135537111,0.22610362055374,0.07532236506907,0.0900074469047431,0.0945902027026459,1.9924342447732248,0.8158816695213318,0.0,0.2835457484606978,0.3206255705681218
42,weather,1,CNN,MTT,300,0.7,0.18656135537111,0.22610362055374,0.1485075250652617,0.1133337021423523,0.0364114543418556,2.242810061059573,0.8361351490020752,0.0,0.0275936169853111,0.3206255705681218
42,weather,2,CNN,MTT,300,0.7,0.18656135537111,0.22610362055374,0.1543261301466561,0.119325908805842,0.0275992314127422,2.31743902836666,0.8327098488807678,0.0,0.0254336030736564,0.3206255705681218
42,weather,3,CNN,MTT,300,0.7,0.18656135537111,0.22610362055374,0.0669700301398817,0.06386319292236,0.0233877025666392,1.835625278796937,0.9130157232284546,0.0,0.0053881277398099,0.3206255705681218
42,weather,4,CNN,MTT,300,0.7,0.18656135537111,0.22610362055374,0.0843260008724217,0.0431272506957958,0.1185569924735861,1.4832048818972965,0.4898638129234314,0.0,0.0431998465803132,0.3206255705681218
42,weather,5,CNN,MTT,300,0.7,0.18656135537111,0.22610362055374,0.1641764547503337,0.1136905554534225,0.0581086719589612,1.846597312721956,0.8122215867042542,0.0,0.0158342719191884,0.3206255705681218
42,weather,6,CNN,MTT,300,0.7,0.18656135537111,0.22610362055374,0.0792959363761735,0.0735655456297612,0.0453779742023824,1.7133476327948516,0.9024239182472228,0.0,0.0799798855740404,0.3206255705681218
42,weather,7,CNN,MTT,300,0.7,0.18656135537111,0.22610362055374,0.1271349262943933,0.0787363810039867,0.0846541039423877,1.363179785431437,0.6180902719497681,0.0,0.0580160656116316,0.3206255705681218
42,weather,8,CNN,MTT,300,0.7,0.18656135537111,0.22610362055374,0.0791099780199083,0.0721706337703588,0.042123582241475,1.7234889591470397,0.8995294570922852,0.0,0.0984404344407837,0.3206255705681218
42,weather,9,CNN,MTT,300,0.7,0.18656135537111,0.22610362055374,0.0792014850134597,0.0723193831277139,0.0418025169950343,1.7254022933401556,0.8996065855026245,0.0,0.0978809361562247,0.3206255705681218
42,weather,10,CNN,MTT,300,0.7,0.18656135537111,0.22610362055374,0.1420392768016904,0.1118220095490643,0.0523231487862505,2.495628062198129,0.8418631553649902,0.0,0.0396210364809933,0.3206255705681218
42,weather,11,CNN,MTT,300,0.7,0.18656135537111,0.22610362055374,0.2467850549692964,0.1587438361950034,0.0214044647533793,0.0141701844858607,0.9923054575920104,0.0,0.0373053649823966,0.3206255705681218
42,weather,12,CNN,MTT,300,0.7,0.18656135537111,0.22610362055374,0.283510473604275,0.1225560707293813,0.0794521199242381,0.7476724590896524,0.402258813381195,0.0,0.0526514156946392,0.3206255705681218
42,weather,13,CNN,MTT,300,0.7,0.18656135537111,0.22610362055374,0.1072377573397316,0.0410775725003801,0.0675910813442172,0.544853124236201,0.534518837928772,0.0,0.042440707347222,0.3206255705681218
42,weather,14,CNN,MTT,300,0.7,0.18656135537111,0.22610362055374,0.0392651957206242,0.0141287828989927,0.035445985448609,0.0662549633527525,0.781316876411438,0.0,0.0421289951154766,0.3206255705681218
42,weather,15,CNN,MTT,300,0.7,0.18656135537111,0.22610362055374,0.0914617334094183,0.0304540769750954,0.1079882958635355,0.1593300364327862,0.4567331671714782,0.0,0.1047477018436746,0.3206255705681218
42,weather,16,CNN,MTT,300,0.7,0.18656135537111,0.22610362055374,0.1673796249654645,0.1238538643231684,0.101077486917797,0.6712983279779533,0.2783311009407043,0.0,0.0539351296097773,0.3206255705681218
42,weather,17,CNN,MTT,300,0.7,0.18656135537111,0.22610362055374,0.1587522903976921,0.1045156288974678,0.0984429246878842,0.7055238683131224,0.2731812596321106,0.0,0.0571816389829831,0.3206255705681218
42,weather,18,CNN,MTT,300,0.7,0.18656135537111,0.22610362055374,0.1263777318797325,0.0946078797734379,0.0818491473208232,0.6498834308884899,0.3509658873081207,0.0,0.0989370857694721,0.3206255705681218
42,weather,19,CNN,MTT,300,0.7,0.18656135537111,0.22610362055374,0.1068465228229915,0.1312309085053433,0.0401104932287972,2.128510395822177,0.8081948757171631,0.0,0.0261363247135576,0.3206255705681218
42,weather,20,CNN,MTT,300,0.7,0.18656135537111,0.22610362055374,0.2035125107303011,0.1608045490894324,0.0361975528956734,0.1485838670537061,0.9847399592399596,0.0,0.2249702998057491,0.3206255705681218
42,weather,0,CNN,MTT,300,1.0,0.18656135537111,0.2236329601696276,0.0469322880117939,0.0377805410023982,5.025184111206796e-08,1.935412232750588,0.8701632022857666,0.0,1.1824903197296529e-07,0.3112537293726486
42,weather,1,CNN,MTT,300,1.0,0.18656135537111,0.2236329601696276,0.1083186610117337,0.0923679496232806,9.25046193884762e-08,2.265900792935394,0.8115146160125732,0.0,1.2427342863343237e-07,0.3112537293726486
42,weather,2,CNN,MTT,300,1.0,0.18656135537111,0.2236329601696276,0.1211269233368965,0.1061422361514832,6.767395639777375e-08,2.311841063944482,0.8103671073913574,0.0,6.760597542556489e-09,0.3112537293726486
42,weather,3,CNN,MTT,300,1.0,0.18656135537111,0.2236329601696276,0.0989226729103735,0.0972324311590602,1.5479118107707253e-07,1.8420890998767672,0.904854953289032,0.0,1.1810405463297541e-07,0.3112537293726486
42,weather,4,CNN,MTT,300,1.0,0.18656135537111,0.2236329601696276,0.0893102141853799,0.0544431272247687,1.5553796132581796e-07,1.593838086154004,0.4834849238395691,0.0,6.302669872329494e-09,0.3112537293726486
42,weather,5,CNN,MTT,300,1.0,0.18656135537111,0.2236329601696276,0.1248611638657754,0.0917862975190918,1.9611714443046974e-07,1.899526166433084,0.7999993562698364,0.0,3.9601960580479123e-08,0.3112537293726486
42,weather,6,CNN,MTT,300,1.0,0.18656135537111,0.2236329601696276,0.1174457510919374,0.1136080244947732,6.044028588486695e-08,1.7482184464958257,0.9085568189620972,0.0,9.624383165441406e-08,0.3112537293726486
42,weather,7,CNN,MTT,300,1.0,0.18656135537111,0.2236329601696276,0.1252733563582384,0.0849469828303729,5.8592607190960704e-08,1.4395149365184758,0.6159976720809937,0.0,3.5899334645138194e-08,0.3112537293726486
42,weather,8,CNN,MTT,300,1.0,0.18656135537111,0.2236329601696276,0.1217257636131117,0.115771980373856,7.87964222186659e-08,1.7541760443285568,0.9078238606452942,0.0,5.650992936297842e-08,0.3112537293726486
42,weather,9,CNN,MTT,300,1.0,0.18656135537111,0.2236329601696276,0.1217749028462584,0.1158691159602525,5.2733116714247824e-08,1.7557035519332098,0.907799482345581,0.0,1.584906949283714e-07,0.3112537293726486
42,weather,10,CNN,MTT,300,1.0,0.18656135537111,0.2236329601696276,0.1498481001711257,0.1195351444655759,1.531138540153052e-07,2.4520401715321727,0.8260847330093384,0.0,1.0574110279190528e-07,0.3112537293726486
42,weather,11,CNN,MTT,300,1.0,0.18656135537111,0.2236329601696276,0.2493780365831139,0.1636232291003744,1.628296908941298e-08,0.0138078429098211,0.9864071011543274,0.0,3.4205170610847414e-08,0.3112537293726486
42,weather,12,CNN,MTT,300,1.0,0.18656135537111,0.2236329601696276,0.2739597075482922,0.116762149632154,9.641752937090549e-08,0.8025923492955349,0.4734504222869873,0.0,2.129504242358567e-07,0.3112537293726486
42,weather,13,CNN,MTT,300,1.0,0.18656135537111,0.2236329601696276,0.1029992949185776,0.0445225072900905,7.477368742188385e-08,0.5129334916278439,0.4828905463218689,0.0,6.948950325470923e-08,0.3112537293726486
42,weather,14,CNN,MTT,300,1.0,0.18656135537111,0.2236329601696276,0.0412471115538387,0.0145940073161989,4.901473277913821e-08,0.0888373181690085,0.7722305059432983,0.0,1.8861174553725322e-07,0.3112537293726486
42,weather,15,CNN,MTT,300,1.0,0.18656135537111,0.2236329601696276,0.1034794399966927,0.033092851392653,8.194086263175647e-08,0.1920525498042715,0.6030081510543823,0.0,3.0810575653810106e-07,0.3112537293726486
42,weather,16,CNN,MTT,300,1.0,0.18656135537111,0.2236329601696276,0.1719167845836928,0.1258439427554967,7.507522269590424e-08,0.74196963693557,0.3199283480644226,0.0,3.6680888497835654e-08,0.3112537293726486
42,weather,17,CNN,MTT,300,1.0,0.18656135537111,0.2236329601696276,0.1625983124777258,0.1061254738129117,1.464602538064457e-07,0.7720891008387262,0.3189066052436828,0.0,3.050276217053932e-07,0.3112537293726486
42,weather,18,CNN,MTT,300,1.0,0.18656135537111,0.2236329601696276,0.1319561650131793,0.0977835119514628,1.0974730430698316e-07,0.7016373229508207,0.4234265685081482,0.0,1.437781601257709e-07,0.3112537293726486
42,weather,19,CNN,MTT,300,1.0,0.18656135537111,0.2236329601696276,0.0956405527492078,0.1217823973043853,1.0467516337468044e-07,2.1155792686538515,0.7816576361656189,0.0,7.807013223324018e-09,0.3112537293726486
42,weather,20,CNN,MTT,300,1.0,0.18656135537111,0.2236329601696276,0.2012960687774897,0.1635043162110717,2.570132879144249e-08,0.1802194476431361,0.9726647734642028,0.0,3.613459754494394e-08,0.3112537293726486
123,weather,0,CNN,MTT,300,0.0,0.1880133975678695,0.27828061939335647,0.1422544177235694,0.08547728242383314,0.1849918155760533,2.1434815229397413,0.9721235036849976,0.0,0.5257184843223217,0.35969711460307346
123,weather,1,CNN,MTT,300,0.0,0.1880133975678695,0.27828061939335647,0.16640296794305875,0.1959185391259073,0.25096238509900576,2.500554079990756,0.7763102054595947,0.0,0.05105593431214674,0.35969711460307346
123,weather,2,CNN,MTT,300,0.0,0.1880133975678695,0.27828061939335647,0.18059530534213408,0.18757848684867456,0.3064438906683449,2.6285832680345416,0.7739315629005432,0.0,0.05078700968573067,0.35969711460307346
123,weather,3,CNN,MTT,300,0.0,0.1880133975678695,0.27828061939335647,0.21477835921730135,0.21639591125550892,0.15350078814567572,1.956280547250145,0.7861225008964539,0.0,0.7773773202696292,0.35969711460307346
123,weather,4,CNN,MTT,300,0.0,0.1880133975678695,0.27828061939335647,0.09161525602832403,0.17619985543981087,0.14133497057770492,1.493148938235302,0.4255324602127075,0.0,0.07636932890600436,0.35969711460307346
123,weather,5,CNN,MTT,300,0.0,0.1880133975678695,0.27828061939335647,0.19121381192486014,0.1711016328685659,0.31476395631386905,2.2224454058969307,0.5265836715698242,2.0,0.26808752793200913,0.35969711460307346
123,weather,6,CNN,MTT,300,0.0,0.1880133975678695,0.27828061939335647,0.20362429551624356,0.20086447247185146,0.23546274410329615,1.8783256984957444,0.6455340385437012,0.0,1.3384713887933837,0.35969711460307346
123,weather,7,CNN,MTT,300,0.0,0.1880133975678695,0.27828061939335647,0.18724400342575317,0.17975372466618023,0.3490640703622889,1.6724742854516088,0.19818240404129028,0.0,0.43133590466481864,0.35969711460307346
123,weather,8,CNN,MTT,300,0.0,0.1880133975678695,0.27828061939335647,0.1976901981581075,0.19406974366618787,0.23736724332378378,1.9019447937349907,0.6394811868667603,0.0,1.3456255880759953,0.35969711460307346
123,weather,9,CNN,MTT,300,0.0,0.1880133975678695,0.27828061939335647,0.19762218939320148,0.1940031079120098,0.23675489170269629,1.9035435791682918,0.6405860185623169,0.0,1.341661507824872,0.35969711460307346
123,weather,10,CNN,MTT,300,0.0,0.1880133975678695,0.27828061939335647,0.1874284933341481,0.15981448188186123,0.379311928865514,2.8494176124554467,0.818063497543335,2.0,0.13230489743021046,0.35969711460307346
123,weather,11,CNN,MTT,300,0.0,0.1880133975678695,0.27828061939335647,0.4033650160926091,0.1712767054028538,0.07134902893742437,0.0376850327901357,0.9986431002616882,0.0,0.21699423642087393,0.35969711460307346
123,weather,12,CNN,MTT,300,0.0,0.1880133975678695,0.27828061939335647,0.43784059101312384,0.19894848665669362,0.4611839557448629,1.2761791113272958,0.44672107696533203,0.0,0.9751543761380703,0.35969711460307346
123,weather,13,CNN,MTT,300,0.0,0.1880133975678695,0.27828061939335647,0.09855757251742688,0.05230131826914766,0.32693707054898563,0.6494533455833024,0.8495020866394043,0.0,0.46178138183949957,0.35969711460307346
123,weather,14,CNN,MTT,300,0.0,0.1880133975678695,0.27828061939335647,0.4272264781011808,0.3532788158731883,0.33791403848490226,6.144907405881996e-05,1.0,0.0,0.9995409397305469,0.35969711460307346
123,weather,15,CNN,MTT,300,0.0,0.1880133975678695,0.27828061939335647,0.007168382463590136,0.0038329439574448817,0.3706806902960433,0.013155869917115898,0.9816088676452637,0.0,0.9237380899553772,0.35969711460307346
123,weather,16,CNN,MTT,300,0.0,0.1880133975678695,0.27828061939335647,0.22849127079523004,0.1395770745385873,0.4091114125985034,1.146404264703446,0.7110376358032227,0.0,0.6307551044890684,0.35969711460307346
123,weather,17,CNN,MTT,300,0.0,0.1880133975678695,0.27828061939335647,0.2170678999767359,0.1179689715445848,0.42308139231730885,1.1852142979112745,0.7567468881607056,0.0,0.6469573099360237,0.35969711460307346
123,weather,18,CNN,MTT,300,0.0,0.1880133975678695,0.27828061939335647,0.22020418145761964,0.1265685806322088,0.46093301336595954,1.1436525150409742,0.5187409520149231,0.0,0.7762033651999847,0.35969711460307346
123,weather,19,CNN,MTT,300,0.0,0.1880133975678695,0.27828061939335647,0.15310890114260137,0.1774198643399855,0.12993247402423844,2.2241157563163267,0.7182619571685791,0.0,0.047820583507758654,0.35969711460307346
123,weather,20,CNN,MTT,300,0.0,0.1880133975678695,0.27828061939335647,0.39342046148415566,0.29279353772789546,0.12286401136101316,0.061505897913802315,0.9994272589683533,0.0,0.767943890282513,0.35969711460307346
123,weather,0,CNN,MTT,300,0.1,0.1880133975678695,0.29985743344694693,0.14108495405053,0.08196766801470451,0.16649256876105262,2.130031436641531,0.9653878808021545,0.0,0.4731466291243568,0.3227579381151839
123,weather,1,CNN,MTT,300,0.1,0.1880133975678695,0.29985743344694693,0.16690705678790752,0.19412260500049522,0.22586619399790056,2.4752067604268486,0.7810760736465454,0.0,0.04595026204265958,0.3227579381151839
123,weather,2,CNN,MTT,300,0.1,0.1880133975678695,0.29985743344694693,0.1811744049770752,0.18623744053280744,0.2757994738079102,2.5974279820514337,0.7788262367248535,0.0,0.04570832862336147,0.3227579381151839
123,weather,3,CNN,MTT,300,0.1,0.1880133975678695,0.29985743344694693,0.2161302362099331,0.22233800230938897,0.13815072506242324,1.9457772382743461,0.8020601868629456,0.0,0.6996396722791479,0.3227579381151839
123,weather,4,CNN,MTT,300,0.1,0.1880133975678695,0.29985743344694693,0.09206630636114245,0.1742624913373762,0.12720144237219042,1.4983199995254648,0.4348745346069336,0.0,0.06873227858590217,0.3227579381151839
123,weather,5,CNN,MTT,300,0.1,0.1880133975678695,0.29985743344694693,0.1898056768553739,0.16910582401446117,0.2832875144416852,2.1890581739904746,0.5611690282821655,0.0,0.24127863383664838,0.3227579381151839
123,weather,6,CNN,MTT,300,0.1,0.1880133975678695,0.29985743344694693,0.20488326960230052,0.20452847379202296,0.21191647082016127,1.8659181336563189,0.6817744970321655,0.0,1.2046242103333442,0.3227579381151839
123,weather,7,CNN,MTT,300,0.1,0.1880133975678695,0.29985743344694693,0.18684831760083512,0.1775337250111311,0.3141576537281148,1.647186277656395,0.2514946460723877,0.0,0.38820231127037685,0.3227579381151839
123,weather,8,CNN,MTT,300,0.1,0.1880133975678695,0.29985743344694693,0.19894668328665313,0.19762928012393344,0.21363050564001418,1.8879779917485306,0.6764569282531738,0.0,1.2110629258842556,0.3227579381151839
123,weather,9,CNN,MTT,300,0.1,0.1880133975678695,0.29985743344694693,0.19888227812193018,0.1975764377330507,0.21307933913453525,1.8895810209900281,0.6773961782455444,0.0,1.2074949564259403,0.3227579381151839
123,weather,10,CNN,MTT,300,0.1,0.1880133975678695,0.29985743344694693,0.18932095767690918,0.15982842057898125,0.34138072696332705,2.811457317437603,0.8199042081832886,2.0,0.11907452582311027,0.3227579381151839
123,weather,11,CNN,MTT,300,0.1,0.1880133975678695,0.29985743344694693,0.3429560359561715,0.14796589631385068,0.06421412572275881,0.03804154391590599,0.998324453830719,0.0,0.19529482551475433,0.3227579381151839
123,weather,12,CNN,MTT,300,0.1,0.1880133975678695,0.29985743344694693,0.4326487150633316,0.1974546728196031,0.4150655244732327,1.2556489176807548,0.3210047483444214,0.0,0.8776389456472792,0.3227579381151839
123,weather,13,CNN,MTT,300,0.1,0.1880133975678695,0.29985743344694693,0.10484492397140324,0.05118056224319714,0.29424334376703565,0.638588245020052,0.8272207379341125,0.0,0.41560326674399745,0.3227579381151839
123,weather,14,CNN,MTT,300,0.1,0.1880133975678695,0.29985743344694693,0.03848879201419554,0.033229795547589876,0.30412263423771896,0.01865295236261337,0.9977208971977234,0.0,0.8995868636878379,0.3227579381151839
123,weather,15,CNN,MTT,300,0.1,0.1880133975678695,0.29985743344694693,0.02167638270336751,0.010825762139432198,0.33361262849350587,0.024743610477843514,0.9684163928031921,0.0,0.8313642484441334,0.3227579381151839
123,weather,16,CNN,MTT,300,0.1,0.1880133975678695,0.29985743344694693,0.2250951741748387,0.13927153247684254,0.3682002615891475,1.1231219254412401,0.5802115201950073,0.0,0.5676795499609244,0.3227579381151839
123,weather,17,CNN,MTT,300,0.1,0.1880133975678695,0.29985743344694693,0.2137364224210937,0.11789693256271978,0.380773222257159,1.162960534503638,0.6198763847351074,0.0,0.5822616189179378,0.3227579381151839
123,weather,18,CNN,MTT,300,0.1,0.1880133975678695,0.29985743344694693,0.2144285027096473,0.12521982511768776,0.414839693690165,1.1103589692623927,0.39379483461380005,0.0,0.6985829923713605,0.3227579381151839
123,weather,19,CNN,MTT,300,0.1,0.1880133975678695,0.29985743344694693,0.15091766762190584,0.17486159744605034,0.11693923261060353,2.212054332314955,0.726021409034729,0.0,0.043038515810872736,0.3227579381151839
123,weather,20,CNN,MTT,300,0.1,0.1880133975678695,0.29985743344694693,0.3337941111277971,0.29415106399182966,0.11057761027852812,0.05493016583562859,0.9986316561698914,0.0,0.6911494880231868,0.3227579381151839
123,weather,0,CNN,MTT,300,0.2,0.1880133975678695,0.27366661019545435,0.14037218814246818,0.07903351107335495,0.14799348046725905,2.116687540578282,0.9578832983970642,0.0,0.42057477392639186,0.3146726452962913
123,weather,1,CNN,MTT,300,0.2,0.1880133975678695,0.27366661019545435,0.16770731016195561,0.19249127024250598,0.20076993426689427,2.4498846056418304,0.785565197467804,0.0,0.040844779518685634,0.3146726452962913
123,weather,2,CNN,MTT,300,0.2,0.1880133975678695,0.27366661019545435,0.18181200230804284,0.18506560279770878,0.24515513450550575,2.566290620337739,0.7834429144859314,0.0,0.040629647560992285,0.3146726452962913
123,weather,3,CNN,MTT,300,0.2,0.1880133975678695,0.27366661019545435,0.21677579901166436,0.22845256257665594,0.12280066556195775,1.9354965292107782,0.817094624042511,0.0,0.6219020242886666,0.3146726452962913
123,weather,4,CNN,MTT,300,0.2,0.1880133975678695,0.27366661019545435,0.09245244944706621,0.1720653775392203,0.11306796049965682,1.492997063420037,0.44342827796936035,0.0,0.06109546438533746,0.3146726452962913
123,weather,5,CNN,MTT,300,0.2,0.1880133975678695,0.27366661019545435,0.18820066615481465,0.16706766239321721,0.2518111820221556,2.1557967968926435,0.5941444635391235,0.0,0.21447010289717738,0.3146726452962913
123,weather,6,CNN,MTT,300,0.2,0.1880133975678695,0.27366661019545435,0.20582497682512113,0.20839869031921004,0.18837022047378058,1.8541411755162145,0.7158064842224121,0.0,1.0707772778987263,0.3146726452962913
123,weather,7,CNN,MTT,300,0.2,0.1880133975678695,0.27366661019545435,0.18632853165510938,0.17496597335987166,0.27925129667874304,1.615769987696681,0.30224448442459106,0.0,0.34506871787593507,0.3146726452962913
123,weather,8,CNN,MTT,300,0.2,0.1880133975678695,0.27366661019545435,0.19989520562432148,0.20138665444020296,0.1898938005516424,1.8746224430725291,0.7111790180206299,0.0,1.076500508025384,0.3146726452962913
123,weather,9,CNN,MTT,300,0.2,0.1880133975678695,0.27366661019545435,0.1998328308345096,0.20135084482749357,0.1894039040653538,1.8762289256686895,0.7119642496109009,0.0,1.0733291379172465,0.3146726452962913
123,weather,10,CNN,MTT,300,0.2,0.1880133975678695,0.27366661019545435,0.19132496804385912,0.16001854235704163,0.3034495254067007,2.773519447225828,0.8215140104293823,2.0,0.10584393909238891,0.3146726452962913
123,weather,11,CNN,MTT,300,0.2,0.1880133975678695,0.27366661019545435,0.31011517098960517,0.14475548432372054,0.057079222311620874,0.0389829429763618,0.9978047013282776,0.0,0.1735954146086347,0.3146726452962913
123,weather,12,CNN,MTT,300,0.2,0.1880133975678695,0.27366661019545435,0.4265366336121546,0.19549927228504782,0.3689471742586359,1.230999029333411,0.20277714729309082,0.0,0.7801233730661964,0.3146726452962913
123,weather,13,CNN,MTT,300,0.2,0.1880133975678695,0.27366661019545435,0.11030461210941939,0.05049620620950636,0.2615496658111262,0.6284813959479552,0.8017438650131226,0.0,0.3694251516484953,0.3146726452962913
123,weather,14,CNN,MTT,300,0.2,0.1880133975678695,0.27366661019545435,0.0384177144979207,0.033198627244342284,0.27033122793523207,0.03725785048800161,0.9908867478370667,0.0,0.7996327790162775,0.3146726452962913
123,weather,15,CNN,MTT,300,0.2,0.1880133975678695,0.27366661019545435,0.03403417606886152,0.01629937361875997,0.2965445499796006,0.0369866036699297,0.9497421383857727,0.0,0.7389904069328894,0.3146726452962913
123,weather,16,CNN,MTT,300,0.2,0.1880133975678695,0.27366661019545435,0.22106652424216724,0.13889107682121493,0.3272891475402682,1.0975095490980702,0.45554792881011963,0.0,0.5046040909274324,0.3146726452962913
123,weather,17,CNN,MTT,300,0.2,0.1880133975678695,0.27366661019545435,0.20978941373109658,0.1177839566863746,0.3384650956732412,1.1343124296745961,0.48951828479766846,0.0,0.5175658331723091,0.3146726452962913
123,weather,18,CNN,MTT,300,0.2,0.1880133975678695,0.27366661019545435,0.20779292575820144,0.12367361214326339,0.36874641949594,1.074671164671077,0.2756776511669159,0.0,0.6209627291967849,0.3146726452962913
123,weather,19,CNN,MTT,300,0.2,0.1880133975678695,0.27366661019545435,0.14857594371022517,0.1721968124718657,0.10394602834251125,2.200022927073664,0.7334653735160828,0.0,0.03825653376807416,0.3146726452962913
123,weather,20,CNN,MTT,300,0.2,0.1880133975678695,0.27366661019545435,0.3021071785009443,0.28703810212071734,0.09829120782231725,0.04771323199418753,0.9974181056022644,0.0,0.6143551098274815,0.3146726452962913
123,weather,0,CNN,MTT,300,0.3,0.1880133975678695,0.26705582553271323,0.13999467103378782,0.076554855297241,0.12949429255550957,2.1034333441017585,0.9496097564697266,0.0,0.36800296520501685,0.3089641206152219
123,weather,1,CNN,MTT,300,0.3,0.1880133975678695,0.26705582553271323,0.16916490536910717,0.19096039069860826,0.17567367461896635,2.4245744822339845,0.7897775173187256,0.0,0.035739107249198473,0.3089641206152219
123,weather,2,CNN,MTT,300,0.3,0.1880133975678695,0.26705582553271323,0.18260491610052645,0.18399373705759203,0.21451071840084734,2.5351707043420095,0.7877815961837769,0.0,0.03555096649862309,0.3089641206152219
123,weather,3,CNN,MTT,300,0.3,0.1880133975678695,0.26705582553271323,0.21651593294618318,0.23478035934914251,0.10745055016509532,1.9254425439052703,0.8312258720397949,0.0,0.5441641355445981,0.3089641206152219
123,weather,4,CNN,MTT,300,0.3,0.1880133975678695,0.26705582553271323,0.09280289221692535,0.1696448106728216,0.09893445872411581,1.492817627845915,0.45119398832321167,0.0,0.05345841406523527,0.3089641206152219
123,weather,5,CNN,MTT,300,0.3,0.1880133975678695,0.26705582553271323,0.18637725664562593,0.16507256997913775,0.22033472658112,2.1226532440924983,0.6255104541778564,0.0,0.18766111801284419,0.3089641206152219
123,weather,6,CNN,MTT,300,0.3,0.1880133975678695,0.26705582553271323,0.20629631488426037,0.21247988571516904,0.16482392466490073,1.8430180408431753,0.7476300001144409,0.0,0.9369299764259759,0.3089641206152219
123,weather,7,CNN,MTT,300,0.3,0.1880133975678695,0.26705582553271323,0.18562917013232758,0.17198587047987657,0.24434486709109984,1.5856969007406316,0.35043197870254517,0.0,0.3019349941236257,0.3089641206152219
123,weather,8,CNN,MTT,300,0.3,0.1880133975678695,0.26705582553271323,0.2003856336933214,0.20532555464128613,0.16615703727778317,1.8619190326536361,0.7436473369598389,0.0,0.9419377236672103,0.3089641206152219
123,weather,9,CNN,MTT,300,0.3,0.1880133975678695,0.26705582553271323,0.20032329389303516,0.20530688591323498,0.16572842989858558,1.8635230694984002,0.7442904710769653,0.0,0.9391630751118071,0.3089641206152219
123,weather,10,CNN,MTT,300,0.3,0.1880133975678695,0.26705582553271323,0.19346084881968842,0.16035460613341018,0.2655184003147368,2.7355893153387525,0.8228931427001953,2.0,0.09261351370438345,0.3089641206152219
123,weather,11,CNN,MTT,300,0.3,0.1880133975678695,0.26705582553271323,0.29235779565904957,0.149414163627557,0.04994431951840964,0.038210740622359664,0.997083842754364,0.0,0.1518960037025151,0.3089641206152219
123,weather,12,CNN,MTT,300,0.3,0.1880133975678695,0.26705582553271323,0.4193312544750314,0.19297058248690613,0.32282871289930754,1.207565965670369,0.09203815460205078,0.0,0.6826078004851135,0.3089641206152219
123,weather,13,CNN,MTT,300,0.3,0.1880133975678695,0.26705582553271323,0.1148125361682902,0.050174754477929885,0.22885593145479977,0.6369816824005652,0.7730714678764343,0.0,0.3232469289563431,0.3089641206152219
123,weather,14,CNN,MTT,300,0.3,0.1880133975678695,0.26705582553271323,0.038394043389236916,0.03318824306062088,0.23653982061767317,0.05586208500347144,0.979497492313385,0.0,0.6996786856479218,0.3089641206152219
123,weather,15,CNN,MTT,300,0.3,0.1880133975678695,0.26705582553271323,0.04274874357312433,0.020187881590084472,0.25947647679728314,0.04813579687668532,0.9255862832069397,0.0,0.6466165483703407,0.3089641206152219
123,weather,16,CNN,MTT,300,0.3,0.1880133975678695,0.26705582553271323,0.2163373893199092,0.1384382955725714,0.2863779888669085,1.072737577382049,0.3370460271835327,0.0,0.44152863189394037,0.3089641206152219
123,weather,17,CNN,MTT,300,0.3,0.1880133975678695,0.26705582553271323,0.2051774183615343,0.11770454938286282,0.2961570316549809,1.1078245959568909,0.3656727075576782,0.0,0.452870236881766,0.3089641206152219
123,weather,18,CNN,MTT,300,0.3,0.1880133975678695,0.26705582553271323,0.20012781839559185,0.12191491851150577,0.32265311673394803,1.04046673686166,0.16438911855220795,0.0,0.5433423563681606,0.3089641206152219
123,weather,19,CNN,MTT,300,0.3,0.1880133975678695,0.26705582553271323,0.1461094634423488,0.1695358244944188,0.09095273136859634,2.1880038713491627,0.7405937910079956,0.0,0.03347446607118824,0.3089641206152219
123,weather,20,CNN,MTT,300,0.3,0.1880133975678695,0.26705582553271323,0.28708271166357435,0.2810055994399766,0.08600480761952865,0.04172055977049976,0.9957866668701172,0.0,0.5375607797590183,0.3089641206152219
123,weather,0,CNN,MTT,300,0.5,0.1880133975678695,0.28965858345211737,0.14005284687945124,0.07259090011842158,0.09249590126344993,2.0772338067953116,0.9307556748390198,0.0,0.2628592083324971,0.3038655159989956
123,weather,1,CNN,MTT,300,0.5,0.1880133975678695,0.28965858345211737,0.17252933660250147,0.18829854057207923,0.12548122932662628,2.374012858039973,0.7973719239234924,0.0,0.025528047328493966,0.3038655159989956
123,weather,2,CNN,MTT,300,0.5,0.1880133975678695,0.28965858345211737,0.18497695217754617,0.18208611899228438,0.1532219619021747,2.4729884609425525,0.7956247925758362,0.0,0.025393508223164104,0.3038655159989956
123,weather,3,CNN,MTT,300,0.5,0.1880133975678695,0.28965858345211737,0.21226182958609813,0.24782761123231323,0.07675042852893921,1.906035375985599,0.8567788004875183,0.0,0.3886888395636355,0.3038655159989956
123,weather,4,CNN,MTT,300,0.5,0.1880133975678695,0.28965858345211737,0.09337521889972271,0.16415517828286286,0.07066745996443201,1.4883755577935467,0.464360773563385,0.0,0.038184549544568375,0.3038655159989956
123,weather,5,CNN,MTT,300,0.5,0.1880133975678695,0.28965858345211737,0.18212186758937898,0.16170150803812866,0.15738190252056508,2.0567420641366665,0.6834129095077515,0.0,0.13404378376698486,0.3038655159989956
123,weather,6,CNN,MTT,300,0.5,0.1880133975678695,0.28965858345211737,0.20487642266211178,0.22117460366467023,0.11773139839107548,1.8228464747634758,0.8046515583992004,0.0,0.6692358655313185,0.3038655159989956
123,weather,7,CNN,MTT,300,0.5,0.1880133975678695,0.28965858345211737,0.18358669981224665,0.1646778458230318,0.17453203964420153,1.5173479859685357,0.43911975622177124,0.0,0.21566793769260972,0.3038655159989956
123,weather,8,CNN,MTT,300,0.5,0.1880133975678695,0.28965858345211737,0.1990558456062417,0.21374920300074124,0.1186835981859004,1.8385726787832104,0.8018231987953186,0.0,0.672812643616599,0.3038655159989956
123,weather,9,CNN,MTT,300,0.5,0.1880133975678695,0.28965858345211737,0.19898616223710125,0.21376300362796197,0.11837742173202781,1.8401570376838758,0.8022170662879944,0.0,0.6708305830558088,0.3038655159989956
123,weather,10,CNN,MTT,300,0.5,0.1880133975678695,0.28965858345211737,0.19833742957826805,0.16141540797025214,0.18965607507970747,2.6597954039357137,0.8249589204788208,2.0,0.06615244780475132,0.3038655159989956
123,weather,11,CNN,MTT,300,0.5,0.1880133975678695,0.28965858345211737,0.271897060167712,0.15612383472433716,0.0356745146865247,0.03900720676842285,0.9950388669967651,0.0,0.10849718189027587,0.3038655159989956
123,weather,12,CNN,MTT,300,0.5,0.1880133975678695,0.28965858345211737,0.4010000889277365,0.18562358005945667,0.23059195269982316,1.1680170664579108,0.10697358846664429,0.0,0.487577081593823,0.3038655159989956
123,weather,13,CNN,MTT,300,0.5,0.1880133975678695,0.28965858345211737,0.12140408919121477,0.04996562979105847,0.16346853377952306,0.6099355525046378,0.7061401605606079,0.0,0.23089075256366393,0.3038655159989956
123,weather,14,CNN,MTT,300,0.5,0.1880133975678695,0.28965858345211737,0.03837511484365196,0.03317993436407632,0.16895702303764104,0.09306939225990842,0.9430537819862366,0.0,0.4997704989112105,0.3038655159989956
123,weather,15,CNN,MTT,300,0.5,0.1880133975678695,0.28965858345211737,0.053578464835443124,0.025047779527662527,0.18534034733911772,0.06610105711857697,0.8608294725418091,0.0,0.4618688994504628,0.3038655159989956
123,weather,16,CNN,MTT,300,0.5,0.1880133975678695,0.28965858345211737,0.20410591313935783,0.1371210581375184,0.20455570955484784,1.0108067301756103,0.11852848529815674,0.0,0.31537752283765247,0.3038655159989956
123,weather,17,CNN,MTT,300,0.5,0.1880133975678695,0.28965858345211737,0.1934714570950512,0.11743600619743362,0.21154073869593815,1.0493984558013094,0.13751757144927979,0.0,0.32347885484559413,0.3038655159989956
123,weather,18,CNN,MTT,300,0.5,0.1880133975678695,0.28965858345211737,0.18112590591223132,0.11766881615836852,0.23046650815528058,0.9704029789069203,0.03770190104842186,0.0,0.38810161071091226,0.3038655159989956
123,weather,19,CNN,MTT,300,0.5,0.1880133975678695,0.28965858345211737,0.14067089858221576,0.16390429422443883,0.06496623165309957,2.1639855045400394,0.7539039850234985,0.0,0.023910330677416394,0.3038655159989956
123,weather,20,CNN,MTT,300,0.5,0.1880133975678695,0.28965858345211737,0.27275594803483777,0.27305498822200097,0.06143200814948737,0.02804958848732699,0.9912699460983276,0.0,0.38397207149484996,0.3038655159989956
123,weather,0,CNN,MTT,300,0.7,0.1880133975678695,0.24360703039170398,0.14073728223484558,0.06957305285117871,0.05549753023890292,2.051458654812249,0.9088256359100342,0.0,0.15771563736633687,0.30399287927251545
123,weather,1,CNN,MTT,300,0.7,0.1880133975678695,0.24360703039170398,0.17604871024600638,0.18595251786931044,0.07528878021537593,2.323532878472334,0.803859293460846,0.0,0.015316797662276246,0.30399287927251545
123,weather,2,CNN,MTT,300,0.7,0.1880133975678695,0.24360703039170398,0.18842745385779017,0.1803044213461922,0.09193320415801572,2.410891437010548,0.8023558259010315,0.0,0.015236049947705116,0.30399287927251545
123,weather,3,CNN,MTT,300,0.7,0.1880133975678695,0.24360703039170398,0.20081537441275804,0.26116798274117453,0.04605028496927618,1.8875734395227777,0.8787188529968262,0.0,0.23321342320587926,0.30399287927251545
123,weather,4,CNN,MTT,300,0.7,0.1880133975678695,0.24360703039170398,0.0940509772973032,0.15794271674786214,0.04240045492273356,1.4850623111195613,0.4743749499320984,0.0,0.022910685023901478,0.30399287927251545
123,weather,5,CNN,MTT,300,0.7,0.1880133975678695,0.24360703039170398,0.17740351668907373,0.15890995515116005,0.0944290681982128,1.991403436163759,0.7348766326904297,0.0,0.08042626794318067,0.30399287927251545
123,weather,6,CNN,MTT,300,0.7,0.1880133975678695,0.24360703039170398,0.19758616683911642,0.23035399702628656,0.0706388356624849,1.8055401821920227,0.8528391122817993,0.0,0.40154150861123944,0.30399287927251545
123,weather,7,CNN,MTT,300,0.7,0.1880133975678695,0.24360703039170398,0.18060403703029157,0.1552342947554777,0.10471920074006652,1.4520308556343342,0.5175579786300659,0.0,0.12940075090372616,0.30399287927251545
123,weather,8,CNN,MTT,300,0.7,0.1880133975678695,0.24360703039170398,0.19195594130498117,0.22263457548872287,0.07121015514057814,1.818081901857378,0.8509843945503235,0.0,0.4036875635659876,0.30399287927251545
123,weather,9,CNN,MTT,300,0.7,0.1880133975678695,0.24360703039170398,0.19186862221565987,0.22268560491250314,0.07102645373728846,1.8196357699873513,0.8511759042739868,0.0,0.4024983352965565,0.30399287927251545
123,weather,10,CNN,MTT,300,0.7,0.1880133975678695,0.24360703039170398,0.2044511979352451,0.1627090233393732,0.1137936694507889,2.584087421652216,0.8261016011238098,0.0,0.03969159702874039,0.30399287927251545
123,weather,11,CNN,MTT,300,0.7,0.1880133975678695,0.24360703039170398,0.2623289717230942,0.16012867627680716,0.021404707995112834,0.03893766571859688,0.9921894669532776,0.0,0.06509836007803664,0.30399287927251545
123,weather,12,CNN,MTT,300,0.7,0.1880133975678695,0.24360703039170398,0.3760691637438434,0.17396466352253456,0.1383551068077534,1.1216098262252814,0.2760305404663086,0.0,0.2925459364316574,0.30399287927251545
123,weather,13,CNN,MTT,300,0.7,0.1880133975678695,0.24360703039170398,0.12596864492616788,0.05006443773429971,0.09808114342571428,0.5899422134278658,0.6264268159866333,0.0,0.13853457617098475,0.30399287927251545
123,weather,14,CNN,MTT,300,0.7,0.1880133975678695,0.24360703039170398,0.03836700011634947,0.03317637534908201,0.10137421392788243,0.13027669117442425,0.8883897066116333,0.0,0.29986234696167996,0.30399287927251545
123,weather,15,CNN,MTT,300,0.7,0.1880133975678695,0.24360703039170398,0.059821679273054325,0.027862631310602966,0.11120421455328688,0.09772736281472458,0.7741460204124451,0.0,0.2771213187358045,0.30399287927251545
123,weather,16,CNN,MTT,300,0.7,0.1880133975678695,0.24360703039170398,0.1870403060621348,0.13517169455530065,0.12273346942892055,0.9809913242033133,0.07534027099609375,0.0,0.1892266047706684,0.30399287927251545
123,weather,17,CNN,MTT,300,0.7,0.1880133975678695,0.24360703039170398,0.17735411358360184,0.11712646019154398,0.12692447551832178,1.01022432730316,0.06458872556686401,0.0,0.19408737808187948,0.30399287927251545
123,weather,18,CNN,MTT,300,0.7,0.1880133975678695,0.24360703039170398,0.15655700114134322,0.1122868419905388,0.1382798894323599,0.9027345698268443,0.21247795224189758,0.0,0.23286086505366382,0.30399287927251545
123,weather,19,CNN,MTT,300,0.7,0.1880133975678695,0.24360703039170398,0.13452565315766352,0.15788476970844925,0.03897977426867025,2.140035699364013,0.7659520506858826,0.0,0.014346195283644546,0.30399287927251545
123,weather,20,CNN,MTT,300,0.7,0.1880133975678695,0.24360703039170398,0.2656255311946285,0.2682823977854356,0.03685920578462871,0.014337678426999942,0.9850816130638123,0.0,0.2303832669761974,0.30399287927251545
123,weather,0,CNN,MTT,300,1.0,0.1880133975678695,0.2198495282621541,0.1418552804756561,0.06620398744783172,5.171923871549612e-08,2.0136185349107767,0.8701632022857666,0.0,1.1824903197296526e-07,0.3089042490727507
123,weather,1,CNN,MTT,300,1.0,0.1880133975678695,0.2198495282621541,0.1813023733542966,0.18231106340226855,9.524520777383567e-08,2.24796263310434,0.8115146160125732,0.0,1.2427342863343237e-07,0.3089042490727507
123,weather,2,CNN,MTT,300,1.0,0.1880133975678695,0.2198495282621541,0.19473547908433275,0.17749621893005368,7.344206112069256e-08,2.317902213663865,0.8103671073913574,0.0,1.0291131814780434e-07,0.3089042490727507
123,weather,3,CNN,MTT,300,1.0,0.1880133975678695,0.2198495282621541,0.1625763445517026,0.2807073667985508,1.5564846890964284e-07,1.8617179681326017,0.904854953289032,0.0,1.7829245140100796e-07,0.3089042490727507
123,weather,4,CNN,MTT,300,1.0,0.1880133975678695,0.2198495282621541,0.09653829327105606,0.1478415016332595,1.6038310884869671e-07,1.4800896347318568,0.48348498344421387,0.0,1.1175709886533725e-07,0.3089042490727507
123,weather,5,CNN,MTT,300,1.0,0.1880133975678695,0.2198495282621541,0.1796298967461767,0.15553159994912305,1.9470392253844757e-07,1.8945765911978814,0.7999993562698364,0.0,3.960196058047912e-08,0.3089042490727507
123,weather,6,CNN,MTT,300,1.0,0.1880133975678695,0.2198495282621541,0.1608951979084299,0.24406457720344982,5.856182358805619e-08,1.7848391919346078,0.9085568189620972,0.0,9.624383165441406e-08,0.3089042490727507
123,weather,7,CNN,MTT,300,1.0,0.1880133975678695,0.2198495282621541,0.17429527180829038,0.1370538759607957,4.797504371006029e-08,1.3553233095146897,0.6159976720809937,0.0,2.9279599178658806e-08,0.3089042490727507
123,weather,8,CNN,MTT,300,1.0,0.1880133975678695,0.2198495282621541,0.15577384803963015,0.23596184109135418,8.194025029693338e-08,1.7926257374250727,0.9078238606452942,0.0,4.57328769774034e-09,0.3089042490727507
123,weather,9,CNN,MTT,300,1.0,0.1880133975678695,0.2198495282621541,0.15567648723347816,0.236070912518775,5.7088603226470364e-08,1.7925262261322803,0.9077994227409363,0.0,2.1956488141902208e-07,0.3089042490727507
123,weather,10,CNN,MTT,300,1.0,0.1880133975678695,0.2198495282621541,0.21686673664530107,0.16477880441323348,1.5488845014392984e-07,2.4707469590768443,0.8260847330093384,0.0,1.0574110279190527e-07,0.3089042490727507
123,weather,11,CNN,MTT,300,1.0,0.1880133975678695,0.2198495282621541,0.25625663242637137,0.16349260162412624,1.6378147419350193e-08,0.03555567479158778,0.9864071011543274,0.0,5.8949336584651914e-08,0.3089042490727507
123,weather,12,CNN,MTT,300,1.0,0.1880133975678695,0.2198495282621541,0.32461821465569013,0.1445084685621694,1.2945310854997665e-07,1.0421302552976706,0.4734504222869873,0.0,3.55040715964146e-07,0.3089042490727507
123,weather,13,CNN,MTT,300,1.0,0.1880133975678695,0.2198495282621541,0.13075507806767261,0.05021935343447091,6.99310829148318e-08,0.5519717955518051,0.4828905463218689,0.0,6.948950325470923e-08,0.3089042490727507
123,weather,14,CNN,MTT,300,1.0,0.1880133975678695,0.2198495282621541,0.03836091822919532,0.03317370528518367,4.6808616364469876e-08,0.18608764488885207,0.7722305059432983,0.0,1.1903738407106179e-07,0.3089042490727507
123,weather,15,CNN,MTT,300,1.0,0.1880133975678695,0.2198495282621541,0.06531162107204093,0.030345899471048814,7.682040384257262e-08,0.13578056934871285,0.6030081510543823,0.0,2.3990053690992934e-07,0.3089042490727507
123,weather,16,CNN,MTT,300,1.0,0.1880133975678695,0.2198495282621541,0.14966827494698298,0.13086988549249595,7.135740212801704e-08,0.9185578525670473,0.31992822885513306,0.0,5.881376343708768e-08,0.3089042490727507
123,weather,17,CNN,MTT,300,1.0,0.1880133975678695,0.2198495282621541,0.14240242715088167,0.11665542612326114,1.461163668908883e-07,0.9436652012568092,0.3189065456390381,0.0,3.050276217053932e-07,0.3089042490727507
123,weather,18,CNN,MTT,300,1.0,0.1880133975678695,0.2198495282621541,0.11095711556790767,0.10154337253032329,1.0634082346435395e-07,0.8097472426098989,0.4234265089035034,0.0,3.412411143770816e-08,0.3089042490727507
123,weather,19,CNN,MTT,300,1.0,0.1880133975678695,0.2198495282621541,0.12383412835636953,0.14799965986101463,1.1079499968945998e-07,2.1042473209751114,0.7816576361656189,0.0,9.346110057574965e-08,0.3089042490727507
123,weather,20,CNN,MTT,300,1.0,0.1880133975678695,0.2198495282621541,0.2598365549347003,0.2640281395055879,2.7268583149257446e-08,0.007196373975270219,0.9726647734642029,0.0,3.613459754494394e-08,0.3089042490727507
7,ETTh1,0,DLinear,MTT,300,0.0,0.393855746428131,0.3972001350913545,0.5057530080297439,0.3746284875137173,0.3975570366535372,0.3055964582383547,0.1084724068641662,0.0,0.8148119444298582,0.5897439961551031
7,ETTh1,1,DLinear,MTT,300,0.0,0.393855746428131,0.3972001350913545,0.4965171803340258,0.3475480840238628,0.3545237814567819,0.5847798425192846,0.3686756491661072,0.0,1.6146543757503975,0.5897439961551031
7,ETTh1,2,DLinear,MTT,300,0.0,0.393855746428131,0.3972001350913545,0.5123160584974741,0.3779156564920301,0.3664787437909267,0.359696832214475,0.1977818608283996,0.0,0.6730034154783867,0.5897439961551031
7,ETTh1,3,DLinear,MTT,300,0.0,0.393855746428131,0.3972001350913545,0.4112873281272313,0.3083546784457757,0.3126882975744638,0.3517987751740956,0.6983398199081421,0.0,1.0640694106971311,0.5897439961551031
7,ETTh1,4,DLinear,MTT,300,0.0,0.393855746428131,0.3972001350913545,0.4070567571696564,0.3520319324149781,0.4298424117770391,0.326190709965363,0.508629322052002,0.0,1.6856825393267052,0.5897439961551031
7,ETTh1,5,DLinear,MTT,300,0.0,0.393855746428131,0.3972001350913545,0.6143567829592321,0.4137218458885094,0.2890794721245563,0.7707688383346372,0.7001720666885376,15.0,0.6814902167893124,0.5897439961551031
7,ETTh1,6,DLinear,MTT,300,0.0,0.393855746428131,0.3972001350913545,0.5986881873323512,0.3592995025792647,0.3019905283525972,0.9458938485196572,0.8040962219238281,15.0,0.4725389123647784,0.5897439961551031
7,ETTh1,0,DLinear,MTT,300,0.1,0.393855746428131,0.397397458990527,0.497936429164137,0.3656373187069102,0.357801316635759,0.3053470577190099,0.1719317436218261,0.0,0.7333307492203262,0.5720831939996577
7,ETTh1,1,DLinear,MTT,300,0.1,0.393855746428131,0.397397458990527,0.4823457034461545,0.3343031521629334,0.3190713922570516,0.5947584591790852,0.4240329265594482,0.0,1.4531888866653906,0.5720831939996577
7,ETTh1,2,DLinear,MTT,300,0.1,0.393855746428131,0.397397458990527,0.5054074504989602,0.3678903134262597,0.3298308621248397,0.3539871321548063,0.2485089302062988,0.0,0.605703074917538,0.5720831939996577
7,ETTh1,3,DLinear,MTT,300,0.1,0.393855746428131,0.397397458990527,0.3942111164831097,0.2906013552482966,0.2814194841713798,0.3628475280848071,0.7159382104873657,0.0,0.9576625186690548,0.5720831939996577
7,ETTh1,4,DLinear,MTT,300,0.1,0.393855746428131,0.397397458990527,0.3771840969796962,0.3247254455699715,0.3868581541387819,0.3253980444718494,0.533429741859436,0.0,1.5171141342576715,0.5720831939996577
7,ETTh1,5,DLinear,MTT,300,0.1,0.393855746428131,0.397397458990527,0.5835436371277539,0.3929651161743819,0.2601715226009556,0.7769247100517482,0.7216893434524536,15.0,0.6133412240898612,0.5720831939996577
7,ETTh1,6,DLinear,MTT,300,0.1,0.393855746428131,0.397397458990527,0.5720193235187926,0.3417036733881957,0.2717914904452271,0.9295557507120712,0.8225886225700378,15.0,0.4252850278403434,0.5720831939996577
7,ETTh1,0,DLinear,MTT,300,0.2,0.393855746428131,0.4024380887646221,0.4876610964600436,0.3539131815925732,0.3180456212209193,0.3064942647810159,0.2296671867370605,0.0,0.6518495540107941,0.5508720415629035
7,ETTh1,1,DLinear,MTT,300,0.2,0.393855746428131,0.4024380887646221,0.4659011151043055,0.3184222256374475,0.2836190390971159,0.5977394617085884,0.4744059443473816,0.0,1.291723607435805,0.5508720415629035
7,ETTh1,2,DLinear,MTT,300,0.2,0.393855746428131,0.4024380887646221,0.4962049032852278,0.3552939800866782,0.2931829669461114,0.3502385538815689,0.2945162653923034,0.0,0.5384026257877903,0.5508720415629035
7,ETTh1,3,DLinear,MTT,300,0.2,0.393855746428131,0.4024380887646221,0.3741498835989161,0.2696600898430063,0.2501506402888007,0.3666862176082727,0.731103777885437,0.0,0.8512556266409782,0.5508720415629035
7,ETTh1,4,DLinear,MTT,300,0.2,0.393855746428131,0.4024380887646221,0.3416902705381239,0.292441194444974,0.3438739226868592,0.3247665442131729,0.5508413314819336,0.0,1.348545987190577,0.5508720415629035
7,ETTh1,5,DLinear,MTT,300,0.2,0.393855746428131,0.4024380887646221,0.5468310024035961,0.3695391133238815,0.2312635799908555,0.7840281781762318,0.7400429248809814,15.0,0.5451921790250251,0.5508720415629035
7,ETTh1,6,DLinear,MTT,300,0.2,0.393855746428131,0.4024380887646221,0.5381331805651821,0.3203466656846815,0.2415924163965367,0.9134374529709348,0.8389053344726562,15.0,0.3780311433159082,0.5508720415629035
7,ETTh1,0,DLinear,MTT,300,0.3,0.393855746428131,0.4065688073151008,0.4745797756871089,0.3390773435507658,0.2782898822870067,0.3084672200881122,0.2816789746284485,0.0,0.5703682463744837,0.5261833965163553
7,ETTh1,1,DLinear,MTT,300,0.3,0.393855746428131,0.4065688073151008,0.4459442353227008,0.2993851352738602,0.2481666588854187,0.6118091627904712,0.5197949409484863,0.0,1.1302581183507985,0.5261833965163553
7,ETTh1,2,DLinear,MTT,300,0.3,0.393855746428131,0.4065688073151008,0.4844279432419213,0.3398170137250011,0.2565351574195867,0.3387835520950962,0.3358036875724792,0.0,0.4711025023647398,0.5261833965163553
7,ETTh1,3,DLinear,MTT,300,0.3,0.393855746428131,0.4065688073151008,0.3530831181821989,0.2455431029731475,0.2188818009318711,0.3675777483899968,0.7438367009162903,0.0,0.7448487346129016,0.5261833965163553
7,ETTh1,4,DLinear,MTT,300,0.3,0.393855746428131,0.4065688073151008,0.3021371743179472,0.2564544517787321,0.3008896658550253,0.3260289122247042,0.5608643293380737,0.0,1.179977582121543,0.5261833965163553
7,ETTh1,5,DLinear,MTT,300,0.3,0.393855746428131,0.4065688073151008,0.5043152080853096,0.3432617460019987,0.2023556228452609,0.7915132725390793,0.755233108997345,15.0,0.477043133960189,0.5261833965163553
7,ETTh1,6,DLinear,MTT,300,0.3,0.393855746428131,0.4065688073151008,0.4961307380426563,0.2951743510333843,0.2113933320064827,0.8993756139427984,0.8530464172363281,15.0,0.3307772996675811,0.5261833965163553
7,ETTh1,0,DLinear,MTT,300,0.5,0.393855746428131,0.4129509206815714,0.438801263969466,0.2988648333687325,0.1987784850254763,0.3157728915176143,0.3685304522514343,0.0,0.4074058559554196,0.4682078816040937
7,ETTh1,1,DLinear,MTT,300,0.5,0.393855746428131,0.4129509206815714,0.3947156862326886,0.2518143097830851,0.1772619213148161,0.6476675356360082,0.5956206321716309,0.0,0.8073273500362059,0.4682078816040937
7,ETTh1,2,DLinear,MTT,300,0.5,0.393855746428131,0.4129509206815714,0.4522517083332684,0.2994336761399911,0.1832393332002007,0.3345703004287801,0.4042198061943054,0.0,0.3365016041052442,0.4682078816040937
7,ETTh1,3,DLinear,MTT,300,0.5,0.393855746428131,0.4129509206815714,0.3061418381689868,0.1894755020343079,0.1563441256882673,0.3886739532818244,0.7620044946670532,0.0,0.5320347107976365,0.4682078816040937
7,ETTh1,4,DLinear,MTT,300,0.5,0.393855746428131,0.4129509206815714,0.220131830034654,0.1794384453126283,0.2149212020832367,0.3376138619474099,0.5587438344955444,0.0,0.8428412879873539,0.4682078816040937
7,ETTh1,5,DLinear,MTT,300,0.5,0.393855746428131,0.4129509206815714,0.4084701996666997,0.2927858921922684,0.1445397343933211,0.8073274670517359,0.7761228680610657,15.0,0.3407450961959017,0.4682078816040937
7,ETTh1,6,DLinear,MTT,300,0.5,0.393855746428131,0.4129509206815714,0.3863810445118358,0.2329966474353134,0.1509952974199424,0.8709086611857229,0.8748018145561218,15.0,0.2362695714948189,0.4682078816040937
7,ETTh1,0,DLinear,MTT,300,0.7,0.393855746428131,0.4238180633894529,0.3892280888362349,0.2442239587922177,0.1192670699872521,0.3230568805515292,0.4324866533279419,0.0,0.2444434655363555,0.4055242765494439
7,ETTh1,1,DLinear,MTT,300,0.7,0.393855746428131,0.4238180633894529,0.3328314867173442,0.1942085749053714,0.106357165352956,0.6709119325399072,0.6515096426010132,0.0,0.484396476793903,0.4055242765494439
7,ETTh1,2,DLinear,MTT,300,0.7,0.393855746428131,0.4238180633894529,0.4085722928436275,0.2471612821746052,0.1099436220444044,0.3336018528194303,0.4537568092346191,0.0,0.201901031552446,0.4055242765494439
7,ETTh1,3,DLinear,MTT,300,0.7,0.393855746428131,0.4238180633894529,0.2582797615149657,0.1302520315114301,0.0938065121589191,0.4091495204564229,0.7704415321350098,0.0,0.3192208068619273,0.4055242765494439
7,ETTh1,4,DLinear,MTT,300,0.7,0.393855746428131,0.4238180633894529,0.1484674999603417,0.1099204764422987,0.1289527135332658,0.355629457673389,0.5270686149597168,0.0,0.5057047358512257,0.4055242765494439
7,ETTh1,5,DLinear,MTT,300,0.7,0.393855746428131,0.4238180633894529,0.3136675379951754,0.2574312475990596,0.0867238519798544,0.8246539608731139,0.7843585014343262,15.0,0.2044471107969994,0.4055242765494439
7,ETTh1,6,DLinear,MTT,300,0.7,0.393855746428131,0.4238180633894529,0.2495543113684398,0.1666981780970669,0.0905971655061088,0.8424223446043954,0.8878546953201294,15.0,0.1417616389415166,0.4055242765494439
7,ETTh1,0,DLinear,MTT,300,1.0,0.393855746428131,0.4386418183359252,0.3017467175088393,0.1442362571350465,7.207143750168133e-08,0.3442450347374259,0.485491931438446,0.0,1.2009224056927696e-07,0.3303893608377247
7,ETTh1,1,DLinear,MTT,300,1.0,0.393855746428131,0.4386418183359252,0.2308843247450215,0.1140948810884372,1.2096466419980006e-07,0.6959963470009272,0.6979626417160034,0.0,2.193943039256089e-07,0.3303893608377247
7,ETTh1,2,DLinear,MTT,300,1.0,0.393855746428131,0.4386418183359252,0.3331024911276651,0.1542425994726332,4.6663055988756654e-08,0.3423803843396564,0.4926643967628479,0.0,9.869900006193505e-09,0.3303893608377247
7,ETTh1,3,DLinear,MTT,300,1.0,0.393855746428131,0.4386418183359252,0.2002627365144964,0.0616660117645756,6.610360003347658e-08,0.4482807030949908,0.7648518681526184,0.0,7.083791939722015e-08,0.3303893608377247
7,ETTh1,4,DLinear,MTT,300,1.0,0.393855746428131,0.4386418183359252,0.0957855409978106,0.0757151304232347,7.079411996048304e-08,0.4100787664477937,0.4241399765014648,0.0,9.235296690091348e-08,0.3303893608377247
7,ETTh1,5,DLinear,MTT,300,1.0,0.393855746428131,0.4386418183359252,0.1893045554441543,0.2164123865818702,4.62002681710886e-08,0.8481875298530526,0.7729856967926025,0.0,1.326986459583703e-07,0.3303893608377247
7,ETTh1,6,DLinear,MTT,300,1.0,0.393855746428131,0.4386418183359252,0.0556189354226056,0.1512183970874439,5.8204648384329935e-08,0.795331759589189,0.8911168575286865,0.0,2.6244319297487724e-08,0.3303893608377247
42,ETTh1,0,DLinear,MTT,300,0.0,0.3981603195700491,0.5195597928355288,0.5210116258720178,0.3888104329698889,0.5180380106701641,0.8948948343946204,0.3708692789077759,0.0,1.2970470480634213,0.430937515134321
42,ETTh1,1,DLinear,MTT,300,0.0,0.3981603195700491,0.5195597928355288,0.4770902485275535,0.3411553330053289,0.2704898045308212,1.7659372059164322,0.7307964563369751,0.0,0.7043993518128691,0.430937515134321
42,ETTh1,2,DLinear,MTT,300,0.0,0.3981603195700491,0.5195597928355288,0.5240643720910644,0.3923027356246346,0.5279605791035722,0.8485156582221006,0.4851566553115845,0.0,1.311621422222035,0.430937515134321
42,ETTh1,3,DLinear,MTT,300,0.0,0.3981603195700491,0.5195597928355288,0.3448812895930841,0.2807089877266456,0.233703459714338,1.4628085951462877,0.81063312292099,0.0,0.5872561493162569,0.430937515134321
42,ETTh1,4,DLinear,MTT,300,0.0,0.3981603195700491,0.5195597928355288,0.3512278571493743,0.290003456423782,0.386823704798553,0.7926184231197018,0.8590722680091858,0.0,0.2572870525834313,0.430937515134321
42,ETTh1,5,DLinear,MTT,300,0.0,0.3981603195700491,0.5195597928355288,0.6122444957304576,0.395002877369185,0.4311899415689482,1.457380435408128,0.9103494882583618,15.0,0.8460332791566307,0.430937515134321
42,ETTh1,6,DLinear,MTT,300,0.0,0.3981603195700491,0.5195597928355288,0.4335726507142931,0.2529589871345508,0.1608552029655884,2.2652980058384764,0.8965965509414673,15.0,0.684782993737933,0.430937515134321
42,ETTh1,0,DLinear,MTT,300,0.1,0.3981603195700491,0.5079442950836806,0.5156844435686491,0.3815948122108689,0.4662341929495898,0.8955124046153166,0.2371042966842651,0.0,1.1673422975198215,0.4147189809547639
42,ETTh1,1,DLinear,MTT,300,0.1,0.3981603195700491,0.5079442950836806,0.452994334187938,0.3196470319165745,0.2434407927755921,1.7612136118765027,0.7388308048248291,0.0,0.6339592811794467,0.4147189809547639
42,ETTh1,2,DLinear,MTT,300,0.1,0.3981603195700491,0.5079442950836806,0.5194161532497885,0.3853545042458315,0.4751644632688077,0.849442386717404,0.3373514413833618,0.0,1.180459118133473,0.4147189809547639
42,ETTh1,3,DLinear,MTT,300,0.1,0.3981603195700491,0.5079442950836806,0.3215895390060986,0.2588404533990892,0.2103331114708191,1.4505184784332816,0.8142845034599304,0.0,0.5285305114985341,0.4147189809547639
42,ETTh1,4,DLinear,MTT,300,0.1,0.3981603195700491,0.5079442950836806,0.3087671193410884,0.2523168407949542,0.3481413311761107,0.7888496606028188,0.8425006866455078,0.0,0.2315581961887248,0.4147189809547639
42,ETTh1,5,DLinear,MTT,300,0.1,0.3981603195700491,0.5079442950836806,0.5715261146210121,0.375424635539522,0.3880709438571224,1.500794621025899,0.9084457755088806,15.0,0.7614299566560245,0.4147189809547639
42,ETTh1,6,DLinear,MTT,300,0.1,0.3981603195700491,0.5079442950836806,0.4042901423346149,0.2477549312198635,0.1447696862597478,2.259032900094668,0.9002944231033325,15.0,0.6163047215142365,0.4147189809547639
42,ETTh1,0,DLinear,MTT,300,0.2,0.3981603195700491,0.5158548497945781,0.5081883162236186,0.3719709343912456,0.4144303811764711,0.8979531454654942,0.1140346527099609,0.0,1.037637546976222,0.3967128755802646
42,ETTh1,1,DLinear,MTT,300,0.2,0.3981603195700491,0.5158548497945781,0.4248467867742391,0.2949777773368689,0.2163918236805916,1.7560242801177826,0.7443499565124512,0.0,0.5635194204014454,0.3967128755802646
42,ETTh1,2,DLinear,MTT,300,0.2,0.3981603195700491,0.5158548497945781,0.512999448515984,0.3762928760047625,0.4223685010921409,0.8557478273271594,0.2006627321243286,0.0,1.0492972483205072,0.3967128755802646
42,ETTh1,3,DLinear,MTT,300,0.2,0.3981603195700491,0.5158548497945781,0.2968422024146054,0.2342280262834287,0.1869627618911283,1.4440907740566404,0.8161071538925171,0.0,0.4698048736808114,0.3967128755802646
42,ETTh1,4,DLinear,MTT,300,0.2,0.3981603195700491,0.5158548497945781,0.2647647398900646,0.2153046933823738,0.3094589596671402,0.7872945573816342,0.8199464678764343,0.0,0.2058295977959577,0.3967128755802646
42,ETTh1,5,DLinear,MTT,300,0.2,0.3981603195700491,0.5158548497945781,0.5211330803956559,0.3517462860395742,0.3449519390068893,1.537706614067032,0.9039126038551332,15.0,0.6768266603381108,0.3967128755802646
42,ETTh1,6,DLinear,MTT,300,0.2,0.3981603195700491,0.5158548497945781,0.3705805642732513,0.2418081046095721,0.1286841762374971,2.2559033270038222,0.9030487537384032,15.0,0.547826408414432,0.3967128755802646
42,ETTh1,0,DLinear,MTT,300,0.3,0.3981603195700491,0.5140281516465914,0.4979638883068403,0.3593593898709027,0.3626265633455365,0.9046970869167528,0.0016605854034423,0.0,0.907932796432622,0.3779563127063615
42,ETTh1,1,DLinear,MTT,300,0.3,0.3981603195700491,0.5140281516465914,0.3937254913506744,0.2674001815855591,0.1893428611242255,1.7486897497627645,0.74735426902771,0.0,0.4930794546957336,0.3779563127063615
42,ETTh1,2,DLinear,MTT,300,0.3,0.3981603195700491,0.5140281516465914,0.5043387210115632,0.3645927903698837,0.3695723846473051,0.8576480018257575,0.0750898122787475,0.0,0.918134944231945,0.3779563127063615
42,ETTh1,3,DLinear,MTT,300,0.3,0.3981603195700491,0.5140281516465914,0.2707011661676695,0.2076735836237151,0.163592413826083,1.4368108728842943,0.8161009550094604,0.0,0.4110793557426446,0.3779563127063615
42,ETTh1,4,DLinear,MTT,300,0.3,0.3981603195700491,0.5140281516465914,0.2235068656882772,0.1825716011500795,0.2707765814998162,0.7818405503739649,0.7914097309112549,0.0,0.1801007414012513,0.3779563127063615
42,ETTh1,5,DLinear,MTT,300,0.3,0.3981603195700491,0.5140281516465914,0.4661896576232869,0.3283884730212937,0.30183293685557,1.572968772913633,0.8967499732971191,15.0,0.592223311654812,0.3779563127063615
42,ETTh1,6,DLinear,MTT,300,0.3,0.3981603195700491,0.5140281516465914,0.3330623408702596,0.2343815489473702,0.1125986325818933,2.259571494928732,0.9048595428466796,15.0,0.4793480953146273,0.3779563127063615
42,ETTh1,0,DLinear,MTT,300,0.5,0.3981603195700491,0.5100306046440162,0.4666208851082298,0.3224310097882292,0.2590190021584057,0.9113580240292296,0.1910023093223571,0.0,0.6485235201989795,0.3408298704532423
42,ETTh1,1,DLinear,MTT,300,0.5,0.3981603195700491,0.5100306046440162,0.3263852915086007,0.207169551141046,0.1352448761099454,1.7357576315044485,0.7458175420761108,0.0,0.3521997331397312,0.3408298704532423
42,ETTh1,2,DLinear,MTT,300,0.5,0.3981603195700491,0.5100306046440162,0.4778631459549878,0.3306655476949556,0.2639803062376192,0.859664358398985,0.1427069306373596,0.0,0.655810770330417,0.3408298704532423
42,ETTh1,3,DLinear,MTT,300,0.5,0.3981603195700491,0.5100306046440162,0.2212108441965196,0.1526481591493859,0.1168517209846764,1.422659175914191,0.8106023073196411,0.0,0.2936280801071991,0.3408298704532423
42,ETTh1,4,DLinear,MTT,300,0.5,0.3981603195700491,0.5100306046440162,0.1574083332522113,0.1307297779426812,0.1934118497611657,0.7620878054241653,0.716388463973999,0.0,0.128643544615717,0.3408298704532423
42,ETTh1,5,DLinear,MTT,300,0.5,0.3981603195700491,0.5100306046440162,0.364068106361378,0.2911922946072782,0.2155949648603106,1.6513277496594918,0.8745362162590027,15.0,0.4230167190189846,0.3408298704532423
42,ETTh1,6,DLinear,MTT,300,0.5,0.3981603195700491,0.5100306046440162,0.2504537588403242,0.2156393830559216,0.0804276052317808,2.255572226760007,0.9056506752967834,15.0,0.3423915508672342,0.3408298704532423
42,ETTh1,0,DLinear,MTT,300,0.7,0.3981603195700491,0.452113840508035,0.4158128384238322,0.2652649547678344,0.1554113395998377,0.9162761120212743,0.3408840298652649,0.0,0.3891139066850018,0.3066820613340624
42,ETTh1,1,DLinear,MTT,300,0.7,0.3981603195700491,0.452113840508035,0.2601507197395604,0.147803472697087,0.0811469416365215,1.718034270841464,0.7342206239700317,0.0,0.2113199066560181,0.3066820613340624
42,ETTh1,2,DLinear,MTT,300,0.7,0.3981603195700491,0.452113840508035,0.434264340179697,0.2777565860357847,0.1583881906325634,0.8669599512638305,0.3160387873649597,0.0,0.39348648785999,0.3066820613340624
42,ETTh1,3,DLinear,MTT,300,0.7,0.3981603195700491,0.452113840508035,0.1838072389333419,0.1042658389200442,0.0701110218232444,1.4105013876818568,0.7977885007858276,0.0,0.1761768044717537,0.3066820613340624
42,ETTh1,4,DLinear,MTT,300,0.7,0.3981603195700491,0.452113840508035,0.1113991868075466,0.0996248188229424,0.1160471105995257,0.7574775065589076,0.6174367666244507,0.0,0.0771858963267889,0.3066820613340624
42,ETTh1,5,DLinear,MTT,300,0.7,0.3981603195700491,0.452113840508035,0.2836041035074548,0.2657320499040587,0.1293569746522039,1.7353820964539624,0.8418045043945312,0.0,0.2538100740177721,0.3066820613340624
42,ETTh1,6,DLinear,MTT,300,0.7,0.3981603195700491,0.452113840508035,0.1657962591104244,0.1963789554737835,0.0482565682043858,2.2503942213530106,0.9026677012443542,0.0,0.205434924667625,0.3066820613340624
42,ETTh1,0,DLinear,MTT,300,1.0,0.3981603195700491,0.4678525236067307,0.3044888547467251,0.1432451294638461,7.464514597286742e-08,0.918384284229004,0.485491931438446,0.0,1.2009224056927696e-07,0.2649446328005073
42,ETTh1,1,DLinear,MTT,300,1.0,0.3981603195700491,0.4678525236067307,0.1773831995244258,0.0746399974860664,1.1550479619244625e-07,1.708119043997789,0.6979626417160034,0.0,9.538882864349556e-09,0.2649446328005073
42,ETTh1,2,DLinear,MTT,300,1.0,0.3981603195700491,0.4678525236067307,0.3384325423747247,0.1592133749763955,5.0289342708977493e-08,0.8798864633386778,0.4926643967628479,0.0,9.869900006193505e-09,0.2649446328005073
42,ETTh1,3,DLinear,MTT,300,1.0,0.3981603195700491,0.4678525236067307,0.148037737529319,0.0614487658216464,6.866074537197282e-08,1.3892460722360087,0.7648518681526184,0.0,4.904163652294417e-08,0.2649446328005073
42,ETTh1,4,DLinear,MTT,300,1.0,0.3981603195700491,0.4678525236067307,0.0726650692493856,0.0751323862056886,8.509375300918092e-08,0.7506746519691393,0.42413991689682,0.0,2.785248207359985e-08,0.2649446328005073
42,ETTh1,5,DLinear,MTT,300,1.0,0.3981603195700491,0.4678525236067307,0.2034221224608862,0.2374802638720579,6.231452472359193e-08,1.8693611579567464,0.7729856371879578,0.0,1.326986459583703e-07,0.2649446328005073
42,ETTh1,6,DLinear,MTT,300,1.0,0.3981603195700491,0.4678525236067307,0.0588945147969576,0.1719939734754684,5.5247224105618024e-08,2.234918276890863,0.8911168575286865,0.0,2.6244319297487724e-08,0.2649446328005073
123,ETTh1,0,DLinear,MTT,300,0.0,0.3876864755582715,0.4354840677396205,0.3761860480356234,0.1649627420554258,0.305018861645606,0.975249784063638,0.0065492987632751,0.0,0.4608650139322128,0.4152361908987028
123,ETTh1,1,DLinear,MTT,300,0.0,0.3876864755582715,0.4354840677396205,0.3978449987903253,0.2246366554850013,0.5538866098416141,1.222904566779185,0.6695318222045898,0.0,0.2811630435442317,0.4152361908987028
123,ETTh1,2,DLinear,MTT,300,0.0,0.3876864755582715,0.4354840677396205,0.3866373471079496,0.1822495123292422,0.3482040941911123,0.9265276445199696,0.1685229539871215,0.0,0.5791295340465481,0.4152361908987028
123,ETTh1,3,DLinear,MTT,300,0.0,0.3876864755582715,0.4354840677396205,0.3485211334511689,0.1706491325548845,0.3103136414277098,0.4067362329288549,0.6913525462150574,0.0,0.3297961017669805,0.4152361908987028
123,ETTh1,4,DLinear,MTT,300,0.0,0.3876864755582715,0.4354840677396205,0.252226021878182,0.1891281518650865,0.4242040711226329,0.6723398223450776,0.7863696813583374,16.0,0.1488774757070149,0.4152361908987028
123,ETTh1,5,DLinear,MTT,300,0.0,0.3876864755582715,0.4354840677396205,0.1549665219945754,0.3380274352292134,1.2242378270047196,2.987622180488156,0.560989499092102,2.0,0.1346193362220393,0.4152361908987028
123,ETTh1,6,DLinear,MTT,300,0.0,0.3876864755582715,0.4354840677396205,0.1026825946185024,0.1849793289588129,0.7461971405714877,1.455229311168832,0.9300552010536194,0.0,0.3629943764679646,0.4152361908987028
123,ETTh1,0,DLinear,MTT,300,0.1,0.3876864755582715,0.4397335106137982,0.3724884975950027,0.1647914071336892,0.274516983421082,0.9636044626607346,0.0667265057563781,0.0,0.4147785792285123,0.4111632920700033
123,ETTh1,1,DLinear,MTT,300,0.1,0.3876864755582715,0.4397335106137982,0.3818944508842564,0.2178334020728224,0.4984979556015755,1.2777718053611389,0.6778467893600464,0.0,0.2530467191581547,0.4111632920700033
123,ETTh1,2,DLinear,MTT,300,0.1,0.3876864755582715,0.4397335106137982,0.3841919698103309,0.1822659048714698,0.3133836621473079,0.9151502611092032,0.0853832960128784,0.0,0.5212164947737641,0.4111632920700033
123,ETTh1,3,DLinear,MTT,300,0.1,0.3876864755582715,0.4397335106137982,0.3358942592093528,0.1645585035917245,0.2792823015150876,0.406855850399113,0.7036430835723877,0.0,0.2968165166560078,0.4111632920700033
123,ETTh1,4,DLinear,MTT,300,0.1,0.3876864755582715,0.4397335106137982,0.2253845622107818,0.1680820530469629,0.3817836623760882,0.7011318771674276,0.7722354531288147,16.0,0.1339896028001441,0.4111632920700033
123,ETTh1,5,DLinear,MTT,300,0.1,0.3876864755582715,0.4397335106137982,0.154649147233461,0.3288214533441801,1.1018140124102402,2.8686268247625004,0.5919409990310669,2.0,0.1211574001600845,0.4111632920700033
123,ETTh1,6,DLinear,MTT,300,0.1,0.3876864755582715,0.4397335106137982,0.0913300235861452,0.1774754833596143,0.6715774276081369,1.3861418253450384,0.9274739027023317,0.0,0.326694921007546,0.4111632920700033
123,ETTh1,0,DLinear,MTT,300,0.2,0.3876864755582715,0.4406815947370976,0.3681877866483408,0.1643254405103878,0.2440150712175578,0.9458366860286196,0.1241740584373474,0.0,0.3686919196712551,0.4067147241541355
123,ETTh1,1,DLinear,MTT,300,0.2,0.3876864755582715,0.4406815947370976,0.3642955560941832,0.2101536756960573,0.443109284050958,1.337166281329828,0.684945821762085,0.0,0.2249303947720777,0.4067147241541355
123,ETTh1,2,DLinear,MTT,300,0.2,0.3876864755582715,0.4406815947370976,0.3813237018410367,0.1821223515707438,0.2785633041786768,0.9006136106569322,0.006026268005371,0.0,0.4633036726387781,0.4067147241541355
123,ETTh1,3,DLinear,MTT,300,0.2,0.3876864755582715,0.4406815947370976,0.3216577826928655,0.1579900542011285,0.2482508634380835,0.4026377056460268,0.7148356437683105,0.0,0.263836931545035,0.4067147241541355
123,ETTh1,4,DLinear,MTT,300,0.2,0.3876864755582715,0.4406815947370976,0.1977102188106156,0.146712956803721,0.3393632518294727,0.7368615722776095,0.7531926035881042,16.0,0.1191019878952125,0.4067147241541355
123,ETTh1,5,DLinear,MTT,300,0.2,0.3876864755582715,0.4406815947370976,0.1548846465300829,0.3189911076606783,0.9793903565894864,2.750006882352042,0.6207252740859985,2.0,0.1076954117327447,0.4067147241541355
123,ETTh1,6,DLinear,MTT,300,0.2,0.3876864755582715,0.4406815947370976,0.0805698322353965,0.1720658762359438,0.5969577168093243,1.3167611073197745,0.9246009588241576,0.0,0.2903955064232355,0.4067147241541355
123,ETTh1,0,DLinear,MTT,300,0.3,0.3876864755582715,0.4416042040726807,0.3632001948907135,0.1635077007358328,0.2135132073630581,0.933552160477502,0.1788921356201172,0.0,0.3226054849675546,0.4019898476492735
123,ETTh1,1,DLinear,MTT,300,0.3,0.3876864755582715,0.4416042040726807,0.3451424478764959,0.2018592498295711,0.3877206292524121,1.3908705264987185,0.6908289194107056,0.0,0.1968140703860007,0.4019898476492735
123,ETTh1,2,DLinear,MTT,300,0.3,0.3876864755582715,0.4416042040726807,0.3779593144603785,0.1817113130701091,0.2437428789131318,0.8987484120450819,0.0695483088493347,0.0,0.4053907419348931,0.4019898476492735
123,ETTh1,3,DLinear,MTT,300,0.3,0.3876864755582715,0.4416042040726807,0.3057856704409629,0.1507732378056126,0.2172195550835529,0.4052651985183858,0.7249302864074707,0.0,0.2308573464340623,0.4019898476492735
123,ETTh1,4,DLinear,MTT,300,0.3,0.3876864755582715,0.4416042040726807,0.1708838352007947,0.1263736124381183,0.2969428461266621,0.7680736923788266,0.729241132736206,16.0,0.1042142439893113,0.4019898476492735
123,ETTh1,5,DLinear,MTT,300,0.3,0.3876864755582715,0.4416042040726807,0.1554397324947589,0.3085647577803752,0.8569665434937792,2.632227647043499,0.6473425626754761,0.0,0.0942336327669447,0.4019898476492735
123,ETTh1,6,DLinear,MTT,300,0.3,0.3876864755582715,0.4416042040726807,0.0707102586168427,0.167554298618991,0.5223379856376008,1.2478069021440534,0.9214363098144532,0.0,0.2540959692106009,0.4019898476492735
123,ETTh1,0,DLinear,MTT,300,0.5,0.3876864755582715,0.4352519102928994,0.3512387997932784,0.160541021771489,0.1525093794904808,0.9328005694678648,0.2801397442817688,0.0,0.2304322782798185,0.3920001864058081
123,ETTh1,1,DLinear,MTT,300,0.5,0.3876864755582715,0.4352519102928994,0.3027750484180025,0.1838305504091051,0.2769433636731223,1.5010225255565777,0.6989469528198242,0.0,0.1405816314692678,0.3920001864058081
123,ETTh1,2,DLinear,MTT,300,0.5,0.3876864755582715,0.4352519102928994,0.3693803978673632,0.1798111481533518,0.1741020486404173,0.8895787394611977,0.2093505263328552,0.0,0.289564771958224,0.3920001864058081
123,ETTh1,3,DLinear,MTT,300,0.5,0.3876864755582715,0.4352519102928994,0.2692188451451846,0.1347122563050849,0.1551568380308382,0.4275396337799815,0.7418259382247925,0.0,0.164897936453005,0.3920001864058081
123,ETTh1,4,DLinear,MTT,300,0.5,0.3876864755582715,0.4352519102928994,0.1238742849739993,0.0907510350962887,0.2121020280511969,0.8444627843635721,0.6666123867034912,0.0,0.074438691677024,0.3920001864058081
123,ETTh1,5,DLinear,MTT,300,0.5,0.3876864755582715,0.4352519102928994,0.1586679737522157,0.2862132658802265,0.612118913842345,2.401206494340057,0.6940759420394897,0.0,0.0673097606430351,0.3920001864058081
123,ETTh1,6,DLinear,MTT,300,0.5,0.3876864755582715,0.4352519102928994,0.0563328072127117,0.159484748308468,0.3730985658861143,1.1102692287720828,0.9142319560050964,0.0,0.1814972217941959,0.3920001864058081
123,ETTh1,0,DLinear,MTT,300,0.7,0.3876864755582715,0.44442661897213,0.3355951316737967,0.1552338153734803,0.091505641819638,0.914648792267883,0.3704691529273987,0.0,0.138259521299196,0.3815513839587162
123,ETTh1,1,DLinear,MTT,300,0.7,0.3876864755582715,0.44442661897213,0.2569011378954595,0.1669768996620181,0.1661660560020114,1.6016256673956333,0.702201247215271,0.0,0.0843488777694033,0.3815513839587162
123,ETTh1,2,DLinear,MTT,300,0.7,0.3876864755582715,0.44442661897213,0.3580113599917549,0.1758475702127233,0.1044612077728912,0.8547650544596888,0.3340232968330383,0.0,0.173738801981555,0.3815513839587162
123,ETTh1,3,DLinear,MTT,300,0.7,0.3876864755582715,0.44442661897213,0.2284933392248316,0.1170935754770066,0.0930941322232677,0.4466148577817364,0.7543299794197083,0.0,0.0989387662310596,0.3815513839587162
123,ETTh1,4,DLinear,MTT,300,0.7,0.3876864755582715,0.44442661897213,0.0896328297307511,0.0683879303534448,0.1272612060177242,0.9204450874806892,0.5843492746353149,0.0,0.0446630748642519,0.3815513839587162
123,ETTh1,5,DLinear,MTT,300,0.7,0.3876864755582715,0.44442661897213,0.1650068426626939,0.2628405786600641,0.36727136919677,2.1635077097054447,0.7321410179138184,0.0,0.0403858885191254,0.3815513839587162
123,ETTh1,6,DLinear,MTT,300,0.7,0.3876864755582715,0.44442661897213,0.0465827993657748,0.1527677714950995,0.2238591634049845,0.9767931227641828,0.905860960483551,0.0,0.1088982291211428,0.3815513839587162
123,ETTh1,0,DLinear,MTT,300,1.0,0.3876864755582715,0.4355181999366345,0.3023413552568426,0.1411731265395954,6.637992964879568e-08,0.8464629198655121,0.485491931438446,0.0,1.2009224056927696e-07,0.3651805126185632
123,ETTh1,1,DLinear,MTT,300,1.0,0.3876864755582715,0.4355181999366345,0.1875299199463147,0.1500327301241332,1.1769966391087425e-07,1.7555326856435218,0.6979626417160034,0.0,1.1446659339497921e-07,0.3651805126185632
123,ETTh1,2,DLinear,MTT,300,1.0,0.3876864755582715,0.4355181999366345,0.3324556653528334,0.1635825039511591,6.04826823672122e-08,0.7896558688515913,0.4926643967628479,0.0,9.869900006193505e-09,0.3651805126185632
123,ETTh1,3,DLinear,MTT,300,1.0,0.3876864755582715,0.4355181999366345,0.1610500603732263,0.0961033088091846,6.729205293416714e-08,0.5055665497097245,0.7648518681526184,0.0,7.083791939722015e-08,0.3651805126185632
123,ETTh1,4,DLinear,MTT,300,1.0,0.3876864755582715,0.4355181999366345,0.059536282439989,0.0498750095113185,6.916738505401629e-08,1.027251276192149,0.4241399765014648,0.0,9.235296690091348e-08,0.3651805126185632
123,ETTh1,5,DLinear,MTT,300,1.0,0.3876864755582715,0.4355181999366345,0.1796210094582605,0.2306637821164868,5.3857039015840224e-08,1.8246811191282424,0.7729856967926025,0.0,1.326986459583703e-07,0.3651805126185632
123,ETTh1,6,DLinear,MTT,300,1.0,0.3876864755582715,0.4355181999366345,0.036896053581643,0.1450121656707006,5.620369194225029e-08,0.789063026459939,0.8911168575286865,0.0,5.550789673974172e-08,0.3651805126185632
7,ETTh2,0,DLinear,MTT,300,0.0,0.2927042018371514,0.3295734129329517,0.3568814815577545,0.1681410279706434,0.4772421529164736,0.520410550707391,0.9688873887062072,0.0,0.7517459814645197,0.3994492101786819
7,ETTh2,1,DLinear,MTT,300,0.0,0.2927042018371514,0.3295734129329517,0.2854273503832736,0.1415625961877626,0.4888954694552927,0.5959746857461268,0.9666366577148438,0.0,0.6740943379062413,0.3994492101786819
7,ETTh2,2,DLinear,MTT,300,0.0,0.2927042018371514,0.3295734129329517,0.4048045747401862,0.1773175369317057,0.1716759781441584,0.3034836546521137,0.9726889729499816,0.0,0.5294776122399798,0.3994492101786819
7,ETTh2,3,DLinear,MTT,300,0.0,0.2927042018371514,0.3295734129329517,0.4891017105414945,0.2510868084672216,0.3659093871358073,0.9509814454212984,0.935600221157074,175.0,0.7675574918892456,0.3994492101786819
7,ETTh2,4,DLinear,MTT,300,0.0,0.2927042018371514,0.3295734129329517,0.2738120828668456,0.2222226182707718,0.1845803481373327,0.5342324792186659,0.8975310325622559,0.0,0.6880426340056429,0.3994492101786819
7,ETTh2,5,DLinear,MTT,300,0.0,0.2927042018371514,0.3295734129329517,0.618022849297564,0.3447209062617188,0.1107778305177236,0.281341785828755,0.9515784978866576,0.0,1.752208509275972,0.3994492101786819
7,ETTh2,6,DLinear,MTT,300,0.0,0.2927042018371514,0.3295734129329517,0.3191475085666521,0.1958183033360463,0.3231778971827053,1.383613785361419,0.9644506573677064,15.0,0.9028253495094556,0.3994492101786819
7,ETTh2,0,DLinear,MTT,300,0.1,0.2927042018371514,0.3282583439279807,0.2790603436379847,0.1419142148982183,0.4295179406580756,0.5428639849740785,0.9577159285545348,0.0,0.6765714002128852,0.4026361702984461
7,ETTh2,1,DLinear,MTT,300,0.1,0.2927042018371514,0.3282583439279807,0.23108792306764,0.1223224631657163,0.4400059303312889,0.6052664166405236,0.9545345306396484,0.0,0.6066849053318971,0.4026361702984461
7,ETTh2,2,DLinear,MTT,300,0.1,0.2927042018371514,0.3282583439279807,0.358884088083417,0.1668516494908829,0.1545083877001275,0.3079388614497794,0.9698117971420288,0.0,0.4765298695487787,0.4026361702984461
7,ETTh2,3,DLinear,MTT,300,0.1,0.2927042018371514,0.3282583439279807,0.4412764924077706,0.238970596585856,0.3293184575959681,0.9622445921102604,0.9202743172645568,0.0,0.690801724590008,0.4026361702984461
7,ETTh2,4,DLinear,MTT,300,0.1,0.2927042018371514,0.3282583439279807,0.2684521204191298,0.2169308071953314,0.1661222868515694,0.5171599302975393,0.903079867362976,0.0,0.6192383957595369,0.4026361702984461
7,ETTh2,5,DLinear,MTT,300,0.1,0.2927042018371514,0.3282583439279807,0.6089806649781307,0.3354132579769424,0.0997000591740653,0.280406522308417,0.9561604261398317,0.0,1.576987827107202,0.4026361702984461
7,ETTh2,6,DLinear,MTT,300,0.1,0.2927042018371514,0.3282583439279807,0.3033846846063099,0.2026590784478432,0.2908600832635588,1.408002746529002,0.9588632583618164,15.0,0.8125427874019869,0.4026361702984461
7,ETTh2,0,DLinear,MTT,300,0.2,0.2927042018371514,0.3309490912814848,0.2248855198596596,0.1263170061422783,0.3817937183442401,0.5676982066419911,0.9423758387565612,0.0,0.6013967720608109,0.4020344155252984
7,ETTh2,1,DLinear,MTT,300,0.2,0.2927042018371514,0.3309490912814848,0.1960272737741142,0.1172886697136612,0.3911163845747138,0.6184657193021698,0.9380496740341188,0.0,0.5392754478662407,0.4020344155252984
7,ETTh2,2,DLinear,MTT,300,0.2,0.2927042018371514,0.3309490912814848,0.315478551650854,0.162236395312252,0.1373407755131455,0.3116146324882366,0.9660620093345642,0.0,0.4235820841642235,0.4020344155252984
7,ETTh2,3,DLinear,MTT,300,0.2,0.2927042018371514,0.3309490912814848,0.3954877367005738,0.2330395305236191,0.2927275074405909,0.9773582584560072,0.8998408913612366,0.0,0.6140459992580527,0.4020344155252984
7,ETTh2,4,DLinear,MTT,300,0.2,0.2927042018371514,0.3309490912814848,0.2617807850172368,0.2103692850759821,0.1476642893175819,0.5003837991729322,0.908176064491272,0.0,0.5504340503176763,0.4020344155252984
7,ETTh2,5,DLinear,MTT,300,0.2,0.2927042018371514,0.3309490912814848,0.598314650829675,0.3237123499590512,0.0886222648658867,0.2814510412237898,0.9603755474090576,0.0,1.401767144938432,0.4020344155252984
7,ETTh2,6,DLinear,MTT,300,0.2,0.2927042018371514,0.3309490912814848,0.2982657460939652,0.2122596416648537,0.2585423003660095,1.4340187783453953,0.9514398574829102,15.0,0.7222602324239157,0.4020344155252984
7,ETTh2,0,DLinear,MTT,300,0.3,0.2927042018371514,0.3277514544207591,0.1890322689528047,0.1175151908946692,0.3340694984204835,0.6016165587142911,0.9228671789169312,0.0,0.5262221673589565,0.3985916146673277
7,ETTh2,1,DLinear,MTT,300,0.3,0.2927042018371514,0.3277514544207591,0.1748328698281467,0.1194832949426575,0.3422268205015946,0.6318213480297422,0.9171822667121888,0.0,0.4718659904005842,0.3985916146673277
7,ETTh2,2,DLinear,MTT,300,0.3,0.2927042018371514,0.3277514544207591,0.2768009745207011,0.1635315653228449,0.1201731808193642,0.3183336276723889,0.961439609527588,0.0,0.3706342560863143,0.3985916146673277
7,ETTh2,3,DLinear,MTT,300,0.3,0.2927042018371514,0.3277514544207591,0.3563238048888117,0.2335009349868513,0.2561365706922917,0.993623983079432,0.8743000626564026,0.0,0.5372902319588151,0.3985916146673277
7,ETTh2,4,DLinear,MTT,300,0.3,0.2927042018371514,0.3277514544207591,0.2536720530383028,0.2024176014374196,0.1292062301943289,0.4839070269502361,0.9128195643424988,0.0,0.4816298120715703,0.3985916146673277
7,ETTh2,5,DLinear,MTT,300,0.3,0.2927042018371514,0.3277514544207591,0.5857787495627736,0.3091269557724099,0.077544483123518,0.2823387829569069,0.9642238020896912,0.0,1.2265460153518233,0.3985916146673277
7,ETTh2,6,DLinear,MTT,300,0.3,0.2927042018371514,0.3277514544207591,0.3001786452439513,0.2221672690768514,0.2262244561130979,1.4562483952763003,0.9421805143356324,15.0,0.6319776489282544,0.3985916146673277
7,ETTh2,0,DLinear,MTT,300,0.5,0.2927042018371514,0.3370169151723104,0.1493307136606884,0.1103688069332129,0.2386210798043877,0.6664019657373766,0.8713440895080566,0.0,0.3758730048556877,0.3869779467444959
7,ETTh2,1,DLinear,MTT,300,0.5,0.2927042018371514,0.3370169151723104,0.1524309804053184,0.1294081164850759,0.2444477342135316,0.6749829433595445,0.862299382686615,0.0,0.3370471750345208,0.3869779467444959
7,ETTh2,2,DLinear,MTT,300,0.5,0.2927042018371514,0.3370169151723104,0.2159700250605916,0.1760261122450797,0.0858379602911047,0.3339826391733393,0.9495769739151,0.0,0.264738728010558,0.3869779467444959
7,ETTh2,3,DLinear,MTT,300,0.5,0.2927042018371514,0.3370169151723104,0.2987391678148809,0.2381729613269641,0.1829546933484843,1.027747923390495,0.807895839214325,0.0,0.3837787393276223,0.3869779467444959
7,ETTh2,4,DLinear,MTT,300,0.5,0.2927042018371514,0.3370169151723104,0.232736708920659,0.181958921986622,0.0922901743290968,0.4516600390511301,0.9207485914230348,0.0,0.3440212283836038,0.3869779467444959
7,ETTh2,5,DLinear,MTT,300,0.5,0.2927042018371514,0.3370169151723104,0.5541710421246057,0.2691564505591999,0.0553889296895994,0.2826723770218536,0.9708198308944702,0.0,0.8761043154509043,0.3869779467444959
7,ETTh2,6,DLinear,MTT,300,0.5,0.2927042018371514,0.3370169151723104,0.3140922444893626,0.2397785556974868,0.1615888954146634,1.5031992136463106,0.9181538820266724,15.0,0.4514125960072918,0.3869779467444959
7,ETTh2,0,DLinear,MTT,300,0.7,0.2927042018371514,0.357298491165619,0.1305279926809417,0.1091280026756791,0.1431726608944935,0.7368641330578033,0.8031466603279114,0.0,0.2255238423524189,0.3729086573576874
7,ETTh2,1,DLinear,MTT,300,0.7,0.2927042018371514,0.357298491165619,0.1425590022538693,0.139284741788062,0.1466686701432838,0.7190247818950154,0.789885938167572,0.0,0.2022283098858327,0.3729086573576874
7,ETTh2,2,DLinear,MTT,300,0.7,0.2927042018371514,0.357298491165619,0.1745769439319908,0.1910788648194061,0.0515027553238764,0.3521066287432814,0.9342238903045654,0.0,0.1588431572414476,0.3729086573576874
7,ETTh2,3,DLinear,MTT,300,0.7,0.2927042018371514,0.357298491165619,0.2616295904588316,0.2432347302253324,0.1097728200343,1.0625129327801306,0.7210618853569031,0.0,0.2302672466964294,0.3729086573576874
7,ETTh2,4,DLinear,MTT,300,0.7,0.2927042018371514,0.357298491165619,0.2051990759581954,0.1551405663348884,0.0553740842764412,0.4181805871285308,0.9268669486045836,0.0,0.2064127518913918,0.3729086573576874
7,ETTh2,5,DLinear,MTT,300,0.7,0.2927042018371514,0.357298491165619,0.5130267673010651,0.2115587652078794,0.0332333797358806,0.2805494993299472,0.9759485125541688,0.0,0.5256627274044449,0.3729086573576874
7,ETTh2,6,DLinear,MTT,300,0.7,0.2927042018371514,0.357298491165619,0.3315187364533374,0.2532735166986015,0.096953271178495,1.5460165275905056,0.8867833018302917,0.0,0.2708474860511491,0.3729086573576874
7,ETTh2,0,DLinear,MTT,300,1.0,0.2927042018371514,0.3808525345290207,0.1176984362788573,0.110577559423589,4.652191012437479e-08,0.8595539973360078,0.669586181640625,0.0,1.8653584109190805e-08,0.3519235454275331
7,ETTh2,1,DLinear,MTT,300,1.0,0.2927042018371514,0.3808525345290207,0.136514924819963,0.1508522019479318,5.577327587292932e-08,0.8147990681550438,0.648395836353302,0.0,1.2728511939746089e-08,0.3519235454275331
7,ETTh2,2,DLinear,MTT,300,1.0,0.2927042018371514,0.3808525345290207,0.1371701908028363,0.211392938772417,1.166024906814643e-07,0.3836907175907036,0.9046496748924256,0.0,1.1352550970204637e-07,0.3519235454275331
7,ETTh2,3,DLinear,MTT,300,1.0,0.2927042018371514,0.3808525345290207,0.2278672783303585,0.2495161662735656,7.127628925454352e-08,1.129194793928015,0.5525047183036804,0.0,1.3234001013752106e-08,0.3519235454275331
7,ETTh2,4,DLinear,MTT,300,1.0,0.2927042018371514,0.3808525345290207,0.1527266413634632,0.1042090766345621,3.262413109933099e-08,0.3699905012241614,0.932649552822113,0.0,7.004268063449465e-08,0.3519235454275331
7,ETTh2,5,DLinear,MTT,300,1.0,0.2927042018371514,0.3808525345290207,0.4385673994124999,0.1026717044630515,5.969118991143576e-08,0.2870022235954317,0.9808902740478516,0.0,9.7713768586485e-09,0.3519235454275331
7,ETTh2,6,DLinear,MTT,300,1.0,0.2927042018371514,0.3808525345290207,0.3550209908857014,0.2672149550285085,1.370369425085568e-07,1.61747440571228,0.825957715511322,0.0,2.074006547683546e-07,0.3519235454275331
42,ETTh2,0,DLinear,MTT,300,0.0,0.3179543860887904,0.3562975321690873,0.5484299778074525,0.2479091770886948,0.4751380817054269,0.4775087498842718,0.9378098249435424,15.0,0.9172409140980192,0.3733719757687175
42,ETTh2,1,DLinear,MTT,300,0.0,0.3179543860887904,0.3562975321690873,0.4266753849274214,0.2769935676745916,0.5174099535315049,0.5352722911753587,0.9483702182769777,63.0,0.7927808198997598,0.3733719757687175
42,ETTh2,2,DLinear,MTT,300,0.0,0.3179543860887904,0.3562975321690873,0.394633660200647,0.2006471901671732,0.1640302592652991,0.241305673556257,0.9659468531608582,0.0,0.5429301173307659,0.3733719757687175
42,ETTh2,3,DLinear,MTT,300,0.0,0.3179543860887904,0.3562975321690873,0.4375870748063026,0.2420680507955283,0.3858704210487493,0.8286752224979382,0.9105418920516968,0.0,0.7076335844929533,0.3733719757687175
42,ETTh2,4,DLinear,MTT,300,0.0,0.3179543860887904,0.3562975321690873,0.0882123801804409,0.0859569519728562,0.1993041634407685,0.1955316669282453,0.9502622485160828,0.0,0.2703199457731473,0.3733719757687175
42,ETTh2,5,DLinear,MTT,300,0.0,0.3179543860887904,0.3562975321690873,0.3612907456073277,0.1349143930542606,0.2244216148164869,0.1214030991125387,0.9737088680267334,1.0,0.0694697945896951,0.3733719757687175
42,ETTh2,6,DLinear,MTT,300,0.0,0.3179543860887904,0.3562975321690873,0.3426287518917386,0.1244642418030163,0.2642294119143216,1.773160852179834,0.9170609712600708,15.0,0.6725777996400274,0.3733719757687175
42,ETTh2,0,DLinear,MTT,300,0.1,0.3179543860887904,0.3615719656786511,0.496710784162743,0.2431543473021967,0.4276242677570496,0.5109225970398659,0.9283965229988098,15.0,0.8255168090977488,0.3864942816655686
42,ETTh2,1,DLinear,MTT,300,0.1,0.3179543860887904,0.3615719656786511,0.3602101949167502,0.2719753026878126,0.4656689573294541,0.5207245538860888,0.9365613460540771,63.0,0.7135027117456202,0.3864942816655686
42,ETTh2,2,DLinear,MTT,300,0.1,0.3179543860887904,0.3615719656786511,0.3523273529829741,0.1883579766596719,0.1476272307022964,0.2394667369377171,0.9627313613891602,0.0,0.4886371070531445,0.3864942816655686
42,ETTh2,3,DLinear,MTT,300,0.1,0.3179543860887904,0.3615719656786511,0.3831478703664014,0.2286034973084187,0.3472833879769323,0.8382859250065288,0.8940092921257019,0.0,0.6368702415071709,0.3864942816655686
42,ETTh2,4,DLinear,MTT,300,0.1,0.3179543860887904,0.3615719656786511,0.0788581715378322,0.0814454065467559,0.179373738866454,0.2125321562770432,0.950039565563202,0.0,0.2432881243535202,0.3864942816655686
42,ETTh2,5,DLinear,MTT,300,0.1,0.3179543860887904,0.3615719656786511,0.3743409740881545,0.1359689685716458,0.2019794855603265,0.1307516648439447,0.9751756191253662,1.0,0.0625228496642012,0.3864942816655686
42,ETTh2,6,DLinear,MTT,300,0.1,0.3179543860887904,0.3615719656786511,0.3266060700638996,0.118525391449544,0.2378064321702951,1.75481305441027,0.9145310521125792,15.0,0.6053200046394772,0.3864942816655686
42,ETTh2,0,DLinear,MTT,300,0.2,0.3179543860887904,0.3702299425660458,0.4332985110400527,0.2344287159305089,0.3801104683049766,0.5450139751406232,0.9151144623756408,15.0,0.7337927275476985,0.4003772019405508
42,ETTh2,1,DLinear,MTT,300,0.2,0.3179543860887904,0.3702299425660458,0.3051978663390213,0.2718252882688912,0.4139279607781881,0.5168629881945026,0.9207106232643129,0.0,0.634224628482793,0.4003772019405508
42,ETTh2,2,DLinear,MTT,300,0.2,0.3179543860887904,0.3702299425660458,0.3133719722429843,0.1785780192597755,0.1312241971851966,0.2394413848756954,0.9588682651519777,0.0,0.4343440540821691,0.4003772019405508
42,ETTh2,3,DLinear,MTT,300,0.2,0.3179543860887904,0.3702299425660458,0.3361346501556309,0.2184672417405684,0.3086963353007558,0.8471661162291959,0.8731940984725952,0.0,0.5661068985213883,0.4003772019405508
42,ETTh2,4,DLinear,MTT,300,0.2,0.3179543860887904,0.3702299425660458,0.0727369835581337,0.0787362735068873,0.1594433114313508,0.2314831968023777,0.9494749307632446,0.0,0.2162560349445067,0.4003772019405508
42,ETTh2,5,DLinear,MTT,300,0.2,0.3179543860887904,0.3702299425660458,0.3873196815584734,0.1372212262678973,0.1795373175449967,0.1419272635799212,0.976475954055786,1.0,0.0555757928842476,0.4003772019405508
42,ETTh2,6,DLinear,MTT,300,0.2,0.3179543860887904,0.3702299425660458,0.3143341123245177,0.1158542526165178,0.2113835608730483,1.7388040355283068,0.9105388522148132,15.0,0.538062181121337,0.4003772019405508
42,ETTh2,0,DLinear,MTT,300,0.3,0.3179543860887904,0.3691452153841736,0.3699721450806399,0.2248828333146366,0.3325966571560719,0.5854846340206543,0.8979637622833252,15.0,0.6420686459976481,0.4131819811643359
42,ETTh2,1,DLinear,MTT,300,0.3,0.3179543860887904,0.3691452153841736,0.2615269190589149,0.2727543913008856,0.3621869658350112,0.5134751393248845,0.9008179903030396,0.0,0.5549465701112782,0.4131819811643359
42,ETTh2,2,DLinear,MTT,300,0.3,0.3179543860887904,0.3691452153841736,0.2785747861374745,0.1705159208995157,0.1148211700679033,0.241217151843899,0.9543575644493104,0.0,0.3800510864979018,0.4131819811643359
42,ETTh2,3,DLinear,MTT,300,0.3,0.3179543860887904,0.3691452153841736,0.298901515923788,0.2125408486202024,0.2701092774660222,0.8604152781189862,0.8480965495109558,0.0,0.4953435135683235,0.4131819811643359
42,ETTh2,4,DLinear,MTT,300,0.3,0.3179543860887904,0.3691452153841736,0.07355199266457,0.0793527821588228,0.1395129163807274,0.2517451846530459,0.9485684633255004,0.0,0.1892240527312477,0.4131819811643359
42,ETTh2,5,DLinear,MTT,300,0.3,0.3179543860887904,0.3691452153841736,0.3999253487270653,0.1393183110437795,0.1570951498242502,0.1551443854646439,0.9776099920272828,1.0,0.0486288479587537,0.4131819811643359
42,ETTh2,6,DLinear,MTT,300,0.3,0.3179543860887904,0.3691452153841736,0.3059068856078799,0.1161863096431179,0.1849605880845489,1.721067585774368,0.9050843119621276,15.0,0.4708044431559668,0.4131819811643359
42,ETTh2,0,DLinear,MTT,300,0.5,0.3179543860887904,0.4141744941363449,0.2633157221457015,0.2094253102677015,0.2375690167508961,0.6700505897904604,0.8520563840866089,15.0,0.4586204359971075,0.4333188833389579
42,ETTh2,1,DLinear,MTT,300,0.5,0.3179543860887904,0.4141744941363449,0.2011054195835658,0.274918237888783,0.2587049917203431,0.5166507144463965,0.848906934261322,0.0,0.3963903538029991,0.4333188833389579
42,ETTh2,2,DLinear,MTT,300,0.5,0.3179543860887904,0.4141744941363449,0.2219706087010108,0.1584293515121805,0.0820151143388282,0.242588547202438,0.943393349647522,0.0,0.271464980555951,0.4333188833389579
42,ETTh2,3,DLinear,MTT,300,0.5,0.3179543860887904,0.4141744941363449,0.244076261224722,0.2073161555698962,0.1929352150800231,0.8927298795669049,0.7850540280342102,0.0,0.3538167856294761,0.4333188833389579
42,ETTh2,4,DLinear,MTT,300,0.5,0.3179543860887904,0.4141744941363449,0.0930432413371408,0.0811357559678202,0.0996520620382469,0.292510548493205,0.9457297325134276,0.0,0.1351600347068526,0.4333188833389579
42,ETTh2,5,DLinear,MTT,300,0.5,0.3179543860887904,0.4141744941363449,0.4225687672722811,0.1439475555245113,0.112210851351706,0.1869353385479617,0.9793789386749268,1.0,0.0347348462533061,0.4333188833389579
42,ETTh2,6,DLinear,MTT,300,0.5,0.3179543860887904,0.4141744941363449,0.299338783537399,0.1300296930041986,0.1321147411358241,1.686138678196878,0.8897883296012878,15.0,0.3362887961196863,0.4333188833389579
42,ETTh2,0,DLinear,MTT,300,0.7,0.3179543860887904,0.4078336077714013,0.1871829724557519,0.1984572679842348,0.1425414421386064,0.7509976247198937,0.7906743288040161,0.0,0.2751722728970068,0.4466387059238014
42,ETTh2,1,DLinear,MTT,300,0.7,0.3179543860887904,0.4078336077714013,0.1648119866842469,0.2768304640383223,0.1552230020622908,0.5416502866754814,0.7808282375335693,0.0,0.2378342370599695,0.4466387059238014
42,ETTh2,2,DLinear,MTT,300,0.7,0.3179543860887904,0.4078336077714013,0.1807450739854275,0.1509535537372963,0.049209037312818,0.2503498693391533,0.9298386573791504,0.0,0.1628789600007083,0.4466387059238014
42,ETTh2,3,DLinear,MTT,300,0.7,0.3179543860887904,0.4078336077714013,0.2084591458685175,0.2054467171682103,0.1157611518640989,0.9328042343795004,0.7048817276954651,0.0,0.2122901416251935,0.4466387059238014
42,ETTh2,4,DLinear,MTT,300,0.7,0.3179543860887904,0.4078336077714013,0.1137333349934101,0.0830026798577534,0.0597912797574393,0.3315998157829751,0.9415233731269836,0.0,0.0810960166824574,0.4466387059238014
42,ETTh2,5,DLinear,MTT,300,0.7,0.3179543860887904,0.4078336077714013,0.4391556784206515,0.1451935191796324,0.0673265164280086,0.2238834853330437,0.9804825186729432,0.0,0.0208409564023183,0.4466387059238014
42,ETTh2,6,DLinear,MTT,300,0.7,0.3179543860887904,0.4078336077714013,0.3028426923998233,0.1525051643806708,0.0792688990877642,1.6486241477399488,0.868643045425415,0.0,0.2017732631537659,0.4466387059238014
42,ETTh2,0,DLinear,MTT,300,1.0,0.3179543860887904,0.4633332870429913,0.1140571895625756,0.1871527709702403,5.3710157193194063e-08,0.885954389854313,0.669586181640625,0.0,1.8653584109190805e-08,0.4576264352891169
42,ETTh2,1,DLinear,MTT,300,1.0,0.3179543860887904,0.4633332870429913,0.1340852447581897,0.2789886979073354,6.364182245987957e-08,0.6087127640821282,0.648395836353302,0.0,1.122937615500435e-07,0.4576264352891169
42,ETTh2,2,DLinear,MTT,300,1.0,0.3179543860887904,0.4633332870429913,0.1400594597854451,0.1451219626914886,7.744061318864833e-08,0.2634347598930427,0.9046496748924256,0.0,1.1352550970204637e-07,0.4576264352891169
42,ETTh2,3,DLinear,MTT,300,1.0,0.3179543860887904,0.4633332870429913,0.1762062497152923,0.2051546998827537,6.55600485520792e-08,1.004226964181218,0.5525047183036804,0.0,7.070056370394287e-08,0.4576264352891169
42,ETTh2,4,DLinear,MTT,300,1.0,0.3179543860887904,0.4633332870429913,0.1317723189462595,0.0856557864145766,3.31372080150627e-08,0.3842864709397733,0.932649552822113,0.0,1.772384352057785e-07,0.4576264352891169
42,ETTh2,5,DLinear,MTT,300,1.0,0.3179543860887904,0.4633332870429913,0.446940381372437,0.1371873823248689,5.991714704713297e-08,0.2844483181894927,0.9808902740478516,0.0,1.020830827915348e-07,0.4576264352891169
42,ETTh2,6,DLinear,MTT,300,1.0,0.3179543860887904,0.4633332870429913,0.317624781354148,0.1848282078354244,1.29979549009193e-07,1.587658452173032,0.825957715511322,0.0,9.33302946563832e-08,0.4576264352891169
123,ETTh2,0,DLinear,MTT,300,0.0,0.2990138696770164,0.3180220868879581,0.0915070073136997,0.1964423515323771,0.6419833796016406,1.235967329463334,0.6178661584854126,0.0,0.0436732958393233,0.42552859152906
123,ETTh2,1,DLinear,MTT,300,0.0,0.2990138696770164,0.3180220868879581,0.1075246102749617,0.2501915045214878,0.2974950186236878,1.172171869414829,0.616948664188385,0.0,0.060878462188957,0.42552859152906
123,ETTh2,2,DLinear,MTT,300,0.0,0.2990138696770164,0.3180220868879581,0.2351450866589829,0.2998036933952006,0.1260543639536072,0.3616474508743179,0.906869113445282,0.0,0.2994650752691538,0.42552859152906
123,ETTh2,3,DLinear,MTT,300,0.0,0.2990138696770164,0.3180220868879581,0.2243319373303226,0.3204104144943908,0.3218202518926602,0.9080353682621056,0.5971900820732117,0.0,0.3398967836457171,0.42552859152906
123,ETTh2,4,DLinear,MTT,300,0.0,0.2990138696770164,0.3180220868879581,0.449685028814363,0.1469348192810923,1.3768833014762738,2.3097014582898625,0.4263626933097839,0.0,2.198535224579985,0.42552859152906
123,ETTh2,5,DLinear,MTT,300,0.0,0.2990138696770164,0.3180220868879581,0.5448813865257135,0.188983459484611,0.5026786837148111,0.2653543384178655,0.9842851758003236,0.0,0.1456197514472416,0.42552859152906
123,ETTh2,6,DLinear,MTT,300,0.0,0.2990138696770164,0.3180220868879581,0.4366932394170753,0.3423841251312906,0.2127344884499018,0.4246697206632745,0.8424926996231079,0.0,0.0319953464270211,0.42552859152906
123,ETTh2,0,DLinear,MTT,300,0.1,0.2990138696770164,0.3301223314694077,0.0873114586705944,0.19333646333774,0.5777850317975909,1.1828052170191397,0.6257370710372925,0.0,0.0393060206705605,0.4284291166946077
123,ETTh2,1,DLinear,MTT,300,0.1,0.2990138696770164,0.3301223314694077,0.1052488051148191,0.2481421876982225,0.2677454876568559,1.149750397645198,0.6226901412010193,0.0,0.054790644566785,0.4284291166946077
123,ETTh2,2,DLinear,MTT,300,0.1,0.2990138696770164,0.3301223314694077,0.2243652496106855,0.2940318742792647,0.1134489312955656,0.3653917405469568,0.9076882600784302,0.0,0.2695185905443706,0.4284291166946077
123,ETTh2,3,DLinear,MTT,300,0.1,0.2990138696770164,0.3301223314694077,0.2155215455395315,0.3141269190290076,0.2896382321587659,0.9278893457904548,0.5972371697425842,0.0,0.3059071039577453,0.4284291166946077
123,ETTh2,4,DLinear,MTT,300,0.1,0.2990138696770164,0.3301223314694077,0.4432225421896263,0.1455183235754406,1.2391949756606278,2.1687841372693666,0.5025264024734497,0.0,1.9786812341759736,0.4284291166946077
123,ETTh2,5,DLinear,MTT,300,0.1,0.2990138696770164,0.3301223314694077,0.5441678801762864,0.1848442804012315,0.452410825090108,0.2206652433638435,0.9842410683631896,0.0,0.1310577549087632,0.4284291166946077
123,ETTh2,6,DLinear,MTT,300,0.1,0.2990138696770164,0.3301223314694077,0.4302899547676267,0.3297395789348174,0.1914610259706693,0.4119836655734881,0.8442034125328064,0.0,0.0287957868962404,0.4284291166946077
123,ETTh2,0,DLinear,MTT,300,0.2,0.2990138696770164,0.3233409925700355,0.0830878282439202,0.1902093474354884,0.5135867666011174,1.1314476109699934,0.6330081224441528,0.0,0.0349386517009178,0.4308580190100822
123,ETTh2,1,DLinear,MTT,300,0.2,0.2990138696770164,0.3233409925700355,0.1034229147993257,0.2460883832637138,0.2379960273395114,1.1337573120672118,0.6278545260429382,0.0,0.048702826944613,0.4308580190100822
123,ETTh2,2,DLinear,MTT,300,0.2,0.2990138696770164,0.3233409925700355,0.2135821632721334,0.287937883383048,0.1008434583496975,0.371538723195908,0.9082760214805604,0.0,0.2395720204328794,0.4308580190100822
123,ETTh2,3,DLinear,MTT,300,0.2,0.2990138696770164,0.3233409925700355,0.2068719560158757,0.3075383790483009,0.2574562194085296,0.9449753433764244,0.5962808728218079,0.0,0.2719174242697735,0.4308580190100822
123,ETTh2,4,DLinear,MTT,300,0.2,0.2990138696770164,0.3233409925700355,0.4354455751824528,0.14381402250445,1.101506676368162,2.0270932928592003,0.573015570640564,0.0,1.7588283157295084,0.4308580190100822
123,ETTh2,5,DLinear,MTT,300,0.2,0.2990138696770164,0.3233409925700355,0.5423108183164767,0.1797512300326955,0.4021429614815219,0.1790707992268312,0.9841312766075134,0.0,0.1164957583702848,0.4308580190100822
123,ETTh2,6,DLinear,MTT,300,0.2,0.2990138696770164,0.3233409925700355,0.4216190904754653,0.3162922926837195,0.1701875353799168,0.4044219245711037,0.8451665639877319,0.0,0.0255963414358199,0.4308580190100822
123,ETTh2,0,DLinear,MTT,300,0.3,0.2990138696770164,0.3060605978266626,0.0788555052137231,0.1870752761161171,0.4493884169143989,1.0821004150285114,0.6396794319152832,0.0,0.0305712827312751,0.4327417386763887
123,ETTh2,1,DLinear,MTT,300,0.3,0.2990138696770164,0.3060605978266626,0.102074490141915,0.2440395092584102,0.2082464908387794,1.112598624109743,0.6324419379234314,0.0,0.0426149097571914,0.4327417386763887
123,ETTh2,2,DLinear,MTT,300,0.3,0.2990138696770164,0.3060605978266626,0.2028777759118119,0.2815618078489399,0.0882380513715431,0.3782991228561074,0.9086324572563172,0.0,0.2096254503213882,0.4327417386763887
123,ETTh2,3,DLinear,MTT,300,0.3,0.2990138696770164,0.3060605978266626,0.1984461919081127,0.3006958312149159,0.2252741638894249,0.9634419808528664,0.594321072101593,0.0,0.237927786549084,0.4327417386763887
123,ETTh2,4,DLinear,MTT,300,0.3,0.2990138696770164,0.3060605978266626,0.4259520230071652,0.141769863362268,0.9638182047698866,1.88637425940188,0.637830376625061,0.0,1.5389745397170065,0.4327417386763887
123,ETTh2,5,DLinear,MTT,300,0.3,0.2990138696770164,0.3060605978266626,0.5393565059438267,0.1737864271379715,0.3518750979439211,0.1425155728967556,0.9839559197425842,0.0,0.1019337618318064,0.4327417386763887
123,ETTh2,6,DLinear,MTT,300,0.3,0.2990138696770164,0.3060605978266626,0.410764046885481,0.3024671792422196,0.148914131355051,0.4005970441742656,0.8453820943832397,0.0,0.0223967819050392,0.4327417386763887
123,ETTh2,0,DLinear,MTT,300,0.5,0.2990138696770164,0.3145097354278408,0.0721619513176208,0.1808495494155333,0.3209917252675596,0.9871862550072756,0.6512229442596436,0.0,0.0218366385928696,0.4346021293546976
123,ETTh2,1,DLinear,MTT,300,0.5,0.2990138696770164,0.3145097354278408,0.1009044050382298,0.2399968457776654,0.1487475301918448,1.0714546811113352,0.6398854851722717,0.0,0.0304391749475977,0.4346021293546976
123,ETTh2,2,DLinear,MTT,300,0.5,0.2990138696770164,0.3145097354278408,0.1820327697324069,0.268148288125364,0.0630271544621046,0.3928864364479589,0.9086512923240662,0.0,0.149732480871822,0.4346021293546976
123,ETTh2,3,DLinear,MTT,300,0.5,0.2990138696770164,0.3145097354278408,0.1824960086146586,0.2864666145558989,0.1609101522861263,1.003020521896629,0.5873909592628479,0.0,0.1699485111077051,0.4346021293546976
123,ETTh2,4,DLinear,MTT,300,0.5,0.2990138696770164,0.3145097354278408,0.3992900474691864,0.1359188352568833,0.6884416488520887,1.604855849034254,0.7504367232322693,0.0,1.0992676308665297,0.4346021293546976
123,ETTh2,5,DLinear,MTT,300,0.5,0.2990138696770164,0.3145097354278408,0.530461501003701,0.1596558909765225,0.2513393707581841,0.1097171348614464,0.9834081530570984,0.0,0.0728097687548496,0.4346021293546976
123,ETTh2,6,DLinear,MTT,300,0.5,0.2990138696770164,0.3145097354278408,0.383150510760551,0.2746787994570345,0.1063672062855207,0.398002496416989,0.8435702919960022,0.0,0.0159977769138379,0.4346021293546976
123,ETTh2,0,DLinear,MTT,300,0.7,0.2990138696770164,0.3129641836582519,0.0688661792486701,0.1747948144407768,0.1925950294871734,0.8981605372181434,0.660367488861084,0.0,0.0131019944544641,0.4334577791277872
123,ETTh2,1,DLinear,MTT,300,0.7,0.2990138696770164,0.3129641836582519,0.1018875393033169,0.2360968637917439,0.0892485016213773,1.031191314349791,0.6450209021568298,0.0,0.0182636392685033,0.4334577791277872
123,ETTh2,2,DLinear,MTT,300,0.7,0.2990138696770164,0.3129641836582519,0.1624578268021697,0.2541943259254111,0.0378162480227698,0.4124204715539152,0.9077446460723876,0.0,0.0898394260355477,0.4334577791277872
123,ETTh2,3,DLinear,MTT,300,0.7,0.2990138696770164,0.3129641836582519,0.1680693045747837,0.2718829788457493,0.096546090207884,1.0433877442410198,0.5764469504356384,0.0,0.1019690677971967,0.4334577791277872
123,ETTh2,4,DLinear,MTT,300,0.7,0.2990138696770164,0.3129641836582519,0.3547363965046523,0.1259283312894434,0.4130649482895356,1.3203261217313085,0.8403451442718506,0.0,0.6595606148202982,0.4334577791277872
123,ETTh2,5,DLinear,MTT,300,0.7,0.2990138696770164,0.3129641836582519,0.5182710950663821,0.1437856495863606,0.1508036436091076,0.1586931291915889,0.9825978875160216,0.0,0.0436858875323524,0.4334577791277872
123,ETTh2,6,DLinear,MTT,300,0.7,0.2990138696770164,0.3129641836582519,0.349258489718423,0.2489510088372587,0.0638202898171868,0.4028865773334246,0.8387680649757385,0.0,0.0095987719226367,0.4334577791277872
123,ETTh2,0,DLinear,MTT,300,1.0,0.2990138696770164,0.3122870876553263,0.0772752782521898,0.1663508463166597,4.6543644791744336e-08,0.7797721025964349,0.669586181640625,0.0,1.8653584109190805e-08,0.4239333282404889
123,ETTh2,1,DLinear,MTT,300,1.0,0.2990138696770164,0.3122870876553263,0.1075401969507167,0.2306944584647259,6.419818007269485e-08,0.9747351983911724,0.648395836353302,0.0,1.2728511939746089e-08,0.4239333282404889
123,ETTh2,2,DLinear,MTT,300,1.0,0.2990138696770164,0.3122870876553263,0.1366241902750439,0.2331812265215577,8.188880219686338e-08,0.4529542695016029,0.9046496748924256,0.0,1.1352550970204637e-07,0.4239333282404889
123,ETTh2,3,DLinear,MTT,300,1.0,0.2990138696770164,0.3122870876553263,0.1498680279010552,0.250263562473358,6.86721498012893e-08,1.1165494340134106,0.5525047183036804,0.0,1.3234001013752106e-08,0.4239333282404889
123,ETTh2,4,DLinear,MTT,300,1.0,0.2990138696770164,0.3122870876553263,0.2060472820747027,0.0982111448616613,2.7287375726823155e-08,0.9041930861915302,0.932649552822113,0.0,7.004268063449465e-08,0.4239333282404889
123,ETTh2,5,DLinear,MTT,300,1.0,0.2990138696770164,0.3122870876553263,0.4958967861604351,0.1201044844519898,6.179581691363581e-08,0.2856365256204471,0.9808902740478516,0.0,1.020830827915348e-07,0.4239333282404889
123,ETTh2,6,DLinear,MTT,300,1.0,0.2990138696770164,0.3122870876553263,0.2917837033057966,0.2175757193332396,1.3470989270036122e-07,0.4227872674402597,0.825957715511322,0.0,9.33302946563832e-08,0.4239333282404889
7,ETTm1,0,DLinear,MTT,300,0.0,0.3434811142930093,0.4372125353022666,0.5907514111172162,0.2768039961288597,0.5507970496794289,0.6851542978306029,0.4873285293579101,0.0,1.1777961835180075,0.4442285937058457
7,ETTm1,1,DLinear,MTT,300,0.0,0.3434811142930093,0.4372125353022666,0.4798206666839952,0.2054297148909309,0.1780997777909641,1.872106270423966,0.8629392385482788,0.0,0.0231088225806865,0.4442285937058457
7,ETTm1,2,DLinear,MTT,300,0.0,0.3434811142930093,0.4372125353022666,0.6080683743231844,0.2711811247628991,0.5821779023931914,0.5500883476956018,0.6624370813369751,0.0,1.2422540353765434,0.4442285937058457
7,ETTm1,3,DLinear,MTT,300,0.0,0.3434811142930093,0.4372125353022666,0.4141570080159516,0.1503246638898045,0.1870737017551466,1.558370287572666,0.8635117411613464,0.0,0.0049799966090921,0.4442285937058457
7,ETTm1,4,DLinear,MTT,300,0.0,0.3434811142930093,0.4372125353022666,0.1305817361298809,0.0697314815137246,0.3660326306330738,1.129597582334394,0.8633356690406799,1.0,0.6817706357105989,0.4442285937058457
7,ETTm1,5,DLinear,MTT,300,0.0,0.3434811142930093,0.4372125353022666,0.3736685286649417,0.1713154727403738,0.4543477670882139,1.7832323119406008,0.8807273507118225,3.0,0.723204653859602,0.4442285937058457
7,ETTm1,6,DLinear,MTT,300,0.0,0.3434811142930093,0.4372125353022666,0.302985132299835,0.1760613440353974,0.3632103445988958,1.2397241577611562,0.9374035000801086,3.0,0.926569984850126,0.4442285937058457
7,ETTm1,0,DLinear,MTT,300,0.1,0.3434811142930093,0.4316079346234567,0.5869275111654715,0.2737701356071231,0.4957172567352692,0.6685041372368368,0.3430756330490112,0.0,1.0600163426477394,0.4375981291335624
7,ETTm1,1,DLinear,MTT,300,0.1,0.3434811142930093,0.4316079346234567,0.4775332459057117,0.1965489322467288,0.1602898184272833,1.8625054652129889,0.8592060804367065,0.0,0.0207978251211075,0.4375981291335624
7,ETTm1,2,DLinear,MTT,300,0.1,0.3434811142930093,0.4316079346234567,0.6056781493530362,0.2691395009859886,0.5239601108715036,0.5353493385241702,0.4928067922592163,0.0,1.1180286485944395,0.4375981291335624
7,ETTm1,3,DLinear,MTT,300,0.1,0.3434811142930093,0.4316079346234567,0.4212666507586752,0.1455832380684785,0.1683663583320994,1.54646510638091,0.8621197938919067,0.0,0.00448204486194,0.4375981291335624
7,ETTm1,4,DLinear,MTT,300,0.1,0.3434811142930093,0.4316079346234567,0.1263293876098828,0.0724491922967392,0.3294293617545016,1.1268643979655162,0.8406164050102234,1.0,0.6135935898147525,0.4375981291335624
7,ETTm1,5,DLinear,MTT,300,0.1,0.3434811142930093,0.4316079346234567,0.3635831291435561,0.1668475449585526,0.4089129917235385,1.8195558302923305,0.8828212022781372,3.0,0.6508841998912158,0.4375981291335624
7,ETTm1,6,DLinear,MTT,300,0.1,0.3434811142930093,0.4316079346234567,0.29383798696727,0.1758091985912523,0.3268893019659593,1.2825940616811786,0.9402185082435608,3.0,0.8339129594577083,0.4375981291335624
7,ETTm1,0,DLinear,MTT,300,0.2,0.3434811142930093,0.4198797453087022,0.5822710220971077,0.2699266547995813,0.4406376267933419,0.6524962590409392,0.2080707550048828,0.0,0.9422369370214172,0.4294743134241109
7,ETTm1,1,DLinear,MTT,300,0.2,0.3434811142930093,0.4198797453087022,0.4756948040932622,0.1867679386633923,0.1424798177766541,1.8536560875518355,0.8544600009918213,0.0,0.0184870233098065,0.4294743134241109
7,ETTm1,2,DLinear,MTT,300,0.2,0.3434811142930093,0.4198797453087022,0.6026476057374431,0.2664116272129597,0.4657422618840155,0.5231956373446428,0.334203839302063,0.0,0.9938030507187872,0.4294743134241109
7,ETTm1,3,DLinear,MTT,300,0.2,0.3434811142930093,0.4198797453087022,0.429042008597464,0.1399990046373789,0.1496589600555955,1.5340372925903198,0.859969437122345,0.0,0.003983984082218,0.4294743134241109
7,ETTm1,4,DLinear,MTT,300,0.2,0.3434811142930093,0.4198797453087022,0.1235553973503671,0.0755640838810501,0.2928261074032731,1.1149093664964749,0.8148382306098938,1.0,0.5454164979263013,0.4294743134241109
7,ETTm1,5,DLinear,MTT,300,0.2,0.3434811142930093,0.4198797453087022,0.3523958611691846,0.1618036487611207,0.3634782158988868,1.8524903748314243,0.8841909766197205,3.0,0.5785637028150514,0.4294743134241109
7,ETTm1,6,DLinear,MTT,300,0.2,0.3434811142930093,0.4198797453087022,0.2790524104600499,0.1755952526805705,0.290568260765117,1.316469095335375,0.9423060417175292,3.0,0.7412559140349639,0.4294743134241109
7,ETTm1,0,DLinear,MTT,300,0.3,0.3434811142930093,0.4078843250733757,0.5765896388632686,0.2650689851113185,0.3855579225628179,0.6365320286211037,0.0823128223419189,0.0,0.8244572049621356,0.4200895537086116
7,ETTm1,1,DLinear,MTT,300,0.3,0.3434811142930093,0.4078843250733757,0.4746406994606578,0.1765110646617592,0.1246698464698504,1.8440966448343536,0.848701000213623,0.0,0.0161761236743665,0.4200895537086116
7,ETTm1,2,DLinear,MTT,300,0.3,0.3434811142930093,0.4078843250733757,0.5988500858896085,0.2627984203599602,0.407524569486352,0.5111024263256887,0.1866289377212524,0.0,0.8695778750302317,0.4200895537086116
7,ETTm1,3,DLinear,MTT,300,0.3,0.3434811142930093,0.4078843250733757,0.437100125750186,0.1335526751261307,0.1309516084678334,1.522509018261411,0.8570607900619507,0.0,0.0034860323350659,0.4200895537086116
7,ETTm1,4,DLinear,MTT,300,0.3,0.3434811142930093,0.4078843250733757,0.1218698428965237,0.0786430333244042,0.2562228355753789,1.1001250220484051,0.7860011458396912,1.0,0.4772394060378501,0.4200895537086116
7,ETTm1,5,DLinear,MTT,300,0.3,0.3434811142930093,0.4078843250733757,0.3401394825057537,0.1561487836452773,0.3180434368981037,1.8792858046759613,0.8848366737365723,3.0,0.5062432057388869,0.4200895537086116
7,ETTm1,6,DLinear,MTT,300,0.3,0.3434811142930093,0.4078843250733757,0.2588496917274142,0.1770032384178621,0.2542472538408499,1.3498357956749931,0.9436660408973694,3.0,0.6485988886425461,0.4200895537086116
7,ETTm1,0,DLinear,MTT,300,0.5,0.3434811142930093,0.4030887714003205,0.5613290176358753,0.2512219835669763,0.2753985757360045,0.5910999919875034,0.1414607167243957,0.0,0.5888980672765318,0.3987428910713822
7,ETTm1,1,DLinear,MTT,300,0.5,0.3434811142930093,0.4030887714003205,0.4747142300322149,0.1565081690970046,0.0890498897367604,1.8321673229388555,0.8341444730758667,0.0,0.0115543244034864,0.3987428910713822
7,ETTm1,2,DLinear,MTT,300,0.5,0.3434811142930093,0.4030887714003205,0.5880260569255991,0.2518007351230616,0.2910889319395748,0.486487112213863,0.0754379630088806,0.0,0.6211269959192496,0.3987428910713822
7,ETTm1,3,DLinear,MTT,300,0.5,0.3434811142930093,0.4030887714003205,0.4530963067713702,0.1186618344400713,0.0935368643357815,1.498814130747591,0.8489683866500854,0.0,0.0024900198081918,0.3987428910713822
7,ETTm1,4,DLinear,MTT,300,0.5,0.3434811142930093,0.4030887714003205,0.1212340774770943,0.0845495355728382,0.1830163199027987,1.0728547205022716,0.719150185585022,0.0,0.3408853602387624,0.3987428910713822
7,ETTm1,5,DLinear,MTT,300,0.5,0.3434811142930093,0.4030887714003205,0.3137676447788335,0.1434219799247883,0.227173870606191,1.945935494665966,0.8839558959007263,3.0,0.3616023409098929,0.3987428910713822
7,ETTm1,6,DLinear,MTT,300,0.5,0.3434811142930093,0.4030887714003205,0.2091635938665399,0.1863118968500166,0.181605207476711,1.4259232482756958,0.9442033767700196,3.0,0.4632848378577103,0.3987428910713822
7,ETTm1,0,DLinear,MTT,300,0.7,0.3434811142930093,0.3996341214135772,0.5389633089846074,0.2295378187993907,0.1652391880917746,0.5426367322364979,0.3282449841499328,0.0,0.353338929590928,0.3761572342632533
7,ETTm1,1,DLinear,MTT,300,0.7,0.3434811142930093,0.3996341214135772,0.4769998939964932,0.138935690000594,0.0534299296975609,1.8249620672470503,0.815536379814148,0.0,0.0069325251326064,0.3761572342632533
7,ETTm1,2,DLinear,MTT,300,0.7,0.3434811142930093,0.3996341214135772,0.5709003680711574,0.2331935309696548,0.174653310277343,0.4678845741658133,0.2933938503265381,0.0,0.3726760112614934,0.3761572342632533
7,ETTm1,3,DLinear,MTT,300,0.7,0.3434811142930093,0.3996341214135772,0.4685683797576843,0.1020858224612831,0.0561221704222288,1.4755966321443004,0.8378427028656006,0.0,0.0014941163138877,0.3761572342632533
7,ETTm1,4,DLinear,MTT,300,0.7,0.3434811142930093,0.3996341214135772,0.1220663700218351,0.0897370073837869,0.1098098003941882,1.0406648944420462,0.6400635242462158,0.0,0.2045312224544648,0.3761572342632533
7,ETTm1,5,DLinear,MTT,300,0.7,0.3434811142930093,0.3996341214135772,0.2865628541420142,0.129452487694877,0.136304355697573,2.024207754803638,0.8801788091659546,3.0,0.2169614329731206,0.3761572342632533
7,ETTm1,6,DLinear,MTT,300,0.7,0.3434811142930093,0.3996341214135772,0.1586738431632244,0.1940838454363918,0.1089631252341684,1.493069565132798,0.941830575466156,3.0,0.2779708271335276,0.3761572342632533
7,ETTm1,0,DLinear,MTT,300,1.0,0.3434811142930093,0.4138598818340264,0.4879867134230798,0.1751181893008472,1.5904814804341305e-07,0.4986884044538239,0.5390663146972656,0.0,1.68657029151802e-07,0.3450893868642614
7,ETTm1,1,DLinear,MTT,300,1.0,0.3434811142930093,0.4138598818340264,0.4824288974168436,0.1191145052453665,8.21579717289017e-08,1.808921232978283,0.7800277471542358,0.0,1.737737136012615e-07,0.3450893868642614
7,ETTm1,2,DLinear,MTT,300,1.0,0.3434811142930093,0.4138598818340264,0.5270592134731772,0.1837328792243351,1.247165301612367e-07,0.4258779913148619,0.5376197099685669,0.0,2.5463159261964897e-07,0.3450893868642614
7,ETTm1,3,DLinear,MTT,300,1.0,0.3434811142930093,0.4138598818340264,0.4887919139160305,0.0829781697801383,1.509935001313367e-07,1.4410346697505547,0.8154667019844055,0.0,2.610724315568312e-07,0.3450893868642614
7,ETTm1,4,DLinear,MTT,300,1.0,0.3434811142930093,0.4138598818340264,0.1232762247714453,0.0960878529724724,7.82179430193266e-08,0.9824241244424936,0.4984915256500244,0.0,7.218283909145925e-09,0.3450893868642614
7,ETTm1,5,DLinear,MTT,300,1.0,0.3434811142930093,0.4138598818340264,0.2492663894788139,0.1084909121931405,5.7698028288360224e-08,2.144604397975495,0.8690825700759888,0.0,7.10679621993306e-08,0.3450893868642614
7,ETTm1,6,DLinear,MTT,300,1.0,0.3434811142930093,0.4138598818340264,0.0954592947852121,0.2123742713056382,7.194209498156031e-08,1.5873084868542853,0.9328148365020752,0.0,2.690740524253918e-07,0.3450893868642614
42,ETTm1,0,DLinear,MTT,300,0.0,0.3449055170533407,0.3814991691051156,0.6304550548912083,0.2828326791959493,0.469449605855764,0.3295669331292225,0.7924083471298218,0.0,0.2176938916160175,0.5452541257399871
42,ETTm1,1,DLinear,MTT,300,0.0,0.3449055170533407,0.3814991691051156,0.6217556986020899,0.3035506862438582,0.2562083485781176,0.5012595845815447,0.7106543779373169,0.0,0.709865190741958,0.5452541257399871
42,ETTm1,2,DLinear,MTT,300,0.0,0.3449055170533407,0.3814991691051156,0.6375688166248215,0.2682364009967486,0.4489183487104338,0.3386797925933929,0.8166298270225525,0.0,0.2986367250133193,0.5452541257399871
42,ETTm1,3,DLinear,MTT,300,0.0,0.3449055170533407,0.3814991691051156,0.5846481955987706,0.2675233946555579,0.2007698822811988,0.459849277878214,0.7989203929901123,0.0,0.5223956069786367,0.5452541257399871
42,ETTm1,4,DLinear,MTT,300,0.0,0.3449055170533407,0.3814991691051156,0.2565759595985452,0.1956136755461892,0.3437056251289072,1.0366568382376713,0.8179819583892822,2.0,0.7776989295171013,0.5452541257399871
42,ETTm1,5,DLinear,MTT,300,0.0,0.3449055170533407,0.3814991691051156,0.4655234406647519,0.2471813549100453,0.4299000582774288,1.352178673788754,0.900089681148529,3.0,0.668707520348054,0.5452541257399871
42,ETTm1,6,DLinear,MTT,300,0.0,0.3449055170533407,0.3814991691051156,0.3554905034103465,0.2465019761430661,0.2698187058976764,0.3020864912221478,0.8159568309783936,3.0,0.6842313572213637,0.5452541257399871
42,ETTm1,0,DLinear,MTT,300,0.1,0.3449055170533407,0.3804672892366683,0.6251010438819916,0.2742474126899475,0.4225046348486814,0.3473571413899159,0.7752121090888977,0.0,0.1959244583859662,0.5362823747296285
42,ETTm1,1,DLinear,MTT,300,0.1,0.3449055170533407,0.3804672892366683,0.6096373559585323,0.2943461021905975,0.2305875044908324,0.5111471654890856,0.7259033918380737,0.0,0.6388784195124572,0.5362823747296285
42,ETTm1,2,DLinear,MTT,300,0.1,0.3449055170533407,0.3804672892366683,0.6362989239746125,0.2629099995395562,0.4040265225840271,0.3526132491999676,0.7978384494781494,0.0,0.2687731096391789,0.5362823747296285
42,ETTm1,3,DLinear,MTT,300,0.1,0.3449055170533407,0.3804672892366683,0.573974932146212,0.2589684563502336,0.1806929137664596,0.4555222882037547,0.8057698607444763,0.0,0.4701561401093569,0.5362823747296285
42,ETTm1,4,DLinear,MTT,300,0.1,0.3449055170533407,0.3804672892366683,0.2338430783650702,0.1795902925776185,0.309335049260753,1.0313808266463418,0.801113486289978,2.0,0.6999289990494788,0.5362823747296285
42,ETTm1,5,DLinear,MTT,300,0.1,0.3449055170533407,0.3804672892366683,0.4415389040848241,0.2343531442798486,0.3869100455649994,1.312973791302488,0.901274800300598,3.0,0.6018367732646559,0.5362823747296285
42,ETTm1,6,DLinear,MTT,300,0.1,0.3449055170533407,0.3804672892366683,0.342908948889771,0.2416120092765525,0.2428368138862472,0.2933297828672226,0.8346907496452332,3.0,0.6158082426646058,0.5362823747296285
42,ETTm1,0,DLinear,MTT,300,0.2,0.3449055170533407,0.3696786112485732,0.6191111995644009,0.264854948408138,0.3755596689763187,0.3677548003442754,0.7562074065208435,0.0,0.1741550795614082,0.5256859899155891
42,ETTm1,1,DLinear,MTT,300,0.2,0.3449055170533407,0.3696786112485732,0.5955526269588228,0.2833014297325075,0.2049666830934307,0.5212636459302894,0.7393053770065308,0.0,0.5678922352277904,0.5256859899155891
42,ETTm1,2,DLinear,MTT,300,0.2,0.3449055170533407,0.3696786112485732,0.6337464104038611,0.2565056840987422,0.3591346783502372,0.3616539132935766,0.777022659778595,0.0,0.2389094414916514,0.5256859899155891
42,ETTm1,3,DLinear,MTT,300,0.2,0.3449055170533407,0.3696786112485732,0.5620695217475967,0.2487270818530604,0.160615888464986,0.4515412898400193,0.8114649057388306,0.0,0.4179164551749371,0.5256859899155891
42,ETTm1,4,DLinear,MTT,300,0.2,0.3449055170533407,0.3696786112485732,0.2114467265549941,0.1647395116693554,0.2749645071267793,1.039299909346694,0.7808936834335327,2.0,0.6221590915781589,0.5256859899155891
42,ETTm1,5,DLinear,MTT,300,0.2,0.3449055170533407,0.3696786112485732,0.4162461388033935,0.2207301947876153,0.3439200296872557,1.2766255162118323,0.9015074968338012,3.0,0.534966047735147,0.5256859899155891
42,ETTm1,6,DLinear,MTT,300,0.2,0.3449055170533407,0.3696786112485732,0.327328497416938,0.2363460471989363,0.2158549564200667,0.285289299011459,0.851858377456665,3.0,0.5473850880471947,0.5256859899155891
42,ETTm1,0,DLinear,MTT,300,0.3,0.3449055170533407,0.368729959185625,0.6127079969905672,0.2550217841193805,0.3286146830532891,0.3939852608314979,0.7353942394256592,0.0,0.1523856463313569,0.5137324467300792
42,ETTm1,1,DLinear,MTT,300,0.3,0.3449055170533407,0.368729959185625,0.5795128992973512,0.2705817144889785,0.1793458618564891,0.532466642569619,0.7508602738380432,0.0,0.4969056596465677,0.5137324467300792
42,ETTm1,2,DLinear,MTT,300,0.3,0.3449055170533407,0.368729959185625,0.6303001735802837,0.2494070976590272,0.3142428533587542,0.3743245968914342,0.7541825175285339,0.0,0.2090457733441239,0.5137324467300792
42,ETTm1,3,DLinear,MTT,300,0.3,0.3449055170533407,0.368729959185625,0.5493121848468276,0.2369213331718931,0.1405389172504826,0.4500854169808668,0.816005527973175,0.0,0.3656768792730872,0.5137324467300792
42,ETTm1,4,DLinear,MTT,300,0.3,0.3449055170533407,0.368729959185625,0.1900571018438454,0.1521474967473146,0.2405939405330074,1.0412817592956356,0.7573227286338806,2.0,0.5443892530957463,0.5137324467300792
42,ETTm1,5,DLinear,MTT,300,0.3,0.3449055170533407,0.368729959185625,0.3904496396310611,0.2071350929585884,0.3009300317768174,1.232516384690618,0.9007878303527832,3.0,0.4680952790978597,0.5137324467300792
42,ETTm1,6,DLinear,MTT,300,0.3,0.3449055170533407,0.368729959185625,0.3082007250952676,0.2309167926542627,0.1888730859896678,0.2838417903930095,0.867459774017334,3.0,0.4789619334297836,0.5137324467300792
42,ETTm1,0,DLinear,MTT,300,0.5,0.3449055170533407,0.3675414093725505,0.5996075854661133,0.2351565923892461,0.2347247503335781,0.4583324340844947,0.688342809677124,0.0,0.108846943087734,0.4865373289313006
42,ETTm1,1,DLinear,MTT,300,0.5,0.3449055170533407,0.3675414093725505,0.5429802700542551,0.2402406484782425,0.1281041417115197,0.5507174949474755,0.7684289813041687,0.0,0.3549326063082612,0.4865373289313006
42,ETTm1,2,DLinear,MTT,300,0.5,0.3449055170533407,0.3675414093725505,0.6218675228482162,0.2344250321885264,0.2244592126560577,0.4079583719053373,0.7024291753768921,0.0,0.149318489822456,0.4865373289313006
42,ETTm1,3,DLinear,MTT,300,0.5,0.3449055170533407,0.3675414093725505,0.5229619711385605,0.2096220293407504,0.1003849658470086,0.444984344398209,0.8216236233711243,0.0,0.2611977274693876,0.4865373289313006
42,ETTm1,4,DLinear,MTT,300,0.5,0.3449055170533407,0.3675414093725505,0.1526991464186319,0.1329748329432018,0.1718528103269116,1.032316689525271,0.700127124786377,2.0,0.3888494381531062,0.4865373289313006
42,ETTm1,5,DLinear,MTT,300,0.5,0.3449055170533407,0.3675414093725505,0.3537053397434961,0.1914317453613335,0.214950053262232,1.1481795666625374,0.8964912295341492,3.0,0.3343537418232852,0.4865373289313006
42,ETTm1,6,DLinear,MTT,300,0.5,0.3449055170533407,0.3675414093725505,0.2571861084452875,0.2240085259959256,0.1349093726158045,0.2940379453657638,0.8939638733863831,3.0,0.3421155440736557,0.4865373289313006
42,ETTm1,0,DLinear,MTT,300,0.7,0.3449055170533407,0.3811101532598529,0.5872639954538349,0.2163753565826905,0.1408348076583901,0.5278129925046686,0.6340575218200684,0.0,0.0653081854386179,0.4558658757370277
42,ETTm1,1,DLinear,MTT,300,0.7,0.3449055170533407,0.3811101532598529,0.5040739897510036,0.2058187824247294,0.0768625019476274,0.571012972681552,0.778609573841095,0.0,0.2129594551458156,0.4558658757370277
42,ETTm1,2,DLinear,MTT,300,0.7,0.3449055170533407,0.3811101532598529,0.612631357829008,0.2199987013315358,0.1346755364727547,0.4519595321329123,0.6425784826278687,0.0,0.089591206300788,0.4558658757370277
42,ETTm1,3,DLinear,MTT,300,0.7,0.3449055170533407,0.3811101532598529,0.4971329665479113,0.1802161115709527,0.0602310172421055,0.4402854908076578,0.8226240873336792,0.0,0.1567185756656879,0.4558658757370277
42,ETTm1,4,DLinear,MTT,300,0.7,0.3449055170533407,0.3811101532598529,0.122911171934294,0.1201321885608323,0.1031117004253182,1.025818397023924,0.6295264959335327,2.0,0.2333096692030711,0.4558658757370277
42,ETTm1,5,DLinear,MTT,300,0.7,0.3449055170533407,0.3811101532598529,0.3268854331063347,0.1911695299167037,0.1289700217174672,1.0670086141644444,0.888384997844696,3.0,0.2006122907642673,0.4558658757370277
42,ETTm1,6,DLinear,MTT,300,0.7,0.3449055170533407,0.3811101532598529,0.1926074872929981,0.2271142244084976,0.0809456265907719,0.309564011987301,0.9142029881477356,3.0,0.2052693149601396,0.4558658757370277
42,ETTm1,0,DLinear,MTT,300,1.0,0.3449055170533407,0.3959648026552525,0.570440281183254,0.1915742253330465,1.4022372562870124e-07,0.6400022966733759,0.5390663146972656,0.0,5.984604265455588e-08,0.4052327939577731
42,ETTm1,1,DLinear,MTT,300,1.0,0.3449055170533407,0.3959648026552525,0.4579803161928426,0.1574886520678678,8.58593850295379e-08,0.6086807933987491,0.7800276875495911,0.0,1.737737136012615e-07,0.4052327939577731
42,ETTm1,2,DLinear,MTT,300,1.0,0.3449055170533407,0.3959648026552525,0.5992945585584782,0.2009057064990446,1.2306393428159605e-07,0.5252631669482287,0.5376197099685669,0.0,2.5463159261964897e-07,0.4052327939577731
42,ETTm1,3,DLinear,MTT,300,1.0,0.3449055170533407,0.3959648026552525,0.462224474742808,0.1433280779985218,1.479812331008745e-07,0.4412417095253028,0.8154667019844055,0.0,1.520398615651385e-07,0.4052327939577731
42,ETTm1,4,DLinear,MTT,300,1.0,0.3449055170533407,0.3959648026552525,0.0931409075504583,0.1090546442093575,8.292691633625352e-08,1.0199401117857785,0.4984915256500244,0.0,7.218283909145925e-09,0.4052327939577731
42,ETTm1,5,DLinear,MTT,300,1.0,0.3449055170533407,0.3959648026552525,0.2908264438771338,0.1913936803875924,5.412362549620325e-08,0.958651192165479,0.8690825700759888,0.0,7.10679621993306e-08,0.4052327939577731
42,ETTm1,6,DLinear,MTT,300,1.0,0.3449055170533407,0.3959648026552525,0.1143564591932559,0.2587170224509029,7.256723084943122e-08,0.3448288096808026,0.9328148365020752,0.0,2.690740524253918e-07,0.4052327939577731
123,ETTm1,0,DLinear,MTT,300,0.0,0.3455243922457467,0.6181970161838657,0.4328643988356983,0.1394871957090071,0.3095363682354239,0.5994416547712702,0.8508361577987671,0.0,0.5481692064588752,0.3086268338028792
123,ETTm1,1,DLinear,MTT,300,0.0,0.3455243922457467,0.6181970161838657,0.4431031841667286,0.1017704835067383,0.4675916115146628,1.0333059711153394,0.7660184502601624,0.0,0.0802425759140706,0.3086268338028792
123,ETTm1,2,DLinear,MTT,300,0.0,0.3455243922457467,0.6181970161838657,0.5184700638969835,0.1420900569394351,0.3143857279060081,0.6294558153913352,0.8941645622253418,0.0,0.5809694907374551,0.3086268338028792
123,ETTm1,3,DLinear,MTT,300,0.0,0.3455243922457467,0.6181970161838657,0.4660979619201632,0.1090380323970649,0.634548725395283,0.7070512996649251,0.8319007754325867,0.0,0.0692598211499846,0.3086268338028792
123,ETTm1,4,DLinear,MTT,300,0.0,0.3455243922457467,0.6181970161838657,0.0772627314954927,0.1193862021766645,0.3829869880183125,0.7025906309665667,0.3292746543884277,0.0,0.1823197522485894,0.3086268338028792
123,ETTm1,5,DLinear,MTT,300,0.0,0.3455243922457467,0.6181970161838657,0.317836905795116,0.1297046255885147,0.1756899941900222,1.146553013676064,0.8731102347373962,1.0,0.5401192808749632,0.3086268338028792
123,ETTm1,6,DLinear,MTT,300,0.0,0.3455243922457467,0.6181970161838657,0.1402642061478944,0.0441810674929243,0.9153683120978277,1.0645087449003778,0.8409525752067566,0.0,0.2859063390593846,0.3086268338028792
123,ETTm1,0,DLinear,MTT,300,0.1,0.3455243922457467,0.5898489529258996,0.4515636385131121,0.1480269554274958,0.2785827136001752,0.6126588017289187,0.8321031332015991,0.0,0.4933522716675594,0.3090200278285871
123,ETTm1,1,DLinear,MTT,300,0.1,0.3455243922457467,0.5898489529258996,0.4428752894314838,0.1040137859451135,0.4208324522138989,1.0006907936056868,0.770012617111206,0.0,0.0722183552648626,0.3090200278285871
123,ETTm1,2,DLinear,MTT,300,0.1,0.3455243922457467,0.5898489529258996,0.5311946398480121,0.1492925375044117,0.2829471763650055,0.6461468966216392,0.8724768757820129,0.0,0.5228725882362237,0.3090200278285871
123,ETTm1,3,DLinear,MTT,300,0.1,0.3455243922457467,0.5898489529258996,0.4647349849323861,0.109715358152911,0.5710938446770409,0.6703564623267653,0.8314146399497986,0.0,0.0623338542389723,0.3090200278285871
123,ETTm1,4,DLinear,MTT,300,0.1,0.3455243922457467,0.5898489529258996,0.0759084742088716,0.1165660765598072,0.3446882745894702,0.728153653654227,0.354177176952362,0.0,0.1640878237381638,0.3090200278285871
123,ETTm1,5,DLinear,MTT,300,0.1,0.3455243922457467,0.5898489529258996,0.307561608299946,0.1257629885963786,0.1581210173221437,1.1417335730719136,0.8747201561927795,1.0,0.4861073469619295,0.3090200278285871
123,ETTm1,6,DLinear,MTT,300,0.1,0.3455243922457467,0.5898489529258996,0.1350710328260561,0.0410619318335282,0.8238314586309614,0.9752055096299844,0.8527666330337524,0.0,0.2573156920001984,0.3090200278285871
123,ETTm1,0,DLinear,MTT,300,0.2,0.3455243922457467,0.5602499992141652,0.4689755785308696,0.1563986554341979,0.2476290658167639,0.6260283542847527,0.8106048107147217,0.0,0.4385353640789902,0.3086966513397683
123,ETTm1,1,DLinear,MTT,300,0.2,0.3455243922457467,0.5602499992141652,0.442716576996269,0.1061117938137487,0.3740732944154277,0.967034969523624,0.7734304666519165,0.0,0.0641941346156547,0.3086966513397683
123,ETTm1,2,DLinear,MTT,300,0.2,0.3455243922457467,0.5602499992141652,0.5416792456479659,0.1556494736874554,0.2515085963409271,0.6634656528081018,0.8476854562759399,0.0,0.4647756329616052,0.3086966513397683
123,ETTm1,3,DLinear,MTT,300,0.2,0.3455243922457467,0.5602499992141652,0.463325469554074,0.1101907430461336,0.5076389543054312,0.6283502576306231,0.8306712508201599,0.0,0.05540788732796,0.3086966513397683
123,ETTm1,4,DLinear,MTT,300,0.2,0.3455243922457467,0.5602499992141652,0.0741910243675249,0.1134986482085383,0.306389588441296,0.7564336519108775,0.3773062229156494,0.0,0.1458559872129479,0.3086966513397683
123,ETTm1,5,DLinear,MTT,300,0.2,0.3455243922457467,0.5602499992141652,0.2967513340276633,0.1213714265074972,0.1405519786370611,1.135496096416719,0.8758828043937683,1.0,0.432095413048896,0.3086966513397683
123,ETTm1,6,DLinear,MTT,300,0.2,0.3455243922457467,0.5602499992141652,0.1300918955552973,0.0376637184764212,0.7322946082080533,0.8725683037523451,0.863996684551239,0.0,0.2287252051836241,0.3086966513397683
123,ETTm1,0,DLinear,MTT,300,0.3,0.3455243922457467,0.5080871402008702,0.4847287139476077,0.1638011984271411,0.2166754264127808,0.6398411554861313,0.78634113073349,0.0,0.3837184020849278,0.3079308598669878
123,ETTm1,1,DLinear,MTT,300,0.3,0.3455243922457467,0.5080871402008702,0.4426315098003294,0.1080818932393157,0.3273141330100618,0.940558215254634,0.7762720584869385,0.0,0.0561698161423078,0.3079308598669878
123,ETTm1,2,DLinear,MTT,300,0.3,0.3455243922457467,0.5080871402008702,0.5501644437428972,0.1609023413134181,0.2200700334314732,0.6801127110149064,0.8197903633117676,0.0,0.4066787304603738,0.3079308598669878
123,ETTm1,3,DLinear,MTT,300,0.3,0.3455243922457467,0.5080871402008702,0.4618763840986684,0.1104611026555971,0.4441840435494426,0.6000912460367509,0.829670786857605,0.0,0.0484819204169477,0.3079308598669878
123,ETTm1,4,DLinear,MTT,300,0.3,0.3455243922457467,0.5080871402008702,0.0720526311586709,0.1101708705699802,0.2680908848588063,0.7845152389735268,0.3986616730690002,0.0,0.1276238747321026,0.3079308598669878
123,ETTm1,5,DLinear,MTT,300,0.3,0.3455243922457467,0.5080871402008702,0.2863645751008246,0.1165287090207198,0.122983007179628,1.1245515763376737,0.8765982389450073,1.0,0.3780836084591972,0.3079308598669878
123,ETTm1,6,DLinear,MTT,300,0.3,0.3455243922457467,0.5080871402008702,0.1261171574227919,0.0343149355744294,0.6407577567276274,0.7889871151975862,0.8746428489685059,0.0,0.2001344780031319,0.3079308598669878
123,ETTm1,0,DLinear,MTT,300,0.5,0.3455243922457467,0.4774557503782437,0.5108604216771621,0.1745861979630828,0.1547681455847034,0.6674126364868225,0.7295178174972534,0.0,0.2740845325022963,0.3056410468809053
123,ETTm1,1,DLinear,MTT,300,0.5,0.3455243922457467,0.4774557503782437,0.4429636661858702,0.1114909458766964,0.2337958538711091,0.8912106343402683,0.7802265286445618,0.0,0.040121472668031,0.3056410468809053
123,ETTm1,2,DLinear,MTT,300,0.5,0.3455243922457467,0.4774557503782437,0.562728489345758,0.1678843903647301,0.1571929313106102,0.710787966192711,0.7546888589859009,0.0,0.2904849254579109,0.3056410468809053
123,ETTm1,3,DLinear,MTT,300,0.5,0.3455243922457467,0.4774557503782437,0.4588884506918198,0.1105384406026757,0.3172743012771289,0.5634804190105067,0.8268982768058777,0.0,0.034629986594923,0.3056410468809053
123,ETTm1,4,DLinear,MTT,300,0.5,0.3455243922457467,0.4774557503782437,0.066855166568839,0.1032712427877891,0.1914934797051503,0.8382854543753071,0.4360522627830505,0.0,0.0911599257260415,0.3056410468809053
123,ETTm1,5,DLinear,MTT,300,0.5,0.3455243922457467,0.4774557503782437,0.2676527631769771,0.1058079560187933,0.0878449896989222,1.094156718231602,0.876687228679657,1.0,0.2700596975253518,0.3056410468809053
123,ETTm1,6,DLinear,MTT,300,0.5,0.3455243922457467,0.4774557503782437,0.120221491262743,0.0332072418543769,0.457684132059647,0.6411665340695042,0.8941831588745117,0.0,0.1429533441273714,0.3056410468809053
123,ETTm1,0,DLinear,MTT,300,0.7,0.3455243922457467,0.4445260769910734,0.5308778644413381,0.1816173806008164,0.0928608746041798,0.6946424102459958,0.6616332530975342,0.0,0.164450717325158,0.3027376415234709
123,ETTm1,1,DLinear,MTT,300,0.7,0.3455243922457467,0.4445260769910734,0.4435559315950452,0.1138299814943632,0.140277499703791,0.854192273952165,0.7818757891654968,0.0,0.0240729335454762,0.3027376415234709
123,ETTm1,2,DLinear,MTT,300,0.7,0.3455243922457467,0.4445260769910734,0.5713126072659346,0.1716802452540503,0.094315779276796,0.7415979031359123,0.6771724224090576,0.0,0.1742910149086739,0.3027376415234709
123,ETTm1,3,DLinear,MTT,300,0.7,0.3455243922457467,0.4445260769910734,0.4558294049009821,0.1098405818313711,0.190364519960983,0.5513872058069399,0.8230971693992615,0.0,0.0207781618054684,0.3027376415234709
123,ETTm1,4,DLinear,MTT,300,0.7,0.3455243922457467,0.4445260769910734,0.0619140880897415,0.0966849378843641,0.1148960874461061,0.8745523745407158,0.4663484692573547,0.0,0.0546960687051902,0.3027376415234709
123,ETTm1,5,DLinear,MTT,300,0.7,0.3455243922457467,0.4445260769910734,0.2526787075135551,0.0943329731070004,0.052707009558772,1.0763207434617776,0.8749871253967285,1.0,0.1620358296992846,0.3027376415234709
123,ETTm1,6,DLinear,MTT,300,0.7,0.3455243922457467,0.4445260769910734,0.1177895181977564,0.0394229543343302,0.2746105069957679,0.4900652596473802,0.9113876819610596,0.0,0.085772130130305,0.3027376415234709
123,ETTm1,0,DLinear,MTT,300,1.0,0.3455243922457467,0.4135971668529997,0.552373181829522,0.1880735400024538,1.398786178121625e-07,0.7398839381683892,0.5390663146972656,0.0,5.984604265455588e-08,0.2975313953235597
123,ETTm1,1,DLinear,MTT,300,1.0,0.3455243922457467,0.4135971668529997,0.4449029656799397,0.1152026972691614,9.453635592402592e-08,0.7931639399466011,0.7800277471542358,0.0,2.7159785259461614e-07,0.2975313953235597
123,ETTm1,2,DLinear,MTT,300,1.0,0.3455243922457467,0.4135971668529997,0.5797678030284938,0.1743506500898872,1.2062232460279641e-07,0.7963505982148542,0.5376197099685669,0.0,2.5463159261964897e-07,0.2975313953235597
123,ETTm1,3,DLinear,MTT,300,1.0,0.3455243922457467,0.4135971668529997,0.4512720924741611,0.1074196260990282,1.4792773684764148e-07,0.5899137821084869,0.8154667019844055,0.0,1.520398615651385e-07,0.2975313953235597
123,ETTm1,4,DLinear,MTT,300,1.0,0.3455243922457467,0.4135971668529997,0.0639193637800491,0.0970416968046942,8.469129784806997e-08,0.9562963385731432,0.4984915256500244,0.0,7.218283909145925e-09,0.2975313953235597
123,ETTm1,5,DLinear,MTT,300,1.0,0.3455243922457467,0.4135971668529997,0.2353727439845882,0.0787340488495888,5.2242076183780973e-08,1.0409999995357688,0.8690825700759888,0.0,1.5728351877422233e-07,0.2975313953235597
123,ETTm1,6,DLinear,MTT,300,1.0,0.3455243922457467,0.4135971668529997,0.1140693143068243,0.0598615258598749,7.23926412723951e-08,0.3455166757059853,0.9328148365020752,0.0,2.690740524253918e-07,0.2975313953235597
7,ETTm2,0,DLinear,MTT,300,0.0,0.1858503837054802,0.3451276060724253,0.1012355259388774,0.0753826062430007,0.233669215209489,1.0292438641227706,0.9755621552467346,3.0,0.8614334170794036,0.3513538827874947
7,ETTm2,1,DLinear,MTT,300,0.0,0.1858503837054802,0.3451276060724253,0.2145375476729512,0.1618767703872451,0.2318217293081059,0.7670431015586247,0.9691303372383118,0.0,0.6449497612892358,0.3513538827874947
7,ETTm2,2,DLinear,MTT,300,0.0,0.1858503837054802,0.3451276060724253,0.2489591581295379,0.2632775531780211,0.6073695591401521,0.7469314591892743,0.9831617474555968,2.0,0.5879006974185293,0.3513538827874947
7,ETTm2,3,DLinear,MTT,300,0.0,0.1858503837054802,0.3451276060724253,0.2824526662804177,0.1927282315032646,0.2524264728398015,0.9169241732150436,0.9478906393051147,0.0,0.6433442731853163,0.3513538827874947
7,ETTm2,4,DLinear,MTT,300,0.0,0.1858503837054802,0.3451276060724253,0.1664037826102488,0.1610786240902578,0.5487469917219129,0.2054006901076088,0.9837794899940492,2.0,0.9419475072603356,0.3513538827874947
7,ETTm2,5,DLinear,MTT,300,0.0,0.1858503837054802,0.3451276060724253,0.2638177436977563,0.2079417970999384,0.1971949797036526,0.0993610463977234,0.9928077459335328,0.0,0.0542460695530196,0.3513538827874947
7,ETTm2,6,DLinear,MTT,300,0.0,0.1858503837054802,0.3451276060724253,0.1223945865818901,0.0578046441837087,0.1649456386760727,0.9156929168976434,0.9199663996696472,3.0,0.6052434922435047,0.3513538827874947
7,ETTm2,0,DLinear,MTT,300,0.1,0.1858503837054802,0.3130438238622696,0.0742302853298203,0.0734222452083319,0.2103022928584077,1.0297314084176483,0.9677999019622804,3.0,0.7752900474049395,0.3440508565653102
7,ETTm2,1,DLinear,MTT,300,0.1,0.1858503837054802,0.3130438238622696,0.200819035030455,0.1422394930562514,0.2086395601315644,0.7756519098967669,0.9609041213989258,0.0,0.5804548078015836,0.3440508565653102
7,ETTm2,2,DLinear,MTT,300,0.1,0.1858503837054802,0.3130438238622696,0.2479685795273142,0.2603403838503202,0.5466326076876344,0.8022049001378493,0.9819932579994202,2.0,0.5291106058741379,0.3440508565653102
7,ETTm2,3,DLinear,MTT,300,0.1,0.1858503837054802,0.3130438238622696,0.2685474531007933,0.1765213643442091,0.2271838278741259,0.9162977338348336,0.9369614124298096,0.0,0.579009835597023,0.3440508565653102
7,ETTm2,4,DLinear,MTT,300,0.1,0.1858503837054802,0.3130438238622696,0.1614774382993125,0.1520169686392606,0.4938723077942918,0.1590945916716309,0.982142448425293,2.0,0.8477527632335392,0.3440508565653102
7,ETTm2,5,DLinear,MTT,300,0.1,0.1858503837054802,0.3130438238622696,0.2711563431452639,0.1972265339849691,0.1774754947381714,0.1155894781281286,0.9930758476257324,0.0,0.0488213698593957,0.3440508565653102
7,ETTm2,6,DLinear,MTT,300,0.1,0.1858503837054802,0.3130438238622696,0.1055524380351309,0.0489982295908452,0.1484510907556194,0.9261995711091991,0.9188082218170166,3.0,0.5447191978459843,0.3440508565653102
7,ETTm2,0,DLinear,MTT,300,0.2,0.1858503837054802,0.3336649086828888,0.0585384397109537,0.0761517628141428,0.1869353687492741,1.02860440575519,0.9578731060028076,3.0,0.6891467212518667,0.3368041415266466
7,ETTm2,1,DLinear,MTT,300,0.2,0.1858503837054802,0.3336649086828888,0.1901678834295455,0.1288524062256875,0.1854573831708169,0.7793750529825193,0.9505475759506226,0.0,0.5159598239229631,0.3368041415266466
7,ETTm2,2,DLinear,MTT,300,0.2,0.1858503837054802,0.3336649086828888,0.2449594737416921,0.2560729631727168,0.485895639325121,0.8616107954274347,0.9804352521896362,2.0,0.470320541311231,0.3368041415266466
7,ETTm2,3,DLinear,MTT,300,0.2,0.1858503837054802,0.3336649086828888,0.2559728544971703,0.1630711173957634,0.2019411758025349,0.9125859320242922,0.9237332940101624,0.0,0.5146753691250249,0.3368041415266466
7,ETTm2,4,DLinear,MTT,300,0.2,0.1858503837054802,0.3336649086828888,0.1534167257097322,0.1424538162895471,0.4389976140530592,0.1294808857045994,0.9800511002540588,3.0,0.7535580075596467,0.3368041415266466
7,ETTm2,5,DLinear,MTT,300,0.2,0.1858503837054802,0.3336649086828888,0.278512477696455,0.1852283409823171,0.1577560107266411,0.1327350779473672,0.9933050274848938,0.0,0.0433968834623076,0.3368041415266466
7,ETTm2,6,DLinear,MTT,300,0.2,0.1858503837054802,0.3336649086828888,0.0864217421472541,0.0582834167744193,0.1319564810640798,0.934172640570449,0.9169698357582092,3.0,0.4841947340749613,0.3368041415266466
7,ETTm2,0,DLinear,MTT,300,0.3,0.1858503837054802,0.3589079551074707,0.0579371538114062,0.0837332319046724,0.1635684560281927,1.028415342575736,0.9457818865776062,3.0,0.6030033805916636,0.330344406702244
7,ETTm2,1,DLinear,MTT,300,0.3,0.1858503837054802,0.3589079551074707,0.1821444586192181,0.1200094590357373,0.1622752107936934,0.782009261355962,0.9380608201026917,0.0,0.4514648400443426,0.330344406702244
7,ETTm2,2,DLinear,MTT,300,0.3,0.1858503837054802,0.3589079551074707,0.2419947861082154,0.2513024855291693,0.4251586793789387,0.9232582762670544,0.97848778963089,0.0,0.411530368822386,0.330344406702244
7,ETTm2,3,DLinear,MTT,300,0.3,0.1858503837054802,0.3589079551074707,0.2450983720567403,0.1521962838720368,0.176698519593784,0.9080418386547076,0.908206343650818,0.0,0.4503409026530267,0.330344406702244
7,ETTm2,4,DLinear,MTT,300,0.3,0.1858503837054802,0.3589079551074707,0.1436994404202489,0.1321873305773106,0.3841229010925515,0.1231082344359519,0.9775054454803468,3.0,0.659363282944677,0.330344406702244
7,ETTm2,5,DLinear,MTT,300,0.3,0.1858503837054802,0.3589079551074707,0.2858717096280885,0.1722354216262608,0.1380365255936464,0.1496782164673193,0.9934953451156616,0.0,0.0379722548675289,0.330344406702244
7,ETTm2,6,DLinear,MTT,300,0.3,0.1858503837054802,0.3589079551074707,0.0656063836131583,0.0691589591543856,0.1154619401425995,0.9441011215838758,0.91445130109787,3.0,0.4236705243641923,0.330344406702244
7,ETTm2,0,DLinear,MTT,300,0.5,0.1858503837054802,0.3561785668940224,0.0781972084758968,0.1055241720711189,0.1168346152534958,1.0307630717593124,0.9151058793067932,3.0,0.4307166992712573,0.3206015660815192
7,ETTm2,1,DLinear,MTT,300,0.5,0.1858503837054802,0.3561785668940224,0.1715990189053433,0.1095517088088594,0.1159108740235757,0.7897431726509745,0.9066964387893676,0.0,0.3224749330690384,0.3206015660815192
7,ETTm2,2,DLinear,MTT,300,0.5,0.1858503837054802,0.3561785668940224,0.238506214478814,0.2372518000787385,0.3036847817596521,1.0483619450967456,0.9734243750572203,0.0,0.2939501317706341,0.3206015660815192
7,ETTm2,3,DLinear,MTT,300,0.5,0.1858503837054802,0.3561785668940224,0.2281396530510241,0.136512779926634,0.1262132295305841,0.8994906025090372,0.8702558279037476,0.0,0.3216720274764401,0.3206015660815192
7,ETTm2,4,DLinear,MTT,300,0.5,0.1858503837054802,0.3561785668940224,0.1237851314263633,0.110470681453275,0.2743735344546141,0.1797054174532587,0.9710513353347778,3.0,0.4709738026558148,0.3206015660815192
7,ETTm2,5,DLinear,MTT,300,0.5,0.1858503837054802,0.3561785668940224,0.2957082199134069,0.1433134820061673,0.0985975957598575,0.1836464357119045,0.993759274482727,0.0,0.0271229976779717,0.3206015660815192
7,ETTm2,6,DLinear,MTT,300,0.5,0.1858503837054802,0.3561785668940224,0.062994170641188,0.0928759141850193,0.0824727757031143,0.966550603514527,0.9073734879493712,3.0,0.3026217661956489,0.3206015660815192
7,ETTm2,0,DLinear,MTT,300,0.7,0.1858503837054802,0.3686741021112488,0.1009250946269368,0.1217493236680906,0.0701007739165346,1.034535791078925,0.8757718801498413,3.0,0.258430017950851,0.3149239155401213
7,ETTm2,1,DLinear,MTT,300,0.7,0.1858503837054802,0.3686741021112488,0.1661937452170407,0.1043449692490736,0.0695465389712855,0.7954711953421553,0.8668109774589539,0.0,0.1934850260937343,0.3149239155401213
7,ETTm2,2,DLinear,MTT,300,0.7,0.1858503837054802,0.3686741021112488,0.2323606774271827,0.2213058235992261,0.1822109033649818,1.1684110119771334,0.966803014278412,0.0,0.1763700026448204,0.3149239155401213
7,ETTm2,3,DLinear,MTT,300,0.7,0.1858503837054802,0.3686741021112488,0.2161386440157023,0.1263547485778254,0.075727930356311,0.892034575502524,0.8231098651885986,0.0,0.1930030367650342,0.3149239155401213
7,ETTm2,4,DLinear,MTT,300,0.7,0.1858503837054802,0.3686741021112488,0.1069006410586099,0.0903925806911144,0.1646241470732802,0.2751746432706296,0.9627799987792968,3.0,0.2825843534258753,0.3149239155401213
7,ETTm2,5,DLinear,MTT,300,0.7,0.1858503837054802,0.3686741021112488,0.2972289178289578,0.1131494016067375,0.0591586263936125,0.2179764076886508,0.9938676357269288,0.0,0.0162738115872596,0.3149239155401213
7,ETTm2,6,DLinear,MTT,300,0.7,0.1858503837054802,0.3686741021112488,0.1144758080989102,0.1230393759414808,0.0494836747199004,0.9861153646545308,0.8975749015808105,0.0,0.1815731209427739,0.3149239155401213
7,ETTm2,0,DLinear,MTT,300,1.0,0.1858503837054802,0.3740352767977327,0.1259119366079076,0.137664960262528,1.582063723615427e-07,1.04094783686989,0.8005371689796448,0.0,6.205828026896795e-08,0.3122106319067099
7,ETTm2,1,DLinear,MTT,300,1.0,0.1858503837054802,0.3740352767977327,0.1634477341033389,0.1008459644962469,1.7594043616408473e-07,0.8009507350804523,0.7910057306289673,0.0,1.3523980961607748e-07,0.3122106319067099
7,ETTm2,2,DLinear,MTT,300,1.0,0.1858503837054802,0.3740352767977327,0.2253781136037861,0.1992670780796607,5.0968943822715534e-08,1.3419670762136977,0.9539498686790466,0.0,2.989698383497979e-07,0.3122106319067099
7,ETTm2,3,DLinear,MTT,300,1.0,0.1858503837054802,0.3740352767977327,0.2040933028158301,0.117022920918785,9.707154558309437e-08,0.882802777948537,0.7351493835449219,0.0,1.8934873131586818e-07,0.3122106319067099
7,ETTm2,4,DLinear,MTT,300,1.0,0.1858503837054802,0.3740352767977327,0.0916885524279648,0.0667941574829017,7.717821463765163e-08,0.4359922422783288,0.9469658732414246,0.0,8.64041978089841e-08,0.3122106319067099
7,ETTm2,5,DLinear,MTT,300,1.0,0.1858503837054802,0.3740352767977327,0.2830644516933449,0.0692726137947416,1.7628878766195584e-07,0.2764432221907875,0.9937384724617004,0.0,1.4529592144348685e-07,0.3122106319067099
7,ETTm2,6,DLinear,MTT,300,1.0,0.1858503837054802,0.3740352767977327,0.1859804778682492,0.1636304997059707,8.818126702255891e-08,1.0165878125431371,0.8777753710746765,0.0,2.0952129573813725e-07,0.3122106319067099
42,ETTm2,0,DLinear,MTT,300,0.0,0.1853775012747774,0.2153165361281794,0.0714352251209725,0.1097193615583776,0.3639778025426001,0.1606841415153684,0.9799732565879822,2.0,0.9292086488064302,0.3046525893528438
42,ETTm2,1,DLinear,MTT,300,0.0,0.1853775012747774,0.2153165361281794,0.1457362213200569,0.0489372924516164,0.478113104906425,0.1506533054105264,0.973149299621582,0.0,0.6945006246389038,0.3046525893528438
42,ETTm2,2,DLinear,MTT,300,0.0,0.1853775012747774,0.2153165361281794,0.161611716026327,0.1343615398602576,0.265888493391647,0.2795320220530807,0.9606746435165404,3.0,0.5625509181678303,0.3046525893528438
42,ETTm2,3,DLinear,MTT,300,0.0,0.1853775012747774,0.2153165361281794,0.2213137979924877,0.1811423521010811,0.273223508277608,0.3313202950790433,0.9731144309043884,0.0,0.6191398152210811,0.3046525893528438
42,ETTm2,4,DLinear,MTT,300,0.0,0.1853775012747774,0.2153165361281794,0.1083041920296845,0.099063614642898,0.1210080358142243,0.2745508389530103,0.9675238132476808,0.0,0.0655090073273955,0.3046525893528438
42,ETTm2,5,DLinear,MTT,300,0.0,0.1853775012747774,0.2153165361281794,0.2435035259513648,0.1552154629002459,0.1275015165370446,0.1937498949861439,0.9631425738334656,0.0,1.6095505860547317,0.3046525893528438
42,ETTm2,6,DLinear,MTT,300,0.0,0.1853775012747774,0.2153165361281794,0.2219658474441926,0.13445659153227,0.265538286945449,0.4067570859036171,0.9497110843658448,3.0,0.9584902172115296,0.3046525893528438
42,ETTm2,0,DLinear,MTT,300,0.1,0.1853775012747774,0.2066002254639117,0.0409927510848706,0.1011839697619795,0.3275800255255109,0.1626685826655379,0.9725475907325744,2.0,0.8362877726424635,0.3229652794500346
42,ETTm2,1,DLinear,MTT,300,0.1,0.1853775012747774,0.2066002254639117,0.1339515797532372,0.03639867143875,0.4303017846770456,0.1722317722680827,0.964616358280182,0.0,0.6250505756989944,0.3229652794500346
42,ETTm2,2,DLinear,MTT,300,0.1,0.1853775012747774,0.2066002254639117,0.1419321554696822,0.1435991754579294,0.2392996467781657,0.2573608714322709,0.9612079858779908,3.0,0.506295764076282,0.3229652794500346
42,ETTm2,3,DLinear,MTT,300,0.1,0.1853775012747774,0.2066002254639117,0.2145425423033387,0.1854374942942211,0.2459011491184637,0.3333622292870649,0.96267431974411,0.0,0.5572257743269131,0.3229652794500346
42,ETTm2,4,DLinear,MTT,300,0.1,0.1853775012747774,0.2066002254639117,0.0984777536012799,0.0935307585561632,0.1089072566107704,0.2770789099529294,0.9667887687683104,0.0,0.0589580593290147,0.3229652794500346
42,ETTm2,5,DLinear,MTT,300,0.1,0.1853775012747774,0.2066002254639117,0.2436862074684644,0.1551064765099595,0.1147513889099179,0.1979588009031498,0.967541515827179,0.0,1.4485958826336616,0.3229652794500346
42,ETTm2,6,DLinear,MTT,300,0.1,0.1853775012747774,0.2066002254639117,0.198041010194375,0.1214806258528517,0.2389844681592469,0.4193752512415576,0.9497844576835632,3.0,0.8626411804506368,0.3229652794500346
42,ETTm2,0,DLinear,MTT,300,0.2,0.1853775012747774,0.2037798121502912,0.0335435107626906,0.1001036158231989,0.2911822267829841,0.173045835162988,0.9627845883369446,2.0,0.7433668892249315,0.3400385572264086
42,ETTm2,1,DLinear,MTT,300,0.2,0.1853775012747774,0.2037798121502912,0.1275383377495546,0.0314372025868712,0.3824904428342746,0.2045753816033311,0.953931987285614,0.0,0.555600526759085,0.3400385572264086
42,ETTm2,2,DLinear,MTT,300,0.2,0.1853775012747774,0.2037798121502912,0.1217088853765066,0.1538090771247627,0.2127108006395563,0.2350038904140717,0.9614733457565308,3.0,0.4500406639477027,0.3400385572264086
42,ETTm2,3,DLinear,MTT,300,0.2,0.1853775012747774,0.2037798121502912,0.2155210299693336,0.1882636963109801,0.2185788010339714,0.3359512336190271,0.9492661356925964,0.0,0.4953117334327451,0.3400385572264086
42,ETTm2,4,DLinear,MTT,300,0.2,0.1853775012747774,0.2037798121502912,0.0879561977838292,0.0865120111969263,0.096806416023403,0.2799015449925869,0.9657602310180664,0.0,0.0524071734484795,0.3400385572264086
42,ETTm2,5,DLinear,MTT,300,0.2,0.1853775012747774,0.2037798121502912,0.2437318328594362,0.1548508191129793,0.1020012228942186,0.2018083656021542,0.971642792224884,0.0,1.2876404682241391,0.3400385572264086
42,ETTm2,6,DLinear,MTT,300,0.2,0.1853775012747774,0.2037798121502912,0.1701181738553442,0.109811000527297,0.2124306014404364,0.435421949937791,0.948242962360382,3.0,0.7667921930903491,0.3400385572264086
42,ETTm2,0,DLinear,MTT,300,0.3,0.1853775012747774,0.2171769580560835,0.0417136194493851,0.1028161946140325,0.2547844301236981,0.1910349405983758,0.9506843090057372,3.0,0.6504459913002691,0.3560938817373487
42,ETTm2,1,DLinear,MTT,300,0.3,0.1853775012747774,0.2171769580560835,0.1252930180441668,0.0311416490643512,0.3346791403416227,0.2438733247221283,0.9410961866378784,0.0,0.4861504778191755,0.3560938817373487
42,ETTm2,2,DLinear,MTT,300,0.3,0.1853775012747774,0.2171769580560835,0.1104227845307587,0.1640810198659013,0.1861219563721666,0.2149995851199835,0.9614707231521606,3.0,0.3937854558931854,0.3560938817373487
42,ETTm2,3,DLinear,MTT,300,0.3,0.1853775012747774,0.2171769580560835,0.219242641628253,0.1904104801737051,0.1912564523560561,0.3381266695461593,0.9328898191452026,0.0,0.4333978369571011,0.3560938817373487
42,ETTm2,4,DLinear,MTT,300,0.3,0.1853775012747774,0.2171769580560835,0.0797575369853778,0.0803894567085672,0.0847056344154863,0.2861824006636693,0.9644381999969482,0.0,0.0458562875679443,0.3560938817373487
42,ETTm2,5,DLinear,MTT,300,0.3,0.1853775012747774,0.2171769580560835,0.2435702014475656,0.1543843840725689,0.0892510891431972,0.2061003554338088,0.9754464626312256,0.0,1.1266854804076882,0.3560938817373487
42,ETTm2,6,DLinear,MTT,300,0.3,0.1853775012747774,0.2171769580560835,0.1494031661259174,0.1087400004042941,0.1858767827628623,0.4503358723427823,0.9450865983963012,3.0,0.6709431633866856,0.3560938817373487
42,ETTm2,0,DLinear,MTT,300,0.5,0.1853775012747774,0.2140602457760597,0.0672746266538555,0.1080252658926462,0.1819888559040093,0.2368919190345967,0.9194717407226562,3.0,0.4646043695365098,0.3845356224451133
42,ETTm2,1,DLinear,MTT,300,0.5,0.1853775012747774,0.2140602457760597,0.1297810541945458,0.0377478207443135,0.2390564966913622,0.3296283757382572,0.908970296382904,0.0,0.3472503191574198,0.3845356224451133
42,ETTm2,2,DLinear,MTT,300,0.5,0.1853775012747774,0.2140602457760597,0.1342819015176006,0.1848906886619331,0.13294419120685,0.1748451598827594,0.9606617093086244,3.0,0.281275309598996,0.3845356224451133
42,ETTm2,3,DLinear,MTT,300,0.5,0.1853775012747774,0.2140602457760597,0.2319404222109396,0.1943738801863845,0.1366117438450411,0.3421133483011757,0.8912330269813538,0.0,0.3095697551687653,0.3845356224451133
42,ETTm2,4,DLinear,MTT,300,0.5,0.1853775012747774,0.2140602457760597,0.0752569857676098,0.0758797174931468,0.0605040413408987,0.3051840142306564,0.9609136581420898,0.0,0.0327545158068738,0.3845356224451133
42,ETTm2,5,DLinear,MTT,300,0.5,0.1853775012747774,0.2140602457760597,0.2421479097984452,0.1523942586909934,0.0637508227541032,0.2188369012340852,0.9821608662605286,0.0,0.8047752203794052,0.3845356224451133
42,ETTm2,6,DLinear,MTT,300,0.5,0.1853775012747774,0.2140602457760597,0.1502272454691,0.128387052379015,0.1327690990244509,0.4864602618490885,0.933929204940796,0.0,0.4792451322082759,0.3845356224451133
42,ETTm2,0,DLinear,MTT,300,0.7,0.1853775012747774,0.1950644890785316,0.0870864353875821,0.1143922157594327,0.1091932613935043,0.2912704771716597,0.8789099454879761,0.0,0.2787625736871851,0.4069338003999843
42,ETTm2,1,DLinear,MTT,300,0.7,0.1853775012747774,0.1950644890785316,0.1402379200781952,0.0468669158255645,0.1434338561279359,0.4205720428770759,0.8682387471199036,0.0,0.2083502820595378,0.4069338003999843
42,ETTm2,2,DLinear,MTT,300,0.7,0.1853775012747774,0.1950644890785316,0.1745856292578702,0.2050977424591697,0.0797665026374512,0.1469726153120507,0.958780825138092,0.0,0.1687651633048065,0.4069338003999843
42,ETTm2,3,DLinear,MTT,300,0.7,0.1853775012747774,0.1950644890785316,0.2440670491931613,0.1974525241764241,0.0819670476597914,0.34656702407163,0.8377038240432739,0.0,0.1857417311478389,0.4069338003999843
42,ETTm2,4,DLinear,MTT,300,0.7,0.1853775012747774,0.1950644890785316,0.0752929899486262,0.0743566851058271,0.0363024201584401,0.324627372097659,0.9562150239944458,0.0,0.0196527440458034,0.4069338003999843
42,ETTm2,5,DLinear,MTT,300,0.7,0.1853775012747774,0.1950644890785316,0.2376950919253299,0.1476391904948949,0.0382505587314888,0.232119366358527,0.9876847863197328,0.0,0.482865244746503,0.4069338003999843
42,ETTm2,6,DLinear,MTT,300,0.7,0.1853775012747774,0.1950644890785316,0.1735917019077814,0.1580008474916865,0.0796614693340203,0.5247977535037376,0.916312336921692,0.0,0.2875471292587833,0.4069338003999843
42,ETTm2,0,DLinear,MTT,300,1.0,0.1853775012747774,0.1958080571028445,0.1067326971877331,0.1224743350301004,1.2230509237020337e-07,0.3858023505448565,0.8005371689796448,0.0,6.205828026896795e-08,0.4288940142005479
42,ETTm2,1,DLinear,MTT,300,1.0,0.1853775012747774,0.1958080571028445,0.1543196162823746,0.058156355322523,1.7714374368315553e-07,0.5637312325402327,0.7910057306289673,0.0,1.960217465323564e-07,0.4288940142005479
42,ETTm2,2,DLinear,MTT,300,1.0,0.1853775012747774,0.1958080571028445,0.2347293379102549,0.2309545534634797,5.004438975602203e-08,0.1398218589567041,0.9539498686790466,0.0,2.989698383497979e-07,0.4288940142005479
42,ETTm2,3,DLinear,MTT,300,1.0,0.1853775012747774,0.1958080571028445,0.2572571736387606,0.2016037883814761,9.607371347931989e-08,0.3544101966955954,0.7351494431495667,0.0,1.8934873131586818e-07,0.4288940142005479
42,ETTm2,4,DLinear,MTT,300,1.0,0.1853775012747774,0.1958080571028445,0.0779428712020415,0.0703294653979557,7.573606460227346e-08,0.3514962212551052,0.9469658732414246,0.0,2.4286352195663165e-08,0.4288940142005479
42,ETTm2,5,DLinear,MTT,300,1.0,0.1853775012747774,0.1958080571028445,0.214484454132849,0.1261102782814172,1.7630959936732025e-07,0.2573323430851694,0.9937384724617004,0.0,1.4529592144348685e-07,0.4288940142005479
42,ETTm2,6,DLinear,MTT,300,1.0,0.1853775012747774,0.1958080571028445,0.2158061160745089,0.1971279959755603,7.903455227111818e-08,0.5869178962565835,0.8777753710746765,0.0,1.6310041071243513e-08,0.4288940142005479
123,ETTm2,0,DLinear,MTT,300,0.0,0.1856470747700554,0.3747691175974172,0.1116917209140582,0.1196563153101153,0.4710956368796979,0.659536161966103,0.6874170303344727,3.0,0.4631045063327077,0.4533226232626801
123,ETTm2,1,DLinear,MTT,300,0.0,0.1856470747700554,0.3747691175974172,0.0762403883450051,0.1833589355330408,0.2158268991782687,0.7271212040559595,0.6550880670547485,1.0,0.3030402460798082,0.4533226232626801
123,ETTm2,2,DLinear,MTT,300,0.0,0.1856470747700554,0.3747691175974172,0.0972994816549053,0.1873632506758802,0.3346299780735793,0.4219019756763063,0.8734186291694641,3.0,0.3599334061456034,0.4533226232626801
123,ETTm2,3,DLinear,MTT,300,0.0,0.1856470747700554,0.3747691175974172,0.0696780355647278,0.1964797551349913,0.3046143478674522,0.9679421806453644,0.398148238658905,1.0,0.6248270487875496,0.4533226232626801
123,ETTm2,4,DLinear,MTT,300,0.0,0.1856470747700554,0.3747691175974172,0.1512434732596177,0.1539932855204858,0.5151418598064126,0.1583581932251231,0.9634941220283508,3.0,0.8017385653294753,0.4533226232626801
123,ETTm2,5,DLinear,MTT,300,0.0,0.1856470747700554,0.3747691175974172,0.2275996951354917,0.1146631221066629,0.2798477555608068,0.0116256255532732,0.9997146129608154,0.0,0.7962177517888545,0.4533226232626801
123,ETTm2,6,DLinear,MTT,300,0.0,0.1856470747700554,0.3747691175974172,0.2665547986280294,0.1825523793541367,0.1535091357137398,0.7603561511559462,0.909983217716217,0.0,0.0890607492404691,0.4533226232626801
123,ETTm2,0,DLinear,MTT,300,0.1,0.1856470747700554,0.3526878796754634,0.1057924521071351,0.1201649367451559,0.423986068840292,0.6755920676414486,0.7051775455474854,3.0,0.4167939740565305,0.4485217656294163
123,ETTm2,1,DLinear,MTT,300,0.1,0.1856470747700554,0.3526878796754634,0.0763509630520157,0.1824496485557084,0.1942442049258555,0.7277694165878263,0.6761554479598999,1.0,0.272736195791459,0.4485217656294163
123,ETTm2,2,DLinear,MTT,300,0.1,0.1856470747700554,0.3526878796754634,0.0897996365849092,0.1888147919377242,0.3011669884413848,0.3901232708974934,0.8855093717575073,3.0,0.323940105785919,0.4485217656294163
123,ETTm2,3,DLinear,MTT,300,0.1,0.1856470747700554,0.3526878796754634,0.0709540143573013,0.1961757976476941,0.2741529254809011,0.9545679460764211,0.44769287109375,1.0,0.56234431662974,0.4485217656294163
123,ETTm2,4,DLinear,MTT,300,0.1,0.1856470747700554,0.3526878796754634,0.143618972603076,0.1524650905627251,0.4636276803425962,0.1095480832401102,0.9635828137397766,3.0,0.7215647081192706,0.4485217656294163
123,ETTm2,5,DLinear,MTT,300,0.1,0.1856470747700554,0.3526878796754634,0.2541057488088591,0.1118553600277686,0.2518629973087073,0.0221445378570245,0.9995081424713136,0.0,0.7165959680324364,0.4485217656294163
123,ETTm2,6,DLinear,MTT,300,0.1,0.1856470747700554,0.3526878796754634,0.2584190717982065,0.1804406703825266,0.1381582055166713,0.7461386844370677,0.9079426527023317,0.0,0.0801546952685518,0.4485217656294163
123,ETTm2,0,DLinear,MTT,300,0.2,0.1856470747700554,0.3535627433420705,0.0987211136054484,0.1208851863080781,0.3768764803163657,0.6954143643595496,0.7215050458908081,3.0,0.370483557837397,0.4460714971374029
123,ETTm2,1,DLinear,MTT,300,0.2,0.1856470747700554,0.3535627433420705,0.0772829078021956,0.1815090954014223,0.1726615099411592,0.7294616056182149,0.6955615282058716,1.0,0.2424321455031098,0.4460714971374029
123,ETTm2,2,DLinear,MTT,300,0.2,0.1856470747700554,0.3535627433420705,0.0807205366331693,0.190567581124407,0.2677039598163168,0.3600488129517744,0.8967028856277466,3.0,0.2879466435373274,0.4460714971374029
123,ETTm2,3,DLinear,MTT,300,0.2,0.1856470747700554,0.3535627433420705,0.0737956778643797,0.1958839461134134,0.2436914639613268,0.940468564068846,0.4937165379524231,1.0,0.4998615844719306,0.4460714971374029
123,ETTm2,4,DLinear,MTT,300,0.2,0.1856470747700554,0.3535627433420705,0.1336197171338966,0.150839413480049,0.4121135010444069,0.0834222854949892,0.963284432888031,3.0,0.6413908509090661,0.4460714971374029
123,ETTm2,5,DLinear,MTT,300,0.2,0.1856470747700554,0.3535627433420705,0.2595070101449359,0.1095843647974126,0.2238782387169219,0.0503529831852406,0.9992147088050842,0.0,0.6369742020507297,0.4460714971374029
123,ETTm2,6,DLinear,MTT,300,0.2,0.1856470747700554,0.3535627433420705,0.2500404460488631,0.1779771631938246,0.1228073386207815,0.7295053412628748,0.9056398272514344,0.0,0.0712486977544686,0.4460714971374029
123,ETTm2,0,DLinear,MTT,300,0.3,0.1856470747700554,0.3077960490693496,0.0902225049733318,0.121844691121061,0.3297668924097268,0.7207179869812477,0.7363996505737305,3.0,0.3241730255612198,0.4446002059263606
123,ETTm2,1,DLinear,MTT,300,0.3,0.1856470747700554,0.3077960490693496,0.080409514762315,0.1805472390110913,0.1510788163031725,0.7290503618551727,0.7133064270019531,1.0,0.2121280952147607,0.4446002059263606
123,ETTm2,2,DLinear,MTT,300,0.3,0.1856470747700554,0.3077960490693496,0.0704571336870276,0.192679720383465,0.2342410052734296,0.3297187315654158,0.906999170780182,3.0,0.2519532352517049,0.4446002059263606
123,ETTm2,3,DLinear,MTT,300,0.3,0.1856470747700554,0.3077960490693496,0.0787264692293667,0.1956144214785466,0.213230058548472,0.9272754123197964,0.5362192392349243,1.0,0.4373790833837594,0.4446002059263606
123,ETTm2,4,DLinear,MTT,300,0.3,0.1856470747700554,0.3077960490693496,0.1224018195537334,0.1491319569219732,0.360599321919701,0.089404033759282,0.9625991582870485,3.0,0.5612169936988615,0.4446002059263606
123,ETTm2,5,DLinear,MTT,300,0.3,0.1856470747700554,0.3077960490693496,0.2585332561902958,0.1094417711511975,0.1958934805311968,0.0789421876559245,0.9988343715667723,0.0,0.5573524538437343,0.4446002059263606
123,ETTm2,6,DLinear,MTT,300,0.3,0.1856470747700554,0.3077960490693496,0.2415591661601307,0.1752590228031198,0.107456400366679,0.7172491240202923,0.9030747413635254,0.0,0.0623425873247171,0.4446002059263606
123,ETTm2,0,DLinear,MTT,300,0.5,0.1856470747700554,0.2737635570632252,0.068706061125119,0.1245830318853325,0.2355477674538317,0.7814883781330476,0.761889636516571,3.0,0.2315521350944309,0.4416629100265626
123,ETTm2,1,DLinear,MTT,300,0.5,0.1856470747700554,0.2737635570632252,0.0958011269968001,0.1786175640267655,0.1079134226564621,0.7448103074665599,0.7438124418258667,0.0,0.1515201162019362,0.4416629100265626
123,ETTm2,2,DLinear,MTT,300,0.5,0.1856470747700554,0.2737635570632252,0.0685764054420397,0.198244519920316,0.1673150155037427,0.2722856807144431,0.9248999357223512,3.0,0.1799665266063979,0.4416629100265626
123,ETTm2,3,DLinear,MTT,300,0.5,0.1856470747700554,0.2737635570632252,0.0958935434741451,0.1951997350392245,0.1523072026030992,0.9229613201265674,0.610661506652832,0.0,0.3124136190681404,0.4416629100265626
123,ETTm2,4,DLinear,MTT,300,0.5,0.1856470747700554,0.2737635570632252,0.0975709761464542,0.1457982444696965,0.2575709627679161,0.1675315883123862,0.9600675106048584,3.0,0.4008692792784523,0.4416629100265626
123,ETTm2,5,DLinear,MTT,300,0.5,0.1856470747700554,0.2737635570632252,0.2527486210378455,0.1088053336982856,0.1399239642840882,0.1352977642785155,0.9978129863739014,0.0,0.3981088863308983,0.4416629100265626
123,ETTm2,6,DLinear,MTT,300,0.5,0.1856470747700554,0.2737635570632252,0.2247831549447123,0.1690050818380348,0.0767545990340534,0.6972099025078503,0.8971576690673828,0.0,0.0445303100073798,0.4416629100265626
123,ETTm2,0,DLinear,MTT,300,0.7,0.1856470747700554,0.2633293744540654,0.0574126640963176,0.1285350258102625,0.1413286077928387,0.8491186294983126,0.7816476821899414,3.0,0.1389311865991203,0.4364013166199762
123,ETTm2,1,DLinear,MTT,300,0.7,0.1856470747700554,0.2633293744540654,0.1198817492567434,0.1768154991647702,0.0647480426718529,0.7639676167195162,0.7676734924316406,0.0,0.0909120156252378,0.4364013166199762
123,ETTm2,2,DLinear,MTT,300,0.7,0.1856470747700554,0.2633293744540654,0.1126133305406573,0.2060252056632275,0.1003890323717431,0.2136208142107878,0.9392116665840148,3.0,0.107979817961091,0.4364013166199762
123,ETTm2,3,DLinear,MTT,300,0.7,0.1856470747700554,0.2633293744540654,0.1255583248952139,0.1950845413967471,0.0913843564754024,0.8888401997260954,0.6710196733474731,0.0,0.1874482702873406,0.4364013166199762
123,ETTm2,4,DLinear,MTT,300,0.7,0.1856470747700554,0.2633293744540654,0.0826988438669746,0.1421648052888226,0.1545426029845958,0.2636998852853275,0.955987811088562,3.0,0.2405215027401975,0.4364013166199762
123,ETTm2,5,DLinear,MTT,300,0.7,0.1856470747700554,0.2633293744540654,0.2472479379994653,0.1078624168084625,0.0839544467956766,0.1904722701277127,0.9964439272880554,0.0,0.2388653188180623,0.4364013166199762
123,ETTm2,6,DLinear,MTT,300,0.7,0.1856470747700554,0.2633293744540654,0.2088280745929043,0.1620231777340672,0.0460527968073219,0.6789208524421894,0.8901916146278381,0.0,0.0267183149792135,0.4364013166199762
123,ETTm2,0,DLinear,MTT,300,1.0,0.1856470747700554,0.2343987461883872,0.1176028837177524,0.1369102070012489,1.2688485366661666e-07,0.961437912366838,0.8005371689796448,0.0,1.7811532393377517e-07,0.4227217592132085
123,ETTm2,1,DLinear,MTT,300,1.0,0.1856470747700554,0.2343987461883872,0.1749636152105456,0.1748166179733336,1.775941620843034e-07,0.7562689341026307,0.7910057306289673,0.0,1.960217465323564e-07,0.4227217592132085
123,ETTm2,2,DLinear,MTT,300,1.0,0.1856470747700554,0.2343987461883872,0.2276102948576173,0.2224140819210459,4.8684484739280897e-08,0.1369442342104735,0.9539498686790466,0.0,1.910439002397997e-07,0.4227217592132085
123,ETTm2,3,DLinear,MTT,300,1.0,0.1856470747700554,0.2343987461883872,0.1983150567527337,0.1959353903557782,1.0164257693507972e-07,0.8129859074500285,0.7351493835449219,0.0,1.8934873131586818e-07,0.4227217592132085
123,ETTm2,4,DLinear,MTT,300,1.0,0.1856470747700554,0.2343987461883872,0.0947658833812356,0.1372144539367943,7.367222966123044e-08,0.4155857380367621,0.9469658732414246,0.0,2.4286352195663165e-08,0.4227217592132085
123,ETTm2,5,DLinear,MTT,300,1.0,0.1856470747700554,0.2343987461883872,0.2411003239830957,0.1065280317991303,1.7626418155546157e-07,0.2748851089054224,0.9937384724617004,0.0,7.419707621000936e-08,0.4227217592132085
123,ETTm2,6,DLinear,MTT,300,1.0,0.1856470747700554,0.2343987461883872,0.1864223049157631,0.1507108774014882,8.131584254919298e-08,0.6423352968637838,0.8777753710746765,0.0,1.6310041071243513e-08,0.4227217592132085
7,weather,0,DLinear,MTT,300,0.0,0.1933738948901992,0.1967107359305234,0.3207733982005084,0.2830057755740836,0.2322670137386855,1.917466938342841,0.9863805770874025,1.0,0.8839972086677058,0.3139066047994422
7,weather,1,DLinear,MTT,300,0.0,0.1933738948901992,0.1967107359305234,0.2192083697257256,0.1444780317782377,0.1437562083343032,2.221862811732847,0.8800443410873413,0.0,0.1884491424642761,0.3139066047994422
7,weather,2,DLinear,MTT,300,0.0,0.1933738948901992,0.1967107359305234,0.2488610497894682,0.1538807885099161,0.1608772140086095,2.335650647402603,0.8826081156730652,0.0,0.195722971363831,0.3139066047994422
7,weather,3,DLinear,MTT,300,0.0,0.1933738948901992,0.1967107359305234,0.1225066781898859,0.095378375125308,0.1408465992780947,1.831929516494404,0.9160226583480836,0.0,0.0617374678083903,0.3139066047994422
7,weather,4,DLinear,MTT,300,0.0,0.1933738948901992,0.1967107359305234,0.0930864582634901,0.0651387836235852,0.2241390666043123,1.191651533078238,0.5702816247940063,0.0,0.0918902925226392,0.3139066047994422
7,weather,5,DLinear,MTT,300,0.0,0.1933738948901992,0.1967107359305234,0.2215470104613522,0.1405664166814486,0.1812120260589289,1.765047241846312,0.8205243945121765,0.0,0.0279990979221551,0.3139066047994422
7,weather,6,DLinear,MTT,300,0.0,0.1933738948901992,0.1967107359305234,0.1393211601002479,0.0638405943114369,0.2361622291434083,1.6221963109201485,0.8854929804801941,0.0,0.0578491608011092,0.3139066047994422
7,weather,7,DLinear,MTT,300,0.0,0.1933738948901992,0.1967107359305234,0.1333735681321478,0.0855707734540894,0.1287313753101414,1.237614821453828,0.6168334484100342,0.0,0.0931324546089449,0.3139066047994422
7,weather,8,DLinear,MTT,300,0.0,0.1933738948901992,0.1967107359305234,0.1393197964606259,0.0546678945669441,0.2284492356110171,1.637400338476222,0.8858522176742554,0.0,0.0421534715836726,0.3139066047994422
7,weather,9,DLinear,MTT,300,0.0,0.1933738948901992,0.1967107359305234,0.1388865469671608,0.0546818124798913,0.2273620231263019,1.6404561870134005,0.8860011100769043,0.0,0.0418257041630028,0.3139066047994422
7,weather,10,DLinear,MTT,300,0.0,0.1933738948901992,0.1967107359305234,0.2945953148511863,0.1625615611642839,0.1943315383235909,2.582959963239354,0.924999475479126,0.0,0.1954402382686192,0.3139066047994422
7,weather,11,DLinear,MTT,300,0.0,0.1933738948901992,0.1967107359305234,0.2045694812022257,0.1003278161593232,0.0619045011340987,0.0128383662241224,0.9953653812408448,2.0,0.3159063689867714,0.3139066047994422
7,weather,12,DLinear,MTT,300,0.0,0.1933738948901992,0.1967107359305234,0.2847702749656959,0.1423300193173069,0.2483151034337861,0.6358861326771903,0.4997435212135315,0.0,0.0801356566430587,0.3139066047994422
7,weather,13,DLinear,MTT,300,0.0,0.1933738948901992,0.1967107359305234,0.1460517205479741,0.071917332051339,0.3038048993578033,0.5379889574924813,0.7400617599487305,2.0,0.7008710641468947,0.3139066047994422
7,weather,14,DLinear,MTT,300,0.0,0.1933738948901992,0.1967107359305234,0.1375666525824147,0.1020239694107318,0.3010491568044027,0.0312775225216736,0.9953601956367492,0.0,0.6784799690912457,0.3139066047994422
7,weather,15,DLinear,MTT,300,0.0,0.1933738948901992,0.1967107359305234,0.1403497684630154,0.1115020068284742,0.393921068699654,0.051942500733012,0.9918736815452576,0.0,0.7697070027211446,0.3139066047994422
7,weather,16,DLinear,MTT,300,0.0,0.1933738948901992,0.1967107359305234,0.1881234833513499,0.1269149164541044,0.19946959422383,0.8729596415330696,0.0407315492630004,0.0,0.2933289536417018,0.3139066047994422
7,weather,17,DLinear,MTT,300,0.0,0.1933738948901992,0.1967107359305234,0.1776467614069058,0.1110528389093124,0.2101698932777203,0.906079454040035,0.0857142210006713,0.0,0.3124587261501846,0.3139066047994422
7,weather,18,DLinear,MTT,300,0.0,0.1933738948901992,0.1967107359305234,0.1548834369211794,0.0910341265490538,0.3791721288561491,0.8906181680796429,0.5064972043037415,0.0,0.750733800003111,0.3139066047994422
7,weather,19,DLinear,MTT,300,0.0,0.1933738948901992,0.1967107359305234,0.0563463167658195,0.1005835405047932,0.1520505045787628,1.9810919017834456,0.7787653207778931,0.0,0.001821169398274,0.3139066047994422
7,weather,20,DLinear,MTT,300,0.0,0.1933738948901992,0.1967107359305234,0.3638089401823441,0.1500540447347614,0.1088170583657638,0.0562083264066015,0.996809720993042,0.0,0.5151299716642715,0.3139066047994422
7,weather,0,DLinear,MTT,300,0.1,0.1933738948901992,0.2007288486734887,0.2405902390310828,0.2125760308731933,0.2090403240051209,1.9175746000295903,0.9823015332221984,1.0,0.7955975147307301,0.3130226659642277
7,weather,1,DLinear,MTT,300,0.1,0.1933738948901992,0.2007288486734887,0.2157470895694684,0.1459031074650386,0.1293805836828415,2.2264539106458057,0.8768738508224487,0.0,0.1696040924559221,0.3130226659642277
7,weather,2,DLinear,MTT,300,0.1,0.1933738948901992,0.2007288486734887,0.2449954612016757,0.1540732154570726,0.1447894840458737,2.338461886078335,0.8795048594474792,0.0,0.1761507229788679,0.3130226659642277
7,weather,3,DLinear,MTT,300,0.1,0.1933738948901992,0.2007288486734887,0.1196050040841606,0.10384901682164,0.1267619729200444,1.837849042914642,0.9166889786720276,0.0,0.0555636430099093,0.3130226659642277
7,weather,4,DLinear,MTT,300,0.1,0.1933738948901992,0.2007288486734887,0.0913130587912856,0.0633665273382055,0.2017251712738001,1.2063954838658435,0.5658043622970581,0.0,0.0827012284827116,0.3130226659642277
7,weather,5,DLinear,MTT,300,0.1,0.1933738948901992,0.2007288486734887,0.2214581110174816,0.142622166229394,0.1630908421861389,1.781350387874432,0.8232068419456482,0.0,0.025199166011949,0.3130226659642277
7,weather,6,DLinear,MTT,300,0.1,0.1933738948901992,0.2007288486734887,0.1336228277415955,0.0684657510163787,0.2125459889894762,1.6382225951852305,0.8901090025901794,0.0,0.0520642420441103,0.3130226659642277
7,weather,7,DLinear,MTT,300,0.1,0.1933738948901992,0.2007288486734887,0.1358534577666535,0.0882711583626267,0.1158582474917097,1.242904605374572,0.619011640548706,0.0,0.0838191671127302,0.3130226659642277
7,weather,8,DLinear,MTT,300,0.1,0.1933738948901992,0.2007288486734887,0.1316236909854896,0.0552188577017245,0.2056043491626567,1.653021253624214,0.8903577327728271,0.0,0.0379381187743124,0.3130226659642277
7,weather,9,DLinear,MTT,300,0.1,0.1933738948901992,0.2007288486734887,0.1311873099276957,0.0551892898104527,0.2046258205506113,1.65610606897268,0.8904852867126465,0.0,0.037643099575377,0.3130226659642277
7,weather,10,DLinear,MTT,300,0.1,0.1933738948901992,0.2007288486734887,0.2770727720388652,0.1545332680633545,0.1748983848867427,2.576426476035841,0.9187794923782348,0.0,0.1758962572844107,0.3130226659642277
7,weather,11,DLinear,MTT,300,0.1,0.1933738948901992,0.2007288486734887,0.2114639227408702,0.1015711666676176,0.0557140505103096,0.0137717822516727,0.995137095451355,2.0,0.2843157193521265,0.3130226659642277
7,weather,12,DLinear,MTT,300,0.1,0.1933738948901992,0.2007288486734887,0.2873249127213124,0.1442992104312642,0.2234836035144142,0.6561890483017515,0.5020288228988647,0.0,0.0721220483701667,0.3130226659642277
7,weather,13,DLinear,MTT,300,0.1,0.1933738948901992,0.2007288486734887,0.1366919155277936,0.0642690356294923,0.2734243956396514,0.5013464786978938,0.7279849052429199,2.0,0.6307840050298994,0.3130226659642277
7,weather,14,DLinear,MTT,300,0.1,0.1933738948901992,0.2007288486734887,0.1032982060646053,0.0668038698606611,0.2709442411651391,0.0386686264972313,0.9893364310264589,0.0,0.6106319910432958,0.3130226659642277
7,weather,15,DLinear,MTT,300,0.1,0.1933738948901992,0.2007288486734887,0.1068902245836421,0.0883481120686637,0.354528960400823,0.0681930529240837,0.9809139370918274,0.0,0.6927362699333239,0.3130226659642277
7,weather,16,DLinear,MTT,300,0.1,0.1933738948901992,0.2007288486734887,0.1867679524409053,0.1258471967436899,0.1795226571821979,0.8752100576068809,0.0024793744087219,0.0,0.2639961478908073,0.3130226659642277
7,weather,17,DLinear,MTT,300,0.1,0.1933738948901992,0.2007288486734887,0.176134124824536,0.1095939618293805,0.1891529338598198,0.9045155009399558,0.0373028516769409,0.0,0.2812130356019969,0.3130226659642277
7,weather,18,DLinear,MTT,300,0.1,0.1933738948901992,0.2007288486734887,0.1531769871766279,0.0894766649398324,0.3412548977929331,0.8791585912868157,0.3886788487434387,0.0,0.6756603617633643,0.3130226659642277
7,weather,19,DLinear,MTT,300,0.1,0.1933738948901992,0.2007288486734887,0.0531804745634105,0.1038242917055475,0.1368454395229552,1.9993998753493911,0.7820053100585938,0.0,0.0016390688085627,0.3130226659642277
7,weather,20,DLinear,MTT,300,0.1,0.1933738948901992,0.2007288486734887,0.3439533011386147,0.145970879870477,0.0979353519233399,0.0513883875001124,0.9957355856895448,0.0,0.4636169781113042,0.3130226659642277
7,weather,0,DLinear,MTT,300,0.2,0.1933738948901992,0.1971748627123361,0.1800009682130582,0.1516344929813622,0.1858135844827781,1.918573717326984,0.976546347141266,0.0,0.7071977626980172,0.3114558372468574
7,weather,1,DLinear,MTT,300,0.2,0.1933738948901992,0.1971748627123361,0.2096439886301222,0.1461105001194513,0.1150049580995786,2.228780911275832,0.8728850483894348,0.0,0.1507592321930812,0.3114558372468574
7,weather,2,DLinear,MTT,300,0.2,0.1933738948901992,0.1971748627123361,0.238076527439141,0.1532049359726066,0.1287017831160091,2.3357681646600112,0.8754858374595642,0.0,0.1565783784431842,0.3114558372468574
7,weather,3,DLinear,MTT,300,0.2,0.1933738948901992,0.1971748627123361,0.1162301183407424,0.1131045481641795,0.1126772337439391,1.8438030113615629,0.9169590473175048,0.0,0.0493899385882219,0.3114558372468574
7,weather,4,DLinear,MTT,300,0.2,0.1933738948901992,0.1971748627123361,0.0896476694094937,0.062237750581757,0.1793112644185104,1.221109244604405,0.5603930950164795,0.0,0.0735122825025528,0.3114558372468574
7,weather,5,DLinear,MTT,300,0.2,0.1933738948901992,0.1971748627123361,0.2184234513331152,0.14349427129341,0.1449696096616739,1.7859622175579777,0.8248370289802551,0.0,0.0223992341017429,0.3114558372468574
7,weather,6,DLinear,MTT,300,0.2,0.1933738948901992,0.1971748627123361,0.1275179621749933,0.0743025625631327,0.1889297907141521,1.654037079319882,0.8942118287086487,0.0,0.0462793232871115,0.3114558372468574
7,weather,7,DLinear,MTT,300,0.2,0.1933738948901992,0.1971748627123361,0.1382901340856893,0.0909059454330586,0.1029850952554924,1.248238427868396,0.6206872463226318,0.0,0.0745058796165155,0.3114558372468574
7,weather,8,DLinear,MTT,300,0.2,0.1933738948901992,0.1971748627123361,0.1233731075428877,0.0568509641883098,0.1827593596346652,1.668786645773413,0.8943502306938171,0.0,0.0337228881313863,0.3114558372468574
7,weather,9,DLinear,MTT,300,0.2,0.1933738948901992,0.1971748627123361,0.1229300595066116,0.0567595709051723,0.1818896198219634,1.6716177285079794,0.8944573402404785,0.0,0.0334606171361243,0.3114558372468574
7,weather,10,DLinear,MTT,300,0.2,0.1933738948901992,0.1971748627123361,0.25843820512151,0.1466438009009155,0.1554652259596364,2.5668739298943297,0.9117435812950134,0.0,0.1563521687383917,0.3114558372468574
7,weather,11,DLinear,MTT,300,0.2,0.1933738948901992,0.1971748627123361,0.2187721044899905,0.1113592364176283,0.0495236009395017,0.0130839292706568,0.994760513305664,2.0,0.2527251628719888,0.3114558372468574
7,weather,12,DLinear,MTT,300,0.2,0.1933738948901992,0.1971748627123361,0.2898873440126174,0.1463384187497321,0.1986520817523886,0.6766107379864219,0.5032217502593994,0.0,0.0641085821875663,0.3114558372468574
7,weather,13,DLinear,MTT,300,0.2,0.1933738948901992,0.1971748627123361,0.1280096789524901,0.0575486657406236,0.243043924902556,0.4943122141695363,0.7128767967224121,2.0,0.560696892114579,0.3114558372468574
7,weather,14,DLinear,MTT,300,0.2,0.1933738948901992,0.1971748627123361,0.084312017576257,0.051673457300148,0.2408393204269378,0.0430463597424679,0.9796928763389589,0.0,0.5427840129953457,0.3114558372468574
7,weather,15,DLinear,MTT,300,0.2,0.1933738948901992,0.1971748627123361,0.0937555950409332,0.075709769160185,0.3151368489593998,0.0846080887526333,0.9637482166290284,0.0,0.6157655200941985,0.3114558372468574
7,weather,16,DLinear,MTT,300,0.2,0.1933738948901992,0.1971748627123361,0.1851353942969839,0.1246632178018438,0.1595757053154387,0.8723647518485181,0.044102668762207,0.0,0.2346632466452607,0.3114558372468574
7,weather,17,DLinear,MTT,300,0.2,0.1933738948901992,0.1971748627123361,0.1743249737995007,0.1080212896881674,0.1681359471824198,0.9030278950856616,0.0093420147895812,0.0,0.2499671555987234,0.3114558372468574
7,weather,18,DLinear,MTT,300,0.2,0.1933738948901992,0.1971748627123361,0.1512061182644644,0.0877614964284718,0.3033376887951618,0.8677400537162608,0.276377409696579,0.0,0.6005869235236178,0.3114558372468574
7,weather,19,DLinear,MTT,300,0.2,0.1933738948901992,0.1971748627123361,0.0533218066102875,0.1066845491413763,0.1216404075075429,2.009582543502741,0.7845895290374756,0.0,0.0014569682188515,0.3114558372468574
7,weather,20,DLinear,MTT,300,0.2,0.1933738948901992,0.1971748627123361,0.325138021287023,0.1468969510645135,0.0870536448030207,0.0467469823940374,0.99436354637146,0.0,0.4121040326855789,0.3114558372468574
7,weather,0,DLinear,MTT,300,0.3,0.1933738948901992,0.1970554090850008,0.1379564378442359,0.1058430577123439,0.162586919054602,1.91906619232664,0.9691150188446044,0.0,0.6187981036184839,0.3100925972950447
7,weather,1,DLinear,MTT,300,0.3,0.1933738948901992,0.1970554090850008,0.2012523384434143,0.145182262855713,0.1006293505750621,2.232268358326208,0.8680779337882996,0.0,0.1319143719302404,0.3100925972950447
7,weather,2,DLinear,MTT,300,0.3,0.1933738948901992,0.1970554090850008,0.2284940029242875,0.1511801884842854,0.1126140473326007,2.335881699412805,0.8705510497093201,0.0,0.1370061300582212,0.3100925972950447
7,weather,3,DLinear,MTT,300,0.3,0.1933738948901992,0.1970554090850008,0.1125709629553079,0.1230202930386924,0.0985926069388861,1.8495301006612923,0.9168328642845154,0.0,0.0432161739781378,0.3100925972950447
7,weather,4,DLinear,MTT,300,0.3,0.1933738948901992,0.1970554090850008,0.0881820109398496,0.0618130466868127,0.1568973864703356,1.2358966504959883,0.5540480613708496,0.0,0.0643232184626252,0.3100925972950447
7,weather,5,DLinear,MTT,300,0.3,0.1933738948901992,0.1970554090850008,0.2123828206151497,0.14310762592537,0.1268484644986472,1.7981434890517445,0.8254150748252869,0.0,0.0195993929805093,0.3100925972950447
7,weather,6,DLinear,MTT,300,0.3,0.1933738948901992,0.1970554090850008,0.1210495692740663,0.081238697717527,0.1653135165902268,1.669602432246617,0.897801399230957,0.0,0.0404942815174017,0.3100925972950447
7,weather,7,DLinear,MTT,300,0.3,0.1933738948901992,0.1970554090850008,0.140651710488346,0.0934880655599728,0.0901119870297499,1.2535959380277888,0.6218602657318115,0.0,0.0651927876571022,0.3100925972950447
7,weather,8,DLinear,MTT,300,0.3,0.1933738948901992,0.1970554090850008,0.1146094750616682,0.0592555359477864,0.1599144018255053,1.684638722516487,0.8978297710418701,0.0,0.0295075353220261,0.3100925972950447
7,weather,9,DLinear,MTT,300,0.3,0.1933738948901992,0.1970554090850008,0.1141727888224305,0.0590903245507869,0.1591533811867097,1.6872370852172218,0.8979173302650452,0.0,0.0292780125484986,0.3100925972950447
7,weather,10,DLinear,MTT,300,0.3,0.1933738948901992,0.1970554090850008,0.2395163911894029,0.1390636105257657,0.1360321296570434,2.556100053051433,0.9038918614387512,0.0,0.1368081877541832,0.3100925972950447
7,weather,11,DLinear,MTT,300,0.3,0.1933738948901992,0.1970554090850008,0.2258418437676873,0.1210482448059497,0.0433331500183987,0.014423409965811,0.9942355751991272,2.0,0.2211345598145974,0.3100925972950447
7,weather,12,DLinear,MTT,300,0.3,0.1933738948901992,0.1970554090850008,0.2923523827185997,0.1483696851427523,0.1738205662085272,0.6970652319187055,0.5033228397369385,0.0,0.0560949739146743,0.3100925972950447
7,weather,13,DLinear,MTT,300,0.3,0.1933738948901992,0.1970554090850008,0.1208783047006738,0.0519572479447641,0.2126634220810155,0.4947347760208088,0.6947375535964966,2.0,0.4906098060984211,0.3100925972950447
7,weather,14,DLinear,MTT,300,0.3,0.1933738948901992,0.1970554090850008,0.0738846110024279,0.0439241209570168,0.2107344050244119,0.0477115382922239,0.9664295315742492,0.0,0.4749359653730342,0.3100925972950447
7,weather,15,DLinear,MTT,300,0.3,0.1933738948901992,0.1970554090850008,0.090069591156476,0.0712166670224425,0.2757447433932581,0.1027562167723327,0.9403765797615052,0.0,0.5387948043576828,0.3100925972950447
7,weather,16,DLinear,MTT,300,0.3,0.1933738948901992,0.1970554090850008,0.1831820791289528,0.1233311393504316,0.1396287559740159,0.8746321019755751,0.0841383337974548,0.0,0.2053303453997142,0.3100925972950447
7,weather,17,DLinear,MTT,300,0.3,0.1933738948901992,0.1970554090850008,0.1721933273802981,0.10628097369749,0.1471189806808727,0.90172985342126,0.0542201995849609,0.0,0.21872127559545,0.3100925972950447
7,weather,18,DLinear,MTT,300,0.3,0.1933738948901992,0.1970554090850008,0.148912823505717,0.0858674589221613,0.2654204552385676,0.8562321066599049,0.1695928424596786,0.0,0.5255134852838712,0.3100925972950447
7,weather,19,DLinear,MTT,300,0.3,0.1933738948901992,0.1970554090850008,0.0557079672463805,0.109092750947859,0.1064353291652099,2.020428727216272,0.7865180373191833,0.0,0.0012746963209655,0.3100925972950447
7,weather,20,DLinear,MTT,300,0.3,0.1933738948901992,0.1970554090850008,0.3092299624085126,0.1498486929068335,0.0761719397749332,0.0452616014146998,0.9926936626434326,0.0,0.3605910391326114,0.3100925972950447
7,weather,0,DLinear,MTT,300,0.5,0.1933738948901992,0.1983515444737894,0.0898696567035201,0.052587371272983,0.116133509575693,1.921986486015281,0.9492238759994508,0.0,0.4419986692679426,0.3084855871399986
7,weather,1,DLinear,MTT,300,0.5,0.1933738948901992,0.1983515444737894,0.179170468533795,0.1403456916703565,0.0718781170830471,2.238633500488369,0.8560087084770203,0.0,0.094224556531802,0.3084855871399986
7,weather,2,DLinear,MTT,300,0.5,0.1933738948901992,0.1983515444737894,0.2032926940982785,0.1441859303770934,0.0804386252618626,2.333457460412863,0.8579343557357788,0.0,0.0978615371375745,0.3084855871399986
7,weather,3,DLinear,MTT,300,0.5,0.1933738948901992,0.1983515444737894,0.1050057332841111,0.144343699899424,0.0704232433112065,1.861133741582342,0.9153918027877808,0.0,0.0308687049463662,0.3084855871399986
7,weather,4,DLinear,MTT,300,0.5,0.1933738948901992,0.1983515444737894,0.0861929666965071,0.0629561649550158,0.1120695582633926,1.2655864385987732,0.5385565757751465,0.0,0.0459450903827701,0.3084855871399986
7,weather,5,DLinear,MTT,300,0.5,0.1933738948901992,0.1983515444737894,0.1917050936375928,0.138495827050533,0.090606048901046,1.8268938965672352,0.8234144449234009,0.0,0.0139995291600972,0.3084855871399986
7,weather,6,DLinear,MTT,300,0.5,0.1933738948901992,0.1983515444737894,0.1076709159199367,0.0979977202036857,0.1180811467395774,1.7018465150419757,0.9034406542778016,0.0,0.0289245670161149,0.3084855871399986
7,weather,7,DLinear,MTT,300,0.5,0.1933738948901992,0.1983515444737894,0.1451457204410507,0.0985941108238451,0.0643656953428168,1.264461940614484,0.6226983070373535,0.0,0.0465662778436066,0.3084855871399986
7,weather,8,DLinear,MTT,300,0.5,0.1933738948901992,0.1983515444737894,0.0968482422391225,0.0663775832123696,0.1142245926155195,1.7210197916383414,0.9032500386238098,0.0,0.0210767686200887,0.3084855871399986
7,weather,9,DLinear,MTT,300,0.5,0.1933738948901992,0.1983515444737894,0.0964654344057031,0.0660469298241423,0.1136810463282294,1.7233457700690336,0.9033011198043824,0.0,0.0209128033732471,0.3084855871399986
7,weather,10,DLinear,MTT,300,0.5,0.1933738948901992,0.1983515444737894,0.2031173656207598,0.1252123230617585,0.0971658243361205,2.540996333488285,0.8857406377792358,0.0,0.097720172004861,0.3084855871399986
7,weather,11,DLinear,MTT,300,0.5,0.1933738948901992,0.1983515444737894,0.2373036107015626,0.1376280954744427,0.0309522514331098,0.0145067441884376,0.9927406311035156,2.0,0.1579533071225612,0.3084855871399986
7,weather,12,DLinear,MTT,300,0.5,0.1933738948901992,0.1983515444737894,0.2969427976369195,0.1519500138794878,0.12415750584354,0.738229696677653,0.5002484321594238,0.0,0.0400677573688901,0.3084855871399986
7,weather,13,DLinear,MTT,300,0.5,0.1933738948901992,0.1983515444737894,0.1111613925151495,0.0451468311552645,0.1519024578465832,0.4747608279921824,0.6493656635284424,2.0,0.3504356340661053,0.3084855871399986
7,weather,14,DLinear,MTT,300,0.5,0.1933738948901992,0.1983515444737894,0.0632338639220832,0.0365199396717198,0.1505245789796031,0.0578467526234272,0.9290432333946228,0.0,0.3392400440643149,0.3084855871399986
7,weather,15,DLinear,MTT,300,0.5,0.1933738948901992,0.1983515444737894,0.0892241677062242,0.0696503959960769,0.1969605383854168,0.130285248289252,0.875015377998352,0.0,0.384853441089871,0.3084855871399986
7,weather,16,DLinear,MTT,300,0.5,0.1933738948901992,0.1983515444737894,0.1782851728329974,0.1202987989876409,0.0997348094629023,0.8712319152517018,0.1594459414482116,0.0,0.1466644474139692,0.3084855871399986
7,weather,17,DLinear,MTT,300,0.5,0.1933738948901992,0.1983515444737894,0.166983964285742,0.1022919944433021,0.105085005002526,0.8988416082729781,0.1386775970458984,0.0,0.156229610316446,0.3084855871399986
7,weather,18,DLinear,MTT,300,0.5,0.1933738948901992,0.1983515444737894,0.1432709411247673,0.0814421614777098,0.1895860635669595,0.8349535426967508,0.0274255834519863,0.0,0.3753668281124754,0.3084855871399986
7,weather,19,DLinear,MTT,300,0.5,0.1933738948901992,0.1983515444737894,0.0649162989822448,0.112446775938786,0.0760252584787129,2.032255270125858,0.7884079217910767,0.0,0.000910495141543,0.3084855871399986
7,weather,20,DLinear,MTT,300,0.5,0.1933738948901992,0.1983515444737894,0.2859599328399673,0.1536286444987054,0.0544085284153663,0.0527417776992929,0.9884604215621948,0.0,0.2575651001539187,0.3084855871399986
7,weather,0,DLinear,MTT,300,0.7,0.1933738948901992,0.2037133278488371,0.0667513470218214,0.0368184157741195,0.069680124654299,1.9251470252650489,0.9226280450820924,0.0,0.2651992581556963,0.308639424552445
7,weather,1,DLinear,MTT,300,0.7,0.1933738948901992,0.2037133278488371,0.1530651285666115,0.1325266187238278,0.0431268615989592,2.2436662136732406,0.8406660556793213,0.0,0.0565345513878505,0.308639424552445
7,weather,2,DLinear,MTT,300,0.7,0.1933738948901992,0.2037133278488371,0.1732199947760724,0.1343134643709227,0.0482631875120312,2.3270325164786065,0.8416546583175659,0.0,0.0587168480662072,0.308639424552445
7,weather,3,DLinear,MTT,300,0.7,0.1933738948901992,0.2037133278488371,0.0989586703819535,0.1672210452549619,0.042253880392554,1.8788642844588093,0.9123657941818236,0.0,0.0185211155378011,0.308639424552445
7,weather,4,DLinear,MTT,300,0.7,0.1933738948901992,0.2037133278488371,0.0859493732898769,0.0671866171140115,0.0672417772509132,1.2953495304566351,0.5193295478820801,0.0,0.027566962302915,0.308639424552445
7,weather,5,DLinear,MTT,300,0.7,0.1933738948901992,0.2037133278488371,0.1683840127168125,0.129157815346285,0.0543636542567828,1.847247445449302,0.8172050714492798,0.0,0.0083997561286575,0.308639424552445
7,weather,6,DLinear,MTT,300,0.7,0.1933738948901992,0.2037133278488371,0.0960773188583725,0.1184049204747729,0.0708486701184759,1.739916906594742,0.9070268869400024,0.0,0.0173547910084727,0.308639424552445
7,weather,7,DLinear,MTT,300,0.7,0.1933738948901992,0.2037133278488371,0.1491787115455954,0.1035503087448566,0.0386194411705516,1.275478450722683,0.6215258836746216,0.0,0.0279396376722434,0.308639424552445
7,weather,8,DLinear,MTT,300,0.7,0.1933738948901992,0.2037133278488371,0.0829628571819826,0.0768472385947894,0.0685346812767327,1.753814885884983,0.9066184759140016,0.0,0.0126460019181512,0.308639424552445
7,weather,9,DLinear,MTT,300,0.7,0.1933738948901992,0.2037133278488371,0.0828058831768602,0.0763344865428496,0.0682085726529215,1.7542237937589416,0.906636655330658,0.0,0.0125476552721822,0.308639424552445
7,weather,10,DLinear,MTT,300,0.7,0.1933738948901992,0.2037133278488371,0.1735682471572265,0.1133293902916743,0.05829957567245,2.5317315247880083,0.8643259406089783,0.0,0.0586321562555387,0.308639424552445
7,weather,11,DLinear,MTT,300,0.7,0.1933738948901992,0.2037133278488371,0.2453676651523933,0.1494855067671407,0.0185713519893041,0.0164182778448258,0.9906522631645204,2.0,0.0947721010077785,0.308639424552445
7,weather,12,DLinear,MTT,300,0.7,0.1933738948901992,0.2037133278488371,0.300676737711621,0.1550484607440668,0.0744945158824625,0.7796614342499891,0.492805540561676,0.0,0.0240404697779602,0.308639424552445
7,weather,13,DLinear,MTT,300,0.7,0.1933738948901992,0.2037133278488371,0.106554136712589,0.044023122522054,0.0911414643726099,0.4582884299243542,0.5918691158294678,2.0,0.2102614082354645,0.308639424552445
7,weather,14,DLinear,MTT,300,0.7,0.1933738948901992,0.2037133278488371,0.0581844055972043,0.0333959367751699,0.0903147468079156,0.0706262955295274,0.8771776556968689,0.0,0.2035440879684149,0.308639424552445
7,weather,15,DLinear,MTT,300,0.7,0.1933738948901992,0.2037133278488371,0.089179258323411,0.0691097781902119,0.1181763189381137,0.1604730291124523,0.7848303914070129,0.0,0.2309118732064003,0.308639424552445
7,weather,16,DLinear,MTT,300,0.7,0.1933738948901992,0.2037133278488371,0.1715827818422358,0.1167964588940233,0.0598409158453944,0.8703945925225351,0.2284023165702819,0.0,0.087998740417528,0.308639424552445
7,weather,17,DLinear,MTT,300,0.7,0.1933738948901992,0.2037133278488371,0.1600757556607457,0.0975395388398427,0.0630510269491381,0.8961159176816103,0.2160687446594238,0.0,0.0937378503098991,0.308639424552445
7,weather,18,DLinear,MTT,300,0.7,0.1933738948901992,0.2037133278488371,0.1357678610259367,0.0759633146760001,0.1137516100878852,0.8063268848625599,0.2023766338825225,0.0,0.2252199516329822,0.308639424552445
7,weather,19,DLinear,MTT,300,0.7,0.1933738948901992,0.2037133278488371,0.0771655579861043,0.1136296930164141,0.0456151396490036,2.0547977406190148,0.7876749634742737,0.0,0.0005462083080331,0.308639424552445
7,weather,20,DLinear,MTT,300,0.7,0.1933738948901992,0.2037133278488371,0.2704107689920418,0.1557153800772092,0.0326451187644866,0.0608407156742933,0.983035683631897,0.0,0.1545391130479839,0.308639424552445
7,weather,0,DLinear,MTT,300,1.0,0.1933738948901992,0.2045918556175176,0.0538288747367012,0.048535861015438,4.838704639888512e-08,1.9333547525231167,0.8701632022857666,0.0,1.1824903197296529e-07,0.3116358358076846
7,weather,1,DLinear,MTT,300,1.0,0.1933738948901992,0.2045918556175176,0.1277026604690542,0.117695302610091,9.549587650544684e-08,2.2444799135202325,0.8115146160125732,0.0,1.2427342863343237e-07,0.3116358358076846
7,weather,2,DLinear,MTT,300,1.0,0.1933738948901992,0.2045918556175176,0.1356481688085705,0.1168237540241973,6.274981318797408e-08,2.332967183535576,0.8103671073913574,0.0,1.0291131814780437e-07,0.3116358358076846
7,weather,3,DLinear,MTT,300,1.0,0.1933738948901992,0.2045918556175176,0.1001558643447811,0.2025330600990293,1.5425006813790144e-07,1.8875693832916736,0.904854953289032,0.0,1.1810405463297541e-07,0.3116358358076846
7,weather,4,DLinear,MTT,300,1.0,0.1933738948901992,0.2045918556175176,0.0893266580134391,0.0807040396815143,1.6120027673094296e-07,1.340269240556448,0.4834848642349243,0.0,1.1175709886533725e-07,0.3116358358076846
7,weather,5,DLinear,MTT,300,1.0,0.1933738948901992,0.2045918556175176,0.1412630247002213,0.1085824432768173,1.942347354568791e-07,1.8831036806893025,0.7999993562698364,0.0,3.9601960580479123e-08,0.3116358358076846
7,weather,6,DLinear,MTT,300,1.0,0.1933738948901992,0.2045918556175176,0.0930398794436463,0.1548442197014032,5.942153135882752e-08,1.7853868632768468,0.9085568189620972,0.0,3.4737476188417405e-08,0.3116358358076846
7,weather,7,DLinear,MTT,300,1.0,0.1933738948901992,0.2045918556175176,0.1546187638047733,0.1110768966207308,7.180289805728601e-08,1.2924335844122452,0.6159976720809937,0.0,2.927959917865881e-08,0.3116358358076846
7,weather,8,DLinear,MTT,300,1.0,0.1933738948901992,0.2045918556175176,0.0965067344493587,0.0998240962993984,8.305892853459769e-08,1.7988003769304124,0.9078238606452942,0.0,4.57328769774034e-09,0.3116358358076846
7,weather,9,DLinear,MTT,300,1.0,0.1933738948901992,0.2045918556175176,0.0967374637601101,0.0990673657789665,5.515246856043862e-08,1.8005775332887413,0.907799482345581,0.0,1.584906949283714e-07,0.3116358358076846
7,weather,10,DLinear,MTT,300,1.0,0.1933738948901992,0.2045918556175176,0.1598874361682306,0.1013927419015711,1.5364842843409765e-07,2.5160874234101964,0.8260847330093384,0.0,1.0574110279190528e-07,0.3116358358076846
7,weather,11,DLinear,MTT,300,1.0,0.1933738948901992,0.2045918556175176,0.2521717331546346,0.1601196073383393,1.6216704021992576e-08,0.0201906084439257,0.9864071011543274,0.0,1.5210384378015126e-07,0.3116358358076846
7,weather,12,DLinear,MTT,300,1.0,0.1933738948901992,0.2045918556175176,0.3051072870597132,0.1602705845132197,1.0793145819296544e-07,0.8421936025751501,0.4734504222869873,0.0,2.129504242358567e-07,0.3116358358076846
7,weather,13,DLinear,MTT,300,1.0,0.1933738948901992,0.2045918556175176,0.1088272160747573,0.046013697085649,7.863468072855808e-08,0.4489954537270353,0.4828905463218689,0.0,1.7708615335210966e-07,0.3116358358076846
7,weather,14,DLinear,MTT,300,1.0,0.1933738948901992,0.2045918556175176,0.0544152128050251,0.0313436428455102,4.6123577324747394e-08,0.0839381721840618,0.7722305655479431,0.0,1.1903738407106181e-07,0.3116358358076846
7,weather,15,DLinear,MTT,300,1.0,0.1933738948901992,0.2045918556175176,0.08969106646973,0.0688301453059102,8.817556214626371e-08,0.2111043856759786,0.6030081510543823,0.0,3.7631097616627284e-07,0.3116358358076846
7,weather,16,DLinear,MTT,300,1.0,0.1933738948901992,0.2045918556175176,0.1571263558120516,0.1093267014981394,7.151078672523608e-08,0.8692242462189359,0.3199283480644226,0.0,3.668088849783565e-08,0.3116358358076846
7,weather,17,DLinear,MTT,300,1.0,0.1933738948901992,0.2045918556175176,0.1457542676344109,0.0885486114280227,1.8546525767622106e-07,0.8916985903533835,0.3189065456390381,0.0,3.9975516453781225e-07,0.3116358358076846
7,weather,18,DLinear,MTT,300,1.0,0.1933738948901992,0.2045918556175176,0.1200138816276972,0.0653582633894996,1.1091555873969138e-07,0.7847923830600232,0.4234265089035034,0.0,1.437781601257709e-07,0.3116358358076846
7,weather,19,DLinear,MTT,300,1.0,0.1933738948901992,0.2045918556175176,0.0975925532580852,0.1125776451048062,1.0591253317159061e-07,2.088905640822571,0.7816576361656189,0.0,9.346110057574965e-08,0.3116358358076846
7,weather,20,DLinear,MTT,300,1.0,0.1933738948901992,0.2045918556175176,0.2553630352572714,0.1573815687833886,2.5635797107891216e-08,0.0802271597004834,0.9726647734642028,0.0,1.323890816911903e-07,0.3116358358076846
42,weather,0,DLinear,MTT,300,0.0,0.1958539927043902,0.2042491566899621,0.317340419740997,0.175855127807732,0.2452220555879491,1.0579552887775503,0.9524216651916504,0.0,0.6014934981517048,0.3952237163327532
42,weather,1,DLinear,MTT,300,0.0,0.1958539927043902,0.2042491566899621,0.2212825723630248,0.1777801295144091,0.2563406265675794,0.9208811043852448,0.6461378335952759,0.0,0.5453688604184821,0.3952237163327532
42,weather,2,DLinear,MTT,300,0.0,0.1958539927043902,0.2042491566899621,0.2578808337050163,0.183142949717385,0.2278932825148294,0.9690879374890684,0.6588739156723022,0.0,0.5454905303390666,0.3952237163327532
42,weather,3,DLinear,MTT,300,0.0,0.1958539927043902,0.2042491566899621,0.2364465563488563,0.2613288554539098,0.1373217516798292,0.2896603298963296,0.8953043818473816,1.0,0.554889291075362,0.3952237163327532
42,weather,4,DLinear,MTT,300,0.0,0.1958539927043902,0.2042491566899621,0.0836114143153628,0.0728512384235783,0.5342738685744295,1.1910175589627905,0.5232092142105103,0.0,1.0677634864255372,0.3952237163327532
42,weather,5,DLinear,MTT,300,0.0,0.1958539927043902,0.2042491566899621,0.1773358553678879,0.1620362159468946,0.1685498183569607,0.5703707706538698,0.8330617547035217,0.0,0.0089085375302397,0.3952237163327532
42,weather,6,DLinear,MTT,300,0.0,0.1958539927043902,0.2042491566899621,0.2491435026509844,0.2508110841809935,0.1166149520292453,0.1764072020015046,0.9501113295555116,1.0,0.6348837276991637,0.3952237163327532
42,weather,7,DLinear,MTT,300,0.0,0.1958539927043902,0.2042491566899621,0.1118654607114876,0.1013396710404078,0.3399766102021458,0.6417199006470938,0.6442946195602417,0.0,0.1168539365005129,0.3952237163327532
42,weather,8,DLinear,MTT,300,0.0,0.1958539927043902,0.2042491566899621,0.2569783734699239,0.2543463879258838,0.1192538443353474,0.1834379988560802,0.9513702988624572,1.0,0.6463776200810477,0.3952237163327532
42,weather,9,DLinear,MTT,300,0.0,0.1958539927043902,0.2042491566899621,0.2572618638836335,0.254872237241936,0.1193160256998091,0.1810205564600698,0.9511159658432008,1.0,0.6459630792270544,0.3952237163327532
42,weather,10,DLinear,MTT,300,0.0,0.1958539927043902,0.2042491566899621,0.2984897673395212,0.1813347939299737,0.218329289050222,1.1197965165291697,0.6561257839202881,0.0,0.6524385368111381,0.3952237163327532
42,weather,11,DLinear,MTT,300,0.0,0.1958539927043902,0.2042491566899621,0.1170388977580812,0.0516407553316761,0.0638694338580053,0.0547108764395266,0.9953932166099548,2.0,0.4121482960142512,0.3952237163327532
42,weather,12,DLinear,MTT,300,0.0,0.1958539927043902,0.2042491566899621,0.3982156573990031,0.194355249405367,0.2400913947375539,0.6821700456286677,0.3515046238899231,0.0,0.5163037600531147,0.3952237163327532
42,weather,13,DLinear,MTT,300,0.0,0.1958539927043902,0.2042491566899621,0.2058333348885041,0.118320379268346,0.3061117690548817,0.3795411708741842,0.3242101669311523,1.0,0.4076839605194972,0.3952237163327532
42,weather,14,DLinear,MTT,300,0.0,0.1958539927043902,0.2042491566899621,0.1346983390483481,0.0745928062233735,0.3067038071591969,0.0211323918766224,0.9965646266937256,0.0,0.7205491503672004,0.3952237163327532
42,weather,15,DLinear,MTT,300,0.0,0.1958539927043902,0.2042491566899621,0.1281638359920087,0.062993907724036,0.4127255389457812,0.0088322860718457,0.99715656042099,0.0,0.8818504340651023,0.3952237163327532
42,weather,16,DLinear,MTT,300,0.0,0.1958539927043902,0.2042491566899621,0.1878541440792002,0.16215425771328,0.2575884771812547,0.911201299143948,0.058985412120819,0.0,0.2633906163028879,0.3952237163327532
42,weather,17,DLinear,MTT,300,0.0,0.1958539927043902,0.2042491566899621,0.1777554855967376,0.1452973083992599,0.2446685387131314,0.9121051940804388,0.0800010561943054,0.0,0.2356160275871548,0.3952237163327532
42,weather,18,DLinear,MTT,300,0.0,0.1958539927043902,0.2042491566899621,0.161513476265552,0.1007614815097139,0.3119181902413158,0.9171280791464996,0.2208679616451263,0.0,0.5782026942946801,0.3952237163327532
42,weather,19,DLinear,MTT,300,0.0,0.1958539927043902,0.2042491566899621,0.0720258460439537,0.1622775109107993,0.3224545472694112,0.906109261203685,0.6714580059051514,0.0,0.2210755043099558,0.3952237163327532
42,weather,20,DLinear,MTT,300,0.0,0.1958539927043902,0.2042491566899621,0.2367658891886736,0.1578654113836649,0.0657283041251115,0.0463475989242162,0.9905843138694764,0.0,0.3419477006072933,0.3952237163327532
42,weather,0,DLinear,MTT,300,0.1,0.1958539927043902,0.204220255860347,0.2947046439874599,0.1628422688584164,0.2206998505865674,1.0606331521306125,0.9486700892448424,0.0,0.5413441462184606,0.3876633889348084
42,weather,1,DLinear,MTT,300,0.1,0.1958539927043902,0.204220255860347,0.2163036460424459,0.1772873753404777,0.2307065627626929,0.9012574394798952,0.6671953201293945,0.0,0.4908320152658038,0.3876633889348084
42,weather,2,DLinear,MTT,300,0.1,0.1958539927043902,0.204220255860347,0.2521679355991718,0.1821497203963909,0.2051039340492189,0.9526891440171384,0.6786876916885376,0.0,0.4909415343195325,0.3876633889348084
42,weather,3,DLinear,MTT,300,0.1,0.1958539927043902,0.204220255860347,0.2337015458879631,0.2540631154121318,0.1235895816145947,0.2791296272377706,0.8996163606643677,1.0,0.4994004043269774,0.3876633889348084
42,weather,4,DLinear,MTT,300,0.1,0.1958539927043902,0.204220255860347,0.0825777416529697,0.0713800235069334,0.4808464837928317,1.210317663111093,0.3869357109069824,0.0,0.9609871620252042,0.3876633889348084
42,weather,5,DLinear,MTT,300,0.1,0.1958539927043902,0.204220255860347,0.1748921977832421,0.1625495597859888,0.1516948723111334,0.5597758239672909,0.8314170241355896,0.0,0.0080177161326087,0.3876633889348084
42,weather,6,DLinear,MTT,300,0.1,0.1958539927043902,0.204220255860347,0.242327054591282,0.2390935036804192,0.1049534625186344,0.1760945897506731,0.9483994245529176,1.0,0.5713953914346308,0.3876633889348084
42,weather,7,DLinear,MTT,300,0.1,0.1958539927043902,0.204220255860347,0.1128419504112909,0.0990762537429189,0.3059789440079826,0.6169276015591234,0.646459698677063,0.0,0.1051685268867149,0.3876633889348084
42,weather,8,DLinear,MTT,300,0.1,0.1958539927043902,0.204220255860347,0.2501341583746791,0.2426768249773639,0.1073284611636505,0.1814599487610331,0.9495549201965332,1.0,0.5817398789947402,0.3876633889348084
42,weather,9,DLinear,MTT,300,0.1,0.1958539927043902,0.204220255860347,0.2504778478076846,0.2432665940745629,0.1073844248807246,0.1815338657718829,0.9493258595466614,1.0,0.5813668054756744,0.3876633889348084
42,weather,10,DLinear,MTT,300,0.1,0.1958539927043902,0.204220255860347,0.29104424137426,0.1777076688194794,0.1964963562028877,1.1081267751913917,0.6801012754440308,0.0,0.5871946617997329,0.3876633889348084
42,weather,11,DLinear,MTT,300,0.1,0.1958539927043902,0.204220255860347,0.1333669920651229,0.0669926599065884,0.0574824900268542,0.0535495332361711,0.9952214360237122,2.0,0.3709334350459569,0.3876633889348084
42,weather,12,DLinear,MTT,300,0.1,0.1958539927043902,0.204220255860347,0.3926843804824605,0.190150284337428,0.2160822334208542,0.6940237642799011,0.3729978203773498,0.0,0.4646732632895566,0.3876633889348084
42,weather,13,DLinear,MTT,300,0.1,0.1958539927043902,0.204220255860347,0.1971354965057971,0.1113909406159028,0.2755005694998547,0.3696800692030186,0.3510134220123291,1.0,0.366915374604292,0.3876633889348084
42,weather,14,DLinear,MTT,300,0.1,0.1958539927043902,0.204220255860347,0.0850009678245043,0.04818399683556,0.2760334254759504,0.0281232484714374,0.991024613380432,0.0,0.6484942194044742,0.3876633889348084
42,weather,15,DLinear,MTT,300,0.1,0.1958539927043902,0.204220255860347,0.1017158566279227,0.0485887775388314,0.3714529850484978,0.0144835086535761,0.9883885979652404,0.0,0.793665347912103,0.3876633889348084
42,weather,16,DLinear,MTT,300,0.1,0.1958539927043902,0.204220255860347,0.1923764111547475,0.165020522707245,0.2318295972486135,0.9057131197399004,0.0962953567504882,0.0,0.2370513769008493,0.3876633889348084
42,weather,17,DLinear,MTT,300,0.1,0.1958539927043902,0.204220255860347,0.1815829984113978,0.1470458363340133,0.2202016897888371,0.9021335924102896,0.1143054962158203,0.0,0.2120544458584472,0.3876633889348084
42,weather,18,DLinear,MTT,300,0.1,0.1958539927043902,0.204220255860347,0.1607394827734117,0.099742295548219,0.280726322163205,0.898655956229657,0.1408318132162094,0.0,0.5203822240755133,0.3876633889348084
42,weather,19,DLinear,MTT,300,0.1,0.1958539927043902,0.204220255860347,0.0752995281544439,0.1631021260672734,0.2902090844427774,0.8756384353376672,0.6852911710739136,0.0,0.1989679274020327,0.3876633889348084
42,weather,20,DLinear,MTT,300,0.1,0.1958539927043902,0.204220255860347,0.2297167024802444,0.1616082940949877,0.0591554770772672,0.0477069009302778,0.9894061088562012,0.0,0.3077529582236447,0.3876633889348084
42,weather,0,DLinear,MTT,300,0.2,0.1958539927043902,0.2025159823511076,0.2783678324998928,0.163748081602737,0.1961776396608179,1.0614569138782262,0.9439243078231812,0.0,0.4811947478086265,0.3785592336443718
42,weather,1,DLinear,MTT,300,0.2,0.1958539927043902,0.2025159823511076,0.2105600791549288,0.1766625143030157,0.2050724765476809,0.8782368159542416,0.6872482299804688,0.0,0.4362951701131254,0.3785592336443718
42,weather,2,DLinear,MTT,300,0.2,0.1958539927043902,0.2025159823511076,0.2454634318989899,0.1809097100512419,0.1823146214755825,0.9315813996293688,0.6974649429321289,0.0,0.4363923459985572,0.3785592336443718
42,weather,3,DLinear,MTT,300,0.2,0.1958539927043902,0.2025159823511076,0.2292735291715447,0.2444042337171312,0.1098573998373002,0.2708103908054017,0.9031823873519896,1.0,0.4439113972017993,0.3785592336443718
42,weather,4,DLinear,MTT,300,0.2,0.1958539927043902,0.2025159823511076,0.0813526958734983,0.0698221256156924,0.4274191179548712,1.2294913337479962,0.258574366569519,0.0,0.8542108376248712,0.3785592336443718
42,weather,5,DLinear,MTT,300,0.2,0.1958539927043902,0.2025159823511076,0.1729551962282788,0.1629140938858439,0.1348398575147701,0.5442696030752805,0.8294030427932739,0.0,0.0071268039460052,0.3785592336443718
42,weather,6,DLinear,MTT,300,0.2,0.1958539927043902,0.2025159823511076,0.2327241482058551,0.2257890338136702,0.0932919590237434,0.1722800824383462,0.9461444616317748,0.0,0.5079069321573869,0.3785592336443718
42,weather,7,DLinear,MTT,300,0.2,0.1958539927043902,0.2025159823511076,0.1139946133707744,0.0968012488274471,0.2719812936779858,0.5938783547488589,0.647514820098877,0.0,0.0934831824518507,0.3785592336443718
42,weather,8,DLinear,MTT,300,0.2,0.1958539927043902,0.2025159823511076,0.2403288794096554,0.2293068965362646,0.0954030769609108,0.1781879071656615,0.9471752643585204,1.0,0.5171020768252156,0.3785592336443718
42,weather,9,DLinear,MTT,300,0.2,0.1958539927043902,0.2025159823511076,0.2407224981753835,0.229949007342342,0.0954528263155925,0.1807601572142698,0.9469709396362304,1.0,0.5167705011872012,0.3785592336443718
42,weather,10,DLinear,MTT,300,0.2,0.1958539927043902,0.2025159823511076,0.282070371534477,0.173546422079333,0.1746634114368627,1.0990487680621484,0.7025257349014282,0.0,0.5219508943501383,0.3785592336443718
42,weather,11,DLinear,MTT,300,0.2,0.1958539927043902,0.2025159823511076,0.1518773568408343,0.083745384939821,0.0510955469854927,0.0523961487690321,0.994888186454773,2.0,0.3297186206549161,0.3785592336443718
42,weather,12,DLinear,MTT,300,0.2,0.1958539927043902,0.2025159823511076,0.3864338847084217,0.18560452837475,0.1920730906313147,0.6994478004067924,0.3924247622489929,0.0,0.4130429086162902,0.3785592336443718
42,weather,13,DLinear,MTT,300,0.2,0.1958539927043902,0.2025159823511076,0.1878427373555358,0.1042961166920171,0.2448894025393175,0.3912904746971148,0.3753864765167236,1.0,0.3261472190756871,0.3785592336443718
42,weather,14,DLinear,MTT,300,0.2,0.1958539927043902,0.2025159823511076,0.062877793029098,0.0389612724736178,0.2453630457464486,0.0351227811985598,0.9817304611206056,0.0,0.5764393928032902,0.3785592336443718
42,weather,15,DLinear,MTT,300,0.2,0.1958539927043902,0.2025159823511076,0.0915890370049377,0.0443353448167729,0.3301804247720192,0.0206544815088404,0.9728102684020996,0.0,0.7054802447077988,0.3785592336443718
42,weather,16,DLinear,MTT,300,0.2,0.1958539927043902,0.2025159823511076,0.1966481157555147,0.167690526911241,0.2060707676132893,0.8990360213449435,0.1311125755310058,0.0,0.2107124239827665,0.3785592336443718
42,weather,17,DLinear,MTT,300,0.2,0.1958539927043902,0.2025159823511076,0.1853333309316484,0.1487250123172492,0.1957348171453972,0.8987739513472442,0.1462955474853515,0.0,0.1884927694021968,0.3785592336443718
42,weather,18,DLinear,MTT,300,0.2,0.1958539927043902,0.2025159823511076,0.1597853439303352,0.098602385448924,0.2495345763451951,0.8858836143252194,0.0642642900347709,0.0,0.4625621924725412,0.3785592336443718
42,weather,19,DLinear,MTT,300,0.2,0.1958539927043902,0.2025159823511076,0.0785936758076352,0.1638739330706581,0.2579636222943922,0.8439557915293769,0.6984992027282715,0.0,0.1768605218022843,0.3785592336443718
42,weather,20,DLinear,MTT,300,0.2,0.1958539927043902,0.2025159823511076,0.2231735456888383,0.1647721723929197,0.0525826424053504,0.0492567650557159,0.9880914688110352,0.0,0.2735581677127541,0.3785592336443718
42,weather,0,DLinear,MTT,300,0.3,0.1958539927043902,0.1989616158912434,0.2650787012148434,0.1666095671057748,0.1716554444304445,1.063635418233554,0.9381842017173768,0.0,0.4210454888285619,0.3690776900766599
42,weather,1,DLinear,MTT,300,0.3,0.1958539927043902,0.1989616158912434,0.2039429992126877,0.1759389529622089,0.1794384115930502,0.8554041601550881,0.7062969207763672,0.0,0.381758324960447,0.3690776900766599
42,weather,2,DLinear,MTT,300,0.3,0.1958539927043902,0.1989616158912434,0.237644384668776,0.1793978713385645,0.1595252774024561,0.9120399419331642,0.7152055501937866,0.0,0.3818433499790232,0.3690776900766599
42,weather,3,DLinear,MTT,300,0.3,0.1958539927043902,0.1989616158912434,0.2224500885744774,0.2326476129214284,0.0961252241047213,0.257719339016495,0.906002402305603,1.0,0.3884225104534147,0.3690776900766599
42,weather,4,DLinear,MTT,300,0.3,0.1958539927043902,0.1989616158912434,0.0799637395716088,0.0681884515199441,0.373991672296343,1.2491518147486196,0.1381248235702514,0.0,0.7474342771050008,0.3690776900766599
42,weather,5,DLinear,MTT,300,0.3,0.1958539927043902,0.1989616158912434,0.1713528377794518,0.1631863663637538,0.1179849145042792,0.5362407512940305,0.8270198702812195,0.0,0.0062359825483741,0.3690776900766599
42,weather,6,DLinear,MTT,300,0.3,0.1958539927043902,0.1989616158912434,0.2209436436852374,0.2114045166065598,0.0816304656474295,0.1738758097079416,0.9433465003967284,0.0,0.4444186266460317,0.3690776900766599
42,weather,7,DLinear,MTT,300,0.3,0.1958539927043902,0.1989616158912434,0.1153433267656154,0.0945475442086387,0.2379836389808536,0.5694388933167112,0.6474601030349731,0.0,0.0817977076591189,0.3690776900766599
42,weather,8,DLinear,MTT,300,0.3,0.1958539927043902,0.1989616158912434,0.2282391940033722,0.2148062364164923,0.0834777022826577,0.1773902085451696,0.944231390953064,0.0,0.452464396822125,0.3690776900766599
42,weather,9,DLinear,MTT,300,0.3,0.1958539927043902,0.1989616158912434,0.2286664281771596,0.2154815972418745,0.0835212266704378,0.1813911918503656,0.9440512657165528,0.0,0.4521741968987279,0.3690776900766599
42,weather,10,DLinear,MTT,300,0.3,0.1958539927043902,0.1989616158912434,0.2712743608144459,0.1687991798313232,0.1528304830760769,1.0874155172540871,0.72339928150177,0.0,0.4567069117769226,0.3690776900766599
42,weather,11,DLinear,MTT,300,0.3,0.1958539927043902,0.1989616158912434,0.171633768176695,0.0999730870399455,0.0447086037226268,0.0512427851183753,0.9943934082984924,2.0,0.2885038062638754,0.3690776900766599
42,weather,12,DLinear,MTT,300,0.3,0.1958539927043902,0.1989616158912434,0.3792527845013828,0.1807179009343368,0.1680639315318562,0.7136879811860449,0.4097853302955627,0.0,0.3614124118527321,0.3690776900766599
42,weather,13,DLinear,MTT,300,0.3,0.1958539927043902,0.1989616158912434,0.177980352900957,0.0970578163150862,0.2142782227356051,0.3947017623832271,0.3973296284675598,1.0,0.2853785255638318,0.3690776900766599
42,weather,14,DLinear,MTT,300,0.3,0.1958539927043902,0.1989616158912434,0.0519370098763475,0.0345928743771377,0.2146926623291426,0.0421160189274485,0.9686822891235352,0.0,0.5043843922662025,0.3690776900766599
42,weather,15,DLinear,MTT,300,0.3,0.1958539927043902,0.1989616158912434,0.0868588356068081,0.0424485174854559,0.288907871533901,0.0268289875561669,0.9504214525222778,0.0,0.6172951585547994,0.3690776900766599
42,weather,16,DLinear,MTT,300,0.3,0.1958539927043902,0.1989616158912434,0.2006721517044,0.1700200154739272,0.18031189350674,0.8851378324142095,0.1634376645088195,0.0,0.1843732800753798,0.3690776900766599
42,weather,17,DLinear,MTT,300,0.3,0.1958539927043902,0.1989616158912434,0.1888632322449769,0.1503003544870844,0.1712680024481046,0.8929650190429286,0.175971508026123,0.0,0.1649313771285748,0.3690776900766599
42,weather,18,DLinear,MTT,300,0.3,0.1958539927043902,0.1989616158912434,0.1586708020791295,0.0973256634048593,0.2183427317038964,0.8743388376229088,0.0088357320055365,0.0,0.4047418319074231,0.3690776900766599
42,weather,19,DLinear,MTT,300,0.3,0.1958539927043902,0.1989616158912434,0.0819086520162689,0.1644832692489115,0.2257181525013946,0.8123844385086241,0.7110821008682251,0.0,0.1547527735861865,0.3690776900766599
42,weather,20,DLinear,MTT,300,0.3,0.1958539927043902,0.1989616158912434,0.2171027981077894,0.1674310792770831,0.0460098122185768,0.0509597805872027,0.986640453338623,0.0,0.2393633772018635,0.3690776900766599
42,weather,0,DLinear,MTT,300,0.5,0.1958539927043902,0.2011964348364747,0.2467316396315768,0.1743432945893476,0.122611032513078,1.0688196045191891,0.9237210750579834,0.0,0.3007467849620734,0.3489564088596496
42,weather,1,DLinear,MTT,300,0.5,0.1958539927043902,0.2011964348364747,0.1891572967890291,0.1743562833761058,0.1281703029094424,0.816879038944041,0.741381049156189,0.0,0.2726844449095771,0.3489564088596496
42,weather,2,DLinear,MTT,300,0.5,0.1958539927043902,0.2011964348364747,0.2181354116186913,0.175634596425273,0.1139466451134659,0.8835475891945157,0.7475773096084595,0.0,0.2727451656385139,0.3489564088596496
42,weather,3,DLinear,MTT,300,0.5,0.1958539927043902,0.2011964348364747,0.2012897451788711,0.2035710142854276,0.0686608688636304,0.2348265852653276,0.909404456615448,0.0,0.2774445563914552,0.3489564088596496
42,weather,4,DLinear,MTT,300,0.5,0.1958539927043902,0.2011964348364747,0.0769435259797066,0.0651297844487191,0.2671369252711717,1.288124187767325,0.0790380835533142,0.0,0.5338816283043347,0.3489564088596496
42,weather,5,DLinear,MTT,300,0.5,0.1958539927043902,0.2011964348364747,0.1686744360323654,0.1636089916248002,0.0842749523958569,0.5158102010383068,0.8211458325386047,0.0,0.0044542489641396,0.3489564088596496
42,weather,6,DLinear,MTT,300,0.5,0.1958539927043902,0.2011964348364747,0.1933071275730091,0.1813443626236608,0.0583074715077024,0.175155436040574,0.9361216425895692,0.0,0.3174418311042549,0.3489564088596496
42,weather,7,DLinear,MTT,300,0.5,0.1958539927043902,0.2011964348364747,0.1186441455051018,0.0905964316749636,0.1699883050262765,0.5312257949752046,0.6440205574035645,0.0,0.0584269536104568,0.3489564088596496
42,weather,8,DLinear,MTT,300,0.5,0.1958539927043902,0.2011964348364747,0.199894887169772,0.1844306549947189,0.059626935933105,0.181439309216692,0.9366506338119508,0.0,0.3231888535662928,0.3489564088596496
42,weather,9,DLinear,MTT,300,0.5,0.1958539927043902,0.2011964348364747,0.2003318329740597,0.1850990458080243,0.0596580235057601,0.1860736201392057,0.9365174770355223,0.0,0.3229816493959679,0.3489564088596496
42,weather,10,DLinear,MTT,300,0.5,0.1958539927043902,0.2011964348364747,0.2432621995945582,0.1571687184198054,0.1091646165929004,1.0638746007245925,0.7604930996894836,0.0,0.3262192693159229,0.3489564088596496
42,weather,11,DLinear,MTT,300,0.5,0.1958539927043902,0.2011964348364747,0.206717182053241,0.1269231641916209,0.0319347170199826,0.048942727889381,0.9929192662239076,2.0,0.2060741309045403,0.3489564088596496
42,weather,12,DLinear,MTT,300,0.5,0.1958539927043902,0.2011964348364747,0.362482983340023,0.169522680214118,0.1200456723377971,0.7313989660625829,0.4383072257041931,0.0,0.2581517025061994,0.3489564088596496
42,weather,13,DLinear,MTT,300,0.5,0.1958539927043902,0.2011964348364747,0.1567351350666659,0.0831099729406004,0.1530558859838761,0.4098485938821858,0.4339256882667541,1.0,0.2038418917166719,0.3489564088596496
42,weather,14,DLinear,MTT,300,0.5,0.1958539927043902,0.2011964348364747,0.0423643598814644,0.0307387388065459,0.1533519000019367,0.0561089345452813,0.9313236474990844,0.0,0.3602745999151115,0.3489564088596496
42,weather,15,DLinear,MTT,300,0.5,0.1958539927043902,0.2011964348364747,0.0824798135521844,0.0408402821126097,0.2063627727496161,0.0392077422087168,0.8852126598358154,0.0,0.4409250544540204,0.3489564088596496
42,weather,16,DLinear,MTT,300,0.5,0.1958539927043902,0.2011964348364747,0.2074560524652591,0.1735194771134661,0.1287942131938421,0.8740829478375608,0.2206107974052429,0.0,0.1316952787445622,0.3489564088596496
42,weather,17,DLinear,MTT,300,0.5,0.1958539927043902,0.2011964348364747,0.1952654177470076,0.1529621752992123,0.1223342914132117,0.883561988543525,0.2283811569213867,0.0,0.117808024216074,0.3489564088596496
42,weather,18,DLinear,MTT,300,0.5,0.1958539927043902,0.2011964348364747,0.1556300997643581,0.0942887015875939,0.1559590774577846,0.8585971602624733,0.1446308344602584,0.0,0.2891012204312356,0.3489564088596496
42,weather,19,DLinear,MTT,300,0.5,0.1958539927043902,0.2011964348364747,0.0882873127474307,0.1652599705468499,0.1612272602420502,0.75332823100608,0.7343723773956299,0.0,0.1105377054244276,0.3489564088596496
42,weather,20,DLinear,MTT,300,0.5,0.1958539927043902,0.2011964348364747,0.2064227756379762,0.1715251769758355,0.032864153589426,0.054794111765799,0.9833292961120604,0.0,0.1709738924345664,0.3489564088596496
42,weather,0,DLinear,MTT,300,0.7,0.1958539927043902,0.2063926483270007,0.2368079074759884,0.1826005578934702,0.0735666352865476,1.0750824299908253,0.905280828475952,0.0,0.1804481740487647,0.327781277088023
42,weather,1,DLinear,MTT,300,0.7,0.1958539927043902,0.2063926483270007,0.1740495132665617,0.1732886144636306,0.0769021753505281,0.77256700075047,0.7724476456642151,0.0,0.1636107546042203,0.327781277088023
42,weather,2,DLinear,MTT,300,0.7,0.1958539927043902,0.2063926483270007,0.1938030135671647,0.1712859327528597,0.0683679657290538,0.8437117851474346,0.7758028507232666,0.0,0.1636472697501664,0.327781277088023
42,weather,3,DLinear,MTT,300,0.7,0.1958539927043902,0.2063926483270007,0.1711242584515266,0.1685529343669834,0.041196501361038,0.2501095456901719,0.9098225831985474,0.0,0.1664666625178926,0.327781277088023
42,weather,4,DLinear,MTT,300,0.7,0.1958539927043902,0.2063926483270007,0.0748306460578091,0.0637184570372386,0.1602821660134524,1.33552688199971,0.2645528316497803,0.0,0.3203289795036688,0.327781277088023
42,weather,5,DLinear,MTT,300,0.7,0.1958539927043902,0.2063926483270007,0.1661260660566318,0.1642698499799847,0.0505650651581972,0.4994280982587891,0.8137949109077454,0.0,0.002672515379905,0.327781277088023
42,weather,6,DLinear,MTT,300,0.7,0.1958539927043902,0.2063926483270007,0.163724763832226,0.1519880670006729,0.0349844731418933,0.1809477299933574,0.9267247319221495,0.0,0.1904650355624781,0.327781277088023
42,weather,7,DLinear,MTT,300,0.7,0.1958539927043902,0.2063926483270007,0.1232153871148385,0.0897742117440049,0.1019930003942515,0.4871666485040157,0.6361411809921265,0.0,0.0350561995617947,0.327781277088023
42,weather,8,DLinear,MTT,300,0.7,0.1958539927043902,0.2063926483270007,0.1697278097750067,0.1548490040159558,0.0357761522222954,0.1914438279536182,0.9268127679824828,0.0,0.1939132492272435,0.327781277088023
42,weather,9,DLinear,MTT,300,0.7,0.1958539927043902,0.2063926483270007,0.1701067773589125,0.1554413923156365,0.035794825862934,0.1899547822758235,0.92672461271286,0.0,0.1937890408190214,0.327781277088023
42,weather,10,DLinear,MTT,300,0.7,0.1958539927043902,0.2063926483270007,0.2050647688391369,0.1423159863518333,0.0654987409436541,1.0412488411030552,0.7913828492164612,0.0,0.1957315192931126,0.327781277088023
42,weather,11,DLinear,MTT,300,0.7,0.1958539927043902,0.2063926483270007,0.229976816918777,0.1450638981667518,0.0191608310221547,0.0467019498695968,0.9907989501953124,2.0,0.1236445021224588,0.327781277088023
42,weather,12,DLinear,MTT,300,0.7,0.1958539927043902,0.2063926483270007,0.3428973702512279,0.1569034179276998,0.0720274062240658,0.7540321152613186,0.4585635662078857,0.0,0.1548909931596666,0.327781277088023
42,weather,13,DLinear,MTT,300,0.7,0.1958539927043902,0.2063926483270007,0.134847199199261,0.0723799251884356,0.0918335317742635,0.4285674002324522,0.4608016610145569,0.0,0.1223050426762118,0.327781277088023
42,weather,14,DLinear,MTT,300,0.7,0.1958539927043902,0.2063926483270007,0.0385914333794058,0.029227387126108,0.0920111441449258,0.0701036907597313,0.8789486289024353,0.0,0.2161648075640205,0.327781277088023
42,weather,15,DLinear,MTT,300,0.7,0.1958539927043902,0.2063926483270007,0.0806202492847426,0.0402306117162538,0.1238176640482879,0.0515809641176468,0.7927621006965637,0.0,0.2645549162506316,0.327781277088023
42,weather,16,DLinear,MTT,300,0.7,0.1958539927043902,0.2063926483270007,0.2119611411881879,0.175278011981125,0.0772765283337396,0.8599303539759714,0.2678146958351135,0.0,0.0790170864244408,0.327781277088023
42,weather,17,DLinear,MTT,300,0.7,0.1958539927043902,0.2063926483270007,0.2001562313405016,0.1545989029292535,0.073400618140624,0.871979069496517,0.271533727645874,0.0,0.0706850502137445,0.327781277088023
42,weather,18,DLinear,MTT,300,0.7,0.1958539927043902,0.2063926483270007,0.1513747003110936,0.0905641270913896,0.0935754312459172,0.8352486990975175,0.2665534913539886,0.0,0.1734606089550481,0.327781277088023
42,weather,19,DLinear,MTT,300,0.7,0.1958539927043902,0.2063926483270007,0.0940477059629112,0.1652608765588296,0.0967362966215243,0.6902529962471242,0.7551619410514832,0.0,0.0663226372626687,0.327781277088023
42,weather,20,DLinear,MTT,300,0.7,0.1958539927043902,0.2063926483270007,0.1975827752981717,0.1744200357620153,0.0197184942547389,0.0591131653484213,0.9794726371765136,0.0,0.1025844076672693,0.327781277088023
42,weather,0,DLinear,MTT,300,1.0,0.1958539927043902,0.2069093080237861,0.2314366847795041,0.1936224909285613,4.60736529353372e-08,1.0864540781083067,0.8701632022857666,0.0,1.1824903197296529e-07,0.2964523234163871
42,weather,1,DLinear,MTT,300,1.0,0.1958539927043902,0.2069093080237861,0.1497051283868513,0.1766286436223028,9.369037483693776e-08,0.7062231993867084,0.8115146160125732,0.0,1.2427342863343237e-07,0.2964523234163871
42,weather,2,DLinear,MTT,300,1.0,0.1958539927043902,0.2069093080237861,0.1566212618564993,0.1673202468908948,7.333073696690962e-08,0.7872324075394741,0.8103671073913574,0.0,1.0291131814780437e-07,0.2964523234163871
42,weather,3,DLinear,MTT,300,1.0,0.1958539927043902,0.2069093080237861,0.1154035358224666,0.110811436184682,1.5502698312793257e-07,0.2506253063534668,0.904854953289032,0.0,1.7829245140100796e-07,0.2964523234163871
42,weather,4,DLinear,MTT,300,1.0,0.1958539927043902,0.2069093080237861,0.0886098940836414,0.0793470209237606,1.578822374019512e-07,1.38762646460724,0.4834849238395691,0.0,1.1175709886533725e-07,0.2964523234163871
42,weather,5,DLinear,MTT,300,1.0,0.1958539927043902,0.2069093080237861,0.1617436354943019,0.1685875513344994,1.9679220874103098e-07,0.4723118557825136,0.7999993562698364,0.0,3.9601960580479123e-08,0.2964523234163871
42,weather,6,DLinear,MTT,300,1.0,0.1958539927043902,0.2069093080237861,0.1217039828230518,0.1125326272094026,6.055035311712865e-08,0.2138564252776933,0.9085568189620972,0.0,3.4737476188417405e-08,0.2964523234163871
42,weather,7,DLinear,MTT,300,1.0,0.1958539927043902,0.2069093080237861,0.1331627832686832,0.1150075590383013,7.278182449475012e-08,0.4357902151415641,0.6159976720809937,0.0,2.927959917865881e-08,0.2964523234163871
42,weather,8,DLinear,MTT,300,1.0,0.1958539927043902,0.2069093080237861,0.1272607388927192,0.1154080472526877,7.757865510941515e-08,0.2205385571230496,0.9078238606452942,0.0,6.56565047584591e-08,0.2964523234163871
42,weather,9,DLinear,MTT,300,1.0,0.1958539927043902,0.2069093080237861,0.1274807981881741,0.1158280016237115,5.1846870964628496e-08,0.220932710595446,0.907799482345581,0.0,1.584906949283714e-07,0.2964523234163871
42,weather,10,DLinear,MTT,300,1.0,0.1958539927043902,0.2069093080237861,0.1277367801207722,0.1179268010632389,1.5690566750643914e-07,1.0069590484170368,0.8260846734046936,0.0,1.0574110279190528e-07,0.2964523234163871
42,weather,11,DLinear,MTT,300,1.0,0.1958539927043902,0.2069093080237861,0.2481075277370328,0.1598033585342538,1.4955888466292153e-08,0.0431586791742707,0.9864071011543274,0.0,1.5210384378015126e-07,0.2964523234163871
42,weather,12,DLinear,MTT,300,1.0,0.1958539927043902,0.2069093080237861,0.3098993123620774,0.1357219277886957,1.234907243565287e-07,0.7892192881091694,0.4734503626823425,0.0,3.55040715964146e-07,0.2964523234163871
42,weather,13,DLinear,MTT,300,1.0,0.1958539927043902,0.2069093080237861,0.1085232399493014,0.0593946280800761,7.961222630649098e-08,0.4353385361305557,0.4828905463218689,0.0,1.7708615335210966e-07,0.2964523234163871
42,weather,14,DLinear,MTT,300,1.0,0.1958539927043902,0.2069093080237861,0.0362590684377115,0.0282041123914467,4.75111092123706e-08,0.0911054312450504,0.7722305059432983,0.0,1.1903738407106181e-07,0.2964523234163871
42,weather,15,DLinear,MTT,300,1.0,0.1958539927043902,0.2069093080237861,0.0793041600698473,0.0398181570898922,8.607714445104494e-08,0.0701625951736741,0.6030081510543823,0.0,3.7631097616627284e-07,0.2964523234163871
42,weather,16,DLinear,MTT,300,1.0,0.1958539927043902,0.2069093080237861,0.2129436412743583,0.1745144298448882,8.470609382744107e-08,0.8407933487838029,0.3199283480644226,0.0,1.5430841537201102e-07,0.2964523234163871
42,weather,17,DLinear,MTT,300,1.0,0.1958539927043902,0.2069093080237861,0.2024889287981674,0.1537445343875664,1.440951077719406e-07,0.8648549252282693,0.3189066052436828,0.0,3.050276217053932e-07,0.2964523234163871
42,weather,18,DLinear,MTT,300,1.0,0.1958539927043902,0.2069093080237861,0.1421629821955319,0.0833137956426365,1.080171239452002e-07,0.802905881252972,0.4234265089035034,0.0,1.437781601257709e-07,0.2964523234163871
42,weather,19,DLinear,MTT,300,1.0,0.1958539927043902,0.2069093080237861,0.1007480414905585,0.1634980725613932,1.1100225178510849e-07,0.5961380120372082,0.7816576361656189,0.0,9.346110057574965e-08,0.2964523234163871
42,weather,20,DLinear,MTT,300,1.0,0.1958539927043902,0.2069093080237861,0.187166682112034,0.1773172110527738,2.3441754816527334e-08,0.0662938193383803,0.9726647734642028,0.0,3.613459754494394e-08,0.2964523234163871
123,weather,0,DLinear,MTT,300,0.0,0.1936671493562621,0.1893379191135917,0.3029544028795417,0.3393251334471628,0.2018331922971383,0.997185624289696,0.7408975958824158,0.0,0.6291398146592664,0.3325257948769146
123,weather,1,DLinear,MTT,300,0.0,0.1936671493562621,0.1893379191135917,0.1221187198786552,0.1385380738673914,0.2253885369297842,0.9318569907767434,0.8623706698417664,2.0,0.5155347350839136,0.3325257948769146
123,weather,2,DLinear,MTT,300,0.0,0.1936671493562621,0.1893379191135917,0.081074768062661,0.1284314422206231,0.1906013097015413,0.9948051067105622,0.8660963177680969,2.0,0.4978866105407653,0.3325257948769146
123,weather,3,DLinear,MTT,300,0.0,0.1936671493562621,0.1893379191135917,0.1659373229136307,0.1638338351971008,0.3889583984571292,0.6347618659272218,0.9579020738601683,0.0,0.3251279109049775,0.3325257948769146
123,weather,4,DLinear,MTT,300,0.0,0.1936671493562621,0.1893379191135917,0.2903609622823698,0.146660701404788,0.2832965617931894,0.8219089538399338,0.5280050039291382,2.0,0.3275002124008768,0.3325257948769146
123,weather,5,DLinear,MTT,300,0.0,0.1936671493562621,0.1893379191135917,0.1219009642060321,0.1301358748648225,0.1957960958993067,0.5248212234382528,0.9341697096824646,2.0,0.6685458717086172,0.3325257948769146
123,weather,6,DLinear,MTT,300,0.0,0.1936671493562621,0.1893379191135917,0.1842701117141943,0.1766148986931372,0.2734909240438086,0.423806470753847,0.9740073084831238,0.0,0.4550103285890536,0.3325257948769146
123,weather,7,DLinear,MTT,300,0.0,0.1936671493562621,0.1893379191135917,0.2763736979227106,0.1283103408240368,0.2470637830071168,0.4103548996766665,0.8855810165405273,2.0,0.6464901572503599,0.3325257948769146
123,weather,8,DLinear,MTT,300,0.0,0.1936671493562621,0.1893379191135917,0.1922192840373535,0.1873157778982482,0.2663252603105799,0.427348442379649,0.9765635132789612,0.0,0.4968519824965057,0.3325257948769146
123,weather,9,DLinear,MTT,300,0.0,0.1936671493562621,0.1893379191135917,0.1921446742989741,0.1871486942603474,0.2669513978274332,0.4292312696997088,0.9764248728752136,0.0,0.4953367597350533,0.3325257948769146
123,weather,10,DLinear,MTT,300,0.0,0.1936671493562621,0.1893379191135917,0.0828860388954458,0.0867607595175297,0.1378192776524486,1.1602615421185696,0.8687706589698792,2.0,0.4322370264735175,0.3325257948769146
123,weather,11,DLinear,MTT,300,0.0,0.1936671493562621,0.1893379191135917,0.1168881787045282,0.0683050605099196,0.0728504080950799,0.0326848982411932,0.9992897510528564,2.0,0.4737101041759473,0.3325257948769146
123,weather,12,DLinear,MTT,300,0.0,0.1936671493562621,0.1893379191135917,0.1313956501016581,0.0763846796262581,0.376881242725697,0.8661979111065415,0.5015773773193359,2.0,0.3996715013431728,0.3325257948769146
123,weather,13,DLinear,MTT,300,0.0,0.1936671493562621,0.1893379191135917,0.0681588372937625,0.0616845114935958,0.3688990051602311,0.2653726313622092,0.8847149014472961,0.0,0.6347205360703628,0.3325257948769146
123,weather,14,DLinear,MTT,300,0.0,0.1936671493562621,0.1893379191135917,0.0095459131614877,0.0016706170890634,0.3033079867388882,0.0094382696380553,0.9965725541114808,1.0,0.9493583964050398,0.3325257948769146
123,weather,15,DLinear,MTT,300,0.0,0.1936671493562621,0.1893379191135917,0.0181098868727868,0.0043155966005515,0.2749877874746106,0.0729181130861761,0.903596043586731,1.0,0.7975477936289974,0.3325257948769146
123,weather,16,DLinear,MTT,300,0.0,0.1936671493562621,0.1893379191135917,0.0258134999617086,0.0851597191030601,0.3484277831732345,0.1008049433065615,0.8183597922325134,0.0,0.5491369458016615,0.3325257948769146
123,weather,17,DLinear,MTT,300,0.0,0.1936671493562621,0.1893379191135917,0.0260042119084696,0.0692082574149951,0.3495672292600233,0.1078509843038032,0.8182352185249329,0.0,0.5478896409474368,0.3325257948769146
123,weather,18,DLinear,MTT,300,0.0,0.1936671493562621,0.1893379191135917,0.0211923128705352,0.0648649420720898,0.3620011369664946,0.084522760750168,0.8898090124130249,0.0,0.5921899040314061,0.3325257948769146
123,weather,19,DLinear,MTT,300,0.0,0.1936671493562621,0.1893379191135917,0.1533378210529228,0.1453535380060384,0.202793125043254,0.7027545918188721,0.8793056011199951,0.0,0.4887042854792567,0.3325257948769146
123,weather,20,DLinear,MTT,300,0.0,0.1936671493562621,0.1893379191135917,0.1176996302544195,0.2123837732677168,0.105071386497976,0.0148906215894098,0.9995324611663818,2.0,0.9333198685320834,0.3325257948769146
123,weather,0,DLinear,MTT,300,0.1,0.1936671493562621,0.1871233272464809,0.30742842966773,0.3423302892061592,0.1816498775293127,0.9839410330040724,0.757768452167511,0.0,0.5662257563012107,0.3238550439806938
123,weather,1,DLinear,MTT,300,0.1,0.1936671493562621,0.1871233272464809,0.0994327952961419,0.1386628780541177,0.2028497083087882,0.9109461722304274,0.8606706261634827,2.0,0.463981258635455,0.3238550439806938
123,weather,2,DLinear,MTT,300,0.1,0.1936671493562621,0.1871233272464809,0.0604477716333417,0.1299485217997543,0.1715411616321298,0.9779930169716078,0.863717257976532,2.0,0.4480979405476764,0.3238550439806938
123,weather,3,DLinear,MTT,300,0.1,0.1936671493562621,0.1871233272464809,0.1600475894720217,0.1608159236363049,0.3500625675582858,0.6008595342977031,0.9539804458618164,0.0,0.2926151019852346,0.3238550439806938
123,weather,4,DLinear,MTT,300,0.1,0.1936671493562621,0.1871233272464809,0.2731338930244675,0.1379762969422648,0.2549669009003601,0.7944850285024315,0.5308359861373901,2.0,0.2947501964335106,0.3238550439806938
123,weather,5,DLinear,MTT,300,0.1,0.1936671493562621,0.1871233272464809,0.0918142220223917,0.1298998419050311,0.1762165053706206,0.5163910454088272,0.926358163356781,2.0,0.6016913010050783,0.3238550439806938
123,weather,6,DLinear,MTT,300,0.1,0.1936671493562621,0.1871233272464809,0.1775190067182062,0.1737193718969966,0.2461418447983972,0.4012162763198785,0.9695866703987122,0.0,0.4095092799551296,0.3238550439806938
123,weather,7,DLinear,MTT,300,0.1,0.1936671493562621,0.1871233272464809,0.2497415777869716,0.1199977872823804,0.2223574136578019,0.4078575115789545,0.869404673576355,2.0,0.5818411607480173,0.3238550439806938
123,weather,8,DLinear,MTT,300,0.1,0.1936671493562621,0.1871233272464809,0.1849045671237788,0.182943112633911,0.2396927665227296,0.4057111415910323,0.9720411896705629,0.0,0.4471668326561001,0.3238550439806938
123,weather,9,DLinear,MTT,300,0.1,0.1936671493562621,0.1871233272464809,0.1848551298821512,0.1828238630466043,0.2402562465612795,0.4075284116963772,0.9719036221504213,0.0,0.4458031209865827,0.3238550439806938
123,weather,10,DLinear,MTT,300,0.1,0.1936671493562621,0.1871233272464809,0.0823235555391461,0.0924757728850522,0.1240373357443558,1.1498935965524617,0.8669885993003845,2.0,0.3890133128879139,0.3238550439806938
123,weather,11,DLinear,MTT,300,0.1,0.1936671493562621,0.1871233272464809,0.1495133975271886,0.1013846068253509,0.0655653672492642,0.0336731216480679,0.9989284873008728,2.0,0.4263390810223847,0.3238550439806938
123,weather,12,DLinear,MTT,300,0.1,0.1936671493562621,0.1871233272464809,0.135265610560809,0.0807370117418611,0.3391931298422295,0.8516823411273305,0.5059057474136353,2.0,0.3597044861761314,0.3238550439806938
123,weather,13,DLinear,MTT,300,0.1,0.1936671493562621,0.1871233272464809,0.0720210943202933,0.0642720863823661,0.3320091002008915,0.2894762347655189,0.8623687028884888,0.0,0.5712484652030306,0.3238550439806938
123,weather,14,DLinear,MTT,300,0.1,0.1936671493562621,0.1871233272464809,0.0196936762474736,0.0054793191202315,0.2729771884143778,0.0210737421472749,0.9906195402145386,1.0,0.854422579974108,0.3238550439806938
123,weather,15,DLinear,MTT,300,0.1,0.1936671493562621,0.1871233272464809,0.0252676881311393,0.0069288849462937,0.2474890111594005,0.0947652920701142,0.8868767619132996,1.0,0.7177929919811745,0.3238550439806938
123,weather,16,DLinear,MTT,300,0.1,0.1936671493562621,0.1871233272464809,0.050793547024242,0.0950372778587597,0.3135850109870653,0.1088444025762555,0.7879865169525146,0.0,0.4942233191743955,0.3238550439806938
123,weather,17,DLinear,MTT,300,0.1,0.1936671493562621,0.1871233272464809,0.0429850794502353,0.0739072891719021,0.3146105027734716,0.1176138440164357,0.787757933139801,0.0,0.493100651086308,0.3238550439806938
123,weather,18,DLinear,MTT,300,0.1,0.1936671493562621,0.1871233272464809,0.0381317150428158,0.0675787965942589,0.3258010291764985,0.093518841106575,0.8639001250267029,0.0,0.5329709609022962,0.3238550439806938
123,weather,19,DLinear,MTT,300,0.1,0.1936671493562621,0.1871233272464809,0.1398471052921762,0.139869154751795,0.1825137728687102,0.6885522040949091,0.8727483749389648,0.0,0.4398338320158062,0.3238550439806938
123,weather,20,DLinear,MTT,300,0.1,0.1936671493562621,0.1871233272464809,0.1434738285344123,0.198156647915294,0.0945642472835941,0.0205193086947322,0.9987691640853882,2.0,0.8399878810812011,0.3238550439806938
123,weather,0,DLinear,MTT,300,0.2,0.1936671493562621,0.1894760505256385,0.3122089526978698,0.345343461014986,0.1614665775945463,0.9709177059722468,0.7737628221511841,0.0,0.5033119768026942,0.3176729817645664
123,weather,1,DLinear,MTT,300,0.2,0.1936671493562621,0.1894760505256385,0.0758525387235521,0.1384360010216257,0.1803108181514663,0.8900862453325752,0.8582181930541992,2.0,0.4124277821869964,0.3176729817645664
123,weather,2,DLinear,MTT,300,0.2,0.1936671493562621,0.1894760505256385,0.0399633009866817,0.1308182819961357,0.1524810534055409,0.9613371293085649,0.8606284856796265,2.0,0.3983093186299479,0.3176729817645664
123,weather,3,DLinear,MTT,300,0.2,0.1936671493562621,0.1894760505256385,0.1542754579659313,0.1579519302444662,0.3111666991514104,0.567933629989181,0.9497514963150024,0.0,0.2601023532538885,0.3176729817645664
123,weather,4,DLinear,MTT,300,0.2,0.1936671493562621,0.1894760505256385,0.2556286847356458,0.1287054821396119,0.2266372619212285,0.7672950350928025,0.5320484638214111,2.0,0.2620001804661443,0.3176729817645664
123,weather,5,DLinear,MTT,300,0.2,0.1936671493562621,0.1894760505256385,0.0628558218932534,0.1285906949087674,0.1566368844444421,0.5081958921222469,0.9173009991645812,2.0,0.53483666220981,0.3176729817645664
123,weather,6,DLinear,MTT,300,0.2,0.1936671493562621,0.1894760505256385,0.1713072888609746,0.1710846891693819,0.2187927289086031,0.3796678733544205,0.9646939039230348,0.0,0.3640082313212055,0.3176729817645664
123,weather,7,DLinear,MTT,300,0.2,0.1936671493562621,0.1894760505256385,0.2262670837212649,0.112607770043814,0.1976510225367047,0.4056865114616129,0.8508323431015015,2.0,0.5171921642456746,0.3176729817645664
123,weather,8,DLinear,MTT,300,0.2,0.1936671493562621,0.1894760505256385,0.1789469393221333,0.1791262657996145,0.2130601947498805,0.3851442547058228,0.9669962525367736,0.0,0.3974815606492602,0.3176729817645664
123,weather,9,DLinear,MTT,300,0.2,0.1936671493562621,0.1894760505256385,0.1789121472829358,0.1790470104817391,0.2135611274516631,0.3868940602347405,0.9668620228767396,0.0,0.3962694517010189,0.3176729817645664
123,weather,10,DLinear,MTT,300,0.2,0.1936671493562621,0.1894760505256385,0.0880584558562521,0.0979172812894264,0.1102553951572085,1.1395644105913985,0.864654004573822,2.0,0.3457895993023103,0.3176729817645664
123,weather,11,DLinear,MTT,300,0.2,0.1936671493562621,0.1894760505256385,0.1794817991514877,0.1245292625423861,0.0582803260580504,0.0346868781959503,0.9983612298965454,2.0,0.3789681044460758,0.3176729817645664
123,weather,12,DLinear,MTT,300,0.2,0.1936671493562621,0.1894760505256385,0.1399298643235766,0.0857281053583378,0.3015049947510842,0.8385207362765837,0.508647084236145,2.0,0.3197372578736523,0.3176729817645664
123,weather,13,DLinear,MTT,300,0.2,0.1936671493562621,0.1894760505256385,0.0760031385116401,0.0664435564263932,0.2951191967474328,0.317442668753092,0.8360589146614075,0.0,0.5077764212348609,0.3176729817645664
123,weather,14,DLinear,MTT,300,0.2,0.1936671493562621,0.1894760505256385,0.0258413667627352,0.007475331107664,0.242646385803738,0.0336264190260999,0.981003999710083,1.0,0.7594867374527906,0.3176729817645664
123,weather,15,DLinear,MTT,300,0.2,0.1936671493562621,0.1894760505256385,0.0349492010586289,0.0095436367465407,0.2199902253377053,0.1123695500641763,0.8671931028366089,1.0,0.6380381391794369,0.3176729817645664
123,weather,16,DLinear,MTT,300,0.2,0.1936671493562621,0.1894760505256385,0.0751903279770283,0.1042890731770045,0.2787422302055874,0.1180508705688029,0.753286600112915,0.0,0.4393095970524775,0.3176729817645664
123,weather,17,DLinear,MTT,300,0.2,0.1936671493562621,0.1894760505256385,0.0666081533981779,0.0818305499457449,0.2796537572185659,0.1289455915619937,0.7529571056365967,0.0,0.4383116138614079,0.3176729817645664
123,weather,18,DLinear,MTT,300,0.2,0.1936671493562621,0.1894760505256385,0.0585104127669298,0.0737750824407692,0.289600934661736,0.1034458521103431,0.8333846926689148,0.0,0.4737520177731862,0.3176729817645664
123,weather,19,DLinear,MTT,300,0.2,0.1936671493562621,0.1894760505256385,0.1264854076922281,0.1343990283710281,0.1622344573905699,0.6745300535901947,0.8654783368110657,0.0,0.3909634213793993,0.3176729817645664
123,weather,20,DLinear,MTT,300,0.2,0.1936671493562621,0.1894760505256385,0.1704958796383796,0.1909026755060724,0.0840571072812018,0.027785126759582,0.9975784420967102,2.0,0.7466558876144136,0.3176729817645664
123,weather,0,DLinear,MTT,300,0.3,0.1936671493562621,0.1872123032348385,0.3173098112727942,0.3483504907163252,0.1412832367920819,0.958117976301858,0.7888807058334351,0.0,0.4403979184446386,0.314370239319498
123,weather,1,DLinear,MTT,300,0.3,0.1936671493562621,0.1872123032348385,0.0521828235296675,0.1378904913010213,0.1577719510580772,0.8693088513129429,0.8550134897232056,2.0,0.3608742583021596,0.314370239319498
123,weather,2,DLinear,MTT,300,0.3,0.1936671493562621,0.1872123032348385,0.0212443492765487,0.131056940096516,0.1334209028172124,0.9438451582289492,0.8568298816680908,2.0,0.3485206005614987,0.314370239319498
123,weather,3,DLinear,MTT,300,0.3,0.1936671493562621,0.1872123032348385,0.1491155429468977,0.1552638677640227,0.272270868659988,0.5361372291423837,0.9452151656150818,0.0,0.2275895443341456,0.314370239319498
123,weather,4,DLinear,MTT,300,0.3,0.1936671493562621,0.1872123032348385,0.2380579233796087,0.1189398087010702,0.1983076588534651,0.7401981688576841,0.5316425561904907,2.0,0.2292502825585468,0.314370239319498
123,weather,5,DLinear,MTT,300,0.3,0.1936671493562621,0.1872123032348385,0.0365489114034587,0.1265951953531096,0.1370572858238478,0.5003021257786151,0.906998097896576,2.0,0.4679820688090279,0.314370239319498
123,weather,6,DLinear,MTT,300,0.3,0.1936671493562621,0.1872123032348385,0.1665249500363866,0.1687254316483347,0.1914436514031129,0.3593554442504849,0.9593291282653807,0.0,0.3185072441936369,0.314370239319498
123,weather,7,DLinear,MTT,300,0.3,0.1936671493562621,0.1872123032348385,0.2061704643142597,0.1059644139120035,0.1729446496839426,0.4038008683490944,0.829863965511322,0.0,0.4525431025643981,0.314370239319498
123,weather,8,DLinear,MTT,300,0.3,0.1936671493562621,0.1872123032348385,0.175120132533307,0.1758213282263234,0.1864276657045259,0.3658238803460603,0.9614287614822388,0.0,0.3477964108088545,0.314370239319498
123,weather,9,DLinear,MTT,300,0.3,0.1936671493562621,0.1872123032348385,0.175073758096592,0.1757697249091904,0.1868659715495439,0.367498724656618,0.9613001942634584,0.0,0.3467357213412686,0.314370239319498
123,weather,10,DLinear,MTT,300,0.3,0.1936671493562621,0.1872123032348385,0.0948706735045595,0.1030243341602248,0.0964734619263843,1.1292361484502325,0.8617668151855469,2.0,0.302565939497612,0.314370239319498
123,weather,11,DLinear,MTT,300,0.3,0.1936671493562621,0.1872123032348385,0.1991755785627538,0.138818139540182,0.0509952848841414,0.035729544051771,0.9975879788398744,2.0,0.3315971278697669,0.314370239319498
123,weather,12,DLinear,MTT,300,0.3,0.1936671493562621,0.1872123032348385,0.1455998490973551,0.0911286698307234,0.2638168733411707,0.8268577750425459,0.5098016262054443,2.0,0.2797701716614649,0.314370239319498
123,weather,13,DLinear,MTT,300,0.3,0.1936671493562621,0.1872123032348385,0.079357237707883,0.0679266859038594,0.2582293005369314,0.3420182179048184,0.8057855367660522,0.0,0.4443043503675287,0.314370239319498
123,weather,14,DLinear,MTT,300,0.3,0.1936671493562621,0.1872123032348385,0.0293618044291416,0.0085964883659057,0.2123155815457894,0.0463433098686175,0.9677259922027588,1.0,0.6645509384154491,0.314370239319498
123,weather,15,DLinear,MTT,300,0.3,0.1936671493562621,0.1872123032348385,0.0447841050861552,0.012009712584521,0.1924914496737982,0.1336036877654814,0.8445451259613037,1.0,0.5582833204803089,0.314370239319498
123,weather,16,DLinear,MTT,300,0.3,0.1936671493562621,0.1872123032348385,0.0949307243670296,0.11162271289853,0.2438994473712488,0.1280168406494055,0.7142599821090698,0.0,0.3843958749305595,0.314370239319498
123,weather,17,DLinear,MTT,300,0.3,0.1936671493562621,0.1872123032348385,0.0861965738527481,0.0895693892348764,0.2446970455230392,0.1395703430314993,0.7138328552246094,0.0,0.3835226713640506,0.314370239319498
123,weather,18,DLinear,MTT,300,0.3,0.1936671493562621,0.1872123032348385,0.0742572220142457,0.0788737978164037,0.2534007991034631,0.1152529558140096,0.7982627153396606,0.0,0.4145329649900275,0.314370239319498
123,weather,19,DLinear,MTT,300,0.3,0.1936671493562621,0.1872123032348385,0.1134854327770659,0.1289912988519977,0.1419551690602472,0.6606807483194927,0.8574955463409424,0.0,0.3420929679159488,0.314370239319498
123,weather,20,DLinear,MTT,300,0.3,0.1936671493562621,0.1872123032348385,0.1871502389974155,0.1868771073282626,0.0735499716801001,0.0356151176889042,0.9959602355957032,2.0,0.6533239302430577,0.314370239319498
123,weather,0,DLinear,MTT,300,0.5,0.1936671493562621,0.1933896595026641,0.328609426434793,0.3543894038435624,0.100916609153468,0.9332516252536684,0.8164868354797363,0.0,0.3145699876348868,0.3128617120545349
123,weather,1,DLinear,MTT,300,0.5,0.1936671493562621,0.1933896595026641,0.0278731180516973,0.1350283153115172,0.1126942295625464,0.8279921577866165,0.8463469743728638,2.0,0.2577672579688642,0.3128617120545349
123,weather,2,DLinear,MTT,300,0.5,0.1936671493562621,0.1933896595026641,0.040110740913008,0.1298106424519026,0.0953006429866043,0.912169983601274,0.8471035361289978,2.0,0.2489433086506814,0.3128617120545349
123,weather,3,DLinear,MTT,300,0.5,0.1936671493562621,0.1933896595026641,0.1438853707082033,0.1503946946397855,0.1944791299507668,0.4768345686928248,0.93522047996521,0.0,0.1625639264946598,0.3128617120545349
123,weather,4,DLinear,MTT,300,0.5,0.1936671493562621,0.1933896595026641,0.2035399705144379,0.1018349292595327,0.1416483447526512,0.6865427889361758,0.5259754657745361,0.0,0.16375019159393,0.3128617120545349
123,weather,5,DLinear,MTT,300,0.5,0.1936671493562621,0.1933896595026641,0.0530926828911595,0.1217188045995201,0.0978980999741043,0.485441128528409,0.8826553821563721,0.0,0.3342728820074637,0.3128617120545349
123,weather,6,DLinear,MTT,300,0.5,0.1936671493562621,0.1933896595026641,0.1622270953186419,0.164673639746059,0.1367454903741634,0.3233449665364096,0.9471831917762756,0.0,0.2275050854194332,0.3128617120545349
123,weather,7,DLinear,MTT,300,0.5,0.1936671493562621,0.1933896595026641,0.174764492747825,0.0944091054800361,0.1235319052483866,0.4009781748742179,0.7807393074035645,0.0,0.323245109559713,0.3128617120545349
123,weather,8,DLinear,MTT,300,0.5,0.1936671493562621,0.1933896595026641,0.1697915126087105,0.1703791420462529,0.1331626001083833,0.3317899857616019,0.9487259984016418,0.0,0.248425988961609,0.3128617120545349
123,weather,9,DLinear,MTT,300,0.5,0.1936671493562621,0.1933896595026641,0.1697743562559349,0.1703672317125463,0.1334757026919167,0.3332876937633822,0.9486156702041626,0.0,0.2476684438443274,0.3128617120545349
123,weather,10,DLinear,MTT,300,0.5,0.1936671493562621,0.1933896595026641,0.1116655485557725,0.1120777540406106,0.0689096244913079,1.1086403595574528,0.8543347716331482,2.0,0.2161185661073101,0.3128617120545349
123,weather,11,DLinear,MTT,300,0.5,0.1936671493562621,0.1933896595026641,0.2205848270798497,0.1534577083424745,0.0364252044924511,0.0378918013075967,0.995423436164856,2.0,0.2368551281398955,0.3128617120545349
123,weather,12,DLinear,MTT,300,0.5,0.1936671493562621,0.1933896595026641,0.1586474913025349,0.1026115452906975,0.1884406239670602,0.8080536033931264,0.507349967956543,2.0,0.1998358571467985,0.3128617120545349
123,weather,13,DLinear,MTT,300,0.5,0.1936671493562621,0.1933896595026641,0.0850877737244828,0.069839317723915,0.184449508323606,0.3913306849641813,0.7333478927612305,0.0,0.3173603700278394,0.3128617120545349
123,weather,14,DLinear,MTT,300,0.5,0.1936671493562621,0.1933896595026641,0.0330861064735173,0.0097804100167124,0.1516539940862317,0.0719187092762248,0.9301825165748596,0.0,0.4746793055535854,0.3128617120545349
123,weather,15,DLinear,MTT,300,0.5,0.1936671493562621,0.1933896595026641,0.0622601433835506,0.0162827536018326,0.1374938959100013,0.1767333396549892,0.7903562188148499,0.0,0.3987737853898827,0.3128617120545349
123,weather,16,DLinear,MTT,300,0.5,0.1936671493562621,0.1933896595026641,0.1238553167929487,0.1214702177603665,0.1742138879185996,0.1482795998702317,0.6232270002365112,0.0,0.2745685261813754,0.3128617120545349
123,weather,17,DLinear,MTT,300,0.5,0.1936671493562621,0.1933896595026641,0.1149619298721905,0.1000807294167393,0.1747835735342064,0.159579908112504,0.6226140260696411,0.0,0.2739446442780218,0.3128617120545349
123,weather,18,DLinear,MTT,300,0.5,0.1936671493562621,0.1933896595026641,0.0955408304802363,0.0853732731588921,0.1810005946303081,0.132767412965901,0.7141993045806885,0.0,0.2960950239047831,0.3128617120545349
123,weather,19,DLinear,MTT,300,0.5,0.1936671493562621,0.1933896595026641,0.089675138498956,0.1185774317853379,0.1013965128512569,0.6335919918993574,0.8393915295600891,0.0,0.2443521894701786,0.3128617120545349
123,weather,20,DLinear,MTT,300,0.5,0.1936671493562621,0.1933896595026641,0.2059802157489739,0.1823617638020428,0.052535693207996,0.0520126265255521,0.991441547870636,0.0,0.4666599673731036,0.3128617120545349
123,weather,0,DLinear,MTT,300,0.7,0.1936671493562621,0.2008500988233229,0.3416673266782694,0.3605209668639959,0.0605499404965836,0.9093681848909724,0.8405869603157043,0.0,0.1887419638719552,0.3143657133983373
123,weather,1,DLinear,MTT,300,0.7,0.1936671493562621,0.2008500988233229,0.0660552569670141,0.1302220219310462,0.0676165112454865,0.7869186291985697,0.8346710205078125,0.0,0.154660305071947,0.3143657133983373
123,weather,2,DLinear,MTT,300,0.7,0.1936671493562621,0.2008500988233229,0.0804327897853686,0.1266876357795509,0.0571803581418938,0.8796502323564713,0.8345381617546082,0.0,0.149366016739864,0.3143657133983373
123,weather,3,DLinear,MTT,300,0.7,0.1936671493562621,0.2008500988233229,0.1404665455520707,0.1461659301214077,0.1166873894909526,0.4253021497748619,0.9239963293075562,0.0,0.097538308655174,0.3143657133983373
123,weather,4,DLinear,MTT,300,0.7,0.1936671493562621,0.2008500988233229,0.1712253992944709,0.0900763237964389,0.0849890813460621,0.6340532840465476,0.5138345956802368,0.0,0.0982502186890819,0.3143657133983373
123,weather,5,DLinear,MTT,300,0.7,0.1936671493562621,0.2008500988233229,0.087328298396221,0.1161088584201551,0.0587388891995405,0.471810857043955,0.8533300161361694,0.0,0.2005637859948719,0.3143657133983373
123,weather,6,DLinear,MTT,300,0.7,0.1936671493562621,0.2008500988233229,0.1595211825869369,0.1613813169874602,0.0820473356150419,0.2953250828697756,0.9331489205360411,0.0,0.1365030496579405,0.3143657133983373
123,weather,7,DLinear,MTT,300,0.7,0.1936671493562621,0.2008500988233229,0.1518823795310747,0.0843237512939687,0.0741191434024028,0.3994180766238216,0.7220306396484375,0.0,0.1939470513760939,0.3143657133983373
123,weather,8,DLinear,MTT,300,0.7,0.1936671493562621,0.2008500988233229,0.165863540606062,0.1661730429140758,0.0798975393055392,0.3055877292339372,0.933932900428772,0.0,0.1490555671143635,0.3143657133983373
123,weather,9,DLinear,MTT,300,0.7,0.1936671493562621,0.2008500988233229,0.1658651576414674,0.1661860869699795,0.0800853938908786,0.3068977402488215,0.9338500499725342,0.0,0.1486011052731998,0.3143657133983373
123,weather,10,DLinear,MTT,300,0.7,0.1936671493562621,0.2008500988233229,0.1328978254872337,0.1198034984956593,0.0413457469097271,1.088140764472178,0.8446924686431885,2.0,0.1296711389361029,0.3143657133983373
123,weather,11,DLinear,MTT,300,0.7,0.1936671493562621,0.2008500988233229,0.230952553503308,0.1600851234360612,0.0218551228202601,0.0401419427932351,0.9924349188804626,0.0,0.1421131284100241,0.3143657133983373
123,weather,12,DLinear,MTT,300,0.7,0.1936671493562621,0.2008500988233229,0.1757250483610537,0.114621700571796,0.1130643682227964,0.7957480391256533,0.4985507726669311,0.0,0.1199016847224238,0.3143657133983373
123,weather,13,DLinear,MTT,300,0.7,0.1936671493562621,0.2008500988233229,0.0895062493550546,0.0712210550919145,0.1106697233691437,0.4415325468818381,0.6450557708740234,0.0,0.1904162282931749,0.3143657133983373
123,weather,14,DLinear,MTT,300,0.7,0.1936671493562621,0.2008500988233229,0.0349860033826279,0.0103892356502809,0.0909923869390188,0.0975638952456084,0.8779891729354858,0.0,0.2848075683301795,0.3143657133983373
123,weather,15,DLinear,MTT,300,0.7,0.1936671493562621,0.2008500988233229,0.0762033193412528,0.0196786779209737,0.0824963431012085,0.2216444849934785,0.724310040473938,0.0,0.2392640797864073,0.3143657133983373
123,weather,16,DLinear,MTT,300,0.7,0.1936671493562621,0.2008500988233229,0.1429562634592763,0.1270728760894671,0.104528309009513,0.1684171086835843,0.5148874521255493,0.0,0.1647410341902135,0.3143657133983373
123,weather,17,DLinear,MTT,300,0.7,0.1936671493562621,0.2008500988233229,0.1340464862292676,0.1061315856186608,0.1048701328468437,0.1797822046470787,0.5141013860702515,0.0,0.1643666645557644,0.3143657133983373
123,weather,18,DLinear,MTT,300,0.7,0.1936671493562621,0.2008500988233229,0.1087918149201941,0.0892050663231095,0.1086003962760484,0.1525230089949889,0.6117097735404968,0.0,0.1776570828195388,0.3143657133983373
123,weather,19,DLinear,MTT,300,0.7,0.1936671493562621,0.2008500988233229,0.0722818172313113,0.108882400708443,0.0608379444010812,0.6074078842720578,0.818436324596405,0.0,0.1466113681973649,0.3143657133983373
123,weather,20,DLinear,MTT,300,0.7,0.1936671493562621,0.2008500988233229,0.2159652517466733,0.1799021235103786,0.0315214161468216,0.0687943120867585,0.9852131605148317,0.0,0.2799960045031496,0.3143657133983373
123,weather,0,DLinear,MTT,300,1.0,0.1936671493562621,0.2005803255671916,0.3667983496849765,0.3709516864302465,4.656787506830639e-08,0.8755605226677864,0.8701632022857666,0.0,2.5295852239535527e-08,0.3179493684302662
123,weather,1,DLinear,MTT,300,1.0,0.1936671493562621,0.2005803255671916,0.12197805749474,0.120712187531466,9.135138919134105e-08,0.726026574617623,0.811514675617218,0.0,1.2427342863343237e-07,0.3179493684302662
123,weather,2,DLinear,MTT,300,1.0,0.1936671493562621,0.2005803255671916,0.1338339515313113,0.1196836672541954,6.87043784398458e-08,0.8313453456832083,0.8103671073913574,0.0,1.0291131814780437e-07,0.3179493684302662
123,weather,3,DLinear,MTT,300,1.0,0.1936671493562621,0.2005803255671916,0.1364901319532402,0.140840764501941,1.5125955465477652e-07,0.369677582632078,0.904854953289032,0.0,5.7915657864942864e-08,0.3179493684302662
123,weather,4,DLinear,MTT,300,1.0,0.1936671493562621,0.2005803255671916,0.1286992453093301,0.075571842568041,1.629380572864559e-07,0.5580266454007659,0.4834849834442138,0.0,1.1175709886533725e-07,0.3179493684302662
123,weather,5,DLinear,MTT,300,1.0,0.1936671493562621,0.2005803255671916,0.1260547468851447,0.1078342084204752,1.9499474271287386e-07,0.4540469494138084,0.7999993562698364,0.0,3.9601960580479123e-08,0.3179493684302662
123,weather,6,DLinear,MTT,300,1.0,0.1936671493562621,0.2005803255671916,0.1566187240917179,0.1575161050500385,6.014105048081573e-08,0.2735990879039559,0.9085568189620972,0.0,2.6768879277579256e-08,0.3179493684302662
123,weather,7,DLinear,MTT,300,1.0,0.1936671493562621,0.2005803255671916,0.1288420750424641,0.0717142936415022,6.122684033306022e-08,0.3968535233347335,0.6159976720809937,0.0,2.927959917865881e-08,0.3179493684302662
123,weather,8,DLinear,MTT,300,1.0,0.1936671493562621,0.2005803255671916,0.1616550920458822,0.1614255104660965,8.061982862892031e-08,0.2855173798091817,0.9078238606452942,0.0,6.56565047584591e-08,0.3179493684302662
123,weather,9,DLinear,MTT,300,1.0,0.1936671493562621,0.2005803255671916,0.1616745380579147,0.1614616691105927,5.2187928294362366e-08,0.2864659553545355,0.907799482345581,0.0,1.584906949283714e-07,0.3179493684302662
123,weather,10,DLinear,MTT,300,1.0,0.1936671493562621,0.2005803255671916,0.1714565974859498,0.1295499284185861,1.5422506911850793e-07,1.0576111821366323,0.8260847330093384,0.0,1.0574110279190528e-07,0.3179493684302662
123,weather,11,DLinear,MTT,300,1.0,0.1936671493562621,0.2005803255671916,0.2388197513881664,0.1647239828782241,1.6753773217079635e-08,0.0447444046727955,0.9864070415496826,0.0,5.8949336584651934e-08,0.3179493684302662
123,weather,12,DLinear,MTT,300,1.0,0.1936671493562621,0.2005803255671916,0.2047019781797466,0.1326072509285789,1.221402580707839e-07,0.7900365406490364,0.4734504222869873,0.0,3.55040715964146e-07,0.3179493684302662
123,weather,13,DLinear,MTT,300,1.0,0.1936671493562621,0.2005803255671916,0.0947395472467146,0.0726127478100377,7.479483666078233e-08,0.4920063485414047,0.4828905463218689,0.0,6.948950325470923e-08,0.3179493684302662
123,weather,14,DLinear,MTT,300,1.0,0.1936671493562621,0.2005803255671916,0.0365426549422232,0.0108927024755179,4.841962975743653e-08,0.1360854322320941,0.7722305059432983,0.0,1.8861174553725322e-07,0.3179493684302662
123,weather,15,DLinear,MTT,300,1.0,0.1936671493562621,0.2005803255671916,0.0917871830803379,0.0234735115055408,8.688095380562007e-08,0.2883925787831642,0.6030081510543823,0.0,3.0810575653810106e-07,0.3179493684302662
123,weather,16,DLinear,MTT,300,1.0,0.1936671493562621,0.2005803255671916,0.1607846757737926,0.1310951788753292,7.144676528081184e-08,0.1964050739400507,0.3199283480644226,0.0,3.668088849783565e-08,0.3179493684302662
123,weather,17,DLinear,MTT,300,1.0,0.1936671493562621,0.2005803255671916,0.1518405637436048,0.1106881929452866,1.4591528927330776e-07,0.2147205698136314,0.3189065456390381,0.0,3.050276217053932e-07,0.3179493684302662
123,weather,18,DLinear,MTT,300,1.0,0.1936671493562621,0.2005803255671916,0.1208897099329933,0.0920286017254551,1.1730251869339045e-07,0.1808651802376475,0.4234265089035034,0.0,1.437781601257709e-07,0.3179493684302662
123,weather,19,DLinear,MTT,300,1.0,0.1936671493562621,0.2005803255671916,0.07031750237908,0.0961011480666264,1.1250336511919226e-07,0.5700945926841032,0.7816576361656189,0.0,9.346110057574965e-08,0.3179493684302662
123,weather,20,DLinear,MTT,300,1.0,0.1936671493562621,0.2005803255671916,0.224275526745809,0.1777668398680737,2.37247718877657e-08,0.0942405478469402,0.9726647734642028,0.0,3.613459754494394e-08,0.3179493684302662
7,ETTh1,0,MLP,MTT,300,0.0,0.3907731735452562,0.4009687050780832,0.4480087999093332,0.2673966525271935,0.313967816108183,1.0440905173536297,0.1292386054992675,0.0,0.5718982624015586,0.382956455800551
7,ETTh1,1,MLP,MTT,300,0.0,0.3907731735452562,0.4009687050780832,0.3624786894334184,0.1942800078492947,0.1626922935677657,1.66654879814877,0.6920630931854248,0.0,0.127021718509684,0.382956455800551
7,ETTh1,2,MLP,MTT,300,0.0,0.3907731735452562,0.4009687050780832,0.456130099962279,0.2793817490495424,0.3447981379906914,0.8452909812484986,0.1776375770568847,0.0,0.7374131091018427,0.382956455800551
7,ETTh1,3,MLP,MTT,300,0.0,0.3907731735452562,0.4009687050780832,0.3217560127805617,0.11560303133707,0.2186138434565863,1.5365214094022537,0.7963972687721252,0.0,0.1740154142220082,0.382956455800551
7,ETTh1,4,MLP,MTT,300,0.0,0.3907731735452562,0.4009687050780832,0.202322554318383,0.125552463889082,0.4400684780231517,0.5198150527923968,0.619674563407898,0.0,0.281177000155711,0.382956455800551
7,ETTh1,5,MLP,MTT,300,0.0,0.3907731735452562,0.4009687050780832,0.5899608654351461,0.3465724158229552,0.2530862499940526,0.8059989224422079,0.6899421215057373,15.0,0.4602038923970973,0.382956455800551
7,ETTh1,6,MLP,MTT,300,0.0,0.3907731735452562,0.4009687050780832,0.2446438774017025,0.2066636419506848,0.5730152179847,1.6925896681616326,0.7729153037071228,1.0,0.1550223388960514,0.382956455800551
7,ETTh1,0,MLP,MTT,300,0.1,0.3907731735452562,0.4039059229607234,0.442725856624663,0.2622939091650691,0.2825709867233463,1.0201601341832829,0.1788132786750793,0.0,0.514708334210756,0.3870547232294439
7,ETTh1,1,MLP,MTT,300,0.1,0.3907731735452562,0.4039059229607234,0.347330539080676,0.1897529727413739,0.1464230629189209,1.6649811803323973,0.6972392797470093,0.0,0.1143194846559775,0.3870547232294439
7,ETTh1,2,MLP,MTT,300,0.1,0.3907731735452562,0.4039059229607234,0.4514212365936532,0.2765196815119529,0.3103183164378166,0.8460055771107794,0.0892547369003295,0.0,0.6636718100355383,0.3870547232294439
7,ETTh1,3,MLP,MTT,300,0.1,0.3907731735452562,0.4039059229607234,0.3052153014806962,0.1094897894283298,0.1967524837589767,1.52337781085148,0.7979351282119751,0.0,0.156613937643749,0.3870547232294439
7,ETTh1,4,MLP,MTT,300,0.1,0.3907731735452562,0.4039059229607234,0.1873533019805925,0.1167427960819676,0.3960616241436375,0.5479639068714339,0.6134954690933228,0.0,0.2530593038049402,0.3870547232294439
7,ETTh1,5,MLP,MTT,300,0.1,0.3907731735452562,0.4039059229607234,0.5635088537107407,0.3352210604767336,0.2277776089374829,0.806150917208254,0.7097212076187134,15.0,0.4141835687926371,0.3870547232294439
7,ETTh1,6,MLP,MTT,300,0.1,0.3907731735452562,0.4039059229607234,0.2304655833768349,0.2040694283924252,0.515713705184889,1.7460989937313764,0.7900366187095642,1.0,0.1395201566822078,0.3870547232294439
7,ETTh1,0,MLP,MTT,300,0.2,0.3907731735452562,0.4102349884888958,0.4359593699504225,0.2561394417760244,0.2511742131196666,1.0066890938157262,0.2252880930900573,0.0,0.4575184060199533,0.3914211376142336
7,ETTh1,1,MLP,MTT,300,0.2,0.3907731735452562,0.4102349884888958,0.3309891826519252,0.1846142576961034,0.1301538371515609,1.6679874599842237,0.7013962268829346,0.0,0.1016173557299816,0.3914211376142336
7,ETTh1,2,MLP,MTT,300,0.2,0.3907731735452562,0.4102349884888958,0.4457903390592949,0.2729468709127697,0.2758385344230515,0.8511567937498602,0.0056171417236328,0.0,0.589930619538133,0.3914211376142336
7,ETTh1,3,MLP,MTT,300,0.2,0.3907731735452562,0.4102349884888958,0.2874149427095629,0.1030938464361299,0.1748910707152024,1.5089453350815296,0.7984301447868347,0.0,0.1392122812461559,0.3914211376142336
7,ETTh1,4,MLP,MTT,300,0.2,0.3907731735452562,0.4102349884888958,0.17169446515251,0.1074856534683742,0.3520547656278618,0.5770024551883358,0.6043442487716675,0.0,0.2249416074541693,0.3914211376142336
7,ETTh1,5,MLP,MTT,300,0.2,0.3907731735452562,0.4102349884888958,0.5328310255601617,0.3237899001932495,0.2024690098262748,0.8057977067202238,0.7269502878189087,15.0,0.368163192822792,0.3914211376142336
7,ETTh1,6,MLP,MTT,300,0.2,0.3907731735452562,0.4102349884888958,0.2149880210561346,0.2011088136010607,0.4584121956268896,1.7978694050298254,0.80597984790802,1.0,0.1240178927161482,0.3914211376142336
7,ETTh1,0,MLP,MTT,300,0.3,0.3907731735452562,0.426584106736217,0.427512577165452,0.2488110865657008,0.2197774089422852,0.9962012485528168,0.2686628699302673,0.0,0.4003284778291507,0.3960418669173494
7,ETTh1,1,MLP,MTT,300,0.3,0.3907731735452562,0.426584106736217,0.3135733562727628,0.1788912025241311,0.1138846074139909,1.6732230199542328,0.7045340538024902,0.0,0.0889152268039857,0.3960418669173494
7,ETTh1,2,MLP,MTT,300,0.3,0.3907731735452562,0.426584106736217,0.4390742175341467,0.2685257037399894,0.2413587263518652,0.8495465232149846,0.0732757449150085,0.0,0.5161893204718286,0.3960418669173494
7,ETTh1,3,MLP,MTT,300,0.3,0.3907731735452562,0.426584106736217,0.2686211904730605,0.0964538852122273,0.1530296491155262,1.492727679199644,0.7978824973106384,0.0,0.1218106847883408,0.3960418669173494
7,ETTh1,4,MLP,MTT,300,0.3,0.3907731735452562,0.426584106736217,0.1557348912753381,0.0981312222123247,0.308047925916773,0.6068526305486567,0.5922207832336426,0.0,0.1968239111033985,0.3960418669173494
7,ETTh1,5,MLP,MTT,300,0.3,0.3907731735452562,0.426584106736217,0.4993701974268045,0.3113699881501177,0.1771603735207167,0.8052133065830096,0.7416294813156128,15.0,0.3221428168529468,0.3960418669173494
7,ETTh1,6,MLP,MTT,300,0.3,0.3907731735452562,0.426584106736217,0.198169514882738,0.1980135998456523,0.4011106457112503,1.8486479207451072,0.820745050907135,1.0,0.1085156287500886,0.3960418669173494
7,ETTh1,0,MLP,MTT,300,0.5,0.3907731735452562,0.4444397013748141,0.4047687854019625,0.2304268753249695,0.1569838655834576,0.9703897304881838,0.3461130261421203,0.0,0.2859489587278806,0.4059462136864686
7,ETTh1,1,MLP,MTT,300,0.5,0.3907731735452562,0.4444397013748141,0.2761311051010865,0.1663429186810104,0.081346152485932,1.6857226741497189,0.7077522277832031,0.0,0.0635109689519939,0.4059462136864686
7,ETTh1,2,MLP,MTT,300,0.5,0.3907731735452562,0.4444397013748141,0.4216023432273402,0.2564652604281428,0.172399113077046,0.8485096155685941,0.2168261408805847,0.0,0.3687067223392199,0.4059462136864686
7,ETTh1,3,MLP,MTT,300,0.5,0.3907731735452562,0.4444397013748141,0.2292549710261105,0.0828604132766209,0.1093069370350009,1.4700026513397628,0.7936589121818542,0.0,0.0870077316318223,0.4059462136864686
7,ETTh1,4,MLP,MTT,300,0.5,0.3907731735452562,0.4444397013748141,0.1250757428689269,0.0802282269542822,0.2200342217278718,0.657378759911593,0.5590580701828003,0.0,0.1405885184018569,0.4059462136864686
7,ETTh1,5,MLP,MTT,300,0.5,0.3907731735452562,0.4444397013748141,0.4235262828649822,0.2861044584502749,0.126543111067874,0.8063822775525417,0.763338029384613,15.0,0.2301020125478716,0.4059462136864686
7,ETTh1,6,MLP,MTT,300,0.5,0.3907731735452562,0.4444397013748141,0.1605728878996678,0.1906050058460673,0.2865076206616876,1.9533561182244723,0.8467413783073425,1.0,0.0775112643224014,0.4059462136864686
7,ETTh1,0,MLP,MTT,300,0.7,0.3907731735452562,0.4678326810497784,0.3729597217516465,0.2065193447307198,0.0941903042799281,0.9420912084009964,0.4111640453338623,0.0,0.1715693271998321,0.416449683231435
7,ETTh1,1,MLP,MTT,300,0.7,0.3907731735452562,0.4678326810497784,0.2364447482699209,0.1530531268299469,0.0488076944341625,1.6938125753859,0.7068939208984375,0.0,0.0381066061722916,0.416449683231435
7,ETTh1,2,MLP,MTT,300,0.7,0.3907731735452562,0.4678326810497784,0.3971650775255205,0.2387220395750873,0.1034395120574608,0.8527555940153587,0.3413963913917541,0.0,0.2212241242066112,0.416449683231435
7,ETTh1,3,MLP,MTT,300,0.7,0.3907731735452562,0.4678326810497784,0.1895740996875513,0.0697514430871201,0.0655841052630483,1.443261012847916,0.7852643132209778,0.0,0.0522047185355259,0.416449683231435
7,ETTh1,4,MLP,MTT,300,0.7,0.3907731735452562,0.4678326810497784,0.097989388921894,0.0650929193117036,0.1320205412255433,0.7364679313289668,0.5140069723129272,0.0,0.0843529966993455,0.416449683231435
7,ETTh1,5,MLP,MTT,300,0.7,0.3907731735452562,0.4678326810497784,0.3389930429735572,0.2734923498548797,0.0759258729726237,0.8084226988881249,0.7748468518257141,0.0,0.1380612606081813,0.416449683231435
7,ETTh1,6,MLP,MTT,300,0.7,0.3907731735452562,0.4678326810497784,0.1185704697409129,0.1813300889399651,0.171904557761928,2.0542604829401045,0.8680256605148315,1.0,0.0465067363902821,0.416449683231435
7,ETTh1,0,MLP,MTT,300,1.0,0.3907731735452562,0.513359088266651,0.3061161721717004,0.1594150577318381,9.948322872741917e-08,0.9265974112616449,0.485491931438446,0.0,2.325190189567353e-07,0.4320812297797353
7,ETTh1,1,MLP,MTT,300,1.0,0.3907731735452562,0.513359088266651,0.1763141575198854,0.1368865055384467,1.1211228286093557e-07,1.6984834675712972,0.6979626417160034,0.0,1.1446659339497921e-07,0.4320812297797353
7,ETTh1,2,MLP,MTT,300,1.0,0.3907731735452562,0.513359088266651,0.3426525806041525,0.1970000693100162,6.83194248107598e-08,0.8547094762990383,0.4926643967628479,0.0,1.1843879906319541e-07,0.4320812297797353
7,ETTh1,3,MLP,MTT,300,1.0,0.3907731735452562,0.513359088266651,0.1341647850048961,0.0531615187943858,6.93526723923502e-08,1.4060646276486684,0.7648518681526184,0.0,1.089814143713798e-08,0.4320812297797353
7,ETTh1,4,MLP,MTT,300,1.0,0.3907731735452562,0.513359088266651,0.0676638869951664,0.0487832729965932,7.096943595403565e-08,0.850787481426786,0.4241399765014648,0.0,9.235296690091348e-08,0.4320812297797353
7,ETTh1,5,MLP,MTT,300,1.0,0.3907731735452562,0.513359088266651,0.2186215574744154,0.2623302256300837,4.875415267435124e-08,0.8156360692458661,0.7729856967926025,0.0,1.326986459583703e-07,0.4320812297797353
7,ETTh1,6,MLP,MTT,300,1.0,0.3907731735452562,0.513359088266651,0.0607760896813025,0.1642908374033294,6.029673235358748e-08,2.206414652340586,0.8911168575286865,0.0,2.6244319297487724e-08,0.4320812297797353
42,ETTh1,0,MLP,MTT,300,0.0,0.3963284989753482,0.4145566214187803,0.3543161210676842,0.1614574394470801,0.3957286938688586,0.5716059671998274,0.6041592359542847,0.0,0.106701115083204,0.2661170693867154
42,ETTh1,1,MLP,MTT,300,0.0,0.3963284989753482,0.4145566214187803,0.3579692734320124,0.1676956507554959,0.2454077656942425,0.5508873437133369,0.6729578375816345,0.0,0.3438479070923352,0.2661170693867154
42,ETTh1,2,MLP,MTT,300,0.0,0.3963284989753482,0.4145566214187803,0.3288268224566218,0.0580654791425367,0.3293403437206127,0.3924898872302626,0.731629490852356,0.0,0.4500151996455478,0.2661170693867154
42,ETTh1,3,MLP,MTT,300,0.0,0.3963284989753482,0.4145566214187803,0.3097088838497224,0.1453466879008101,0.1534011769891286,0.4172373678340289,0.7447036504745483,0.0,0.0183167678858511,0.2661170693867154
42,ETTh1,4,MLP,MTT,300,0.0,0.3963284989753482,0.4145566214187803,0.0595918772123845,0.0593692934126001,0.3608190725807245,1.1151202519936287,0.5597695112228394,14.0,0.1047499762207662,0.2661170693867154
42,ETTh1,5,MLP,MTT,300,0.0,0.3963284989753482,0.4145566214187803,0.1888813034370145,0.3465778509852057,0.3377663905018077,1.6113979491491215,0.5720340013504028,1.0,0.7363398679470201,0.2661170693867154
42,ETTh1,6,MLP,MTT,300,0.0,0.3963284989753482,0.4145566214187803,0.3843627466073722,0.183162038122075,0.6698751538400313,1.4362445551211211,0.7950419783592224,1.0,0.2647245748176011,0.2661170693867154
42,ETTh1,0,MLP,MTT,300,0.1,0.3963284989753482,0.4298547895258182,0.3509905257083395,0.162801227993495,0.3561558275147131,0.5975680208505302,0.5978279113769531,0.0,0.0960310268267855,0.2684778600746017
42,ETTh1,1,MLP,MTT,300,0.1,0.3963284989753482,0.4298547895258182,0.3411890409418012,0.1599017339519458,0.220867010834843,0.5376654281659611,0.6806777715682983,0.0,0.3094630963514478,0.2684778600746017
42,ETTh1,2,MLP,MTT,300,0.1,0.3963284989753482,0.4298547895258182,0.3259298999332661,0.0647135595105043,0.2964063360182601,0.3874540877841767,0.7179708480834961,0.0,0.4050137709775672,0.2684778600746017
42,ETTh1,3,MLP,MTT,300,0.1,0.3963284989753482,0.4298547895258182,0.2977191088957783,0.1435832541444129,0.1380610547795264,0.4121791293614806,0.7505425810813904,0.0,0.0164851281509469,0.2684778600746017
42,ETTh1,4,MLP,MTT,300,0.1,0.3963284989753482,0.4298547895258182,0.0541471576483949,0.0571879618556,0.3247371794660663,1.0886072533794753,0.5534327030181885,14.0,0.0942749684838409,0.2684778600746017
42,ETTh1,5,MLP,MTT,300,0.1,0.3963284989753482,0.4298547895258182,0.1876951714605622,0.3373558032363854,0.303989746397222,1.6276362469887158,0.6048972606658936,1.0,0.6627058891856442,0.2684778600746017
42,ETTh1,6,MLP,MTT,300,0.1,0.3963284989753482,0.4298547895258182,0.3634345571044257,0.1824201971444825,0.6028876447247847,1.3798314112343302,0.8110037446022034,1.0,0.2382521444859378,0.2684778600746017
42,ETTh1,0,MLP,MTT,300,0.2,0.3963284989753482,0.4195996894748371,0.3466504770072997,0.1632268837534274,0.3165829550252035,0.6301323352642498,0.5902663469314575,0.0,0.0853608261435886,0.2713498022604736
42,ETTh1,1,MLP,MTT,300,0.2,0.3963284989753482,0.4195996894748371,0.323196630881073,0.1517589933662332,0.1963262132516164,0.524051390753968,0.6872378587722778,0.0,0.2750782856105605,0.2713498022604736
42,ETTh1,2,MLP,MTT,300,0.2,0.3963284989753482,0.4195996894748371,0.3231446554204364,0.0752979803462351,0.2634722852959397,0.395283945452869,0.70203697681427,0.0,0.360012179456238,0.2713498022604736
42,ETTh1,3,MLP,MTT,300,0.2,0.3963284989753482,0.4195996894748371,0.2848962263966094,0.141546103128714,0.1227209534819579,0.4079042280498653,0.7555317282676697,0.0,0.0146534884160427,0.2713498022604736
42,ETTh1,4,MLP,MTT,300,0.2,0.3963284989753482,0.4195996894748371,0.0489102746590308,0.0550732529080811,0.2886552492347588,1.063949900988878,0.545490026473999,14.0,0.0837998962464307,0.2713498022604736
42,ETTh1,5,MLP,MTT,300,0.2,0.3963284989753482,0.4195996894748371,0.1855477773045858,0.3265621773274425,0.2702131305452003,1.6438690023149591,0.634922981262207,1.0,0.5890718842415759,0.2713498022604736
42,ETTh1,6,MLP,MTT,300,0.2,0.3963284989753482,0.4195996894748371,0.3398267955605416,0.1818257383624896,0.535900109222548,1.3225123258125862,0.8255533576011658,1.0,0.2117796324020583,0.2713498022604736
42,ETTh1,0,MLP,MTT,300,0.3,0.3963284989753482,0.4288936052585734,0.3413892083511576,0.1632313990859228,0.2770100802348709,0.6680701258061904,0.5814749002456665,0.0,0.0746907941005593,0.2747333315976556
42,ETTh1,1,MLP,MTT,300,0.3,0.3963284989753482,0.4288936052585734,0.3041516878118054,0.1432759749133679,0.171785415064509,0.5109100483873154,0.692638099193573,0.0,0.2406935797973837,0.2747333315976556
42,ETTh1,2,MLP,MTT,300,0.3,0.3963284989753482,0.4288936052585734,0.3230237178329591,0.0866658777491245,0.2305382226384623,0.3914504723962366,0.6838281154632568,0.0,0.3150105879349089,0.2747333315976556
42,ETTh1,3,MLP,MTT,300,0.3,0.3963284989753482,0.4288936052585734,0.2713244077852523,0.1392464309208477,0.1073808241525171,0.4042047976331072,0.7596710324287415,0.0,0.0128216089220266,0.2747333315976556
42,ETTh1,4,MLP,MTT,300,0.3,0.3963284989753482,0.4288936052585734,0.0450821974190392,0.0529625997277395,0.2525733909801371,1.0368307132079504,0.535941481590271,0.0,0.0733250175104749,0.2747333315976556
42,ETTh1,5,MLP,MTT,300,0.3,0.3963284989753482,0.4288936052585734,0.1822370552563967,0.3140498842614681,0.2364364660774012,1.6600873866676638,0.6621115207672119,1.0,0.5154379578455849,0.2747333315976556
42,ETTh1,6,MLP,MTT,300,0.3,0.3963284989753482,0.4288936052585734,0.3134343434036241,0.1818547483713872,0.4689125894834221,1.2693692108257713,0.838690996170044,1.0,0.185307202070395,0.2747333315976556
42,ETTh1,0,MLP,MTT,300,0.5,0.3963284989753482,0.4270423879865562,0.328781343639895,0.1609950913320509,0.197864346936248,0.741214010445229,0.5602015256881714,0.0,0.0533505613743331,0.2830060363339416
42,ETTh1,1,MLP,MTT,300,0.5,0.3963284989753482,0.4270423879865562,0.263508231960609,0.1252565748624478,0.1227039164710738,0.4843620138442366,0.6999588012695312,0.0,0.171923958315609,0.2830060363339416
42,ETTh1,2,MLP,MTT,300,0.5,0.3963284989753482,0.4270423879865562,0.323106565955322,0.1098415681556617,0.164670178788116,0.3991481004175082,0.6405853033065796,0.0,0.2250076220300486,0.2830060363339416
42,ETTh1,3,MLP,MTT,300,0.5,0.3963284989753482,0.4270423879865562,0.2423816014249519,0.1338115136194966,0.0767005882478451,0.3982301799477464,0.7654002904891968,0.0,0.0091583294522183,0.2830060363339416
42,ETTh1,4,MLP,MTT,300,0.5,0.3963284989753482,0.4270423879865562,0.0419810414567409,0.050382740787506,0.1804095438712415,0.978738320874346,0.5120271444320679,0.0,0.052375066537109,0.2830060363339416
42,ETTh1,5,MLP,MTT,300,0.5,0.3963284989753482,0.4270423879865562,0.171279619756289,0.2835082190773962,0.168883191102534,1.690053214166308,0.7079765796661377,1.0,0.3681699479574481,0.2830060363339416
42,ETTh1,6,MLP,MTT,300,0.5,0.3963284989753482,0.4270423879865562,0.2525236924573238,0.1845447454695045,0.334937590880483,1.1604169392089947,0.8607300519943237,1.0,0.1323622596548522,0.2830060363339416
42,ETTh1,0,MLP,MTT,300,0.7,0.3963284989753482,0.4520723653693703,0.315969167386752,0.1562060826661265,0.1187185995237308,0.8119077118751733,0.5340079069137573,0.0,0.032010384861496,0.29311761394238
42,ETTh1,1,MLP,MTT,300,0.7,0.3963284989753482,0.4520723653693703,0.2208691167743178,0.106751926806815,0.0736223473616221,0.4519839691027422,0.7026399374008179,0.0,0.1031544417615448,0.29311761394238
42,ETTh1,2,MLP,MTT,300,0.7,0.3963284989753482,0.4520723653693703,0.3272651057076565,0.1294375017602563,0.0988021130214775,0.4139697860026073,0.5882420539855957,0.0,0.1350045475562893,0.29311761394238
42,ETTh1,3,MLP,MTT,300,0.7,0.3963284989753482,0.4520723653693703,0.2119728134386701,0.1279738227229082,0.046020345923598,0.3935004608300995,0.7677303552627563,0.0,0.0054951698619658,0.29311761394238
42,ETTh1,4,MLP,MTT,300,0.7,0.3963284989753482,0.4520723653693703,0.0407411024854826,0.049023937268647,0.1082457299638389,0.932420523810846,0.4816896915435791,0.0,0.0314249865627734,0.29311761394238
42,ETTh1,5,MLP,MTT,300,0.7,0.3963284989753482,0.4520723653693703,0.1536024523942145,0.2459027730130497,0.101329930043288,1.7244153767389991,0.7424921989440918,0.0,0.2209019904346962,0.29311761394238
42,ETTh1,6,MLP,MTT,300,0.7,0.3963284989753482,0.4520723653693703,0.1832315260361281,0.1910113835362623,0.2009625552719842,1.0569059718042295,0.8771209120750427,0.0,0.0794173989915254,0.29311761394238
42,ETTh1,0,MLP,MTT,300,1.0,0.3963284989753482,0.4564175513398701,0.2945430582542749,0.145211217426665,6.674253628819473e-08,0.9274309535523504,0.485491931438446,0.0,1.2009224056927696e-07,0.3106319358533122
42,ETTh1,1,MLP,MTT,300,1.0,0.3963284989753482,0.4564175513398701,0.157400789115636,0.0817415215726033,1.166525132238228e-07,0.4250920154148194,0.6979626417160034,0.0,1.1446659339497921e-07,0.3106319358533122
42,ETTh1,2,MLP,MTT,300,1.0,0.3963284989753482,0.4564175513398701,0.3336289065320574,0.1507751078789735,4.814997333749273e-08,0.4433167185564057,0.4926643967628479,0.0,9.869900006193505e-09,0.3106319358533122
42,ETTh1,3,MLP,MTT,300,1.0,0.3963284989753482,0.4564175513398701,0.1664350659475903,0.1223368777690344,6.695244756339222e-08,0.389675894314609,0.7648518681526184,0.0,1.089814143713798e-08,0.3106319358533122
42,ETTh1,4,MLP,MTT,300,1.0,0.3963284989753482,0.4564175513398701,0.0455176384806248,0.0481547485990152,7.35917827400336e-08,0.8779853793988645,0.42413991689682,0.0,3.664800275371379e-08,0.3106319358533122
42,ETTh1,5,MLP,MTT,300,1.0,0.3963284989753482,0.4564175513398701,0.1138461865981673,0.1821191029334679,4.2287828125224033e-08,1.779450185873769,0.7729856967926025,0.0,2.7967876095995795e-08,0.3106319358533122
42,ETTh1,6,MLP,MTT,300,1.0,0.3963284989753482,0.4564175513398701,0.0835455338392113,0.2064384944679939,5.8727347242425464e-08,0.9124165052503072,0.8911168575286865,0.0,2.6244319297487724e-08,0.3106319358533122
123,ETTh1,0,MLP,MTT,300,0.0,0.3949365090455541,0.4904801714488601,0.2515414408722081,0.0717071321482472,0.2880716444468908,0.3369859302141382,0.8391435146331787,0.0,0.5684122044016339,0.3547491367492984
123,ETTh1,1,MLP,MTT,300,0.0,0.3949365090455541,0.4904801714488601,0.3841617756958733,0.2073666946110069,0.1766259387750759,1.7262648037714423,0.7503757476806641,0.0,0.0385666092552579,0.3547491367492984
123,ETTh1,2,MLP,MTT,300,0.0,0.3949365090455541,0.4904801714488601,0.2533549138536677,0.0877175132640817,0.2759352633800033,0.3275842228191336,0.8557391166687012,0.0,0.5484864311079551,0.3547491367492984
123,ETTh1,3,MLP,MTT,300,0.0,0.3949365090455541,0.4904801714488601,0.2705985326808725,0.1454253226325206,0.1854280824222967,1.465860581337708,0.7626810669898987,0.0,0.1864151179451153,0.3547491367492984
123,ETTh1,4,MLP,MTT,300,0.0,0.3949365090455541,0.4904801714488601,0.1114345097881427,0.0722679145843942,0.3653709019327762,0.9192898615041208,0.3658940196037292,5.0,0.1198913360330085,0.3547491367492984
123,ETTh1,5,MLP,MTT,300,0.0,0.3949365090455541,0.4904801714488601,0.6578756597072947,0.3389571210015953,0.4708242881849176,1.2376521393192317,0.8573216795921326,15.0,0.900803668758572,0.3547491367492984
123,ETTh1,6,MLP,MTT,300,0.0,0.3949365090455541,0.4904801714488601,0.0149638904022177,0.0624838667974581,0.1504778678433718,2.3255369803122994,0.9019343256950378,0.0,0.2741016650128648,0.3547491367492984
123,ETTh1,0,MLP,MTT,300,0.1,0.3949365090455541,0.4881974127737591,0.2463457677174042,0.0778903505122617,0.2592644905284537,0.3444175640435454,0.8183355331420898,0.0,0.5115710240773892,0.3599467160779584
123,ETTh1,1,MLP,MTT,300,0.1,0.3949365090455541,0.4881974127737591,0.3669599717495953,0.2033636846382946,0.1589633319927062,1.718630207612459,0.7496718168258667,0.0,0.0347097813992835,0.3599467160779584
123,ETTh1,2,MLP,MTT,300,0.1,0.3949365090455541,0.4881974127737591,0.2579974742864727,0.1001549630937978,0.2483417401218128,0.3342702476824356,0.833084225654602,0.0,0.4936378032955044,0.3599467160779584
123,ETTh1,3,MLP,MTT,300,0.1,0.3949365090455541,0.4881974127737591,0.2604952464570261,0.1414633191997502,0.1668852597359791,1.4528468782354171,0.7658940553665161,0.0,0.167773487360862,0.3599467160779584
123,ETTh1,4,MLP,MTT,300,0.1,0.3949365090455541,0.4881974127737591,0.1051364004263252,0.0676664406165391,0.3288338000204243,0.936693189766802,0.3824593424797058,5.0,0.1079021794147619,0.3599467160779584
123,ETTh1,5,MLP,MTT,300,0.1,0.3949365090455541,0.4881974127737591,0.632771418242328,0.3334882135214387,0.4237418454246717,1.2074870210882909,0.8583367466926575,15.0,0.8107233131888774,0.3599467160779584
123,ETTh1,6,MLP,MTT,300,0.1,0.3949365090455541,0.4881974127737591,0.0143982922673004,0.0616543632796169,0.1354300544319439,2.3143868296359336,0.9029951095581056,0.0,0.2466914550110384,0.3599467160779584
123,ETTh1,0,MLP,MTT,300,0.2,0.3949365090455541,0.4958959337889848,0.24252263053289,0.086353026872202,0.2304573167593265,0.344424509810236,0.7942926287651062,0.0,0.4547297875397552,0.3632434263482892
123,ETTh1,1,MLP,MTT,300,0.2,0.3949365090455541,0.4958959337889848,0.3483357752616521,0.1988448595859861,0.1413007548849923,1.7121499953076578,0.7479594945907593,0.0,0.0308532683264408,0.3632434263482892
123,ETTh1,2,MLP,MTT,300,0.2,0.3949365090455541,0.4958959337889848,0.2660104238690277,0.1119959292241298,0.2207481875564003,0.3385463695697071,0.8073954582214355,0.0,0.4387890669141547,0.3632434263482892
123,ETTh1,3,MLP,MTT,300,0.2,0.3949365090455541,0.4958959337889848,0.2497020688597535,0.1373862054191085,0.1483424492300946,1.4387459022413824,0.7684412598609924,0.0,0.1491319766561646,0.3632434263482892
123,ETTh1,4,MLP,MTT,300,0.2,0.3949365090455541,0.4958959337889848,0.0999068070793792,0.0634131708866346,0.2922967140572508,0.9194749514166148,0.3966377973556518,5.0,0.0959130227965153,0.3632434263482892
123,ETTh1,5,MLP,MTT,300,0.2,0.3949365090455541,0.4958959337889848,0.5978577172486589,0.3243316736543575,0.376659420353771,1.1758204844812183,0.8572520613670349,15.0,0.7206429772562022,0.3632434263482892
123,ETTh1,6,MLP,MTT,300,0.2,0.3949365090455541,0.4958959337889848,0.0165313131670466,0.0619838189668661,0.1203823025485948,2.302033054552695,0.9035797119140624,0.0,0.219281326761428,0.3632434263482892
123,ETTh1,0,MLP,MTT,300,0.3,0.3949365090455541,0.4827521522850055,0.2417789181918529,0.0954696881439197,0.2016501759994352,0.3493128658493091,0.7670148015022278,0.0,0.3978886634288996,0.3649397179644224
123,ETTh1,1,MLP,MTT,300,0.3,0.3949365090455541,0.4827521522850055,0.3285390201211349,0.1939693957542708,0.1236381487318946,1.7063380134626882,0.7452389597892761,0.0,0.0269966503258875,0.3649397179644224
123,ETTh1,2,MLP,MTT,300,0.3,0.3949365090455541,0.4827521522850055,0.2748239675380445,0.1223334978416468,0.1931546808962093,0.3408366605464082,0.7786727547645569,0.0,0.3839404933861536,0.3649397179644224
123,ETTh1,3,MLP,MTT,300,0.3,0.3949365090455541,0.4827521522850055,0.2382898791200459,0.1332274248415603,0.1297996835754956,1.4254883088110235,0.7703227400779724,0.0,0.1304905858310231,0.3649397179644224
123,ETTh1,4,MLP,MTT,300,0.3,0.3949365090455541,0.4827521522850055,0.0951441261011332,0.0592183755325943,0.2557596150242855,0.936540561905108,0.4084295034408569,5.0,0.0839238661782687,0.3649397179644224
123,ETTh1,5,MLP,MTT,300,0.3,0.3949365090455541,0.4827521522850055,0.5548603145148603,0.3125800138912754,0.3295769915823524,1.1507672414466732,0.8540677428245544,15.0,0.6305626020494883,0.3649397179644224
123,ETTh1,6,MLP,MTT,300,0.3,0.3949365090455541,0.4827521522850055,0.0206866769148171,0.0643538659241885,0.1053344905609337,2.288990831836025,0.9036882519721984,0.0,0.1918711985118176,0.3649397179644224
123,ETTh1,0,MLP,MTT,300,0.5,0.3949365090455541,0.5054893146164959,0.2535607161545444,0.1143366362560397,0.144035827863496,0.3703856901139005,0.7027543783187866,0.0,0.2842061341402426,0.3644864099041866
123,ETTh1,1,MLP,MTT,300,0.5,0.3949365090455541,0.5054893146164959,0.2865101251968554,0.1835580848167194,0.0883129650918576,1.6995723588793472,0.7367729544639587,0.0,0.0192833093970703,0.3644864099041866
123,ETTh1,2,MLP,MTT,300,0.5,0.3949365090455541,0.5054893146164959,0.2910357279015663,0.1381996480509941,0.1379676062203975,0.3481737306364937,0.7121256589889526,0.0,0.2742431291923533,0.3644864099041866
123,ETTh1,3,MLP,MTT,300,0.5,0.3949365090455541,0.5054893146164959,0.2139580333275853,0.125016447851634,0.0927140546929366,1.397833351026377,0.7720884084701538,0.0,0.0932074445420724,0.3644864099041866
123,ETTh1,4,MLP,MTT,300,0.5,0.3949365090455541,0.5054893146164959,0.0842892262715715,0.0521291723677845,0.1826854388696074,0.9786409858858854,0.4248523712158203,16.0,0.0599456819427452,0.3644864099041866
123,ETTh1,5,MLP,MTT,300,0.5,0.3949365090455541,0.5054893146164959,0.4540350998231003,0.2850189265966449,0.2354121330982043,1.1047121375883653,0.8413999080657959,15.0,0.4504018254533681,0.3644864099041866
123,ETTh1,6,MLP,MTT,300,0.5,0.3949365090455541,0.5054893146164959,0.0306386942929361,0.0841857829926562,0.0752389284607287,2.2693385304826874,0.902476966381073,0.0,0.1370509420125968,0.3644864099041866
123,ETTh1,0,MLP,MTT,300,0.7,0.3949365090455541,0.5105099999355314,0.265865251519152,0.1294064251317611,0.0864215280644103,0.3866568919704015,0.6255542039871216,0.0,0.1705237734917531,0.3601863227302049
123,ETTh1,1,MLP,MTT,300,0.7,0.3949365090455541,0.5105099999355314,0.2430499638516009,0.1753606661889935,0.0529877573459809,1.69500760649537,0.724273681640625,0.0,0.0115699684682532,0.3601863227302049
123,ETTh1,2,MLP,MTT,300,0.7,0.3949365090455541,0.5105099999355314,0.3035660057285769,0.1489171176602035,0.0827805644948158,0.3617585724502377,0.6334429979324341,0.0,0.1645458735674519,0.3601863227302049
123,ETTh1,3,MLP,MTT,300,0.7,0.3949365090455541,0.5105099999355314,0.1883000424317219,0.1189195464085376,0.0556284225944249,1.3735179225791962,0.7711910605430603,0.0,0.0559245430122336,0.3601863227302049
123,ETTh1,4,MLP,MTT,300,0.7,0.3949365090455541,0.5105099999355314,0.0730375685252839,0.0517881995963738,0.1096112575898137,0.9810741857817752,0.4317279458045959,0.0,0.0359674977072217,0.3601863227302049
123,ETTh1,5,MLP,MTT,300,0.7,0.3949365090455541,0.5105099999355314,0.3492823273460311,0.2530828813083808,0.1412472890050262,1.0692016317285389,0.8203333020210266,0.0,0.2702412321360951,0.3601863227302049
123,ETTh1,6,MLP,MTT,300,0.7,0.3949365090455541,0.5105099999355314,0.0422737886995266,0.1239002697288282,0.0451433631595695,2.256365690680237,0.899361252784729,0.0,0.0822305220089439,0.3601863227302049
123,ETTh1,0,MLP,MTT,300,1.0,0.3949365090455541,0.5330062411917248,0.2824593918142315,0.1449989795914128,7.112827270176978e-08,0.3945787934159631,0.485491931438446,0.0,1.2009224056927696e-07,0.3491821666849423
123,ETTh1,1,MLP,MTT,300,1.0,0.3949365090455541,0.5330062411917248,0.1794045820213014,0.1658756934494811,1.1221503316459777e-07,1.6774629486059998,0.6979626417160034,0.0,1.1446659339497921e-07,0.3491821666849423
123,ETTh1,2,MLP,MTT,300,1.0,0.3949365090455541,0.5330062411917248,0.3176605430635433,0.159039004533792,6.078427938415074e-08,0.3794916541801878,0.4926643967628479,0.0,9.869900006193505e-09,0.3491821666849423
123,ETTh1,3,MLP,MTT,300,1.0,0.3949365090455541,0.5330062411917248,0.149291354053674,0.1163769913883871,6.72578186651132e-08,1.3398969628203623,0.7648518681526184,0.0,1.089814143713798e-08,0.3491821666849423
123,ETTh1,4,MLP,MTT,300,1.0,0.3949365090455541,0.5330062411917248,0.0613634013178361,0.0562849616256573,7.684510588854298e-08,0.9918125152525964,0.4241399765014648,0.0,2.785248207359985e-08,0.3491821666849423
123,ETTh1,5,MLP,MTT,300,1.0,0.3949365090455541,0.5330062411917248,0.213070685576693,0.2063555301195599,5.4569457357907976e-08,1.025209780294162,0.7729856967926025,0.0,1.326986459583703e-07,0.3491821666849423
123,ETTh1,6,MLP,MTT,300,1.0,0.3949365090455541,0.5330062411917248,0.0584128678783033,0.1826335862577879,5.845069405010068e-08,2.229221865722403,0.8911168575286865,0.0,2.6244319297487724e-08,0.3491821666849423
7,ETTh2,0,MLP,MTT,300,0.0,0.3122252548169996,0.3697733637429898,0.3319145198078372,0.1737660532098018,0.3876987737969998,0.4771846627555385,0.8424038290977478,15.0,0.4278761188892134,0.4424463726941589
7,ETTh2,1,MLP,MTT,300,0.0,0.3122252548169996,0.3697733637429898,0.385547160597576,0.2307246468618221,0.4245009654089173,0.5027488527818776,0.8558323979377747,15.0,0.5323123023521198,0.4424463726941589
7,ETTh2,2,MLP,MTT,300,0.0,0.3122252548169996,0.3697733637429898,0.3542080538317513,0.1885543184697872,0.1884424964926669,0.2858569571836541,0.9441655278205872,15.0,0.3577595201560177,0.4424463726941589
7,ETTh2,3,MLP,MTT,300,0.0,0.3122252548169996,0.3697733637429898,0.375905823401456,0.231504645860653,0.2865662601471013,0.8461122185422442,0.7517537474632263,15.0,0.4649749808386848,0.4424463726941589
7,ETTh2,4,MLP,MTT,300,0.0,0.3122252548169996,0.3697733637429898,0.2686026512446202,0.2003406600279053,0.1598075416987289,0.4576343199921524,0.9238595366477966,15.0,0.8373563570089342,0.4424463726941589
7,ETTh2,5,MLP,MTT,300,0.0,0.3122252548169996,0.3697733637429898,0.1955988941569145,0.1188127399533366,0.1220005773393935,0.1503789983768216,0.9891693592071532,15.0,0.2804448470973522,0.4424463726941589
7,ETTh2,6,MLP,MTT,300,0.0,0.3122252548169996,0.3697733637429898,0.1091178032457186,0.1062576306518654,0.3136742831671481,1.5851839750450372,0.6334716081619263,15.0,0.3957928009795754,0.4424463726941589
7,ETTh2,0,MLP,MTT,300,0.1,0.3122252548169996,0.3796214917791066,0.298825356084533,0.1631473367854068,0.3489288934233597,0.4926384062721712,0.8332781791687012,15.0,0.3850884723046257,0.4478934697624526
7,ETTh2,1,MLP,MTT,300,0.1,0.3122252548169996,0.3796214917791066,0.3465364088642175,0.2277917698072629,0.3820508665208983,0.5048415974512505,0.8461336493492126,15.0,0.4790810359962192,0.4478934697624526
7,ETTh2,2,MLP,MTT,300,0.1,0.3122252548169996,0.3796214917791066,0.3247340203399249,0.1773801243539932,0.1695982621120522,0.2900131211008291,0.9420984387397766,15.0,0.3219835994812191,0.4478934697624526
7,ETTh2,3,MLP,MTT,300,0.1,0.3122252548169996,0.3796214917791066,0.3445180592465983,0.2242824295042184,0.2579096428278556,0.8577243697930688,0.742513120174408,0.0,0.4184775401856115,0.4478934697624526
7,ETTh2,4,MLP,MTT,300,0.1,0.3122252548169996,0.3796214917791066,0.2524571178092053,0.1920005756929424,0.1438267649265887,0.4495503472428275,0.927675485610962,15.0,0.7536207417117782,0.4478934697624526
7,ETTh2,5,MLP,MTT,300,0.1,0.3122252548169996,0.3796214917791066,0.2308218520923493,0.1161578907333795,0.1098005229276422,0.1614148543864589,0.9889244437217712,15.0,0.2524003054832495,0.4478934697624526
7,ETTh2,6,MLP,MTT,300,0.1,0.3122252548169996,0.3796214917791066,0.087371209692263,0.1040000773584829,0.2823068508265691,1.5895896631199529,0.6627506017684937,15.0,0.3562135229556244,0.4478934697624526
7,ETTh2,0,MLP,MTT,300,0.2,0.3122252548169996,0.3688289476824977,0.2666127415426927,0.1546369642903686,0.3101590137801849,0.5140193664032757,0.8223400115966797,15.0,0.3423008726204778,0.4520185593543999
7,ETTh2,1,MLP,MTT,300,0.2,0.3122252548169996,0.3688289476824977,0.3095214429366437,0.2261145614004396,0.3396007719847488,0.5097402383335081,0.8339804410934448,0.0,0.4258498194229435,0.4520185593543999
7,ETTh2,2,MLP,MTT,300,0.2,0.3122252548169996,0.3688289476824977,0.2957838900867217,0.1677251508445193,0.1507539927084871,0.2951234715018433,0.939612627029419,15.0,0.2862076361130663,0.4520185593543999
7,ETTh2,3,MLP,MTT,300,0.2,0.3122252548169996,0.3688289476824977,0.3145742238573833,0.2179433537355399,0.2292529965557591,0.8711619567808633,0.7308980822563171,0.0,0.3719800575652559,0.4520185593543999
7,ETTh2,4,MLP,MTT,300,0.2,0.3122252548169996,0.3688289476824977,0.2310469701371773,0.1815834450927674,0.1278460539600664,0.4414533803359438,0.930838704109192,15.0,0.6698850996156835,0.4520185593543999
7,ETTh2,5,MLP,MTT,300,0.2,0.3122252548169996,0.3688289476824977,0.2660062860998096,0.113243257137179,0.0976004696289103,0.1737217525317207,0.9885499477386476,0.0,0.2243557638691467,0.4520185593543999
7,ETTh2,6,MLP,MTT,300,0.2,0.3122252548169996,0.3688289476824977,0.0617734508878337,0.1048108554869826,0.2509393983260029,1.5951285133748083,0.689800500869751,15.0,0.3166341308613133,0.4520185593543999
7,ETTh2,0,MLP,MTT,300,0.3,0.3122252548169996,0.3735451608210881,0.2360454268747015,0.1487705520377516,0.2713891339510966,0.5354644092951718,0.8095894455909729,15.0,0.2995132260358901,0.454760986572904
7,ETTh2,1,MLP,MTT,300,0.3,0.3122252548169996,0.3735451608210881,0.2749672314235371,0.225635511651337,0.2971506750450034,0.5213006724469061,0.819372832775116,0.0,0.3726185530670429,0.454760986572904
7,ETTh2,2,MLP,MTT,300,0.3,0.3122252548169996,0.3735451608210881,0.2678705272802836,0.1603551338940157,0.1319097232112942,0.3021786552432379,0.9367079734802246,15.0,0.2504315873582055,0.454760986572904
7,ETTh2,3,MLP,MTT,300,0.3,0.3122252548169996,0.3735451608210881,0.2860537260908076,0.2122568400491485,0.2005964002136301,0.8865446217828201,0.716908872127533,0.0,0.3254825329776179,0.454760986572904
7,ETTh2,4,MLP,MTT,300,0.3,0.3122252548169996,0.3735451608210881,0.2042515553495689,0.1691784581107011,0.1118652812869206,0.4338172222427647,0.9333493709564208,15.0,0.5861494843185274,0.454760986572904
7,ETTh2,5,MLP,MTT,300,0.3,0.3122252548169996,0.3735451608210881,0.3000118968248429,0.1087643151106543,0.0854004173065145,0.1827886984963567,0.9880459308624268,0.0,0.1963115018911931,0.454760986572904
7,ETTh2,6,MLP,MTT,300,0.3,0.3122252548169996,0.3735451608210881,0.0359877307873312,0.1091525608446678,0.2195719714563227,1.600412269723106,0.7146215438842773,15.0,0.2770549098725424,0.454760986572904
7,ETTh2,0,MLP,MTT,300,0.5,0.3122252548169996,0.3873343832810597,0.1844721983310409,0.141971725455809,0.1938493922896094,0.5829407435209256,0.7786508202552795,0.0,0.2139379797671546,0.4561030438740437
7,ETTh2,1,MLP,MTT,300,0.5,0.3122252548169996,0.3873343832810597,0.2157739205566451,0.2273560677059683,0.2122504981023459,0.5490162111480308,0.7827943563461304,0.0,0.2661560701378667,0.4561030438740437
7,ETTh2,2,MLP,MTT,300,0.5,0.3122252548169996,0.3873343832810597,0.2179398129039612,0.1521174479856786,0.0942212185918735,0.319828491915066,0.9296423196792604,0.0,0.1788797460086081,0.4561030438740437
7,ETTh2,3,MLP,MTT,300,0.5,0.3122252548169996,0.3873343832810597,0.2350219808108346,0.2030597415839866,0.1432831649509105,0.919947218160257,0.6818076372146606,0.0,0.2324875677369066,0.4561030438740437
7,ETTh2,4,MLP,MTT,300,0.5,0.3122252548169996,0.3873343832810597,0.1409934006740597,0.140630044995503,0.0799037965235619,0.4206065012882257,0.9364126920700072,15.0,0.418678280523154,0.4561030438740437
7,ETTh2,5,MLP,MTT,300,0.5,0.3122252548169996,0.3873343832810597,0.3611297396922171,0.0970857721081258,0.0610003117675453,0.2135043720761232,0.986649215221405,0.0,0.1402224745902175,0.4561030438740437
7,ETTh2,6,MLP,MTT,300,0.5,0.3122252548169996,0.3873343832810597,0.0434804456384832,0.1391153398002647,0.1568370932510973,1.6072822527190735,0.7575767040252686,15.0,0.1978962967894603,0.4561030438740437
7,ETTh2,0,MLP,MTT,300,0.7,0.3122252548169996,0.4010956978771415,0.1430225186751038,0.140138421313936,0.1163096445808127,0.6403140468877379,0.7404623627662659,0.0,0.1283628272992991,0.4522166968503852
7,ETTh2,1,MLP,MTT,300,0.7,0.3122252548169996,0.4010956978771415,0.1704183533334424,0.2304440604647827,0.1273503135271879,0.5932879104111988,0.7363981604576111,0.0,0.1596937863391896,0.4522166968503852
7,ETTh2,2,MLP,MTT,300,0.7,0.3122252548169996,0.4010956978771415,0.1767195321036661,0.1500327764360254,0.0565327152366786,0.3400512692824201,0.9209015965461732,0.0,0.1073278192723025,0.4522166968503852
7,ETTh2,3,MLP,MTT,300,0.7,0.3122252548169996,0.4010956978771415,0.1932731480661558,0.1966354435234008,0.0859698966929258,0.953887505777094,0.6372092366218567,0.0,0.1394925185616306,0.4522166968503852
7,ETTh2,4,MLP,MTT,300,0.7,0.3122252548169996,0.4010956978771415,0.0707015036263636,0.113326909873996,0.0479422852712665,0.4101798702154902,0.9368653297424316,15.0,0.2512069427330874,0.4522166968503852
7,ETTh2,5,MLP,MTT,300,0.7,0.3122252548169996,0.4010956978771415,0.4101669595174198,0.0862637328448555,0.0366002059866387,0.2394467070153775,0.984734296798706,0.0,0.0841335032164716,0.4522166968503852
7,ETTh2,6,MLP,MTT,300,0.7,0.3122252548169996,0.4010956978771415,0.1390734030917972,0.1777076420670568,0.0941022203964252,1.6107176090612316,0.7916159629821777,15.0,0.1187376837063782,0.4522166968503852
7,ETTh2,0,MLP,MTT,300,1.0,0.3122252548169996,0.4331613886995357,0.0974801582261857,0.1446564078734367,6.607789304804605e-08,0.7288421086876711,0.669586181640625,0.0,1.1245446404137977e-07,0.4382323968875857
7,ETTh2,1,MLP,MTT,300,1.0,0.3122252548169996,0.4331613886995357,0.1240249036451479,0.2358272886111005,6.192555154659877e-08,0.6699078834283242,0.648395836353302,0.0,1.2728511939746089e-08,0.4382323968875857
7,ETTh2,2,MLP,MTT,300,1.0,0.3122252548169996,0.4331613886995357,0.1288167399541917,0.153320347384971,1.1869476021140409e-07,0.3753039103414465,0.9046496748924256,0.0,1.9891221782138825e-07,0.4382323968875857
7,ETTh2,3,MLP,MTT,300,1.0,0.3122252548169996,0.4331613886995357,0.1474753665839381,0.190510603026398,7.061581074051203e-08,1.007611213052336,0.5525047183036804,0.0,1.3234001013752106e-08,0.4382323968875857
7,ETTh2,4,MLP,MTT,300,1.0,0.3122252548169996,0.4331613886995357,0.1439366332209903,0.1329037290706824,3.240001513110914e-08,0.3984099168860007,0.932649552822113,0.0,7.004268063449465e-08,0.4382323968875857
7,ETTh2,5,MLP,MTT,300,1.0,0.3122252548169996,0.4331613886995357,0.4608266349921489,0.0763880622176858,5.9146656931280574e-08,0.2773326736379198,0.9808902740478516,0.0,1.020830827915348e-07,0.4382323968875857
7,ETTh2,6,MLP,MTT,300,1.0,0.3122252548169996,0.4331613886995357,0.3169652684874195,0.2413834284591627,1.346071032548205e-07,1.640227776445348,0.8259576559066772,0.0,2.074006547683546e-07,0.4382323968875857
42,ETTh2,0,MLP,MTT,300,0.0,0.321088194225429,0.3246748262382403,0.2466540230492415,0.2369868556415022,0.4401842987304076,0.4048456945636058,0.6514216661453247,0.0,0.1236828199968424,0.3565686029097588
42,ETTh2,1,MLP,MTT,300,0.0,0.321088194225429,0.3246748262382403,0.3105868770287611,0.3105124583770201,0.476303369069349,0.6637488885903742,0.557251513004303,15.0,0.4357434191462195,0.3565686029097588
42,ETTh2,2,MLP,MTT,300,0.0,0.321088194225429,0.3246748262382403,0.506614088297353,0.291135085305277,0.2113641391333146,0.4237977735090405,0.8426950573921204,15.0,0.7072021255732118,0.3565686029097588
42,ETTh2,3,MLP,MTT,300,0.0,0.321088194225429,0.3246748262382403,0.2366943538887015,0.2689855337635866,0.2091014557663057,1.0228712428659246,0.7176602482795715,0.0,0.3634547818595973,0.3565686029097588
42,ETTh2,4,MLP,MTT,300,0.0,0.321088194225429,0.3246748262382403,0.1898853638833107,0.150578636557965,0.1565576905122243,0.3601076038873571,0.8754212856292725,8.0,0.649996267301914,0.3565686029097588
42,ETTh2,5,MLP,MTT,300,0.0,0.321088194225429,0.3246748262382403,0.2679154839545278,0.1962940172142728,0.2828538606940539,0.1930617770837119,0.8263612985610962,15.0,0.2383029159856818,0.3565686029097588
42,ETTh2,6,MLP,MTT,300,0.0,0.321088194225429,0.3246748262382403,0.565473102530213,0.2907412906016036,0.7665946357873447,0.939897482602978,0.7934743762016296,0.0,0.201670330208814,0.3565686029097588
42,ETTh2,0,MLP,MTT,300,0.1,0.321088194225429,0.3369959568298606,0.2313744096271583,0.233733374513094,0.3961658639580438,0.4126765584006083,0.6582810878753662,0.0,0.1113147049733836,0.363470193899804
42,ETTh2,1,MLP,MTT,300,0.1,0.321088194225429,0.3369959568298606,0.2951342278685512,0.310024100284743,0.4286730235892817,0.6523340354532736,0.5743620991706848,15.0,0.3921690361326465,0.363470193899804
42,ETTh2,2,MLP,MTT,300,0.1,0.321088194225429,0.3369959568298606,0.4922598812905273,0.2843056331244072,0.1902277116110519,0.4136064998786248,0.8543041348457336,15.0,0.6364819294140198,0.363470193899804
42,ETTh2,3,MLP,MTT,300,0.1,0.321088194225429,0.3369959568298606,0.2229387783611949,0.2663419081643667,0.1881913270892365,1.0363445733885503,0.7071370482444763,0.0,0.3271093946782586,0.363470193899804
42,ETTh2,4,MLP,MTT,300,0.1,0.321088194225429,0.3369959568298606,0.1756048717092526,0.1440685737260004,0.1409019126249167,0.3620945937804199,0.8855471014976501,8.0,0.5849966743749292,0.363470193899804
42,ETTh2,5,MLP,MTT,300,0.1,0.321088194225429,0.3369959568298606,0.2615908708043009,0.1887905561080182,0.2545684632273932,0.1978090223687487,0.8511372208595276,15.0,0.2144726589205892,0.363470193899804
42,ETTh2,6,MLP,MTT,300,0.1,0.321088194225429,0.3369959568298606,0.5522014846457757,0.2880198938488774,0.6899351447121175,1.0124227845126317,0.8013224601745605,0.0,0.181503260892818,0.363470193899804
42,ETTh2,0,MLP,MTT,300,0.2,0.321088194225429,0.3505461897984156,0.2161017593144299,0.2308832359677261,0.3521474285766029,0.4241812094305819,0.6640198230743408,0.0,0.0989462147464051,0.3711394927097204
42,ETTh2,1,MLP,MTT,300,0.2,0.321088194225429,0.3505461897984156,0.2785716152134252,0.3088604711234893,0.3810426953162899,0.6454681219057796,0.5896957516670227,15.0,0.3485947029016983,0.3711394927097204
42,ETTh2,2,MLP,MTT,300,0.2,0.321088194225429,0.3505461897984156,0.4733253773286489,0.2759983246528958,0.169091299101869,0.4047086160700699,0.8647100925445557,15.0,0.5657616692147966,0.3711394927097204
42,ETTh2,3,MLP,MTT,300,0.2,0.321088194225429,0.3505461897984156,0.2102941660890079,0.2638417970325022,0.1672811656107058,1.0507401743616835,0.6952822804450989,0.0,0.2907639235623552,0.3711394927097204
42,ETTh2,4,MLP,MTT,300,0.2,0.321088194225429,0.3505461897984156,0.1581123773522811,0.1360856875395491,0.1252461564724923,0.3650108377927,0.8946943879127502,8.0,0.5199970814479445,0.3711394927097204
42,ETTh2,5,MLP,MTT,300,0.2,0.321088194225429,0.3505461897984156,0.2541087626934568,0.1799408052401267,0.2262830883595431,0.2035925610376383,0.8738412857055664,15.0,0.1906425137099562,0.3711394927097204
42,ETTh2,6,MLP,MTT,300,0.2,0.321088194225429,0.3505461897984156,0.536679454826939,0.2849296672049402,0.6132756778765692,1.0786518033305816,0.8081483244895935,0.0,0.1613363056471821,0.3711394927097204
42,ETTh2,0,MLP,MTT,300,0.3,0.321088194225429,0.349470358848001,0.2009914063163698,0.2280771164959449,0.3081290069877166,0.4396940648143238,0.6686378717422485,0.0,0.0865780059220664,0.3796041267587222
42,ETTh2,1,MLP,MTT,300,0.3,0.321088194225429,0.349470358848001,0.2609928475909139,0.3069589202277997,0.333412354152833,0.6413577123926042,0.6032523512840271,15.0,0.3050204194533749,0.3796041267587222
42,ETTh2,2,MLP,MTT,300,0.3,0.321088194225429,0.349470358848001,0.4492185052421966,0.2666635367900705,0.1479549233189311,0.3968585762047172,0.8739131689071655,15.0,0.4950414944022817,0.3796041267587222
42,ETTh2,3,MLP,MTT,300,0.3,0.321088194225429,0.349470358848001,0.1987950725798376,0.2615005674028143,0.1463710350446211,1.0651139281932878,0.6820957064628601,0.0,0.2544184104791696,0.3796041267587222
42,ETTh2,4,MLP,MTT,300,0.3,0.321088194225429,0.349470358848001,0.1370289803088538,0.1264804180304942,0.1095903848595625,0.3689953779545614,0.9028632640838624,31.0,0.4549974349230826,0.3796041267587222
42,ETTh2,5,MLP,MTT,300,0.3,0.321088194225429,0.349470358848001,0.2451626720934276,0.1694290914196151,0.1979977150529904,0.2104796583488016,0.894473671913147,15.0,0.1668120329359443,0.3796041267587222
42,ETTh2,6,MLP,MTT,300,0.3,0.321088194225429,0.349470358848001,0.5189151294695156,0.2814809206019159,0.536616199867071,1.150412177035621,0.8139520287513733,0.0,0.1411693504015463,0.3796041267587222
42,ETTh2,0,MLP,MTT,300,0.5,0.321088194225429,0.3849475754360118,0.1719061968321285,0.2227194943319248,0.22009212287531,0.4827741972803097,0.6745121479034424,0.0,0.0618414006716291,0.3989710469028927
42,ETTh2,1,MLP,MTT,300,0.5,0.321088194225429,0.3849475754360118,0.2233745412925271,0.3007509543721257,0.2381516936609419,0.6391452013375845,0.6250351071357727,15.0,0.2178717529914786,0.3989710469028927
42,ETTh2,2,MLP,MTT,300,0.5,0.321088194225429,0.3849475754360118,0.3838175313053341,0.2448871969157265,0.1056820894300748,0.380445174235578,0.888710081577301,15.0,0.3536010166971896,0.3989710469028927
42,ETTh2,3,MLP,MTT,300,0.5,0.321088194225429,0.3849475754360118,0.1792143106451102,0.2573263786199989,0.1045507602799084,1.0929935420241816,0.6517278552055359,0.0,0.1817274682473628,0.3989710469028927
42,ETTh2,4,MLP,MTT,300,0.5,0.321088194225429,0.3849475754360118,0.0897774673843076,0.1027145826084315,0.0782788487219116,0.3773040138861823,0.9162657856941224,15.0,0.3249982490691132,0.3989710469028927
42,ETTh2,5,MLP,MTT,300,0.5,0.321088194225429,0.3849475754360118,0.2231547120262385,0.1412789088482698,0.1414269437631964,0.2293769184768364,0.92952299118042,15.0,0.1191514069512995,0.3989710469028927
42,ETTh2,6,MLP,MTT,300,0.5,0.321088194225429,0.3849475754360118,0.4770850336724772,0.2736684349198675,0.3832972664461653,1.2888924254317042,0.8224930167198181,0.0,0.1008352117695543,0.3989710469028927
42,ETTh2,0,MLP,MTT,300,0.7,0.321088194225429,0.3734612600817847,0.1453961361765784,0.2178990277309818,0.1320552741948525,0.5360689449691893,0.6759036779403687,0.0,0.0371048892220718,0.4214771037971508
42,ETTh2,1,MLP,MTT,300,0.7,0.321088194225429,0.3734612600817847,0.1838750215795561,0.2911975590710229,0.142891027734076,0.6494715105409827,0.639710009098053,0.0,0.1307229869643326,0.4214771037971508
42,ETTh2,2,MLP,MTT,300,0.7,0.321088194225429,0.3734612600817847,0.2955790283042296,0.2251114828845738,0.0634092934298246,0.3714477215422735,0.8986949920654297,15.0,0.2121605816854515,0.4214771037971508
42,ETTh2,3,MLP,MTT,300,0.7,0.321088194225429,0.3734612600817847,0.1639288192567466,0.2538347504773028,0.0627304467339679,1.1219054290453383,0.6160334944725037,0.0,0.1090364420809914,0.4214771037971508
42,ETTh2,4,MLP,MTT,300,0.7,0.321088194225429,0.3734612600817847,0.0501188672265343,0.0772569949834794,0.0469673092570958,0.3858428135372287,0.9257546067237854,0.0,0.1949989560193892,0.4214771037971508
42,ETTh2,5,MLP,MTT,300,0.7,0.321088194225429,0.3734612600817847,0.2527390481125813,0.1034147190828059,0.0848561678675825,0.2482801041740729,0.9562852382659912,15.0,0.0714907809666546,0.4214771037971508
42,ETTh2,6,MLP,MTT,300,0.7,0.321088194225429,0.3734612600817847,0.428411004737639,0.2677682106876011,0.2299783155853708,1.4366292006561536,0.826945424079895,0.0,0.0605013012782826,0.4214771037971508
42,ETTh2,0,MLP,MTT,300,1.0,0.321088194225429,0.3612545056639445,0.112833517941376,0.2121075195556016,5.7902553213912055e-08,0.6197627561581208,0.669586181640625,0.0,1.8653584109190805e-08,0.4592528822494328
42,ETTh2,1,MLP,MTT,300,1.0,0.321088194225429,0.3612545056639445,0.1258856640607675,0.2710568486296826,6.020668580531661e-08,0.6813534843316447,0.648395836353302,0.0,8.683673767055123e-08,0.4592528822494328
42,ETTh2,2,MLP,MTT,300,1.0,0.321088194225429,0.3612545056639445,0.1358213894795338,0.1930523104770737,7.882280277968443e-08,0.3688361321503237,0.9046496748924256,0.0,1.1352550970204637e-07,0.4592528822494328
42,ETTh2,3,MLP,MTT,300,1.0,0.321088194225429,0.3612545056639445,0.1479159064986276,0.2497792587506637,5.448284090501071e-08,1.167219294390616,0.5525047183036804,0.0,7.070056370394287e-08,0.4592528822494328
42,ETTh2,4,MLP,MTT,300,1.0,0.321088194225429,0.3612545056639445,0.145901721849479,0.0800372022912335,2.7083488781634885e-08,0.4005304890994494,0.932649552822113,0.0,7.004268063449465e-08,0.4592528822494328
42,ETTh2,5,MLP,MTT,300,1.0,0.321088194225429,0.3612545056639445,0.4521648827256364,0.0904800797448002,6.050405862829595e-08,0.282726033299139,0.9808902740478516,0.0,1.020830827915348e-07,0.4592528822494328
42,ETTh2,6,MLP,MTT,300,1.0,0.321088194225429,0.3612545056639445,0.3491863388967202,0.2643229914466774,1.3480540623219334e-07,1.6534352715112863,0.8259576559066772,0.0,2.074006547683546e-07,0.4592528822494328
123,ETTh2,0,MLP,MTT,300,0.0,0.308609285364398,0.3866443882908201,0.0995170520121521,0.2204282568045019,0.4176802426508452,0.7979163114483622,0.1692548990249633,0.0,0.9686288958178976,0.4420381048316835
123,ETTh2,1,MLP,MTT,300,0.0,0.308609285364398,0.3866443882908201,0.0851967437544792,0.1606540459915773,0.4087186557492099,0.5728474699897119,0.0774329975247383,0.0,1.101494252211966,0.4420381048316835
123,ETTh2,2,MLP,MTT,300,0.0,0.308609285364398,0.3866443882908201,0.0482783700802167,0.2097144873158588,0.3535718832043968,0.436987490025822,0.7346723675727844,0.0,0.8460833424067691,0.4420381048316835
123,ETTh2,3,MLP,MTT,300,0.0,0.308609285364398,0.3866443882908201,0.1017311707929059,0.1306524287733751,0.4766312960444435,0.8820807284751402,0.1638138145208358,0.0,1.1418865399174116,0.4420381048316835
123,ETTh2,4,MLP,MTT,300,0.0,0.308609285364398,0.3866443882908201,0.1012984230837861,0.1033302734551447,0.1868238964133483,0.5075902525060044,0.9619405269622804,15.0,0.6882964796431357,0.4420381048316835
123,ETTh2,5,MLP,MTT,300,0.0,0.308609285364398,0.3866443882908201,0.0968275509801705,0.0812452314794132,0.1339118970870058,0.1457942263814288,0.9932242631912231,15.0,0.7939377016478281,0.4420381048316835
123,ETTh2,6,MLP,MTT,300,0.0,0.308609285364398,0.3866443882908201,0.354985603351002,0.2507584183562442,0.3007340636375789,1.9014761014204933,0.8661941289901733,0.0,0.1470893013604082,0.4420381048316835
123,ETTh2,0,MLP,MTT,300,0.1,0.308609285364398,0.409058150044973,0.0957219018305382,0.218779398200724,0.3759121698856487,0.7800386626816412,0.0569515228271484,0.0,0.8717657923594425,0.4445691412099145
123,ETTh2,1,MLP,MTT,300,0.1,0.308609285364398,0.409058150044973,0.0789096168626591,0.1650601518843493,0.3678467802493398,0.5541770844234278,0.1535551100969314,0.0,0.9913448183070956,0.4445691412099145
123,ETTh2,2,MLP,MTT,300,0.1,0.308609285364398,0.409058150044973,0.0441719539065597,0.209037727535263,0.3182146662544212,0.4145046035599032,0.7569072842597961,0.0,0.7614746779718107,0.4445691412099145
123,ETTh2,3,MLP,MTT,300,0.1,0.308609285364398,0.409058150044973,0.0888961364831962,0.1330791189817044,0.4289681558766328,0.8707453617049015,0.0681151077151298,0.0,1.0276977613472236,0.4445691412099145
123,ETTh2,4,MLP,MTT,300,0.1,0.308609285364398,0.409058150044973,0.0820833621763115,0.0963589242767845,0.1681414693384487,0.4913031620773475,0.960468053817749,15.0,0.6194667556063804,0.4445691412099145
123,ETTh2,5,MLP,MTT,300,0.1,0.308609285364398,0.409058150044973,0.1434903299730191,0.0861546701635499,0.120520708748871,0.1555629502117416,0.9926496148109436,15.0,0.7145439514786188,0.4445691412099145
123,ETTh2,6,MLP,MTT,300,0.1,0.308609285364398,0.409058150044973,0.3481281855664531,0.2556539724542346,0.2706606474911587,1.872180617000024,0.863507091999054,0.0,0.1323803847054099,0.4445691412099145
123,ETTh2,0,MLP,MTT,300,0.2,0.308609285364398,0.3903910772162665,0.091486311454433,0.2169877571887976,0.3341441782758785,0.7602496909592692,0.0490362048149108,0.0,0.7749028765027471,0.4470613166536865
123,ETTh2,1,MLP,MTT,300,0.2,0.308609285364398,0.3903910772162665,0.0733009609697818,0.1699496913474867,0.326974910820472,0.5373859941894322,0.2254492938518524,0.0,0.8811953844022253,0.4470613166536865
123,ETTh2,2,MLP,MTT,300,0.2,0.308609285364398,0.3903910772162665,0.0407043040785507,0.2083958225738636,0.2828574865013687,0.3941004683736989,0.777978241443634,0.0,0.6768668674039334,0.4470613166536865
123,ETTh2,3,MLP,MTT,300,0.2,0.308609285364398,0.3903910772162665,0.0742481725017967,0.1367147381582097,0.3813050126256589,0.8613377796675427,0.0222355108708143,0.0,0.9135089827770352,0.4470613166536865
123,ETTh2,4,MLP,MTT,300,0.2,0.308609285364398,0.3903910772162665,0.0625171895500507,0.088545088672121,0.1494591162892817,0.4759587174040554,0.9586718678474426,15.0,0.5506371923632569,0.4470613166536865
123,ETTh2,5,MLP,MTT,300,0.2,0.308609285364398,0.3903910772162665,0.1921816972809538,0.090370648782154,0.1071295201941634,0.1673292442560573,0.9919285774230956,1.0,0.6351501593639871,0.4470613166536865
123,ETTh2,6,MLP,MTT,300,0.2,0.308609285364398,0.3903910772162665,0.3414809457401334,0.2608034465735249,0.2405873029402286,1.8424333006219813,0.8605230450630188,0.0,0.1176713539800515,0.4470613166536865
123,ETTh2,0,MLP,MTT,300,0.3,0.308609285364398,0.3940957768326021,0.0870428089269418,0.2150398241204112,0.2923761633167155,0.7411920204883725,0.1487086415290832,0.0,0.6780401482478117,0.4492472218551596
123,ETTh2,1,MLP,MTT,300,0.3,0.308609285364398,0.3940957768326021,0.0668182650175355,0.1753824509532748,0.2861030766071685,0.5270220842543509,0.2931157052516937,0.0,0.7710459504973549,0.4492472218551596
123,ETTh2,2,MLP,MTT,300,0.3,0.308609285364398,0.3940957768326021,0.0383692170155115,0.2078109327513408,0.2475002785564125,0.3765007043652295,0.797885537147522,0.0,0.5922583737423912,0.4492472218551596
123,ETTh2,3,MLP,MTT,300,0.3,0.308609285364398,0.3940957768326021,0.0575001683327364,0.141657561987295,0.3336418636835112,0.855896021072696,0.1072379201650619,0.0,0.7993203720759766,0.4492472218551596
123,ETTh2,4,MLP,MTT,300,0.3,0.308609285364398,0.3940957768326021,0.0457502962159585,0.0799518751026776,0.1307766969774501,0.4600620994707045,0.956552028656006,15.0,0.4818076291201335,0.4492472218551596
123,ETTh2,5,MLP,MTT,300,0.3,0.308609285364398,0.3940957768326021,0.2385849305976762,0.0932572779400918,0.0937383324133236,0.1803849620722201,0.9910611510276794,1.0,0.5557564231765852,0.4492472218551596
123,ETTh2,6,MLP,MTT,300,0.3,0.308609285364398,0.3940957768326021,0.3350721165289447,0.2661587072147318,0.2105138844888141,1.8103637296800712,0.8572419285774231,0.0,0.1029624373250533,0.4492472218551596
123,ETTh2,0,MLP,MTT,300,0.5,0.308609285364398,0.4237686850692998,0.0762634314818467,0.2106254772406093,0.208840119842301,0.697834539901902,0.3291077017784118,0.0,0.4843144103353009,0.4518146981195975
123,ETTh2,1,MLP,MTT,300,0.5,0.308609285364398,0.4237686850692998,0.0532817064037787,0.1881371170948896,0.204359332467673,0.5106900518084204,0.4157642126083374,0.0,0.5507470826876142,0.4518146981195975
123,ETTh2,2,MLP,MTT,300,0.5,0.308609285364398,0.4237686850692998,0.0412468689294339,0.2069410188724012,0.1767859123928858,0.3496768265469785,0.834208607673645,0.0,0.4230417279661393,0.4518146981195975
123,ETTh2,3,MLP,MTT,300,0.5,0.308609285364398,0.4237686850692998,0.0239714197055037,0.1560494439465722,0.2383156117985207,0.8597191321551486,0.2611981332302093,0.0,0.5709429828047298,0.4518146981195975
123,ETTh2,4,MLP,MTT,300,0.5,0.308609285364398,0.4237686850692998,0.0300375272235994,0.063123593515507,0.0934119137908072,0.4294383449845904,0.9513412117958068,15.0,0.3441482346445002,0.4518146981195975
123,ETTh2,5,MLP,MTT,300,0.5,0.308609285364398,0.4237686850692998,0.3195161405386882,0.0971420333995839,0.0669559888206692,0.2081491292198078,0.9888870716094972,0.0,0.3969688389473219,0.4518146981195975
123,ETTh2,6,MLP,MTT,300,0.5,0.308609285364398,0.4237686850692998,0.3230566507703446,0.27730328243728,0.1503671251065937,1.7514993030046522,0.8497886657714844,0.0,0.0735445469798767,0.4518146981195975
123,ETTh2,0,MLP,MTT,300,0.7,0.308609285364398,0.4146857110131364,0.0655917173750883,0.2054770687136909,0.1253040771254246,0.6755279539883408,0.4842451214790344,0.0,0.2905885786219103,0.4507660449030957
123,ETTh2,1,MLP,MTT,300,0.7,0.308609285364398,0.4146857110131364,0.0457181790651624,0.2038420763836849,0.122615635563955,0.5000105578535115,0.5215007662773132,0.0,0.330448314443123,0.4507660449030957
123,ETTh2,2,MLP,MTT,300,0.7,0.308609285364398,0.4146857110131364,0.0731617757481116,0.2068083284429641,0.1060715100321555,0.3396386774234195,0.8658764362335205,0.0,0.2538250821898875,0.4507660449030957
123,ETTh2,3,MLP,MTT,300,0.7,0.308609285364398,0.4146857110131364,0.0381619950862571,0.1739373864725821,0.1429893807505578,0.8804001433716717,0.3937653303146362,0.0,0.3425658453371771,0.4507660449030957
123,ETTh2,4,MLP,MTT,300,0.7,0.308609285364398,0.4146857110131364,0.0592043949084361,0.0494757353015026,0.0560471700139964,0.4000121574747073,0.944835603237152,0.0,0.2064889473646214,0.4507660449030957
123,ETTh2,5,MLP,MTT,300,0.7,0.308609285364398,0.4146857110131364,0.3826945516824282,0.1003235677588883,0.0401736135214636,0.2353040383280943,0.986127495765686,0.0,0.2381813665725181,0.4507660449030957
123,ETTh2,6,MLP,MTT,300,0.7,0.308609285364398,0.4146857110131364,0.3122049054417357,0.288747568636969,0.0902202883401946,1.692834927433478,0.8411473035812378,0.0,0.04412659959952,0.4507660449030957
123,ETTh2,0,MLP,MTT,300,1.0,0.308609285364398,0.3825412782652924,0.1073273951562788,0.1967910926860932,5.6725358565367124e-08,0.6650455027701107,0.669586181640625,0.0,1.8653584109190805e-08,0.4393899711335608
123,ETTh2,1,MLP,MTT,300,1.0,0.308609285364398,0.3825412782652924,0.1162129848741437,0.233563774024186,5.715471854850898e-08,0.5150214066075748,0.648395836353302,0.0,1.2728511939746089e-08,0.4393899711335608
123,ETTh2,2,MLP,MTT,300,1.0,0.308609285364398,0.3825412782652924,0.1454907841032162,0.2095820277320005,7.699294227378423e-08,0.3539032571477541,0.9046496748924256,0.0,2.813880158270451e-08,0.4393899711335608
123,ETTh2,3,MLP,MTT,300,1.0,0.308609285364398,0.3825412782652924,0.1496473542990657,0.2082352376444275,7.519618105276663e-08,0.9355101052136808,0.5525047183036804,0.0,7.070056370394287e-08,0.4393899711335608
123,ETTh2,4,MLP,MTT,300,1.0,0.308609285364398,0.3825412782652924,0.1144742775726564,0.0514650415014649,2.643641927618192e-08,0.3589688181623459,0.932649552822113,0.0,3.7153073936789226e-08,0.4393899711335608
123,ETTh2,5,MLP,MTT,300,1.0,0.308609285364398,0.3825412782652924,0.4491878620212479,0.1032584746033588,6.004972533780475e-08,0.2756081706668417,0.9808902740478516,0.0,1.020830827915348e-07,0.4393899711335608
123,ETTh2,6,MLP,MTT,300,1.0,0.308609285364398,0.3825412782652924,0.2982032039503332,0.3058622741854652,1.3347892463365774e-07,1.6074616918427411,0.8259576559066772,0.0,2.074006547683546e-07,0.4393899711335608
7,ETTm1,0,MLP,MTT,300,0.0,0.3394083662719742,0.6506485126459984,0.5214236500481184,0.1459709033931645,0.3488130947271792,0.3274152359483039,0.8582250475883484,0.0,0.4776248404902339,0.2567953098464129
7,ETTm1,1,MLP,MTT,300,0.0,0.3394083662719742,0.6506485126459984,0.5168368121408022,0.1119297306408542,0.2000369963571629,0.6474714774126343,0.8603330850601196,0.0,0.3504958954712973,0.2567953098464129
7,ETTm1,2,MLP,MTT,300,0.0,0.3394083662719742,0.6506485126459984,0.4848896590033114,0.1675713458733656,0.3659177891191673,0.3889076666766632,0.8911246657371521,0.0,0.6103845059347256,0.2567953098464129
7,ETTm1,3,MLP,MTT,300,0.0,0.3394083662719742,0.6506485126459984,0.4816160686130721,0.0974944315521907,0.2783160676255145,0.3467084465982866,0.883337676525116,4.0,0.5129270865500013,0.2567953098464129
7,ETTm1,4,MLP,MTT,300,0.0,0.3394083662719742,0.6506485126459984,0.0996351341748045,0.1184983565284827,0.3277430458080885,0.4318096988900071,0.6908427476882935,2.0,0.5261357540536201,0.2567953098464129
7,ETTm1,5,MLP,MTT,300,0.0,0.3394083662719742,0.6506485126459984,0.3866504153691557,0.107239490126949,0.3314063767121373,1.18904712366248,0.906295120716095,3.0,0.5129800031140924,0.2567953098464129
7,ETTm1,6,MLP,MTT,300,0.0,0.3394083662719742,0.6506485126459984,0.2409825906772515,0.1988501537716963,0.4234005605114737,0.495322569067094,0.904995620250702,1.0,0.3406886637359234,0.2567953098464129
7,ETTm1,0,MLP,MTT,300,0.1,0.3394083662719742,0.6262169746767795,0.5269145801078373,0.1564157280990354,0.3139317718839716,0.3333984593924945,0.8373125791549683,0.0,0.4298623667782543,0.2647058254926241
7,ETTm1,1,MLP,MTT,300,0.1,0.3394083662719742,0.6262169746767795,0.5114314786037574,0.1130795304031922,0.1800332884687292,0.644994820481281,0.8567771911621094,0.0,0.3154463379751597,0.2647058254926241
7,ETTm1,2,MLP,MTT,300,0.1,0.3394083662719742,0.6262169746767795,0.502111621989468,0.1771896589143926,0.3293260310412697,0.396861216330859,0.8722451329231262,0.0,0.549346093997759,0.2647058254926241
7,ETTm1,3,MLP,MTT,300,0.1,0.3394083662719742,0.6262169746767795,0.4777566493938699,0.0947985697633097,0.2504844915070782,0.3424147861303158,0.8811959624290466,4.0,0.4616344585185293,0.2647058254926241
7,ETTm1,4,MLP,MTT,300,0.1,0.3394083662719742,0.6262169746767795,0.0901463464331493,0.1163857530015742,0.2949687417508698,0.4525835290612889,0.6787542104721069,2.0,0.4735221457316063,0.2647058254926241
7,ETTm1,5,MLP,MTT,300,0.1,0.3394083662719742,0.6262169746767795,0.3818621870463601,0.1083514059943127,0.2982657182886374,1.1626727815279565,0.9050751328468324,3.0,0.4616820055987016,0.2647058254926241
7,ETTm1,6,MLP,MTT,300,0.1,0.3394083662719742,0.6262169746767795,0.2301604094062465,0.1900509676379218,0.3810605256326554,0.4593851481342996,0.9103663563728333,1.0,0.3066198025034482,0.2647058254926241
7,ETTm1,0,MLP,MTT,300,0.2,0.3394083662719742,0.6214638267279392,0.5313406275681428,0.1648402021583795,0.2790504561273519,0.3397686129016439,0.8139548301696777,0.0,0.3820998386607813,0.2734353386196184
7,ETTm1,1,MLP,MTT,300,0.2,0.3394083662719742,0.6214638267279392,0.5052347348067805,0.1173279204308,0.1600295836166721,0.6416007599406723,0.8522269129753113,0.0,0.2803967315669528,0.2734353386196184
7,ETTm1,2,MLP,MTT,300,0.2,0.3394083662719742,0.6214638267279392,0.52167715729608,0.1856041686546332,0.2927342680447487,0.4069124711856702,0.8497053980827332,0.0,0.488307708447486,0.2734353386196184
7,ETTm1,3,MLP,MTT,300,0.2,0.3394083662719742,0.6214638267279392,0.4739526820356929,0.0949739248169485,0.2226527782540729,0.3391662307988961,0.8780219554901123,0.0,0.4103417759707723,0.2734353386196184
7,ETTm1,4,MLP,MTT,300,0.2,0.3394083662719742,0.6214638267279392,0.0839962342017724,0.1144075869339514,0.2621944246062103,0.4755693894745256,0.6650774478912354,2.0,0.4209085374095924,0.2734353386196184
7,ETTm1,5,MLP,MTT,300,0.2,0.3394083662719742,0.6214638267279392,0.3767362499922284,0.1101453279283027,0.2651250817947923,1.138486208255142,0.9032993316650392,3.0,0.410384051191089,0.2734353386196184
7,ETTm1,6,MLP,MTT,300,0.2,0.3394083662719742,0.6214638267279392,0.2180143576111147,0.1799598383435892,0.3387204488712269,0.4268236183280911,0.9151617884635924,1.0,0.2725508611496671,0.2734353386196184
7,ETTm1,0,MLP,MTT,300,0.3,0.3394083662719742,0.6111108482486446,0.5349007712007713,0.1716208673079957,0.2441691360233419,0.3498921653872537,0.7881519198417664,0.0,0.3343373649488017,0.2826367605367241
7,ETTm1,1,MLP,MTT,300,0.3,0.3394083662719742,0.6111108482486446,0.498437599808801,0.1223593684106897,0.140025927784504,0.6351022365041716,0.8466823101043701,0.0,0.2453472229828847,0.2826367605367241
7,ETTm1,2,MLP,MTT,300,0.3,0.3394083662719742,0.6111108482486446,0.5389825451064317,0.1922267308584989,0.2561424942888169,0.4197895201950427,0.8235054612159729,0.0,0.427269270123826,0.2826367605367241
7,ETTm1,3,MLP,MTT,300,0.3,0.3394083662719742,0.6111108482486446,0.4706547943303754,0.0981233674120248,0.1948211615196312,0.3372355411750559,0.8738155961036682,0.0,0.3590489843904453,0.2826367605367241
7,ETTm1,4,MLP,MTT,300,0.3,0.3394083662719742,0.6111108482486446,0.0800390836830509,0.1126730254976579,0.2294201272041382,0.498388771997354,0.6498126983642578,2.0,0.3682949750801835,0.2826367605367241
7,ETTm1,5,MLP,MTT,300,0.3,0.3394083662719742,0.6111108482486446,0.3713770525933029,0.113270299706856,0.2319844419480136,1.10789219486035,0.9009676575660706,3.0,0.3590860536756982,0.2826367605367241
7,ETTm1,6,MLP,MTT,300,0.3,0.3394083662719742,0.6111108482486446,0.2045682272457454,0.1686574586038002,0.2963804136749693,0.3985328283242534,0.9193819165229796,1.0,0.2384820800384978,0.2826367605367241
7,ETTm1,0,MLP,MTT,300,0.5,0.3394083662719742,0.5678659981201624,0.5400745837330777,0.181484713139831,0.1744064819644597,0.3770170041871399,0.729210615158081,0.0,0.2388124175248422,0.3013939825453952
7,ETTm1,1,MLP,MTT,300,0.5,0.3394083662719742,0.5678659981201624,0.4837867732468977,0.1380494844155,0.1000185382291509,0.6240224475220596,0.8326099514961243,0.0,0.1752480101664706,0.3013939825453952
7,ETTm1,2,MLP,MTT,300,0.5,0.3394083662719742,0.5678659981201624,0.5657656489340895,0.2007579147391212,0.1829589512800508,0.4386234063293655,0.760124921798706,0.0,0.3051924462498929,0.3013939825453952
7,ETTm1,3,MLP,MTT,300,0.5,0.3394083662719742,0.5678659981201624,0.4650961158185485,0.1099954914731445,0.1391579648342563,0.3339844127461251,0.8623059988021851,0.0,0.2564636192949314,0.3013939825453952
7,ETTm1,4,MLP,MTT,300,0.5,0.3394083662719742,0.5678659981201624,0.0774598296327864,0.1109632112129447,0.1638715258736034,0.5444234640729002,0.6145186424255371,2.0,0.2630678044287607,0.3013939825453952
7,ETTm1,5,MLP,MTT,300,0.5,0.3394083662719742,0.5678659981201624,0.3603675219360653,0.1232633412863476,0.1657032042220398,1.037948096306676,0.8946368098258972,3.0,0.2564900586449165,0.3013939825453952
7,ETTm1,6,MLP,MTT,300,0.5,0.3394083662719742,0.5678659981201624,0.1742016481095157,0.1439770975329392,0.2117003045485267,0.3574157823277306,0.9260963797569276,0.0,0.1703441973309355,0.3013939825453952
7,ETTm1,0,MLP,MTT,300,0.7,0.3394083662719742,0.583374806917172,0.543453602452823,0.1879366317291695,0.1046438938464435,0.4099706475667466,0.660488486289978,0.0,0.1432875245063761,0.3192846555213448
7,ETTm1,1,MLP,MTT,300,0.7,0.3394083662719742,0.583374806917172,0.46879892037677,0.1545319296113873,0.0600111503750616,0.6286172967142597,0.8145601749420166,0.0,0.1051488951741956,0.3192846555213448
7,ETTm1,2,MLP,MTT,300,0.7,0.3394083662719742,0.583374806917172,0.584168599381493,0.2052369886793095,0.1097754299770008,0.4692407333675508,0.6821035146713257,0.0,0.1831155696025728,0.3192846555213448
7,ETTm1,3,MLP,MTT,300,0.7,0.3394083662719742,0.583374806917172,0.4610130405779349,0.1225274107768086,0.0834947483181201,0.3364180706642289,0.8466672301292419,0.0,0.1538783087157025,0.3192846555213448
7,ETTm1,4,MLP,MTT,300,0.7,0.3394083662719742,0.583374806917172,0.0775595778641326,0.1115515905873696,0.0983228935491336,0.5954385292466327,0.5728721618652344,2.0,0.1578407257625478,0.3192846555213448
7,ETTm1,5,MLP,MTT,300,0.7,0.3394083662719742,0.583374806917172,0.3525824507892509,0.1340098659207015,0.0994219271674627,0.9700424033728234,0.8860825896263123,3.0,0.1538940636141347,0.3192846555213448
7,ETTm1,6,MLP,MTT,300,0.7,0.3394083662719742,0.583374806917172,0.1443444522289877,0.122323151023288,0.1270202314667247,0.3336470158488948,0.930509626865387,0.0,0.1022064748659851,0.3192846555213448
7,ETTm1,0,MLP,MTT,300,1.0,0.3394083662719742,0.5641404014892276,0.5465049565115285,0.1937758278031367,1.4130377634683986e-07,0.4727219491511779,0.5390663146972656,0.0,5.984604265455588e-08,0.3420058240374249
7,ETTm1,1,MLP,MTT,300,1.0,0.3394083662719742,0.5641404014892276,0.4487172814968609,0.1761935116883409,8.538892780917777e-08,0.6322674963144085,0.7800277471542358,0.0,1.737737136012615e-07,0.3420058240374249
7,ETTm1,2,MLP,MTT,300,1.0,0.3394083662719742,0.5641404014892276,0.6016828181608762,0.2076348186714607,1.257929512786245e-07,0.5180933836576562,0.5376197099685669,0.0,2.5463159261964897e-07,0.3420058240374249
7,ETTm1,3,MLP,MTT,300,1.0,0.3394083662719742,0.5641404014892276,0.4572464011252292,0.1375914813967429,1.527792506688145e-07,0.3552778223800881,0.8154667019844055,0.0,2.610724315568312e-07,0.3420058240374249
7,ETTm1,4,MLP,MTT,300,1.0,0.3394083662719742,0.5641404014892276,0.0786315661237733,0.116381722382189,9.416757041432917e-08,0.6612665612796568,0.4984915256500244,0.0,7.218283909145925e-09,0.3420058240374249
7,ETTm1,5,MLP,MTT,300,1.0,0.3394083662719742,0.5641404014892276,0.3497126424575234,0.148687434947549,5.970162024189564e-08,0.874485341559198,0.8690825700759888,0.0,7.10679621993306e-08,0.3420058240374249
7,ETTm1,6,MLP,MTT,300,1.0,0.3394083662719742,0.5641404014892276,0.1246639103983412,0.1122960685598001,7.43570352875304e-08,0.3344790400035185,0.9328148365020752,0.0,2.690740524253918e-07,0.3420058240374249
42,ETTm1,0,MLP,MTT,300,0.0,0.3455774142144185,0.4516637326330273,0.6128178894626045,0.2217244750465239,0.1405733456532226,0.6179340481703929,0.3722472190856933,0.0,0.2094369440032525,0.3871168121206412
42,ETTm1,1,MLP,MTT,300,0.0,0.3455774142144185,0.4516637326330273,0.5127072577894404,0.0971673450982455,0.5426694580524426,0.8883811986826774,0.8590380549430847,8.0,0.4595404142951202,0.3871168121206412
42,ETTm1,2,MLP,MTT,300,0.0,0.3455774142144185,0.4516637326330273,0.6267113981759241,0.2157735277208677,0.2257397808910742,0.563705589412596,0.3304627537727356,0.0,0.1751966247016451,0.3871168121206412
42,ETTm1,3,MLP,MTT,300,0.0,0.3455774142144185,0.4516637326330273,0.4824086088961106,0.0908810782595011,0.7050078459159611,0.6580074144646616,0.887450098991394,0.0,0.3367730851782926,0.3871168121206412
42,ETTm1,4,MLP,MTT,300,0.0,0.3455774142144185,0.4516637326330273,0.0861986443265848,0.1245538215152746,0.3255060655289765,0.622461379759957,0.6632703542709351,0.0,0.169879933992923,0.3871168121206412
42,ETTm1,5,MLP,MTT,300,0.0,0.3455774142144185,0.4516637326330273,0.4360649696044416,0.1555640396955018,0.1811532494184904,1.0576696384174264,0.851016640663147,3.0,0.7942694860159205,0.3871168121206412
42,ETTm1,6,MLP,MTT,300,0.0,0.3455774142144185,0.4516637326330273,0.241925567669039,0.1911235840710214,0.6708572607946688,0.714180760606491,0.7546660900115967,1.0,0.5090375487735187,0.3871168121206412
42,ETTm1,0,MLP,MTT,300,0.1,0.3455774142144185,0.4355825316872437,0.6111388906889029,0.2209429813666394,0.1265159940988735,0.6213796804099939,0.3917070031166076,0.0,0.1884932229442356,0.3919476930932301
42,ETTm1,1,MLP,MTT,300,0.1,0.3455774142144185,0.4355825316872437,0.509627517418501,0.0920744096235679,0.4884025155743272,0.8437438358709145,0.8564336895942688,0.0,0.4135864000253934,0.3919476930932301
42,ETTm1,2,MLP,MTT,300,0.1,0.3455774142144185,0.4355825316872437,0.626852028328565,0.2196308167070133,0.2031657951422297,0.5468388471445886,0.3603257536888122,0.0,0.1576769156589665,0.3919476930932301
42,ETTm1,3,MLP,MTT,300,0.1,0.3455774142144185,0.4355825316872437,0.480071725973842,0.0934185410942026,0.6345070327973706,0.6100401506974283,0.883426308631897,0.0,0.3030958681872485,0.3919476930932301
42,ETTm1,4,MLP,MTT,300,0.1,0.3455774142144185,0.4355825316872437,0.0820911560641997,0.1230504660470186,0.2929554586225786,0.6508783399552306,0.6550225019454956,0.0,0.1528920134599702,0.3919476930932301
42,ETTm1,5,MLP,MTT,300,0.1,0.3455774142144185,0.4355825316872437,0.4266194768054109,0.1522073047277599,0.1630379327891397,1.0517718432704888,0.8576241731643677,3.0,0.7148425208118466,0.3919476930932301
42,ETTm1,6,MLP,MTT,300,0.1,0.3455774142144185,0.4355825316872437,0.2400961952209661,0.1856545582341879,0.6037715298450438,0.6570484458230766,0.7827040553092957,1.0,0.4581337589766309,0.3919476930932301
42,ETTm1,0,MLP,MTT,300,0.2,0.3455774142144185,0.4412177160345938,0.6092738095919944,0.2200167137915964,0.1124586761432806,0.625777523192081,0.4105494022369385,0.0,0.1675496106962051,0.3966220064237399
42,ETTm1,1,MLP,MTT,300,0.2,0.3455774142144185,0.4412177160345938,0.5066548670682641,0.0906988669762125,0.4341355730591012,0.7971196043074819,0.8526522517204285,0.0,0.3676322879315277,0.3966220064237399
42,ETTm1,2,MLP,MTT,300,0.2,0.3455774142144185,0.4412177160345938,0.6264006004988741,0.2231604408192136,0.1805918095601975,0.5356467388207747,0.3881559371948242,0.0,0.140157312163062,0.3966220064237399
42,ETTm1,3,MLP,MTT,300,0.2,0.3455774142144185,0.4412177160345938,0.4786740358729855,0.0961789030280563,0.5640062587012573,0.5661331346148847,0.8786969780921936,0.0,0.2694184876473494,0.3966220064237399
42,ETTm1,4,MLP,MTT,300,0.2,0.3455774142144185,0.4412177160345938,0.0783547344282526,0.1212363504510767,0.2604048479372089,0.6794556670078872,0.6449457406997681,0.0,0.1359039089565977,0.3966220064237399
42,ETTm1,5,MLP,MTT,300,0.2,0.3455774142144185,0.4412177160345938,0.4143837853972449,0.1484031751389147,0.1449225671663702,1.0470299425519398,0.8631647825241089,3.0,0.6354156202694402,0.3966220064237399
42,ETTm1,6,MLP,MTT,300,0.2,0.3455774142144185,0.4412177160345938,0.2368659943459594,0.1790959185610887,0.5366858143672913,0.5991662537160498,0.8084701895713806,1.0,0.4072299691797432,0.3966220064237399
42,ETTm1,0,MLP,MTT,300,0.3,0.3455774142144185,0.4584755938542787,0.6072102839381878,0.2189343999037687,0.0984013240449511,0.628762061166362,0.4287745952606201,0.0,0.1466058896371882,0.4010784661944387
42,ETTm1,1,MLP,MTT,300,0.3,0.3455774142144185,0.4584755938542787,0.5038502332097686,0.0953735557656398,0.3798686120395966,0.7500641900995008,0.8476938009262085,0.0,0.3216782736618009,0.4010784661944387
42,ETTm1,2,MLP,MTT,300,0.3,0.3455774142144185,0.4584755938542787,0.6252774786536176,0.2262698159440937,0.1580178103664602,0.5342600214540418,0.4139535427093506,0.0,0.1226373920268351,0.4010784661944387
42,ETTm1,3,MLP,MTT,300,0.3,0.3455774142144185,0.4584755938542787,0.4779310796981326,0.0999059316923811,0.4935054351768306,0.528614201001701,0.8732622265815735,0.0,0.2357412161400202,0.4010784661944387
42,ETTm1,4,MLP,MTT,300,0.3,0.3455774142144185,0.4584755938542787,0.0754257752956677,0.1191607096802193,0.2278542511155942,0.7112873524402005,0.6330400705337524,0.0,0.1189159884236448,0.4010784661944387
42,ETTm1,5,MLP,MTT,300,0.3,0.3455774142144185,0.4584755938542787,0.3996652771452165,0.1446360995639524,0.1268072531991554,1.036342699729713,0.8676385879516602,3.0,0.5559886766192554,0.4010784661944387
42,ETTm1,6,MLP,MTT,300,0.3,0.3455774142144185,0.4584755938542787,0.2317215801103072,0.1711895703642891,0.4696000644228307,0.5429958820313461,0.8319645524024963,1.0,0.3563261793828555,0.4010784661944387
42,ETTm1,0,MLP,MTT,300,0.5,0.3455774142144185,0.4313408297683542,0.6024368999586948,0.2162539897189193,0.0702866779749965,0.6306087494504748,0.4633729457855224,0.0,0.1047186651411273,0.4092256212072702
42,ETTm1,1,MLP,MTT,300,0.5,0.3455774142144185,0.4313408297683542,0.4989388059039618,0.1072675822246905,0.2713347681971954,0.6720502064375267,0.8342458009719849,0.0,0.2297702940344169,0.4092256212072702
42,ETTm1,2,MLP,MTT,300,0.5,0.3455774142144185,0.4313408297683542,0.6207379421284509,0.230926367138424,0.1128698785026352,0.5164891074156964,0.4594503045082092,0.0,0.0875981850350262,0.4092256212072702
42,ETTm1,3,MLP,MTT,300,0.5,0.3455774142144185,0.4313408297683542,0.4771304772648641,0.1107040868321029,0.3525038671358354,0.4651061651473267,0.8602764010429382,0.0,0.168386618609077,0.4092256212072702
42,ETTm1,4,MLP,MTT,300,0.5,0.3455774142144185,0.4313408297683542,0.0722718986049398,0.1144470149953038,0.1627530150309219,0.7742788983810983,0.6037421226501465,0.0,0.0849398714021097,0.4092256212072702
42,ETTm1,5,MLP,MTT,300,0.5,0.3455774142144185,0.4313408297683542,0.3655365139489013,0.1388580642098468,0.0905766057816829,1.0211522885581084,0.8733855485916138,3.0,0.3971347893188859,0.4092256212072702
42,ETTm1,6,MLP,MTT,300,0.5,0.3455774142144185,0.4313408297683542,0.213097664880226,0.1539673508140145,0.3354286440244367,0.4407845494022936,0.8721379041671753,1.0,0.254518679910386,0.4092256212072702
42,ETTm1,0,MLP,MTT,300,0.7,0.3455774142144185,0.4405206310951525,0.5967749758992889,0.2128028217415805,0.0421719756582492,0.6325667783538702,0.495502233505249,0.0,0.0628311142121069,0.4163681791054386
42,ETTm1,1,MLP,MTT,300,0.7,0.3455774142144185,0.4405206310951525,0.495480361322596,0.1173728091107987,0.1628008480843038,0.5899796932455024,0.8160896897315979,0.0,0.1378621676708243,0.4163681791054386
42,ETTm1,2,MLP,MTT,300,0.7,0.3455774142144185,0.4405206310951525,0.6127389415134651,0.2329689100716855,0.0677219206482811,0.5333665746306798,0.4968162178993225,0.0,0.052558766949669,0.4163681791054386
42,ETTm1,3,MLP,MTT,300,0.7,0.3455774142144185,0.4405206310951525,0.4762966275098574,0.1202382034035141,0.2115022599879974,0.4306329672207138,0.8444688320159912,0.0,0.1010320210781338,0.4163681791054386
42,ETTm1,4,MLP,MTT,300,0.7,0.3455774142144185,0.4405206310951525,0.0703285255979938,0.1102376323060528,0.0976517997219216,0.8342015276904294,0.5671285390853882,0.0,0.0509639383509942,0.4163681791054386
42,ETTm1,5,MLP,MTT,300,0.7,0.3455774142144185,0.4405206310951525,0.3357545669920418,0.1494297421265358,0.0543459734893054,1.0134268017561872,0.874864935874939,3.0,0.2382808158029598,0.4163681791054386
42,ETTm1,6,MLP,MTT,300,0.7,0.3455774142144185,0.4405206310951525,0.1774552329903758,0.1559334662513521,0.201257213202352,0.358973487568613,0.9032240509986876,1.0,0.1527111003166107,0.4163681791054386
42,ETTm1,0,MLP,MTT,300,1.0,0.3455774142144185,0.4597354579093594,0.5864881786286128,0.2059700257490163,1.516996460949318e-07,0.6364772644301396,0.5390663146972656,0.0,1.68657029151802e-07,0.4249406160132262
42,ETTm1,1,MLP,MTT,300,1.0,0.3455774142144185,0.4597354579093594,0.4923767197862244,0.1341100174323246,7.780873396644613e-08,0.4772637848144272,0.7800277471542358,0.0,7.594957460790688e-08,0.4249406160132262
42,ETTm1,2,MLP,MTT,300,1.0,0.3455774142144185,0.4597354579093594,0.592865536436467,0.2292661823691246,1.2274771751077806e-07,0.5389470613697356,0.5376197099685669,0.0,2.5463159261964897e-07,0.4249406160132262
42,ETTm1,3,MLP,MTT,300,1.0,0.3455774142144185,0.4597354579093594,0.4748439808468848,0.1310090774610734,1.480782767257266e-07,0.4543429344110165,0.8154667019844055,0.0,1.520398615651385e-07,0.4249406160132262
42,ETTm1,4,MLP,MTT,300,1.0,0.3455774142144185,0.4597354579093594,0.0745533510453788,0.1104281501362926,7.972170804862468e-08,0.908087133590756,0.4984915256500244,0.0,7.218283909145925e-09,0.4249406160132262
42,ETTm1,5,MLP,MTT,300,1.0,0.3455774142144185,0.4597354579093594,0.2956296362611998,0.1746883688528104,4.596244902239071e-08,0.9922450274357066,0.8690825700759888,0.0,1.514759437556112e-08,0.4249406160132262
42,ETTm1,6,MLP,MTT,300,1.0,0.3455774142144185,0.4597354579093594,0.1037849746532059,0.1760749938215543,7.513756581919307e-08,0.3117929898991921,0.9328148365020752,0.0,2.690740524253918e-07,0.4249406160132262
123,ETTm1,0,MLP,MTT,300,0.0,0.3415437514416511,0.6060478944213015,0.5018910128549982,0.1476520692629427,0.899145397900202,1.6652531066659069,0.7374836206436157,0.0,0.9279158878445688,0.3590604803773417
123,ETTm1,1,MLP,MTT,300,0.0,0.3415437514416511,0.6060478944213015,0.4780089553695765,0.1805493317526208,0.7108194274167753,1.228966451261536,0.7468581199645996,1.0,0.3641675036645915,0.3590604803773417
123,ETTm1,2,MLP,MTT,300,0.0,0.3415437514416511,0.6060478944213015,0.5271595544214198,0.1386711360076797,0.9562467400012944,1.5771639321686928,0.9318180084228516,0.0,1.0096880513232889,0.3590604803773417
123,ETTm1,3,MLP,MTT,300,0.0,0.3415437514416511,0.6060478944213015,0.4343561882208128,0.1361125206001267,0.7489698728607941,0.8466491736241157,0.8127629160881042,1.0,0.5051331658655701,0.3590604803773417
123,ETTm1,4,MLP,MTT,300,0.0,0.3415437514416511,0.6060478944213015,0.1040622892255365,0.0942185944443089,0.2551200056662149,0.7981721064387239,0.5553581714630127,1.0,0.0987966153931242,0.3590604803773417
123,ETTm1,5,MLP,MTT,300,0.0,0.3415437514416511,0.6060478944213015,0.4407446565198272,0.1384053388500143,0.2262176731765095,1.1289884844054552,0.8939970135688782,2.0,0.6504643516845853,0.3590604803773417
123,ETTm1,6,MLP,MTT,300,0.0,0.3415437514416511,0.6060478944213015,0.0820897977887473,0.1535142843512889,0.7311505425539163,0.7593113047622589,0.9052149653434752,0.0,0.3223685839433134,0.3590604803773417
123,ETTm1,0,MLP,MTT,300,0.1,0.3415437514416511,0.5954368942966681,0.5026689644059356,0.1484090527750804,0.8092308200754054,1.603260860601082,0.5687085390090942,0.0,0.8351244900233931,0.3663755367760376
123,ETTm1,1,MLP,MTT,300,0.1,0.3415437514416511,0.5954368942966681,0.4705551397163834,0.1754720943150501,0.6397374909317163,1.2871267118897904,0.7556559443473816,1.0,0.3277507070898134,0.3663755367760376
123,ETTm1,2,MLP,MTT,300,0.1,0.3415437514416511,0.5954368942966681,0.5279900566461937,0.1399553710818043,0.8606219851349293,1.4856000095492434,0.7356334924697876,0.0,0.908719051852962,0.3663755367760376
123,ETTm1,3,MLP,MTT,300,0.1,0.3415437514416511,0.5954368942966681,0.4275248130705081,0.1334570343370019,0.6740728648785436,0.9062476078903072,0.8176813125610352,1.0,0.4546197936118287,0.3663755367760376
123,ETTm1,4,MLP,MTT,300,0.1,0.3415437514416511,0.5954368942966681,0.0996725990940464,0.0881832319308768,0.2296079992784362,0.8205499544188971,0.5546785593032837,0.0,0.0889170359186722,0.3663755367760376
123,ETTm1,5,MLP,MTT,300,0.1,0.3415437514416511,0.5954368942966681,0.4289754340852952,0.1279139157512752,0.2035959352100491,1.1148604516194722,0.8937459588050842,2.0,0.5854179257783119,0.3663755367760376
123,ETTm1,6,MLP,MTT,300,0.1,0.3415437514416511,0.5954368942966681,0.0806807832623838,0.1625342539972396,0.6580354936113995,0.8217718689225333,0.9091976284980774,0.0,0.2901317764927791,0.3663755367760376
123,ETTm1,0,MLP,MTT,300,0.2,0.3415437514416511,0.5935038742776139,0.503507388527754,0.149180928112993,0.7193163692346967,1.5209874807736208,0.4090713262557983,0.0,0.7423328745802446,0.3735703821082423
123,ETTm1,1,MLP,MTT,300,0.2,0.3415437514416511,0.5935038742776139,0.4629572360909789,0.1694227601233991,0.568655554952119,1.3467616426626523,0.7632357478141785,0.0,0.2913339594271047,0.3735703821082423
123,ETTm1,2,MLP,MTT,300,0.2,0.3415437514416511,0.5935038742776139,0.5288955404496051,0.1413421908474502,0.7649973621592169,1.3927143844986325,0.5503917932510376,0.0,0.8077502634761836,0.3735703821082423
123,ETTm1,3,MLP,MTT,300,0.2,0.3415437514416511,0.5935038742776139,0.4208945262795664,0.1300308703461944,0.5991758686926006,0.962588855214988,0.8215668797492981,0.0,0.4041065303906574,0.3735703821082423
123,ETTm1,4,MLP,MTT,300,0.2,0.3415437514416511,0.5935038742776139,0.0951390214043637,0.0831510441586123,0.2040960024748126,0.8413762036872183,0.5528861284255981,0.0,0.0790372724738006,0.3735703821082423
123,ETTm1,5,MLP,MTT,300,0.2,0.3415437514416511,0.5935038742776139,0.4163359907806388,0.117353343097285,0.1809741217479376,1.1015468272298206,0.8929970264434814,2.0,0.5203715214259276,0.3735703821082423
123,ETTm1,6,MLP,MTT,300,0.2,0.3415437514416511,0.5935038742776139,0.0794327204731557,0.1714613944703248,0.5849204473047922,0.8876905533519613,0.9129086136817932,0.0,0.2578949690422448,0.3735703821082423
123,ETTm1,0,MLP,MTT,300,0.3,0.3415437514416511,0.6204745863238461,0.5044234989523181,0.1499565916306164,0.6294017894259462,1.425995237909938,0.2585717439651489,0.0,0.6495413679480825,0.3805343189239383
123,ETTm1,1,MLP,MTT,300,0.3,0.3415437514416511,0.6204745863238461,0.455321546935644,0.1625373267000697,0.497573607380045,1.405995100042265,0.7695976495742798,0.0,0.2549172117643961,0.3805343189239383
123,ETTm1,2,MLP,MTT,300,0.3,0.3415437514416511,0.6204745863238461,0.5298847561601002,0.1428567368263378,0.669372675653099,1.3189750403731944,0.3760925531387329,0.0,0.7067815806461792,0.3805343189239383
123,ETTm1,3,MLP,MTT,300,0.3,0.3415437514416511,0.6204745863238461,0.4145957232567414,0.1256735806474545,0.5242788587397906,1.0247737806051034,0.8244194984436035,0.0,0.353593212653201,0.3805343189239383
123,ETTm1,4,MLP,MTT,300,0.3,0.3415437514416511,0.6204745863238461,0.0905085201039871,0.0796041047555838,0.178583995063441,0.86378723959822,0.5499811172485352,0.0,0.0691576929993486,0.3805343189239383
123,ETTm1,5,MLP,MTT,300,0.3,0.3415437514416511,0.6204745863238461,0.4030187984123333,0.1071736163806289,0.1583523803693168,1.0877112202493315,0.8917502760887146,2.0,0.4553250739657651,0.3805343189239383
123,ETTm1,6,MLP,MTT,300,0.3,0.3415437514416511,0.6204745863238461,0.0784462453647678,0.1801963811693381,0.5118053999350877,0.9558471960322662,0.916347861289978,0.0,0.2256580814704045,0.3805343189239383
123,ETTm1,0,MLP,MTT,300,0.5,0.3415437514416511,0.5940584905611869,0.5064564326312387,0.1515725857837173,0.4495727915073441,1.233769695710086,0.0150139331817626,0.0,0.4639581370617854,0.3932898460113638
123,ETTm1,1,MLP,MTT,300,0.5,0.3415437514416511,0.5940584905611869,0.4404292288336255,0.1472914686912485,0.3554097561177804,1.5315241107852409,0.7786675691604614,0.0,0.1820838631751873,0.3932898460113638
123,ETTm1,2,MLP,MTT,300,0.5,0.3415437514416511,0.5940584905611869,0.5322439229453565,0.1463227446582274,0.4781233193842205,1.1314681261775967,0.060320496559143,0.0,0.5048438983458481,0.3932898460113638
123,ETTm1,3,MLP,MTT,300,0.5,0.3415437514416511,0.5940584905611869,0.4034975739690614,0.1150019200432894,0.3744848683974171,1.1504798721573943,0.8270260691642761,0.0,0.2525666862108583,0.3932898460113638
123,ETTm1,4,MLP,MTT,300,0.5,0.3415437514416511,0.5940584905611869,0.0814153115455679,0.0786803888875575,0.1275599782565524,0.9123317773745886,0.5408331155776978,0.0,0.049398350080025,0.3932898460113638
123,ETTm1,5,MLP,MTT,300,0.5,0.3415437514416511,0.5940584905611869,0.3751684317979991,0.0912722748411863,0.113108864889884,1.0593908901385003,0.8877630829811096,1.0,0.3252322652609966,0.3932898460113638
123,ETTm1,6,MLP,MTT,300,0.5,0.3415437514416511,0.5940584905611869,0.0780064998633534,0.1966246577971335,0.3655752870970179,1.0938693649705369,0.9224112629890442,0.0,0.1611845466906418,0.3932898460113638
123,ETTm1,0,MLP,MTT,300,0.7,0.3415437514416511,0.5875098063635977,0.5089776658419983,0.1531534772070684,0.2697436704827039,1.0251404849434915,0.2520483136177063,0.0,0.2783749061754883,0.4036229096301607
123,ETTm1,1,MLP,MTT,300,0.7,0.3415437514416511,0.5875098063635977,0.4269233715644491,0.1308442028901517,0.2132458651562782,1.6486175947807469,0.782865583896637,0.0,0.109250465673909,0.4036229096301607
123,ETTm1,2,MLP,MTT,300,0.7,0.3415437514416511,0.5875098063635977,0.535364535267315,0.150336423081617,0.2868739612329388,0.9497848146339734,0.2116824984550476,0.0,0.302906216045517,0.4036229096301607
123,ETTm1,3,MLP,MTT,300,0.7,0.3415437514416511,0.5875098063635977,0.3988041805864071,0.1052126891606089,0.22469085501616,1.2798887947852575,0.825501024723053,0.0,0.1515400507359456,0.4036229096301607
123,ETTm1,4,MLP,MTT,300,0.7,0.3415437514416511,0.5875098063635977,0.0731403760198465,0.0845322864536354,0.0765359827649847,0.959184571332207,0.5272344350814819,0.0,0.0296389151754916,0.4036229096301607
123,ETTm1,5,MLP,MTT,300,0.7,0.3415437514416511,0.5875098063635977,0.3474000630409584,0.1046720533382761,0.0678653198805616,1.0347043975372066,0.8817844390869141,1.0,0.1951395858795629,0.4036229096301607
123,ETTm1,6,MLP,MTT,300,0.7,0.3415437514416511,0.5875098063635977,0.0821800450298243,0.210897888477938,0.2193452329649468,1.2599457385891313,0.927387833595276,0.0,0.0967107715469613,0.4036229096301607
123,ETTm1,0,MLP,MTT,300,1.0,0.3415437514416511,0.585464383807296,0.5147266143289903,0.1546930771631533,1.556419208693881e-07,0.756730435664418,0.5390663146972656,0.0,1.68657029151802e-07,0.4119362475900025
123,ETTm1,1,MLP,MTT,300,1.0,0.3415437514416511,0.585464383807296,0.4229500073297713,0.1213846547526517,9.074337705005405e-08,1.826736899467352,0.7800276875495911,0.0,2.7159785259461614e-07,0.4119362475900025
123,ETTm1,2,MLP,MTT,300,1.0,0.3415437514416511,0.585464383807296,0.5420409717721754,0.1576237486362174,1.260658341308795e-07,0.6895372139640672,0.5376197099685669,0.0,2.5463159261964897e-07,0.4119362475900025
123,ETTm1,3,MLP,MTT,300,1.0,0.3415437514416511,0.585464383807296,0.4106211353019735,0.1072708632007631,1.478545006793328e-07,1.4728013635473811,0.8154667019844055,0.0,1.520398615651385e-07,0.4119362475900025
123,ETTm1,4,MLP,MTT,300,1.0,0.3415437514416511,0.585464383807296,0.0639737685544783,0.0957082978559853,8.692859950547735e-08,1.0043222953192954,0.4984915852546692,0.0,7.218283909145925e-09,0.4119362475900025
123,ETTm1,5,MLP,MTT,300,1.0,0.3415437514416511,0.585464383807296,0.308364916445285,0.1425771028323222,5.177018807727631e-08,1.004809567569848,0.8690825700759888,0.0,1.5728351877422233e-07,0.4119362475900025
123,ETTm1,6,MLP,MTT,300,1.0,0.3415437514416511,0.585464383807296,0.0949671628029569,0.2280138999325351,7.583416132236952e-08,1.4910880324949598,0.9328148365020752,0.0,2.690740524253918e-07,0.4119362475900025
7,ETTm2,0,MLP,MTT,300,0.0,0.1798928996907232,0.2203469813787975,0.1854951143226496,0.1143829113324092,0.5811309703886579,0.3955817676821564,0.903104305267334,0.0,0.3967473828757866,0.3253296714430761
7,ETTm2,1,MLP,MTT,300,0.0,0.1798928996907232,0.2203469813787975,0.2996195317151365,0.1883149018628077,0.5713653498077034,0.2183410220161223,0.9072283506393432,3.0,0.6879076991145004,0.3253296714430761
7,ETTm2,2,MLP,MTT,300,0.0,0.1798928996907232,0.2203469813787975,0.336155005323653,0.2289294928120105,0.2003140069984897,0.2519870711125164,0.9699002504348756,0.0,0.0929245812984987,0.3253296714430761
7,ETTm2,3,MLP,MTT,300,0.0,0.1798928996907232,0.2203469813787975,0.3337335159130945,0.2331270127775022,0.3466776436301337,0.1843024106387003,0.8824081420898438,3.0,0.7928813073530716,0.3253296714430761
7,ETTm2,4,MLP,MTT,300,0.0,0.1798928996907232,0.2203469813787975,0.1780044898639688,0.1046794859401661,0.4950336495463606,0.139550219333409,0.9512754082679749,3.0,0.4804315552396709,0.3253296714430761
7,ETTm2,5,MLP,MTT,300,0.0,0.1798928996907232,0.2203469813787975,0.0640745212159582,0.0562596447929671,0.2465694116656255,0.0357769409834403,0.9954609870910645,3.0,0.6669941252759705,0.3253296714430761
7,ETTm2,6,MLP,MTT,300,0.0,0.1798928996907232,0.2203469813787975,0.2935258301917732,0.1822296381241784,0.0788693902114297,0.6049764461304072,0.870072603225708,0.0,0.0966026451846373,0.3253296714430761
7,ETTm2,0,MLP,MTT,300,0.1,0.1798928996907232,0.2206423971470885,0.179001228356086,0.1069061208058959,0.5230178563775548,0.4516492399058671,0.8970249891281128,0.0,0.3570725861567102,0.3250508244140074
7,ETTm2,1,MLP,MTT,300,0.1,0.1798928996907232,0.2206423971470885,0.285038291283675,0.1729334467464661,0.5142288019509716,0.2574772097337922,0.9010410308837892,3.0,0.6191170126262588,0.3250508244140074
7,ETTm2,2,MLP,MTT,300,0.1,0.1798928996907232,0.2206423971470885,0.3248888483866867,0.2257463067027005,0.1802826277893979,0.2344049857648186,0.969094216823578,0.0,0.0836321580272279,0.3250508244140074
7,ETTm2,3,MLP,MTT,300,0.1,0.1798928996907232,0.2206423971470885,0.3237350581472127,0.2246414617164935,0.3120098797347517,0.1888821432007291,0.8750804662704468,3.0,0.713593198120078,0.3250508244140074
7,ETTm2,4,MLP,MTT,300,0.1,0.1798928996907232,0.2206423971470885,0.1662249385017422,0.0992383636406631,0.4455303008671497,0.0974468687840127,0.951969027519226,3.0,0.4323884332032618,0.3250508244140074
7,ETTm2,5,MLP,MTT,300,0.1,0.1798928996907232,0.2206423971470885,0.0740396784463597,0.0588023869865176,0.2219125090940618,0.059718614242509,0.9955112934112548,3.0,0.6002946632890048,0.3250508244140074
7,ETTm2,6,MLP,MTT,300,0.1,0.1798928996907232,0.2206423971470885,0.2899980149814973,0.1812275400386847,0.0709824624115092,0.5959852113804756,0.8716789484024048,0.0,0.0869423710056109,0.3250508244140074
7,ETTm2,0,MLP,MTT,300,0.2,0.1798928996907232,0.2121287107273875,0.1724853642228846,0.100659093409639,0.4649047452391027,0.5091399287423048,0.8900173306465149,0.0,0.3173978474661557,0.325320512956102
7,ETTm2,1,MLP,MTT,300,0.2,0.1798928996907232,0.2121287107273875,0.2696424553352194,0.1572112669585054,0.4570922444184394,0.3015769991664675,0.8936459422111511,3.0,0.5503261741831749,0.325320512956102
7,ETTm2,2,MLP,MTT,300,0.2,0.1798928996907232,0.2121287107273875,0.3127898221329033,0.2219390428046429,0.1602512104439771,0.2137984432072992,0.9681128859519958,0.0,0.074339734755957,0.325320512956102
7,ETTm2,3,MLP,MTT,300,0.2,0.1798928996907232,0.2121287107273875,0.3118805487002,0.2150123578309124,0.2773420903740639,0.1926450538990925,0.8661086559295654,3.0,0.6343050022359701,0.325320512956102
7,ETTm2,4,MLP,MTT,300,0.2,0.1798928996907232,0.2121287107273875,0.1532207925864764,0.0956253965717672,0.3960269327714077,0.069322747670232,0.9524127840995787,3.0,0.3843452490490072,0.325320512956102
7,ETTm2,5,MLP,MTT,300,0.2,0.1798928996907232,0.2121287107273875,0.0912319888430707,0.0648434896841353,0.1972555481459826,0.0839746525253324,0.9955121278762816,3.0,0.5335953079503071,0.325320512956102
7,ETTm2,6,MLP,MTT,300,0.2,0.1798928996907232,0.2121287107273875,0.2859657850020597,0.1798483249116616,0.0630955255218301,0.5936120929089643,0.8730995059013367,0.0,0.0772820968265844,0.325320512956102
7,ETTm2,0,MLP,MTT,300,0.3,0.1798928996907232,0.2201007449444326,0.1663422453361461,0.0955702101007633,0.4067916294670579,0.5700294186342472,0.8820813894271851,0.0,0.2777230507470794,0.3262478739002288
7,ETTm2,1,MLP,MTT,300,0.3,0.1798928996907232,0.2201007449444326,0.2541169967834586,0.1417096870877335,0.3999556869778911,0.3463889936367714,0.8850431442260742,3.0,0.4815354269129963,0.3262478739002288
7,ETTm2,2,MLP,MTT,300,0.3,0.1798928996907232,0.2201007449444326,0.30019731053038,0.217560600726742,0.1402197933853346,0.1991739647887629,0.9669561982154846,0.0,0.06504709563281,0.3262478739002288
7,ETTm2,3,MLP,MTT,300,0.3,0.1798928996907232,0.2201007449444326,0.298865847770941,0.2047813349438394,0.2426743029746354,0.2029324536250797,0.8554928302764893,3.0,0.5550168352355669,0.3262478739002288
7,ETTm2,4,MLP,MTT,300,0.3,0.1798928996907232,0.2201007449444326,0.1392725706800962,0.0943697004317632,0.3465235648371065,0.0771339651152555,0.9526066184043884,3.0,0.3363021270125981,0.3262478739002288
7,ETTm2,5,MLP,MTT,300,0.3,0.1798928996907232,0.2201007449444326,0.1140133598906805,0.073258301517937,0.172598626415811,0.1084006654366253,0.995463490486145,0.0,0.4668959526116093,0.3262478739002288
7,ETTm2,6,MLP,MTT,300,0.3,0.1798928996907232,0.2201007449444326,0.2814299502163899,0.1782358713996556,0.0552085913630976,0.5898875748081714,0.8743343353271484,0.0,0.0676217097318895,0.3262478739002288
7,ETTm2,0,MLP,MTT,300,0.5,0.1798928996907232,0.2121374551378166,0.1546785022988129,0.088439258282844,0.2905654289516116,0.7005532598668232,0.8634245991706848,0.0,0.198373689423014,0.3301892293755682
7,ETTm2,1,MLP,MTT,300,0.5,0.1798928996907232,0.2121374551378166,0.2243592358677082,0.1128433595010069,0.2856825922493772,0.4616466397789506,0.8642141222953796,3.0,0.3439539323726392,0.3301892293755682
7,ETTm2,2,MLP,MTT,300,0.5,0.1798928996907232,0.2121374551378166,0.2744637024187976,0.2077162111975039,0.1001569984389483,0.1746327155179237,0.9641168117523192,0.0,0.0464621411643302,0.3301892293755682
7,ETTm2,3,MLP,MTT,300,0.5,0.1798928996907232,0.2121374551378166,0.2717933490798623,0.1841802542452146,0.1733387860627466,0.2362415355160123,0.8293291926383972,3.0,0.3964405590021702,0.3301892293755682
7,ETTm2,4,MLP,MTT,300,0.5,0.1798928996907232,0.2121374551378166,0.1091949225743424,0.0944670359467873,0.2475168680959155,0.1536038950684409,0.952244520187378,3.0,0.2402157587040887,0.3301892293755682
7,ETTm2,5,MLP,MTT,300,0.5,0.1798928996907232,0.2121374551378166,0.1637203444283566,0.0940474501511695,0.1232847827355164,0.1574432183576278,0.9952179193496704,0.0,0.3334971708353685,0.3301892293755682
7,ETTm2,6,MLP,MTT,300,0.5,0.1798928996907232,0.2121374551378166,0.2708733436765072,0.1738065157629392,0.0394347364568248,0.5810731280364394,0.876246452331543,0.0,0.048301274289505,0.3301892293755682
7,ETTm2,0,MLP,MTT,300,0.7,0.1798928996907232,0.2348945048044929,0.1460888089845473,0.0873137412825093,0.1743392070763279,0.8187624514548699,0.8410545587539673,0.0,0.119024212041905,0.3365348114059589
7,ETTm2,1,MLP,MTT,300,0.7,0.1798928996907232,0.2348945048044929,0.1979155566275214,0.0892516519558698,0.1714095306101462,0.5754341937336015,0.8385540843009949,0.0,0.2063723770503452,0.3365348114059589
7,ETTm2,2,MLP,MTT,300,0.7,0.1798928996907232,0.2348945048044929,0.2502627385807192,0.1977827865009269,0.0600942395024775,0.1538185701747585,0.960576057434082,0.0,0.0278771866958504,0.3365348114059589
7,ETTm2,3,MLP,MTT,300,0.7,0.1798928996907232,0.2348945048044929,0.2459935014210288,0.1651222036678501,0.1040032527092949,0.2807298066146593,0.7965893745422363,0.0,0.237864340536183,0.3365348114059589
7,ETTm2,4,MLP,MTT,300,0.7,0.1798928996907232,0.2348945048044929,0.0830957130752864,0.0943676356357208,0.1485101713289759,0.2465351770143476,0.9508827924728394,3.0,0.1441295767491162,0.3365348114059589
7,ETTm2,5,MLP,MTT,300,0.7,0.1798928996907232,0.2348945048044929,0.2133389868491702,0.1169424874519834,0.0739709391199136,0.2072131782864678,0.9947745203971864,0.0,0.2000983890591278,0.3365348114059589
7,ETTm2,6,MLP,MTT,300,0.7,0.1798928996907232,0.2348945048044929,0.2585379392499111,0.1681621090451082,0.0236608647384941,0.5618720491284057,0.8774154186248779,0.0,0.028980725931452,0.3365348114059589
7,ETTm2,0,MLP,MTT,300,1.0,0.1798928996907232,0.2389764038090707,0.1362225088816719,0.0887791959289373,1.2383986358232169e-07,0.9897591888308004,0.8005371689796448,0.0,6.205828026896795e-08,0.3485477027658123
7,ETTm2,1,MLP,MTT,300,1.0,0.1798928996907232,0.2389764038090707,0.1656795156714635,0.0682827913912414,1.81540113473112e-07,0.7003228223341995,0.7910057306289673,0.0,2.568036834486353e-07,0.3485477027658123
7,ETTm2,2,MLP,MTT,300,1.0,0.1798928996907232,0.2389764038090707,0.2195770279153501,0.1832559037444473,4.9210647491231735e-08,0.1390287886554367,0.9539498686790466,0.0,2.989698383497979e-07,0.3485477027658123
7,ETTm2,3,MLP,MTT,300,1.0,0.1798928996907232,0.2389764038090707,0.2128547314227901,0.1412190452178325,9.626179005683073e-08,0.3782042224144748,0.7351495027542114,0.0,1.8934873131586818e-07,0.3485477027658123
7,ETTm2,4,MLP,MTT,300,1.0,0.1798928996907232,0.2389764038090707,0.0621340977831451,0.094517389637034,3.9029880437770246e-08,0.3937557706824836,0.9469658732414246,0.0,3.7831493417657776e-08,0.3485477027658123
7,ETTm2,5,MLP,MTT,300,1.0,0.1798928996907232,0.2389764038090707,0.2751493566360797,0.14864415179121,1.765581041996701e-07,0.2795511554460878,0.9937384724617004,0.0,2.1639476667696445e-07,0.3485477027658123
7,ETTm2,6,MLP,MTT,300,1.0,0.1798928996907232,0.2389764038090707,0.2370056899137131,0.1575020685872613,8.051092694467825e-08,0.5408953778209574,0.8777753710746765,0.0,9.660562733344681e-08,0.3485477027658123
42,ETTm2,0,MLP,MTT,300,0.0,0.1852460501811846,0.2292472133639455,0.2314874231824685,0.1743855459681544,0.4248352990197276,0.2582452762435824,0.9044809341430664,0.0,0.1356870440575579,0.438411498147255
42,ETTm2,1,MLP,MTT,300,0.0,0.1852460501811846,0.2292472133639455,0.3873956036581953,0.2212516067512365,0.5280811770266046,0.1194776486611486,0.9126842617988586,3.0,0.8898345400025323,0.438411498147255
42,ETTm2,2,MLP,MTT,300,0.0,0.1852460501811846,0.2292472133639455,0.3472090030455271,0.2429064500512906,0.0693844267527519,0.1086855503623365,0.9705711603164672,0.0,0.0377033037310751,0.438411498147255
42,ETTm2,3,MLP,MTT,300,0.0,0.1852460501811846,0.2292472133639455,0.3626063300543671,0.2149001367755033,0.2364574097284962,0.262051035509488,0.8647410869598389,3.0,0.5685458470251269,0.438411498147255
42,ETTm2,4,MLP,MTT,300,0.0,0.1852460501811846,0.2292472133639455,0.1891126845500034,0.1440415272393563,0.2300580656925256,0.1638891005706416,0.9290165305137634,3.0,0.3771446105033567,0.438411498147255
42,ETTm2,5,MLP,MTT,300,0.0,0.1852460501811846,0.2292472133639455,0.2207188375311145,0.0861838046811856,0.2005613294977106,0.0823877626867492,0.989433765411377,3.0,0.039242441934087,0.438411498147255
42,ETTm2,6,MLP,MTT,300,0.0,0.1852460501811846,0.2292472133639455,0.1003043815466966,0.1029863200762258,0.3415284979046932,0.2415577298362943,0.7855494022369385,0.0,0.113884614065312,0.438411498147255
42,ETTm2,0,MLP,MTT,300,0.1,0.1852460501811846,0.2233165789902601,0.2122108068418917,0.1696462398488545,0.3823517767146027,0.2348539472663344,0.8985652327537537,0.0,0.1221183508545306,0.4426894915661904
42,ETTm2,1,MLP,MTT,300,0.1,0.1852460501811846,0.2233165789902601,0.3661026053539585,0.2148534820822051,0.4752730291503985,0.1181394248436453,0.9077907204627992,3.0,0.8008510835710015,0.4426894915661904
42,ETTm2,2,MLP,MTT,300,0.1,0.1852460501811846,0.2233165789902601,0.3399866007181994,0.23887931899286,0.0624459866758927,0.1063128072279752,0.969723641872406,0.0,0.0339328031572642,0.4426894915661904
42,ETTm2,3,MLP,MTT,300,0.1,0.1852460501811846,0.2233165789902601,0.3497199865684976,0.2084606730322876,0.2128116815347206,0.2735504969937171,0.8588613271713257,3.0,0.5116912780481869,0.4426894915661904
42,ETTm2,4,MLP,MTT,300,0.1,0.1852460501811846,0.2233165789902601,0.1766238703154065,0.1410836092051902,0.2070522900458759,0.1807686850356034,0.9320569038391112,3.0,0.3394301332463025,0.4426894915661904
42,ETTm2,5,MLP,MTT,300,0.1,0.1852460501811846,0.2233165789902601,0.2331627098787997,0.0859320634613843,0.1805052216056974,0.0985618606855544,0.9900205731391908,3.0,0.0353183544679609,0.4426894915661904
42,ETTm2,6,MLP,MTT,300,0.1,0.1852460501811846,0.2233165789902601,0.1063397259725948,0.1088999615208667,0.3073756673163635,0.2515448923515074,0.7966551184654236,0.0,0.1024961655813517,0.4426894915661904
42,ETTm2,0,MLP,MTT,300,0.2,0.1852460501811846,0.2359150187865115,0.1929014564757643,0.1646173814958399,0.3398682138431945,0.2212843971919628,0.8916543126106262,0.0,0.1085495996229815,0.4461375266899309
42,ETTm2,1,MLP,MTT,300,0.2,0.1852460501811846,0.2359150187865115,0.3405888787538593,0.2070224990797798,0.4224649134260539,0.1435074994892183,0.901280641555786,3.0,0.7118676651281814,0.4461375266899309
42,ETTm2,2,MLP,MTT,300,0.2,0.1852460501811846,0.2359150187865115,0.3316937673789983,0.2347107262956188,0.055507530996538,0.1058024626117069,0.968695104122162,0.0,0.0301625184353296,0.4461375266899309
42,ETTm2,3,MLP,MTT,300,0.2,0.1852460501811846,0.2359150187865115,0.3347812630436433,0.202858963473807,0.1891659265015668,0.2871150372438443,0.8514083623886108,3.0,0.4548367090712468,0.4461375266899309
42,ETTm2,4,MLP,MTT,300,0.2,0.1852460501811846,0.2359150187865115,0.162986456623225,0.1382141720071311,0.1840464812325856,0.1992303672134067,0.9348204731941224,3.0,0.3017155938714028,0.4461375266899309
42,ETTm2,5,MLP,MTT,300,0.2,0.1852460501811846,0.2359150187865115,0.2463777533565185,0.086234338741958,0.160449114119298,0.1171243796776288,0.9905726909637452,3.0,0.0313939826064539,0.4461375266899309
42,ETTm2,6,MLP,MTT,300,0.2,0.1852460501811846,0.2359150187865115,0.1129244767216279,0.1150997181573993,0.2732227650647034,0.2697850066412012,0.8073423504829407,0.0,0.0911078300130599,0.4461375266899309
42,ETTm2,0,MLP,MTT,300,0.3,0.1852460501811846,0.28032806076208,0.1744549901617011,0.1598042564986043,0.2973846546039253,0.2107490143984396,0.8837481141090393,0.0,0.0949808483914324,0.4488389151552774
42,ETTm2,1,MLP,MTT,300,0.3,0.1852460501811846,0.28032806076208,0.3128631669053313,0.198275678903265,0.3696567640607189,0.1864643594799572,0.8931540846824646,3.0,0.6228841251214875,0.4488389151552774
42,ETTm2,2,MLP,MTT,300,0.3,0.1852460501811846,0.28032806076208,0.3225706267306099,0.2305226266008911,0.0485691011413143,0.1060752939901208,0.9674855470657348,0.0,0.0263922337133949,0.4488389151552774
42,ETTm2,3,MLP,MTT,300,0.3,0.1852460501811846,0.28032806076208,0.3183866551983123,0.1981439020376896,0.165520165870615,0.3001923952384182,0.8423821926116943,3.0,0.3979820245594875,0.4488389151552774
42,ETTm2,4,MLP,MTT,300,0.3,0.1852460501811846,0.28032806076208,0.1484791067188096,0.135673212302515,0.1610406333769944,0.2187003906839041,0.9373072981834412,3.0,0.2640012408500399,0.4488389151552774
42,ETTm2,5,MLP,MTT,300,0.3,0.1852460501811846,0.28032806076208,0.2601432209043331,0.0868928956980575,0.1403929668880519,0.1370966659110462,0.9910900592803956,3.0,0.0274697529426373,0.4488389151552774
42,ETTm2,6,MLP,MTT,300,0.3,0.1852460501811846,0.28032806076208,0.1201008459080228,0.1215886148236717,0.2390698959391162,0.2912818483270301,0.8176111578941345,0.0,0.0797192686134312,0.4488389151552774
42,ETTm2,0,MLP,MTT,300,0.5,0.1852460501811846,0.3261094067943112,0.1403477384280348,0.1524538431025745,0.2124176061064846,0.2260538830024223,0.8649499416351318,0.0,0.0678434619853779,0.4523872404248719
42,ETTm2,1,MLP,MTT,300,0.5,0.1852460501811846,0.3261094067943112,0.2566779877497507,0.1790307859333866,0.2640404987363693,0.294350983003876,0.8720513582229614,3.0,0.4449172882358472,0.4523872404248719
42,ETTm2,2,MLP,MTT,300,0.5,0.1852460501811846,0.3261094067943112,0.3027571208055745,0.2239377534969208,0.0346922156455851,0.1084865528214177,0.9645233154296876,0.0,0.0188515563435874,0.4523872404248719
42,ETTm2,3,MLP,MTT,300,0.5,0.1852460501811846,0.3261094067943112,0.2838959202386668,0.1912884259534655,0.1182286799893815,0.3176436323767511,0.8196102976799011,3.0,0.2842728288381978,0.4523872404248719
42,ETTm2,4,MLP,MTT,300,0.5,0.1852460501811846,0.3261094067943112,0.119329497617921,0.1319886174259212,0.1150290832093714,0.2568256204542701,0.9414507150650024,3.0,0.1885722863359316,0.4523872404248719
42,ETTm2,5,MLP,MTT,300,0.5,0.1852460501811846,0.3261094067943112,0.2890199734070908,0.088477180232718,0.1002807511878338,0.173273017962939,0.9920204877853394,0.0,0.0196212936150042,0.4523872404248719
42,ETTm2,6,MLP,MTT,300,0.5,0.1852460501811846,0.3261094067943112,0.1363355371390524,0.1354813486657383,0.1707642371843307,0.341721822111725,0.8368933200836182,0.0,0.0569423716455107,0.4523872404248719
42,ETTm2,0,MLP,MTT,300,0.7,0.1852460501811846,0.2895243246550111,0.1137297877158583,0.1485482736481789,0.127450522075244,0.2678252917178942,0.8421706557273865,0.0,0.0407060755793233,0.4539547951291452
42,ETTm2,1,MLP,MTT,300,0.7,0.1852460501811846,0.2895243246550111,0.2056345888691064,0.1603040578534582,0.1584242662758786,0.4110407682095628,0.8444826602935791,3.0,0.26695039056827,0.4539547951291452
42,ETTm2,2,MLP,MTT,300,0.7,0.1852460501811846,0.2895243246550111,0.2823764742937509,0.2191984330607638,0.0208153325596861,0.1090200693102992,0.9608370065689088,0.0,0.0113107710478419,0.4539547951291452
42,ETTm2,3,MLP,MTT,300,0.7,0.1852460501811846,0.2895243246550111,0.2503862948503635,0.1873831928302287,0.0709371768647638,0.3411762501670352,0.7905455231666565,0.0,0.1705636908843176,0.4539547951291452
42,ETTm2,4,MLP,MTT,300,0.7,0.1852460501811846,0.2895243246550111,0.1015528628162861,0.1291859628308481,0.0690174587784894,0.3012065563184527,0.9444870352745056,3.0,0.1131433318218233,0.4539547951291452
42,ETTm2,5,MLP,MTT,300,0.7,0.1852460501811846,0.2895243246550111,0.3188540847910901,0.0901579262565091,0.0601685358545291,0.2119270366922468,0.992811918258667,0.0,0.0117728342873711,0.4539547951291452
42,ETTm2,6,MLP,MTT,300,0.7,0.1852460501811846,0.2895243246550111,0.1552935863034042,0.1505419262448561,0.1024584983324976,0.4037235375968694,0.8545015454292297,0.0,0.034165135930585,0.4539547951291452
42,ETTm2,0,MLP,MTT,300,1.0,0.1852460501811846,0.3373689648905582,0.1010220073152411,0.1469134501226876,1.2292462050656572e-07,0.3635230361745789,0.8005371689796448,0.0,6.205828026896795e-08,0.4531235756031178
42,ETTm2,1,MLP,MTT,300,1.0,0.1852460501811846,0.3373689648905582,0.1444864441677285,0.1365128720025315,1.7596421999072438e-07,0.5889187334250299,0.7910057306289673,0.0,1.3675935783519714e-08,0.4531235756031178
42,ETTm2,2,MLP,MTT,300,1.0,0.1852460501811846,0.3373689648905582,0.2543212307049695,0.2207288528733194,4.3861311265063146e-08,0.1169457349178908,0.9539498686790466,0.0,2.989698383497979e-07,0.4531235756031178
42,ETTm2,3,MLP,MTT,300,1.0,0.1852460501811846,0.3373689648905582,0.2066143552098994,0.1854262741977955,9.745727552596109e-08,0.3777823196595832,0.7351493835449219,0.0,1.8934873131586818e-07,0.4531235756031178
42,ETTm2,4,MLP,MTT,300,1.0,0.1852460501811846,0.3373689648905582,0.1396355298180016,0.1311927462047139,7.443084947468275e-08,0.363187073334087,0.9469658732414246,0.0,3.7831493417657776e-08,0.4531235756031178
42,ETTm2,5,MLP,MTT,300,1.0,0.1852460501811846,0.3373689648905582,0.3618134142301257,0.0924616001214908,1.764607722043317e-07,0.2714948967956656,0.9937384724617004,0.0,2.1639476667696445e-07,0.4531235756031178
42,ETTm2,6,MLP,MTT,300,1.0,0.1852460501811846,0.3373689648905582,0.1891413131876558,0.1750288142086468,8.167880411269395e-08,0.5035025188498824,0.8777753710746765,0.0,9.660562733344681e-08,0.4531235756031178
123,ETTm2,0,MLP,MTT,300,0.0,0.1773943914536872,0.4959567363393596,0.1244961878081615,0.1143009260225362,0.4596435696555865,0.650386350026489,0.889350175857544,3.0,0.339726062096828,0.1784917296576856
123,ETTm2,1,MLP,MTT,300,0.0,0.1773943914536872,0.4959567363393596,0.2174931047440952,0.1633403238135972,0.4942336815207835,0.8404734130334109,0.912500023841858,0.0,0.4360309082767503,0.1784917296576856
123,ETTm2,2,MLP,MTT,300,0.0,0.1773943914536872,0.4959567363393596,0.3345742559197979,0.1409364693715294,1.8451025733019968,3.178026189954661,0.9999990463256836,3.0,0.9999937700194924,0.1784917296576856
123,ETTm2,3,MLP,MTT,300,0.0,0.1773943914536872,0.4959567363393596,0.246724954859297,0.1798271463828814,0.192287039273135,0.2538183869018799,0.8717832565307617,0.0,0.526821255826935,0.1784917296576856
123,ETTm2,4,MLP,MTT,300,0.0,0.1773943914536872,0.4959567363393596,0.3299449309371578,0.1421562127394873,0.8137499839072606,1.878361057008796,0.7266514897346497,0.0,2.627634974258533,0.1784917296576856
123,ETTm2,5,MLP,MTT,300,0.0,0.1773943914536872,0.4959567363393596,0.6111469176611821,0.2089939935719334,1.514659507367104,2.395219590716005,1.498662352561951,0.0,27.60950869918589,0.1784917296576856
123,ETTm2,6,MLP,MTT,300,0.0,0.1773943914536872,0.4959567363393596,0.2070440066523234,0.0891763314746466,0.2551777999805081,0.4990598068242939,0.7547946572303772,0.0,0.4640141961485862,0.1784917296576856
123,ETTm2,0,MLP,MTT,300,0.1,0.1773943914536872,0.474008733988479,0.1204704412072909,0.1199752614586396,0.4136791355003912,0.6145892101219579,0.8844086527824402,3.0,0.3057534380756128,0.2254385737162691
123,ETTm2,1,MLP,MTT,300,0.1,0.1773943914536872,0.474008733988479,0.2053078309022424,0.1555915718306996,0.4448102850605739,0.7955863369447032,0.9062680602073668,0.0,0.3924278309730562,0.2254385737162691
123,ETTm2,2,MLP,MTT,300,0.1,0.1773943914536872,0.474008733988479,0.203236340925998,0.2604990746536494,1.660592289190847,2.9948702411403563,0.999519407749176,0.0,0.8999943552535397,0.2254385737162691
123,ETTm2,3,MLP,MTT,300,0.1,0.1773943914536872,0.474008733988479,0.2337004436400464,0.1699528436651527,0.1730583279942198,0.24732458334181,0.8645924925804138,0.0,0.4741391113093683,0.2254385737162691
123,ETTm2,4,MLP,MTT,300,0.1,0.1773943914536872,0.474008733988479,0.3231236860277579,0.140314639823101,0.7323749653212527,1.7882747612703065,0.7597604990005493,0.0,2.364871269415154,0.2254385737162691
123,ETTm2,5,MLP,MTT,300,0.1,0.1773943914536872,0.474008733988479,0.6105829309944855,0.2085495057389378,1.3631934522641145,2.336928111126578,1.043104648590088,0.0,24.84855738814464,0.2254385737162691
123,ETTm2,6,MLP,MTT,300,0.1,0.1773943914536872,0.474008733988479,0.2039780955987726,0.0875348939964247,0.2296600358675178,0.5093789795299387,0.7695347666740417,0.0,0.4176127442900311,0.2254385737162691
123,ETTm2,0,MLP,MTT,300,0.2,0.1773943914536872,0.5128773409219487,0.1159937364042149,0.125747267177317,0.3677149260207992,0.5764846157950759,0.8785916566848755,3.0,0.2717808140543976,0.2313329328396632
123,ETTm2,1,MLP,MTT,300,0.2,0.1773943914536872,0.5128773409219487,0.19424483293618,0.1490970748119938,0.3953870326813479,0.7467309408778355,0.8987211585044861,0.0,0.3488247536693621,0.2313329328396632
123,ETTm2,2,MLP,MTT,300,0.2,0.1773943914536872,0.5128773409219487,0.2125832281779884,0.2644925108144377,1.4760820051705543,2.811760691520824,0.998123049736023,0.0,0.7999950106865458,0.2313329328396632
123,ETTm2,3,MLP,MTT,300,0.2,0.1773943914536872,0.5128773409219487,0.2216098833515584,0.1607983721875819,0.1538296278379075,0.245452968989766,0.855963408946991,0.0,0.4214569667918017,0.2313329328396632
123,ETTm2,4,MLP,MTT,300,0.2,0.1773943914536872,0.5128773409219487,0.3147320923905429,0.1381111811785832,0.6509999615719437,1.6980065615294615,0.7904077172279358,0.0,2.10210806151454,0.2313329328396632
123,ETTm2,5,MLP,MTT,300,0.2,0.1773943914536872,0.5128773409219487,0.609871621482509,0.2079949392872178,1.2117275752191945,2.0889332389908715,0.6333957314491272,0.0,22.08760835226644,0.2313329328396632
123,ETTm2,6,MLP,MTT,300,0.2,0.1773943914536872,0.5128773409219487,0.2006283068097279,0.0866901031622422,0.2041422097177426,0.5228084496667723,0.7837322354316711,0.0,0.3712114053471445,0.2313329328396632
123,ETTm2,0,MLP,MTT,300,0.3,0.1773943914536872,0.4783517618607615,0.111320653317393,0.1314949430794087,0.3217504975718656,0.540202758397508,0.8718991279602051,3.0,0.2378082480617042,0.2361326890954767
123,ETTm2,1,MLP,MTT,300,0.3,0.1773943914536872,0.4783517618607615,0.1844696387677966,0.1438316203811507,0.3459636396907844,0.6968844864655069,0.8898591995239258,0.0,0.3052216763656681,0.2361326890954767
123,ETTm2,2,MLP,MTT,300,0.3,0.1773943914536872,0.4783517618607615,0.2156915770196561,0.2657986464689022,1.2915718778937508,2.628528537869293,0.9958099722862244,0.0,0.6999954367769333,0.2361326890954767
123,ETTm2,3,MLP,MTT,300,0.3,0.1773943914536872,0.4783517618607615,0.210705444734566,0.15249915574375,0.1346009112278546,0.2426484259702221,0.8458959460258484,0.0,0.3687747645068255,0.2361326890954767
123,ETTm2,4,MLP,MTT,300,0.3,0.1773943914536872,0.4783517618607615,0.3043159513187204,0.1353322476578439,0.5696249435623669,1.6118781468264691,0.8185933828353882,0.0,1.8393443566711607,0.2361326890954767
123,ETTm2,5,MLP,MTT,300,0.3,0.1773943914536872,0.4783517618607615,0.6089474163256567,0.2072837869343936,1.060261641581532,1.9154213478101216,0.2695346474647522,0.0,19.326657041225182,0.2361326890954767
123,ETTm2,6,MLP,MTT,300,0.3,0.1773943914536872,0.4783517618607615,0.1969619388798097,0.0867121432647781,0.1786243845249154,0.5470929898763036,0.7973869442939758,0.0,0.3248100664042579,0.2361326890954767
123,ETTm2,0,MLP,MTT,300,0.5,0.1773943914536872,0.4393032061910833,0.1074526859766199,0.1431348089634671,0.2298218570771752,0.4719111490893334,0.8558875322341919,3.0,0.1698630000192738,0.2456708684850319
123,ETTm2,1,MLP,MTT,300,0.5,0.1773943914536872,0.4393032061910833,0.1688368546953762,0.1365530450690599,0.2471169143029332,0.6041736211892982,0.868190348148346,0.0,0.218015460976343,0.2456708684850319
123,ETTm2,2,MLP,MTT,300,0.5,0.1773943914536872,0.4393032061910833,0.2181740552542199,0.2668336274860512,0.9225513101645072,2.262696646059893,0.9884336590766908,0.0,0.49999677462443,0.2456708684850319
123,ETTm2,3,MLP,MTT,300,0.5,0.1773943914536872,0.4393032061910833,0.1940166324095642,0.138648755043463,0.0961435101759734,0.2338892522796912,0.8214459419250488,0.0,0.2634105332391018,0.2456708684850319
123,ETTm2,4,MLP,MTT,300,0.5,0.1773943914536872,0.4393032061910833,0.2747882529912268,0.1275298698924715,0.4068749209969075,1.446012507109536,0.8675795793533325,0.0,1.313817443927168,0.2456708684850319
123,ETTm2,5,MLP,MTT,300,0.5,0.1773943914536872,0.4393032061910833,0.605926809103547,0.2050247999885245,0.7573297088359164,1.570798775738878,0.3206423819065094,0.0,13.804754419142675,0.2456708684850319
123,ETTm2,6,MLP,MTT,300,0.5,0.1773943914536872,0.4393032061910833,0.188527074811426,0.0916754755433671,0.1275888902110996,0.565660988244978,0.8230684995651245,0.0,0.2320071626871478,0.2456708684850319
123,ETTm2,0,MLP,MTT,300,0.7,0.1773943914536872,0.4075345747722019,0.1067283167377092,0.1537963425274691,0.1378931381713208,0.4140126505565515,0.8363739252090454,0.0,0.1019176939483216,0.2566823502257747
123,ETTm2,1,MLP,MTT,300,0.7,0.1773943914536872,0.4075345747722019,0.1578318121055129,0.1326441926204037,0.1482701984080454,0.5095607118838447,0.8412615060806274,0.0,0.1308093671508918,0.2566823502257747
123,ETTm2,2,MLP,MTT,300,0.7,0.1773943914536872,0.4075345747722019,0.2192367803683743,0.267274426437905,0.5535308213496102,1.8972656869822493,0.9773903489112854,0.0,0.2999979775645041,0.2566823502257747
123,ETTm2,3,MLP,MTT,300,0.7,0.1773943914536872,0.4075345747722019,0.1824423661083961,0.1282807224603281,0.0576860957754383,0.2248335545841063,0.7912424206733704,0.0,0.158046186436559,0.2566823502257747
123,ETTm2,4,MLP,MTT,300,0.7,0.1773943914536872,0.4075345747722019,0.2270026335463317,0.1164946987782793,0.244124895880532,1.2849101170057156,0.9067190885543824,0.0,0.7882904069474834,0.2566823502257747
123,ETTm2,5,MLP,MTT,300,0.7,0.1773943914536872,0.4075345747722019,0.5986211660676696,0.1998803780775484,0.4543978070994666,1.2643897984492394,0.7274258732795715,0.0,8.282852934641694,0.2566823502257747
123,ETTm2,6,MLP,MTT,300,0.7,0.1773943914536872,0.4075345747722019,0.1783190142486966,0.0984626130671286,0.0765532950344369,0.5899132109802405,0.8465793132781982,0.0,0.1392042589700377,0.2566823502257747
123,ETTm2,0,MLP,MTT,300,1.0,0.1773943914536872,0.4104559708734695,0.1056525514463147,0.1671921675497324,1.6039482925575817e-07,0.3386791588576436,0.8005371689796448,0.0,6.205828026896795e-08,0.2848561737944087
123,ETTm2,1,MLP,MTT,300,1.0,0.1773943914536872,0.4104559708734695,0.1479987519547885,0.1307562642948522,1.7612783195514264e-07,0.377034413943372,0.7910057306289673,0.0,1.3523980961607748e-07,0.2848561737944087
123,ETTm2,2,MLP,MTT,300,1.0,0.1773943914536872,0.4104559708734695,0.2200332508798138,0.2676038720138242,5.1217471779149374e-08,1.352284792723552,0.9539498686790466,0.0,2.989698383497979e-07,0.2848561737944087
123,ETTm2,3,MLP,MTT,300,1.0,0.1773943914536872,0.4104559708734695,0.1716206212249164,0.1180059262657389,9.072527444256873e-08,0.2277621439988848,0.7351494431495667,0.0,1.8934873131586818e-07,0.2848561737944087
123,ETTm2,4,MLP,MTT,300,1.0,0.1773943914536872,0.4104559708734695,0.09971381411819,0.1044111591692298,7.979772879767082e-08,1.031010543734254,0.9469658732414246,0.0,8.64041978089841e-08,0.2848561737944087
123,ETTm2,5,MLP,MTT,300,1.0,0.1773943914536872,0.4104559708734695,0.3628719417345518,0.0844732290683504,1.764815644400644e-07,0.8456161760386863,0.9937384724617004,0.0,2.1639476667696445e-07,0.2848561737944087
123,ETTm2,6,MLP,MTT,300,1.0,0.1773943914536872,0.4104559708734695,0.1586853526797894,0.1098576704457086,8.132071410155504e-08,0.6455700165450342,0.8777753710746765,0.0,1.6310041071243513e-08,0.2848561737944087
7,weather,0,MLP,MTT,300,0.0,0.1744427189063233,0.2343403145592426,0.3490160275464389,0.3462468648399727,0.7051673167834558,1.4374413307121805,0.9466288685798644,1.0,0.8097829252026368,0.2497448253119656
7,weather,1,MLP,MTT,300,0.0,0.1744427189063233,0.2343403145592426,0.1160515467023509,0.1571171267396661,0.3334886774808274,1.0657232734662996,0.8064885139465332,2.0,0.2439361382743596,0.2497448253119656
7,weather,2,MLP,MTT,300,0.0,0.1744427189063233,0.2343403145592426,0.1140149470434178,0.1421475438116899,0.3349845006473727,1.16479187301008,0.8123397827148438,2.0,0.231571084903887,0.2497448253119656
7,weather,3,MLP,MTT,300,0.0,0.1744427189063233,0.2343403145592426,0.266561055199188,0.2672819611298317,0.6303697163034231,0.8886198189903904,0.945353388786316,1.0,0.6050261954889347,0.2497448253119656
7,weather,4,MLP,MTT,300,0.0,0.1744427189063233,0.2343403145592426,0.327748870482361,0.1777970452800403,0.2578044574988354,0.8125708617587672,0.460676372051239,2.0,0.337733515095289,0.2497448253119656
7,weather,5,MLP,MTT,300,0.0,0.1744427189063233,0.2343403145592426,0.1545479658820404,0.1465153987072024,0.2411111443606359,0.6503839355616203,0.9005521535873413,2.0,0.481179017660185,0.2497448253119656
7,weather,6,MLP,MTT,300,0.0,0.1744427189063233,0.2343403145592426,0.2794115732316808,0.2610167112988711,0.4725721765773778,0.6429426974067596,0.960533320903778,1.0,0.6456874420494769,0.2497448253119656
7,weather,7,MLP,MTT,300,0.0,0.1744427189063233,0.2343403145592426,0.3016855714083446,0.1578912226696832,0.2342288110054557,0.4741232712989614,0.8475863337516785,2.0,0.5914808317553546,0.2497448253119656
7,weather,8,MLP,MTT,300,0.0,0.1744427189063233,0.2343403145592426,0.2843459666972829,0.2613493141554551,0.4701781972889028,0.6511001595047585,0.9606750011444092,1.0,0.6546408966018047,0.2497448253119656
7,weather,9,MLP,MTT,300,0.0,0.1744427189063233,0.2343403145592426,0.2842248210981039,0.2611519701702696,0.4713118991425229,0.6532669308530131,0.9605460166931152,1.0,0.6537889117243137,0.2497448253119656
7,weather,10,MLP,MTT,300,0.0,0.1744427189063233,0.2343403145592426,0.1153268646254392,0.1128154185865225,0.3640997614855631,1.406049881419309,0.8328185677528381,2.0,0.1519379933744927,0.2497448253119656
7,weather,11,MLP,MTT,300,0.0,0.1744427189063233,0.2343403145592426,0.2675217128103632,0.2127766500351685,0.0757786531182742,0.0219979927334706,0.9996360540390016,1.0,0.743979322479503,0.2497448253119656
7,weather,12,MLP,MTT,300,0.0,0.1744427189063233,0.2343403145592426,0.2841216636919368,0.2003278214754054,0.2500323396257972,0.6659061500450552,0.6717501878738403,1.0,0.5269695542962345,0.2497448253119656
7,weather,13,MLP,MTT,300,0.0,0.1744427189063233,0.2343403145592426,0.1195806397189174,0.0820035150747683,0.4008379022812557,0.6847335416136736,0.0796221494674682,0.0,0.8886095682330486,0.2497448253119656
7,weather,14,MLP,MTT,300,0.0,0.1744427189063233,0.2343403145592426,0.0234164333586544,0.0077285587101918,0.2017121492879619,0.053475896342102,0.952444851398468,1.0,0.7227319242030695,0.2497448253119656
7,weather,15,MLP,MTT,300,0.0,0.1744427189063233,0.2343403145592426,0.0495372849814815,0.0153991591003846,0.2874713241023063,0.2215187652329431,0.475959300994873,9.0,0.3533491773227399,0.2497448253119656
7,weather,16,MLP,MTT,300,0.0,0.1744427189063233,0.2343403145592426,0.1173364196440202,0.1115797884545326,0.2378122006195872,0.4378944018340547,0.4742438197135925,0.0,0.1781850577735678,0.2497448253119656
7,weather,17,MLP,MTT,300,0.0,0.1744427189063233,0.2343403145592426,0.1201659055090995,0.1082673189050122,0.2359656417778682,0.4688441964601705,0.4757252931594848,0.0,0.1781274505204014,0.2497448253119656
7,weather,18,MLP,MTT,300,0.0,0.1744427189063233,0.2343403145592426,0.1068978608939739,0.1069541894660744,0.2836726167993456,0.5608506257360949,0.2741201817989349,0.0,0.0396001000569494,0.2497448253119656
7,weather,19,MLP,MTT,300,0.0,0.1744427189063233,0.2343403145592426,0.2187677176995376,0.1443492698462937,0.3891855015148107,0.9267159156586426,0.8129948973655701,2.0,0.2939031646576442,0.2497448253119656
7,weather,20,MLP,MTT,300,0.0,0.1744427189063233,0.2343403145592426,0.3162253142225991,0.1966226257544179,0.0927517781552336,0.0330038415074708,0.9978524446487428,0.0,0.579654887020339,0.2497448253119656
7,weather,0,MLP,MTT,300,0.1,0.1744427189063233,0.2304830496466278,0.311230001197933,0.302734623426961,0.6346505853060325,1.512081662441058,0.9444981217384338,1.0,0.7288046131355782,0.2399870771664664
7,weather,1,MLP,MTT,300,0.1,0.1744427189063233,0.2304830496466278,0.1103125909650878,0.1583239810044703,0.3001398320597975,1.0377341455948046,0.8091873526573181,2.0,0.2195425025323051,0.2399870771664664
7,weather,2,MLP,MTT,300,0.1,0.1744427189063233,0.2304830496466278,0.1105335154287275,0.1437829969126113,0.3014860528363485,1.136579950193219,0.8139666318893433,2.0,0.2084140492025985,0.2399870771664664
7,weather,3,MLP,MTT,300,0.1,0.1744427189063233,0.2304830496466278,0.2529146310980192,0.2416952454021655,0.5673327433290631,0.8230829421437683,0.9435110092163086,1.0,0.5445235551013763,0.2399870771664664
7,weather,4,MLP,MTT,300,0.1,0.1744427189063233,0.2304830496466278,0.3005273754208022,0.1636150747410604,0.2320240004153296,0.7955664108718182,0.4747432470321655,2.0,0.3039601570525047,0.2399870771664664
7,weather,5,MLP,MTT,300,0.1,0.1744427189063233,0.2304830496466278,0.1463229391354805,0.1467634767160646,0.217000036985423,0.6375478347145047,0.8940574526786804,2.0,0.4330611346312136,0.2399870771664664
7,weather,6,MLP,MTT,300,0.1,0.1744427189063233,0.2304830496466278,0.2635871503708384,0.2318092004541142,0.4253149789437649,0.5905416182798703,0.9576870203018188,1.0,0.5811186851448283,0.2399870771664664
7,weather,7,MLP,MTT,300,0.1,0.1744427189063233,0.2304830496466278,0.2598095856998481,0.1356760148141383,0.2108059389093982,0.4778954436526109,0.8341059684753418,2.0,0.5323327743204059,0.2399870771664664
7,weather,8,MLP,MTT,300,0.1,0.1744427189063233,0.2304830496466278,0.2686242866706348,0.2314674756409558,0.4231603763388809,0.5988983479243593,0.9578258991241456,1.0,0.5891768217550998,0.2399870771664664
7,weather,9,MLP,MTT,300,0.1,0.1744427189063233,0.2304830496466278,0.2685254494666797,0.2313330528234695,0.4241806999968232,0.6009497271064779,0.9577012658119202,1.0,0.5884100333472425,0.2399870771664664
7,weather,10,MLP,MTT,300,0.1,0.1744427189063233,0.2304830496466278,0.1167437335368218,0.1141696850874998,0.3276897894077312,1.3742826192181403,0.832916796207428,2.0,0.1367441884768821,0.2399870771664664
7,weather,11,MLP,MTT,300,0.1,0.1744427189063233,0.2304830496466278,0.2514196640643988,0.1839078781730405,0.0682007880350812,0.0233621367000038,0.999322235584259,1.0,0.6695813821533103,0.2399870771664664
7,weather,12,MLP,MTT,300,0.1,0.1744427189063233,0.2304830496466278,0.278208349261565,0.1877083894194649,0.2250291154513905,0.6778638506192912,0.6631262302398682,1.0,0.4742726343706826,0.2399870771664664
7,weather,13,MLP,MTT,300,0.1,0.1744427189063233,0.2304830496466278,0.1168092320730484,0.0790526611656361,0.36075411864785,0.665572147146794,0.0006595849990844,0.0,0.7997487228171085,0.2399870771664664
7,weather,14,MLP,MTT,300,0.1,0.1744427189063233,0.2304830496466278,0.0236243369206714,0.0083077090775716,0.1815409335080137,0.0586310070374319,0.9413622617721558,1.0,0.6504586862876528,0.2399870771664664
7,weather,15,MLP,MTT,300,0.1,0.1744427189063233,0.2304830496466278,0.0496837125359676,0.015939281648285,0.2587241889081693,0.2125752545985096,0.5000672340393066,1.0,0.3180143038056319,0.2399870771664664
7,weather,16,MLP,MTT,300,0.1,0.1744427189063233,0.2304830496466278,0.1213614065271586,0.1123343959258254,0.21403096470535,0.4303605610216597,0.4659244418144226,0.0,0.1603665196797266,0.2399870771664664
7,weather,17,MLP,MTT,300,0.1,0.1744427189063233,0.2304830496466278,0.122983519312795,0.1080994416640618,0.2123690832103327,0.459453624352052,0.4669593572616577,0.0,0.1603147886386505,0.2399870771664664
7,weather,18,MLP,MTT,300,0.1,0.1744427189063233,0.2304830496466278,0.1067276653713362,0.1046723301484586,0.2553053390445069,0.5468253422147217,0.2951837480068207,0.0,0.0356400537426287,0.2399870771664664
7,weather,19,MLP,MTT,300,0.1,0.1744427189063233,0.2304830496466278,0.1955815699166695,0.1372929612283411,0.3502669514875576,0.8963270970761049,0.8129415512084961,2.0,0.2645128489725811,0.2399870771664664
7,weather,20,MLP,MTT,300,0.1,0.1744427189063233,0.2304830496466278,0.2807251956237914,0.1902621342750676,0.0834766007056834,0.0339625588247364,0.9967687129974364,0.0,0.5216894259953858,0.2399870771664664
7,weather,0,MLP,MTT,300,0.2,0.1744427189063233,0.2214306047279821,0.2746700903890541,0.2580277132682589,0.5641338499030174,1.586943053149569,0.9411416053771972,1.0,0.647826312687667,0.2334889830168563
7,weather,1,MLP,MTT,300,0.2,0.1744427189063233,0.2214306047279821,0.1055064942421416,0.1602257995450533,0.2667908824589728,1.009746950865703,0.8113980889320374,2.0,0.1951488667902506,0.2334889830168563
7,weather,2,MLP,MTT,300,0.2,0.1744427189063233,0.2214306047279821,0.1080724073007505,0.1459368733648011,0.2679876099120702,1.1084409684265062,0.8151881098747253,2.0,0.1852568692752291,0.2334889830168563
7,weather,3,MLP,MTT,300,0.2,0.1744427189063233,0.2214306047279821,0.2379883770464862,0.2156981772652166,0.5042957507100798,0.7554321931571858,0.9411781430244446,1.0,0.4840208846196194,0.2334889830168563
7,weather,4,MLP,MTT,300,0.2,0.1744427189063233,0.2214306047279821,0.2718514931416063,0.1485271346940893,0.2062435698019542,0.7792650080357857,0.4861907958984375,2.0,0.2701867990097203,0.2334889830168563
7,weather,5,MLP,MTT,300,0.2,0.1744427189063233,0.2214306047279821,0.1402061520621031,0.1480760612278076,0.1928889266598928,0.6247918593828662,0.8867715001106262,2.0,0.3849432062077559,0.2334889830168563
7,weather,6,MLP,MTT,300,0.2,0.1744427189063233,0.2214306047279821,0.2471230297545802,0.2034481166477613,0.3780577637885731,0.5410784886982203,0.9543182849884032,1.0,0.5165499897465352,0.2334889830168563
7,weather,7,MLP,MTT,300,0.2,0.1744427189063233,0.2214306047279821,0.2210502571368452,0.1150526547547415,0.187383062156896,0.4816941683392958,0.8184747695922852,2.0,0.4731846842959902,0.2334889830168563
7,weather,8,MLP,MTT,300,0.2,0.1744427189063233,0.2214306047279821,0.2522190413433502,0.2029676636956905,0.3761425552546251,0.5495925481851514,0.9544354677200316,1.0,0.5237127469083948,0.2334889830168563
7,weather,9,MLP,MTT,300,0.2,0.1744427189063233,0.2214306047279821,0.2521498660284357,0.2029010092237955,0.3770495205801496,0.5515304163870425,0.95431649684906,1.0,0.5230311549701713,0.2334889830168563
7,weather,10,MLP,MTT,300,0.2,0.1744427189063233,0.2214306047279821,0.1187499347547785,0.1156391644488486,0.2912797808805394,1.3425996752412224,0.8328436017036438,2.0,0.1215504373601768,0.2334889830168563
7,weather,11,MLP,MTT,300,0.2,0.1744427189063233,0.2214306047279821,0.2459996234998843,0.171124099601043,0.0606229223596074,0.0245829314621094,0.9987841844558716,1.0,0.5951834884043712,0.2334889830168563
7,weather,12,MLP,MTT,300,0.2,0.1744427189063233,0.2214306047279821,0.273575774771412,0.1753813422485027,0.2000258837608093,0.6872215680265044,0.6520119905471802,1.0,0.4215757144451307,0.2334889830168563
7,weather,13,MLP,MTT,300,0.2,0.1744427189063233,0.2214306047279821,0.1142411561893699,0.0756627705155365,0.3206703224662753,0.656985221516317,0.0732559561729431,0.0,0.7108876622078683,0.2334889830168563
7,weather,14,MLP,MTT,300,0.2,0.1744427189063233,0.2214306047279821,0.0251746814680341,0.0088739899868096,0.1613697230119272,0.0642862793825447,0.9287377595901488,1.0,0.5781855701273686,0.2334889830168563
7,weather,15,MLP,MTT,300,0.2,0.1744427189063233,0.2214306047279821,0.0519478515796147,0.0165540287517617,0.2299770617762838,0.2104773789034984,0.5216411352157593,1.0,0.2826793620833042,0.2334889830168563
7,weather,16,MLP,MTT,300,0.2,0.1744427189063233,0.2214306047279821,0.1260799193512657,0.1129466632385906,0.1902497463490324,0.4233002867132002,0.4560244679450989,0.0,0.1425479815858854,0.2334889830168563
7,weather,17,MLP,MTT,300,0.2,0.1744427189063233,0.2214306047279821,0.126079677809454,0.1078438774031457,0.1887725054764268,0.4468387826669555,0.4566563963890075,0.0,0.1425019373018139,0.2334889830168563
7,weather,18,MLP,MTT,300,0.2,0.1744427189063233,0.2214306047279821,0.1069287167045615,0.1022476760494332,0.2269380825966014,0.526061926190963,0.3148842751979828,0.0,0.0316798977742593,0.2334889830168563
7,weather,19,MLP,MTT,300,0.2,0.1744427189063233,0.2214306047279821,0.1761101435524877,0.1325118290281776,0.3113483721108387,0.8659053183561415,0.812203586101532,2.0,0.235122533287518,0.2334889830168563
7,weather,20,MLP,MTT,300,0.2,0.1744427189063233,0.2214306047279821,0.2542999015012486,0.185591564858358,0.0742014220919262,0.0347543755890847,0.995366096496582,0.0,0.4637239168431906,0.2334889830168563
7,weather,0,MLP,MTT,300,0.3,0.1744427189063233,0.2174927011783622,0.2412608319210416,0.2149567481312856,0.4936171227537634,1.6619889326076849,0.9365593791007996,1.0,0.5668480819546406,0.2304632349153446
7,weather,1,MLP,MTT,300,0.3,0.1744427189063233,0.2174927011783622,0.1024118360550588,0.1623636344325181,0.2334420386985256,0.9817657056443208,0.8131208419799805,2.0,0.1707552784845744,0.2304632349153446
7,weather,2,MLP,MTT,300,0.3,0.1744427189063233,0.2174927011783622,0.1074489579009761,0.1480360634857352,0.2344891629575742,1.0803249059930708,0.81600421667099,2.0,0.16209973742322,0.2304632349153446
7,weather,3,MLP,MTT,300,0.3,0.1744427189063233,0.2174927011783622,0.2223156857323772,0.1900039913878978,0.4412587600368667,0.6878292508955751,0.9383546710014344,1.0,0.4235183044204577,0.2304632349153446
7,weather,4,MLP,MTT,300,0.3,0.1744427189063233,0.2174927011783622,0.2420684946133647,0.1328464517537507,0.1804631518153423,0.7680885442411232,0.4950194358825683,2.0,0.2364134999968204,0.2304632349153446
7,weather,5,MLP,MTT,300,0.3,0.1744427189063233,0.2174927011783622,0.1359322727890111,0.1502073687454063,0.1687778230803244,0.6121075218244548,0.8786942958831787,2.0,0.3368253685732706,0.2304632349153446
7,weather,6,MLP,MTT,300,0.3,0.1744427189063233,0.2174927011783622,0.2307844468058352,0.1779150394644865,0.3308005070156805,0.4894662426301929,0.9504269361495972,1.0,0.4519812020887088,0.2304632349153446
7,weather,7,MLP,MTT,300,0.3,0.1744427189063233,0.2174927011783622,0.1935625509769599,0.097954863077362,0.1639601945610062,0.4861225015120554,0.8006928563117981,2.0,0.4140366920399754,0.2304632349153446
7,weather,8,MLP,MTT,300,0.3,0.1744427189063233,0.2174927011783622,0.2359436602172121,0.1779906783602992,0.3291247294107765,0.4981332793631183,0.950503706932068,1.0,0.4582485498952556,0.2304632349153446
7,weather,9,MLP,MTT,300,0.3,0.1744427189063233,0.2174927011783622,0.2359076253911803,0.1779794502196992,0.3299183016198215,0.499955203303463,0.9503917694091796,1.0,0.4576522460560068,0.2304632349153446
7,weather,10,MLP,MTT,300,0.3,0.1744427189063233,0.2174927011783622,0.121296962093088,0.1171954974966015,0.2548698101174346,1.3110253905400122,0.832598865032196,2.0,0.106356578681661,0.2304632349153446
7,weather,11,MLP,MTT,300,0.3,0.1744427189063233,0.2174927011783622,0.2448659979069013,0.1656470773465926,0.0530450561800565,0.0257274967109933,0.9980218410491944,1.0,0.5207855946554321,0.2304632349153446
7,weather,12,MLP,MTT,300,0.3,0.1744427189063233,0.2174927011783622,0.2694013563208345,0.1635744160803283,0.1750226420047152,0.6961345504937971,0.6384075880050659,1.0,0.3688787589970059,0.2304632349153446
7,weather,13,MLP,MTT,300,0.3,0.1744427189063233,0.2174927011783622,0.1116728941109907,0.0718857333155811,0.2805865119820124,0.6533473284575617,0.1421246528625488,0.0,0.622026601598628,0.2304632349153446
7,weather,14,MLP,MTT,300,0.3,0.1744427189063233,0.2174927011783622,0.0269531817462857,0.009449069131082,0.1411984923238689,0.0711633173954671,0.9145712852478028,1.0,0.505912384392723,0.2304632349153446
7,weather,15,MLP,MTT,300,0.3,0.1744427189063233,0.2174927011783622,0.0549874263202851,0.0172743420009738,0.2012299160048327,0.2101152754868121,0.540681004524231,1.0,0.2473443521557569,0.2304632349153446
7,weather,16,MLP,MTT,300,0.3,0.1744427189063233,0.2174927011783622,0.1308074719142715,0.1136342835199594,0.166468519745953,0.4102973222654542,0.4445440769195556,0.0,0.1247295389866961,0.2304632349153446
7,weather,17,MLP,MTT,300,0.3,0.1744427189063233,0.2174927011783622,0.1297252982131587,0.1074779963818977,0.165175933888874,0.4444953305808289,0.4448166489601135,0.0,0.1246890859649773,0.2304632349153446
7,weather,18,MLP,MTT,300,0.3,0.1744427189063233,0.2174927011783622,0.1073275984037997,0.0996926555435571,0.1985708010496671,0.5052568347898481,0.3332220017910003,0.0,0.027720070768036,0.2304632349153446
7,weather,19,MLP,MTT,300,0.3,0.1744427189063233,0.2174927011783622,0.160473621214623,0.1296958733202447,0.2724298259484768,0.8355193384140555,0.8107811212539673,2.0,0.2057322176024549,0.2304632349153446
7,weather,20,MLP,MTT,300,0.3,0.1744427189063233,0.2174927011783622,0.2363150364792408,0.1822920353442554,0.0649262417216806,0.0363092513189799,0.9936445355415344,0.0,0.4057584558182375,0.2304632349153446
7,weather,0,MLP,MTT,300,0.5,0.1744427189063233,0.2136977340718068,0.1877612725223518,0.1425863474520419,0.3525836800959743,1.8123973771934483,0.923717737197876,0.0,0.4048914810588183,0.2306190603210386
7,weather,1,MLP,MTT,300,0.5,0.1744427189063233,0.2136977340718068,0.1104530097998222,0.1661522646422669,0.1667442838548269,0.9258559351925888,0.8151021599769592,2.0,0.1219681018732221,0.2306190603210386
7,weather,2,MLP,MTT,300,0.5,0.1744427189063233,0.2136977340718068,0.1156637974027827,0.1519978897595599,0.1674922324179363,1.0241702524040053,0.8164204359054565,2.0,0.1157855698699224,0.2306190603210386
7,weather,3,MLP,MTT,300,0.5,0.1744427189063233,0.2136977340718068,0.1908503790345106,0.1447438299365053,0.3151847755059089,0.5528145135086686,0.9312360882759094,0.0,0.3025130236453408,0.2306190603210386
7,weather,4,MLP,MTT,300,0.5,0.1744427189063233,0.2136977340718068,0.1809360726135964,0.101721729629838,0.1289022642061211,0.7460933665937974,0.5048192739486694,2.0,0.1688667839112517,0.2306190603210386
7,weather,5,MLP,MTT,300,0.5,0.1744427189063233,0.2136977340718068,0.136629183039964,0.1555568625968587,0.1205556659810013,0.5869597086951867,0.8601661920547485,0.0,0.2405894663318691,0.2306190603210386
7,weather,6,MLP,MTT,300,0.5,0.1744427189063233,0.2136977340718068,0.200637457540571,0.1360303428154565,0.2362861111540055,0.3886054188768243,0.9410766959190368,0.0,0.3228436882794115,0.2306190603210386
7,weather,7,MLP,MTT,300,0.5,0.1744427189063233,0.2136977340718068,0.1598710047290164,0.0771656873784533,0.1171144488006312,0.497618374389986,0.7586766481399536,0.0,0.295740577170078,0.2306190603210386
7,weather,8,MLP,MTT,300,0.5,0.1744427189063233,0.2136977340718068,0.2061367291480772,0.1371957548046353,0.2350890894290683,0.3976134368037191,0.9410161375999452,0.0,0.3273204612850627,0.2306190603210386
7,weather,9,MLP,MTT,300,0.5,0.1744427189063233,0.2136977340718068,0.2061443458804718,0.1372802740420136,0.2356559416094856,0.3992347736077979,0.9409223794937134,0.0,0.3268944893018644,0.2306190603210386
7,weather,10,MLP,MTT,300,0.5,0.1744427189063233,0.2136977340718068,0.1280005393306272,0.1206708200915899,0.1820497897240234,1.2482392334330228,0.8315950632095337,2.0,0.0759690764482504,0.2306190603210386
7,weather,11,MLP,MTT,300,0.5,0.1744427189063233,0.2136977340718068,0.2456294362372879,0.1617808203790891,0.0378893267608572,0.0277679152904317,0.9958245158195496,1.0,0.3719897140030466,0.2306190603210386
7,weather,12,MLP,MTT,300,0.5,0.1744427189063233,0.2136977340718068,0.2637703817404173,0.1421773697858107,0.1250161778491375,0.7171929062577198,0.603728175163269,1.0,0.2634849191459023,0.2306190603210386
7,weather,13,MLP,MTT,300,0.5,0.1744427189063233,0.2136977340718068,0.1074633132298304,0.0630113378440046,0.2004189445034276,0.6204489929227065,0.2647210955619812,0.0,0.4443046955734476,0.2306190603210386
7,weather,14,MLP,MTT,300,0.5,0.1744427189063233,0.2136977340718068,0.0305923334481671,0.0104640949677396,0.1008560789111071,0.0867585906645308,0.8816123604774475,1.0,0.3613660129234316,0.2306190603210386
7,weather,15,MLP,MTT,300,0.5,0.1744427189063233,0.2136977340718068,0.0646710226130728,0.0194899695394775,0.1437356651927674,0.2159992644301213,0.571158766746521,1.0,0.1766745369163211,0.2306190603210386
7,weather,16,MLP,MTT,300,0.5,0.1744427189063233,0.2136977340718068,0.1393469483683179,0.1149285195127738,0.1189060899627828,0.3902383965910619,0.4168419241905212,0.0,0.0890925582936656,0.2306190603210386
7,weather,17,MLP,MTT,300,0.5,0.1744427189063233,0.2136977340718068,0.1366853149398768,0.106486179940063,0.1179827827033674,0.4144575927563209,0.4165266752243042,0.0,0.0890635727463898,0.2306190603210386
7,weather,18,MLP,MTT,300,0.5,0.1744427189063233,0.2136977340718068,0.1087947919942038,0.094187534736336,0.1418362705824377,0.4581809484507071,0.3658089339733124,0.0,0.0197999781393946,0.2306190603210386
7,weather,19,MLP,MTT,300,0.5,0.1744427189063233,0.2136977340718068,0.13720688266501,0.1286251614001436,0.1945927287767012,0.7747161227833209,0.8058827519416809,0.0,0.1469515862323287,0.2306190603210386
7,weather,20,MLP,MTT,300,0.5,0.1744427189063233,0.2136977340718068,0.227269619128802,0.1781940876533874,0.0463758900819574,0.0390916311472246,0.989244818687439,0.0,0.2898274856410893,0.2306190603210386
7,weather,0,MLP,MTT,300,0.7,0.1744427189063233,0.2090342795544408,0.1523524510871829,0.0980523426829355,0.2115502211162382,1.9632200226604648,0.9059731364250184,0.0,0.2429349266395858,0.23470830252141
7,weather,1,MLP,MTT,300,0.7,0.1744427189063233,0.2090342795544408,0.1272533772723646,0.1694960578205257,0.1000465238264469,0.8700387678681563,0.8151312470436096,0.0,0.0731807355163565,0.23470830252141
7,weather,2,MLP,MTT,300,0.7,0.1744427189063233,0.2090342795544408,0.1317557911435048,0.1561638189399473,0.1004953385360445,0.9681405790798896,0.8152151703834534,0.0,0.0694714023166248,0.23470830252141
7,weather,3,MLP,MTT,300,0.7,0.1744427189063233,0.2090342795544408,0.1622498624339015,0.1127237300076664,0.1891107525599527,0.4181229909744538,0.9221553206443788,0.0,0.1815077428702239,0.23470830252141
7,weather,4,MLP,MTT,300,0.7,0.1744427189063233,0.2090342795544408,0.122348027909449,0.0859793973720094,0.0773413869367242,0.7224738292391991,0.5041428804397583,0.0,0.1013200678256831,0.23470830252141
7,weather,5,MLP,MTT,300,0.7,0.1744427189063233,0.2090342795544408,0.1533231548143007,0.1601720504005143,0.0723334508514791,0.562150728692211,0.8384732007980347,0.0,0.1443537002739262,0.23470830252141
7,weather,6,MLP,MTT,300,0.7,0.1744427189063233,0.2090342795544408,0.1760428203343603,0.1061876555572443,0.1417716770519795,0.2856455039447798,0.9296363592147828,0.0,0.1937061744701142,0.23470830252141
7,weather,7,MLP,MTT,300,0.7,0.1744427189063233,0.2090342795544408,0.1429494827130995,0.064533408372954,0.0702686732486953,0.5070538181671562,0.7080574035644531,0.0,0.1774443319423129,0.23470830252141
7,weather,8,MLP,MTT,300,0.7,0.1744427189063233,0.2090342795544408,0.18224884706387,0.1049016102189323,0.1410533680151465,0.2949506764813026,0.929363250732422,0.0,0.1963922505084357,0.23470830252141
7,weather,9,MLP,MTT,300,0.7,0.1744427189063233,0.2090342795544408,0.1822957530978154,0.1050037625410916,0.1413935851947346,0.2963310206647778,0.929293155670166,0.0,0.1961367936219085,0.23470830252141
7,weather,10,MLP,MTT,300,0.7,0.1744427189063233,0.2090342795544408,0.1368042304566492,0.1245878866276172,0.1092297692420366,1.185960088241966,0.8299053311347961,0.0,0.0455814666530292,0.23470830252141
7,weather,11,MLP,MTT,300,0.7,0.1744427189063233,0.2090342795544408,0.2463946435210313,0.1606876641671189,0.0227335976013385,0.032349245219199,0.9927302598953248,1.0,0.2231938333506611,0.23470830252141
7,weather,12,MLP,MTT,300,0.7,0.1744427189063233,0.2090342795544408,0.2610578464984658,0.1243216508094076,0.0750097209034177,0.7385042528131566,0.5590877532958984,0.0,0.1580910792947985,0.23470830252141
7,weather,13,MLP,MTT,300,0.7,0.1744427189063233,0.2090342795544408,0.1055081165224912,0.0531393928088713,0.120251385752723,0.5955669144407436,0.3671296834945678,0.0,0.2665828971449174,0.23470830252141
7,weather,14,MLP,MTT,300,0.7,0.1744427189063233,0.2090342795544408,0.0337601640956511,0.0112756769399202,0.0605136459660217,0.1038472248894844,0.8424855470657349,1.0,0.2168197110285017,0.23470830252141
7,weather,15,MLP,MTT,300,0.7,0.1744427189063233,0.2090342795544408,0.077321694497787,0.0222920584203314,0.0862413987158693,0.2247773544661076,0.5915005207061768,1.0,0.1060045852664461,0.23470830252141
7,weather,16,MLP,MTT,300,0.7,0.1744427189063233,0.2090342795544408,0.1466209545470448,0.1157807053828541,0.0713436326258262,0.3792055561893837,0.382817804813385,0.0,0.0534554821059832,0.23470830252141
7,weather,17,MLP,MTT,300,0.7,0.1744427189063233,0.2090342795544408,0.1422673899067274,0.1051836054685243,0.0707896736939881,0.4109445431785739,0.3820891976356506,0.0,0.0534381542553452,0.23470830252141
7,weather,18,MLP,MTT,300,0.7,0.1744427189063233,0.2090342795544408,0.1108881580524642,0.0882405881937666,0.0851017508182416,0.4084436267932346,0.3929444551467895,0.0,0.0118798855107532,0.23470830252141
7,weather,19,MLP,MTT,300,0.7,0.1744427189063233,0.2090342795544408,0.1221367901412353,0.1315189640305759,0.116755597899916,0.713929247054127,0.7982462644577026,0.0,0.0881709548622025,0.23470830252141
7,weather,20,MLP,MTT,300,0.7,0.1744427189063233,0.2090342795544408,0.2243749377136901,0.1756761767480347,0.0278255348880976,0.042222292057883,0.9835695028305054,0.0,0.173896563591183,0.23470830252141
7,weather,0,MLP,MTT,300,1.0,0.1744427189063233,0.2138014832055432,0.1245879758791996,0.09324102248253,4.777156174403975e-08,2.190270044570885,0.8701632022857666,0.0,1.1824903197296529e-07,0.242273250279855
7,weather,1,MLP,MTT,300,1.0,0.1744427189063233,0.2138014832055432,0.1557774903687814,0.1749080578911305,9.173976080847489e-08,0.7865074404802329,0.8115146160125732,0.0,1.2427342863343237e-07,0.242273250279855
7,weather,2,MLP,MTT,300,1.0,0.1744427189063233,0.2138014832055432,0.1593641214568794,0.1630181608046923,6.463519039593656e-08,0.8844602450805814,0.8103670477867126,0.0,6.760597542556489e-09,0.242273250279855
7,weather,3,MLP,MTT,300,1.0,0.1744427189063233,0.2138014832055432,0.1301242056478209,0.0803880304599974,1.5485335701455188e-07,0.2184149542497093,0.904854953289032,0.0,1.1810405463297541e-07,0.242273250279855
7,weather,4,MLP,MTT,300,1.0,0.1744427189063233,0.2138014832055432,0.0869347655438263,0.0801421354244434,1.4684040359240096e-07,0.6927326759163593,0.4834849834442138,0.0,1.1175709886533725e-07,0.242273250279855
7,weather,5,MLP,MTT,300,1.0,0.1744427189063233,0.2138014832055432,0.1755208136262279,0.16587787099863,1.967940770694879e-07,0.5257540196672079,0.7999993562698364,0.0,5.118701186459407e-08,0.242273250279855
7,weather,6,MLP,MTT,300,1.0,0.1744427189063233,0.2138014832055432,0.1500664272152157,0.0774389863509514,5.8356313470262303e-08,0.1318971564401332,0.9085568189620972,0.0,9.624383165441406e-08,0.242273250279855
7,weather,7,MLP,MTT,300,1.0,0.1744427189063233,0.2138014832055432,0.1354772208269515,0.0547820851635115,7.535072268091346e-08,0.5472939396701257,0.6159976720809937,0.0,9.44585330024558e-08,0.242273250279855
7,weather,8,MLP,MTT,300,1.0,0.1744427189063233,0.2138014832055432,0.1566826087857064,0.0751288216176021,7.910332281153694e-08,0.1413993316520184,0.9078238606452942,0.0,5.650992936297842e-08,0.242273250279855
7,weather,9,MLP,MTT,300,1.0,0.1744427189063233,0.2138014832055432,0.1567346929352991,0.0751572459899213,4.941871401105838e-08,0.1424135332945493,0.907799482345581,0.0,1.584906949283714e-07,0.242273250279855
7,weather,10,MLP,MTT,300,1.0,0.1744427189063233,0.2138014832055432,0.1522191550919723,0.1312538789347799,1.516296368069058e-07,1.0936596493456758,0.8260847330093384,0.0,1.0574110279190528e-07,0.242273250279855
7,weather,11,MLP,MTT,300,1.0,0.1744427189063233,0.2138014832055432,0.2470710016115996,0.1602779918901631,1.5603030235746313e-08,0.0341598883035688,0.9864071011543274,0.0,3.384128581711499e-07,0.242273250279855
7,weather,12,MLP,MTT,300,1.0,0.1744427189063233,0.2138014832055432,0.260029495853344,0.1043145360767408,1.0603906105977745e-07,0.7684304947500605,0.4734504222869873,0.0,2.839955701000013e-07,0.242273250279855
7,weather,13,MLP,MTT,300,1.0,0.1744427189063233,0.2138014832055432,0.1067049734090019,0.0409066318144268,7.936744767705357e-08,0.6005243929548125,0.4828905463218689,0.0,1.7708615335210966e-07,0.242273250279855
7,weather,14,MLP,MTT,300,1.0,0.1744427189063233,0.2138014832055432,0.0375828548626954,0.0122431310964334,4.734668862743315e-08,0.1322707194669438,0.7722305059432983,0.0,1.1903738407106181e-07,0.242273250279855
7,weather,15,MLP,MTT,300,1.0,0.1744427189063233,0.2138014832055432,0.0970121759379717,0.0274015154709492,8.36298921269748e-08,0.2451490756605099,0.6030081510543823,0.0,2.3990053690992934e-07,0.242273250279855
7,weather,16,MLP,MTT,300,1.0,0.1744427189063233,0.2138014832055432,0.1543034749754205,0.115662639186953,7.628059722830698e-08,0.3727274962087821,0.319928228855133,0.0,3.668088849783565e-08,0.242273250279855
7,weather,17,MLP,MTT,300,1.0,0.1744427189063233,0.2138014832055432,0.1478635807471612,0.1028578144675585,1.5290854975483062e-07,0.3929043481223609,0.3189066052436828,0.0,3.050276217053932e-07,0.242273250279855
7,weather,18,MLP,MTT,300,1.0,0.1744427189063233,0.2138014832055432,0.1135885847238718,0.0786892395172966,1.2979125237124238e-07,0.3539067020177042,0.4234265089035034,0.0,1.437781601257709e-07,0.242273250279855
7,weather,19,MLP,MTT,300,1.0,0.1744427189063233,0.2138014832055432,0.110773690941193,0.1398331143119561,1.1311215166324873e-07,0.6227888895067026,0.7816576361656189,0.0,9.346110057574965e-08,0.242273250279855
7,weather,20,MLP,MTT,300,1.0,0.1744427189063233,0.2138014832055432,0.2226176113494609,0.1733047615832695,2.4547553960651133e-08,0.047387630735862,0.9726647734642028,0.0,1.323890816911903e-07,0.242273250279855
42,weather,0,MLP,MTT,300,0.0,0.175995442879,0.2327172703423307,0.073860418429944,0.078642239685591,0.2282853315482923,1.2593480466192846,0.82945317029953,0.0,0.1809889250567493,0.2100485045896027
42,weather,1,MLP,MTT,300,0.0,0.175995442879,0.2327172703423307,0.1541587135629519,0.192915387853712,0.1732943296722118,0.7057485557502418,0.6322792768478394,2.0,0.0628389048656369,0.2100485045896027
42,weather,2,MLP,MTT,300,0.0,0.175995442879,0.2327172703423307,0.1749728575661139,0.178591225628695,0.1672074562192647,0.7804993519109982,0.6356757879257202,2.0,0.0346594434959761,0.2100485045896027
42,weather,3,MLP,MTT,300,0.0,0.175995442879,0.2327172703423307,0.1800999642000606,0.160609525035685,0.4753971129647961,0.2042667430359585,0.7638530731201172,0.0,0.549378737863787,0.2100485045896027
42,weather,4,MLP,MTT,300,0.0,0.175995442879,0.2327172703423307,0.1406253990446875,0.1057448828798091,0.3652651492861656,1.5219055758512543,0.3623656630516052,0.0,0.5232625062856878,0.2100485045896027
42,weather,5,MLP,MTT,300,0.0,0.175995442879,0.2327172703423307,0.1630272633096146,0.1669324545238177,0.1107740678432774,0.4209102454556808,0.8252466320991516,2.0,0.3356994491314931,0.2100485045896027
42,weather,6,MLP,MTT,300,0.0,0.175995442879,0.2327172703423307,0.1803944058905686,0.1446472243907634,0.2797242436813961,0.1285248314220221,0.9085336327552797,0.0,0.0401216680473918,0.2100485045896027
42,weather,7,MLP,MTT,300,0.0,0.175995442879,0.2327172703423307,0.1339518870546479,0.0572035034395609,0.3629713639127543,0.6282784977497586,0.7530684471130371,0.0,0.1561978245259022,0.2100485045896027
42,weather,8,MLP,MTT,300,0.0,0.175995442879,0.2327172703423307,0.1800728560647966,0.1380638586549644,0.2806607782257702,0.1307824898833073,0.9087074995040894,0.0,0.0480944161284227,0.2100485045896027
42,weather,9,MLP,MTT,300,0.0,0.175995442879,0.2327172703423307,0.1799734126674013,0.1380499232079942,0.2821487129780928,0.1314888630986165,0.9079523086547852,0.0,0.0441745068375176,0.2100485045896027
42,weather,10,MLP,MTT,300,0.0,0.175995442879,0.2327172703423307,0.2173023596841133,0.1534736127987759,0.1821184124446842,0.9645334548539232,0.6438837051391602,2.0,0.0060916574016635,0.2100485045896027
42,weather,11,MLP,MTT,300,0.0,0.175995442879,0.2327172703423307,0.1556215212170808,0.1062669515033076,0.0752582921941383,0.0294649567424977,0.9996433854103088,1.0,0.7736306350060985,0.2100485045896027
42,weather,12,MLP,MTT,300,0.0,0.175995442879,0.2327172703423307,0.1703614789466822,0.088785193144968,0.3998648418293171,0.969606066278079,0.602270245552063,2.0,0.3824527156109553,0.2100485045896027
42,weather,13,MLP,MTT,300,0.0,0.175995442879,0.2327172703423307,0.1180745028544508,0.0492042670558747,0.4838143156879297,0.2211312781630468,0.5052233934402466,2.0,0.3526187925125502,0.2100485045896027
42,weather,14,MLP,MTT,300,0.0,0.175995442879,0.2327172703423307,0.0058648655785937,0.0029621645686806,0.2995293606503099,0.0057362117902875,0.9965631365776062,0.0,0.9405156733469882,0.2100485045896027
42,weather,15,MLP,MTT,300,0.0,0.175995442879,0.2327172703423307,0.0317538122382508,0.0128900754116326,0.2215702977267406,0.1090140984868851,0.7014092206954956,2.0,0.5527255499536877,0.2100485045896027
42,weather,16,MLP,MTT,300,0.0,0.175995442879,0.2327172703423307,0.1393178875550093,0.0650331214522434,0.2646340922326779,0.6006762692369493,0.0761299133300781,0.0,0.1908164952307329,0.2100485045896027
42,weather,17,MLP,MTT,300,0.0,0.175995442879,0.2327172703423307,0.1347673748469974,0.0650856528207386,0.2603835044371177,0.6059456516257716,0.1143813729286193,0.0,0.1616989891845042,0.2100485045896027
42,weather,18,MLP,MTT,300,0.0,0.175995442879,0.2327172703423307,0.1291483381114441,0.054436124955536,0.217571574260663,0.504841640832783,0.2088468968868255,0.0,0.2655946820139756,0.2100485045896027
42,weather,19,MLP,MTT,300,0.0,0.175995442879,0.2327172703423307,0.1372758318060305,0.1696620652259316,0.2087319291856726,0.6434042137794841,0.6112536191940308,0.0,0.1431381649952849,0.2100485045896027
42,weather,20,MLP,MTT,300,0.0,0.175995442879,0.2327172703423307,0.2862858010998224,0.2049121112304926,0.1046216864080345,0.0273548159794203,0.998979389667511,0.0,0.7210965681487035,0.2100485045896027
42,weather,0,MLP,MTT,300,0.1,0.175995442879,0.2369941038729844,0.0741798982282809,0.0762311420716776,0.2054568017096544,1.2391871656855682,0.8341237902641296,0.0,0.1628899184776735,0.2052085356107471
42,weather,1,MLP,MTT,300,0.1,0.175995442879,0.2369941038729844,0.1508343016035369,0.1861832937266615,0.155964888265174,0.7038751885976405,0.6553466320037842,2.0,0.0565549129591081,0.2052085356107471
42,weather,2,MLP,MTT,300,0.1,0.175995442879,0.2369941038729844,0.1725237536494879,0.1716792030274148,0.1504866993962625,0.7812019802950244,0.6581698656082153,2.0,0.0311934984703187,0.2052085356107471
42,weather,3,MLP,MTT,300,0.1,0.175995442879,0.2369941038729844,0.1785102536843297,0.1598374910344038,0.4278574002608499,0.1755530132833617,0.7812483310699463,0.0,0.4944409360762105,0.2052085356107471
42,weather,4,MLP,MTT,300,0.1,0.175995442879,0.2369941038729844,0.1336246381913845,0.102403312658423,0.3287386135506555,1.5052517931809308,0.3898753523826599,0.0,0.4709361736455479,0.2052085356107471
42,weather,5,MLP,MTT,300,0.1,0.175995442879,0.2369941038729844,0.157998361772031,0.1570765134991109,0.099696663021598,0.4184509039254258,0.8248031139373779,2.0,0.3021295002581477,0.2052085356107471
42,weather,6,MLP,MTT,300,0.1,0.175995442879,0.2369941038729844,0.1771939523114375,0.1434399421993129,0.2517517838485774,0.1167134213749535,0.9088257551193236,0.0,0.0361095469739893,0.2052085356107471
42,weather,7,MLP,MTT,300,0.1,0.175995442879,0.2369941038729844,0.131526267154155,0.0568371676609499,0.326674235593675,0.595232904957118,0.7414107322692871,0.0,0.1405780841086321,0.2052085356107471
42,weather,8,MLP,MTT,300,0.1,0.175995442879,0.2369941038729844,0.1766948145897257,0.1367837491868216,0.2525946752712492,0.1216144422387605,0.908912479877472,0.0,0.04328496794993,0.2052085356107471
42,weather,9,MLP,MTT,300,0.1,0.175995442879,0.2369941038729844,0.17661457852812,0.1367672118695872,0.2539338098655133,0.1222565441006746,0.9082310199737548,0.0,0.0397570720028353,0.2052085356107471
42,weather,10,MLP,MTT,300,0.1,0.175995442879,0.2369941038729844,0.2169858644380244,0.1474052593492722,0.1639065660541409,0.970186111953976,0.6673146486282349,2.0,0.0054824273064816,0.2052085356107471
42,weather,11,MLP,MTT,300,0.1,0.175995442879,0.2369941038729844,0.1934213889850241,0.1302985932924993,0.0677324627672667,0.0309183345297489,0.99928879737854,2.0,0.6962675867158731,0.2052085356107471
42,weather,12,MLP,MTT,300,0.1,0.175995442879,0.2369941038729844,0.1756479973341684,0.0903749665639215,0.3598783605299239,0.955111534596095,0.5947551727294922,2.0,0.3442074795539314,0.2052085356107471
42,weather,13,MLP,MTT,300,0.1,0.175995442879,0.2369941038729844,0.1173602853624607,0.0483269577142293,0.4354328839976245,0.2357963843696577,0.3677783012390136,2.0,0.3173568955526799,0.2052085356107471
42,weather,14,MLP,MTT,300,0.1,0.175995442879,0.2369941038729844,0.0123319736669735,0.0069354746162293,0.2695764229485761,0.0119951335468872,0.990196406841278,0.0,0.8464641166115084,0.2052085356107471
42,weather,15,MLP,MTT,300,0.1,0.175995442879,0.2369941038729844,0.0321578407538165,0.0150707974005266,0.1994132652622353,0.1115983935248401,0.6989139318466187,2.0,0.4974529948400922,0.2052085356107471
42,weather,16,MLP,MTT,300,0.1,0.175995442879,0.2369941038729844,0.1387468902900847,0.0649675948342382,0.2381706851705792,0.618845422756584,0.1068742871284484,0.0,0.1717348493757485,0.2052085356107471
42,weather,17,MLP,MTT,300,0.1,0.175995442879,0.2369941038729844,0.1340165468873065,0.0646468545097109,0.234345150914926,0.6350524234148112,0.1400694847106933,0.0,0.1455290923505531,0.2052085356107471
42,weather,18,MLP,MTT,300,0.1,0.175995442879,0.2369941038729844,0.1260152128976676,0.054455136854755,0.1958143866142477,0.520962774314939,0.236391931772232,0.0,0.2390350459190938,0.2052085356107471
42,weather,19,MLP,MTT,300,0.1,0.175995442879,0.2369941038729844,0.1330922911214619,0.1642990117133821,0.1878586948960121,0.6582114243800191,0.6325644254684448,0.0,0.1288241678414717,0.2052085356107471
42,weather,20,MLP,MTT,300,0.1,0.175995442879,0.2369941038729844,0.2476302200363775,0.1798944031871279,0.0941595170395841,0.0235873368824948,0.998034417629242,0.0,0.6489868956963961,0.2052085356107471
42,weather,0,MLP,MTT,300,0.2,0.175995442879,0.2307539099177117,0.0746686249569397,0.0737026352708249,0.1826282421932948,1.219171889110705,0.8386611938476562,0.0,0.1447910978049571,0.2028248389942031
42,weather,1,MLP,MTT,300,0.2,0.175995442879,0.2307539099177117,0.1473166681069609,0.1788979301686786,0.138635463709408,0.7020010008498933,0.6772708892822266,2.0,0.0502712056708492,0.2028248389942031
42,weather,2,MLP,MTT,300,0.2,0.175995442879,0.2307539099177117,0.169981090724692,0.1643248546681828,0.133765954451073,0.7819182179524307,0.6795473098754883,2.0,0.0277275534446614,0.2028248389942031
42,weather,3,MLP,MTT,300,0.2,0.175995442879,0.2307539099177117,0.1768406750815725,0.158986774291803,0.3803177630802445,0.1547260693120341,0.7979114055633545,0.0,0.4395030139118405,0.2028248389942031
42,weather,4,MLP,MTT,300,0.2,0.175995442879,0.2307539099177117,0.126091310158614,0.1002881357170391,0.2922120755588135,1.489097027677923,0.4139633178710937,0.0,0.418609841005408,0.2028248389942031
42,weather,5,MLP,MTT,300,0.2,0.175995442879,0.2307539099177117,0.1530806551821919,0.1470834355556425,0.0886192682169258,0.4160073653377344,0.8238970637321472,2.0,0.2685595513848023,0.2028248389942031
42,weather,6,MLP,MTT,300,0.2,0.175995442879,0.2307539099177117,0.1740790871595577,0.1421993357199489,0.223779404011728,0.1112439019352647,0.9090534448623656,0.0,0.032097302887876,0.2028248389942031
42,weather,7,MLP,MTT,300,0.2,0.175995442879,0.2307539099177117,0.1291020444635233,0.0565377361717112,0.2903770809037304,0.5622480398674858,0.7292975187301636,0.0,0.1249582785124283,0.2028248389942031
42,weather,8,MLP,MTT,300,0.2,0.175995442879,0.2307539099177117,0.173405263248804,0.1354581545240203,0.224528650143416,0.1189193296761394,0.9090522527694702,0.0,0.0384755197714372,0.2028248389942031
42,weather,9,MLP,MTT,300,0.2,0.175995442879,0.2307539099177117,0.1733396163366755,0.1354386311075806,0.2257189862248303,0.1195228397695927,0.908444344997406,0.0,0.0353396371681531,0.2028248389942031
42,weather,10,MLP,MTT,300,0.2,0.175995442879,0.2307539099177117,0.2168062995521825,0.1409187735319724,0.1456947727193265,0.9758935658114792,0.6895875930786133,2.0,0.0048733047731102,0.2028248389942031
42,weather,11,MLP,MTT,300,0.2,0.175995442879,0.2307539099177117,0.2141502348216019,0.1434195985183591,0.0602066334480407,0.0323883822098008,0.9987189173698424,2.0,0.6189045151370207,0.2028248389942031
42,weather,12,MLP,MTT,300,0.2,0.175995442879,0.2307539099177117,0.1812775065291939,0.0920910328391693,0.3198918780830823,0.9469806754377972,0.5860472917556763,2.0,0.3059622434969074,0.2028248389942031
42,weather,13,MLP,MTT,300,0.2,0.175995442879,0.2307539099177117,0.1165346971131949,0.0474031684595796,0.3870514472292954,0.250596448370652,0.2389187812805175,2.0,0.2820951061894596,0.2028248389942031
42,weather,14,MLP,MTT,300,0.2,0.175995442879,0.2307539099177117,0.0168463588543258,0.0089756800221646,0.2396234843420611,0.0195315836943818,0.9802592992782592,0.0,0.7524125903148119,0.2028248389942031
42,weather,15,MLP,MTT,300,0.2,0.175995442879,0.2307539099177117,0.033304636979808,0.0174133670367166,0.1772562350241222,0.1108520057318563,0.6947863698005676,2.0,0.4421803715212769,0.2028248389942031
42,weather,16,MLP,MTT,300,0.2,0.175995442879,0.2307539099177117,0.1379006245487812,0.0649743112716918,0.2117072602156438,0.6395623772546524,0.1362044215202331,0.0,0.152653203520764,0.2028248389942031
42,weather,17,MLP,MTT,300,0.2,0.175995442879,0.2307539099177117,0.1330672704619486,0.0641997590019368,0.2083068006534314,0.6489969739376983,0.1645941138267517,0.0,0.1293592902441448,0.2028248389942031
42,weather,18,MLP,MTT,300,0.2,0.175995442879,0.2307539099177117,0.122590449641995,0.0545387563302796,0.1740572358665989,0.5370737516833313,0.2625841200351715,0.0,0.2124757387863582,0.2028248389942031
42,weather,19,MLP,MTT,300,0.2,0.175995442879,0.2307539099177117,0.1285319342761314,0.1585732981722221,0.1669855296758592,0.6383624294160551,0.6529262065887451,0.0,0.1145105133040078,0.2028248389942031
42,weather,20,MLP,MTT,300,0.2,0.175995442879,0.2307539099177117,0.2238824706154714,0.1653932958401439,0.0836973471943721,0.0228114884727954,0.9967146515846252,0.0,0.5768772713713307,0.2028248389942031
42,weather,0,MLP,MTT,300,0.3,0.175995442879,0.2334601940362652,0.0753400755029516,0.0710529706003376,0.1597997164718151,1.1993089904801826,0.8430653214454651,0.0,0.126692184179061,0.2026212654853266
42,weather,1,MLP,MTT,300,0.3,0.175995442879,0.2334601940362652,0.1436992480442242,0.1710547690831354,0.1213060383662458,0.7001256476415715,0.698052167892456,2.0,0.043987308637077,0.2026212654853266
42,weather,2,MLP,MTT,300,0.3,0.175995442879,0.2334601940362652,0.1674116067015021,0.1564915768620185,0.1170452288685493,0.7826288105972024,0.6998081207275391,2.0,0.0242617045697246,0.2026212654853266
42,weather,3,MLP,MTT,300,0.3,0.175995442879,0.2334601940362652,0.1750894974246482,0.1580462350213545,0.3327779761422357,0.1452184611031217,0.8138421773910522,0.0,0.384565212124264,0.2026212654853266
42,weather,4,MLP,MTT,300,0.3,0.175995442879,0.2334601940362652,0.1186013498182302,0.0984381726129931,0.2556855877575154,1.4733735262271446,0.4346296191215515,0.0,0.3662836264250368,0.2026212654853266
42,weather,5,MLP,MTT,300,0.3,0.175995442879,0.2334601940362652,0.1483098155590999,0.1369381864317532,0.0775418684239204,0.4135574811827361,0.8225285410881042,2.0,0.234989602511457,0.2026212654853266
42,weather,6,MLP,MTT,300,0.3,0.175995442879,0.2334601940362652,0.1710576153336241,0.1409191426679071,0.195807023863854,0.1130386732108265,0.9092167019844056,0.0,0.0280851203081181,0.2026212654853266
42,weather,7,MLP,MTT,300,0.3,0.175995442879,0.2334601940362652,0.1267298422178087,0.056270746795652,0.2540799488138928,0.5293410597496774,0.716728925704956,0.0,0.1093384729162245,0.2026212654853266
42,weather,8,MLP,MTT,300,0.3,0.175995442879,0.2334601940362652,0.1702106293384173,0.1341194691143157,0.1964625476005862,0.1231222529308147,0.9091268181800842,0.0,0.0336660715929445,0.2026212654853266
42,weather,9,MLP,MTT,300,0.3,0.175995442879,0.2334601940362652,0.1701560952298416,0.1340937952052706,0.1975040837295002,0.1237189283380534,0.9085923433303832,0.0,0.0309222023334708,0.2026212654853266
42,weather,10,MLP,MTT,300,0.3,0.175995442879,0.2334601940362652,0.216698313014706,0.1340133875008247,0.127482925264521,0.981630285401623,0.710702657699585,2.0,0.0042640746779283,0.2026212654853266
42,weather,11,MLP,MTT,300,0.3,0.175995442879,0.2334601940362652,0.2253088111176034,0.1504629323009385,0.0526808042596061,0.0334372347709334,0.9979336261749268,2.0,0.5415415367126757,0.2026212654853266
42,weather,12,MLP,MTT,300,0.3,0.175995442879,0.2334601940362652,0.1871813826387264,0.0940794401825334,0.2799053625069371,0.945058099067794,0.5761468410491943,0.0,0.2677169363947376,0.2026212654853266
42,weather,13,MLP,MTT,300,0.3,0.175995442879,0.2334601940362652,0.1156081556595772,0.0464697059701305,0.3386700305593644,0.265598375387073,0.1186442375183105,2.0,0.246832994036289,0.2026212654853266
42,weather,14,MLP,MTT,300,0.3,0.175995442879,0.2334601940362652,0.0195128625296249,0.0101512552355105,0.2096705507949724,0.0278254094691731,0.9667518734931946,0.0,0.6583609770501636,0.2026212654853266
42,weather,15,MLP,MTT,300,0.3,0.175995442879,0.2334601940362652,0.0354822788901555,0.019874462008125,0.1550992064190271,0.1180117282133902,0.6890267133712769,0.0,0.3869077140998519,0.2026212654853266
42,weather,16,MLP,MTT,300,0.3,0.175995442879,0.2334601940362652,0.1367544600895056,0.0651778541234389,0.1852438592812519,0.6505890200784146,0.1641201972961425,0.0,0.1335715576657796,0.2026212654853266
42,weather,17,MLP,MTT,300,0.3,0.175995442879,0.2334601940362652,0.13185825425172,0.063763296599063,0.1822684444997676,0.664446238642065,0.1879553794860839,0.0,0.1131893934101937,0.2026212654853266
42,weather,18,MLP,MTT,300,0.3,0.175995442879,0.2334601940362652,0.1188630138004106,0.0546161712494136,0.1523000730705644,0.5531724901949879,0.2874239385128021,0.0,0.1859161026914765,0.2026212654853266
42,weather,19,MLP,MTT,300,0.3,0.175995442879,0.2334601940362652,0.1235646736147163,0.1524633707940682,0.1461122807597295,0.6254192051384839,0.6723390817642212,0.0,0.1001966018042819,0.2026212654853266
42,weather,20,MLP,MTT,300,0.3,0.175995442879,0.2334601940362652,0.208739271000381,0.1562297513715833,0.0732351793078521,0.0248344203132459,0.9950201511383056,0.0,0.5047675989190233,0.2026212654853266
42,weather,0,MLP,MTT,300,0.5,0.175995442879,0.2292215264290004,0.0772878696223126,0.0653963458205845,0.1141426658259542,1.1600703402549917,0.851473867893219,0.0,0.0904943569272688,0.2058226912357609
42,weather,1,MLP,MTT,300,0.5,0.175995442879,0.2292215264290004,0.1362578731377448,0.1536174759546011,0.0866471698987475,0.6963807811141923,0.7361853718757629,0.0,0.0314195145695327,0.2058226912357609
42,weather,2,MLP,MTT,300,0.5,0.175995442879,0.2292215264290004,0.1624756960604111,0.1393402445435329,0.0836037039557573,0.7840574079783844,0.7369797229766846,0.0,0.0173297183676893,0.2058226912357609
42,weather,3,MLP,MTT,300,0.5,0.175995442879,0.2292215264290004,0.1713432803348097,0.1558744645469036,0.237698627156195,0.1657042137761448,0.8435070514678955,0.0,0.274689367795524,0.2058226912357609
42,weather,4,MLP,MTT,300,0.5,0.175995442879,0.2292215264290004,0.1070679988751253,0.0943720045005079,0.1826325282225109,1.4447882305046924,0.4656968116760254,0.0,0.2616311972642945,0.2058226912357609
42,weather,5,MLP,MTT,300,0.5,0.175995442879,0.2292215264290004,0.1396138408859216,0.1168140242077478,0.0553870682439391,0.4086849952170588,0.8184040188789368,0.0,0.1678497047647662,0.2058226912357609
42,weather,6,MLP,MTT,300,0.5,0.175995442879,0.2292215264290004,0.1653304243418972,0.1382912913561713,0.1398621066580761,0.1360969647820511,0.9093501567840576,0.0,0.0200608166549578,0.2058226912357609
42,weather,7,MLP,MTT,300,0.5,0.175995442879,0.2292215264290004,0.1221764970938563,0.0558359827016147,0.1814856507278293,0.4637371544127505,0.6902256011962891,0.0,0.0780989269027506,0.2058226912357609
42,weather,8,MLP,MTT,300,0.5,0.175995442879,0.2292215264290004,0.1641454604706619,0.1314003558533674,0.1403304189372811,0.1489367754858187,0.909080445766449,0.0,0.0240471141527419,0.2058226912357609
42,weather,9,MLP,MTT,300,0.5,0.175995442879,0.2292215264290004,0.1641065362158051,0.131360614178844,0.1410743567216908,0.1496087656638201,0.9086924195289612,0.0,0.0220873326641062,0.2058226912357609
42,weather,10,MLP,MTT,300,0.5,0.175995442879,0.2292215264290004,0.2167734783485588,0.1194218920419903,0.0910592647803859,0.993241279346726,0.7494587898254395,2.0,0.003045722049375,0.2058226912357609
42,weather,11,MLP,MTT,300,0.5,0.175995442879,0.2292215264290004,0.2361443936794755,0.1572722920782561,0.0376291450584219,0.0364063783255081,0.9957171082496644,2.0,0.3868153935549711,0.2058226912357609
42,weather,12,MLP,MTT,300,0.5,0.175995442879,0.2292215264290004,0.2002413170997966,0.0992082534330658,0.1999324104122834,0.940185928408328,0.5527681112289429,0.0,0.1912263932355439,0.2058226912357609
42,weather,13,MLP,MTT,300,0.5,0.175995442879,0.2292215264290004,0.1131330807408525,0.044418859860538,0.2419071586587635,0.2959223361561507,0.0961489081382751,2.0,0.1763093077131984,0.2058226912357609
42,weather,14,MLP,MTT,300,0.5,0.175995442879,0.2292215264290004,0.022469278880084,0.0114344542666027,0.1497646868366921,0.0437818617642586,0.9290260076522828,0.0,0.4702579244567704,0.2058226912357609
42,weather,15,MLP,MTT,300,0.5,0.175995442879,0.2292215264290004,0.0431719475081277,0.0249764003592397,0.1107851443842668,0.1428308006224222,0.672610878944397,0.0,0.2763626038726607,0.2058226912357609
42,weather,16,MLP,MTT,300,0.5,0.175995442879,0.2292215264290004,0.1335643357486305,0.0662191958412592,0.1323170403478357,0.692646052716045,0.2157085537910461,0.0,0.0954082659558107,0.2058226912357609
42,weather,17,MLP,MTT,300,0.5,0.175995442879,0.2292215264290004,0.1285669508868663,0.063036293453826,0.1301917462893861,0.6977858224950849,0.2311872839927673,0.0,0.0808495997422915,0.2058226912357609
42,weather,18,MLP,MTT,300,0.5,0.175995442879,0.2292215264290004,0.1106618706607026,0.0549222916408033,0.1087857338509994,0.5821881208824689,0.3330452740192413,0.0,0.132797159463859,0.2058226912357609
42,weather,19,MLP,MTT,300,0.5,0.175995442879,0.2292215264290004,0.112354523082819,0.139037795793876,0.1043659063816721,0.5939929676027199,0.708317756652832,0.0,0.0715690357670921,0.2058226912357609
42,weather,20,MLP,MTT,300,0.5,0.175995442879,0.2292215264290004,0.1934939395984654,0.1456518769247045,0.0523108424114838,0.0324914815624123,0.9905067682266236,0.0,0.3605483021416505,0.2058226912357609
42,weather,0,MLP,MTT,300,0.7,0.175995442879,0.231584324222564,0.0801424225678288,0.0592954943995178,0.0684856178522459,1.1215387496932363,0.8593493700027466,0.0,0.0542966226286563,0.2114553479298135
42,weather,1,MLP,MTT,300,0.7,0.175995442879,0.231584324222564,0.1326315222016619,0.1338293727017507,0.0519883012846004,0.6926845915396611,0.7697462439537048,0.0,0.018851815374745,0.2114553479298135
42,weather,2,MLP,MTT,300,0.7,0.175995442879,0.231584324222564,0.1585647082620701,0.1206745198082977,0.0501622174405367,0.7855008533414619,0.7696846127510071,0.0,0.0103978283163745,0.2114553479298135
42,weather,3,MLP,MTT,300,0.7,0.175995442879,0.231584324222564,0.1673019216211081,0.1531553977559861,0.1426192814922479,0.2233875470745705,0.8702428936958313,0.0,0.164813764220371,0.2114553479298135
42,weather,4,MLP,MTT,300,0.7,0.175995442879,0.231584324222564,0.1106080898511955,0.089218506474333,0.1095794792675672,1.4141672820005022,0.4830773472785949,0.0,0.1569786500437834,0.2114553479298135
42,weather,5,MLP,MTT,300,0.7,0.175995442879,0.231584324222564,0.1336742410638045,0.0984233602301102,0.0332322736288788,0.4038145281133533,0.8124296069145203,0.0,0.1007098978070479,0.2114553479298135
42,weather,6,MLP,MTT,300,0.7,0.175995442879,0.231584324222564,0.1600650851485435,0.1355710268006588,0.0839172683018921,0.1756474880982469,0.9092260003089904,0.0,0.012036451495442,0.2114553479298135
42,weather,7,MLP,MTT,300,0.7,0.175995442879,0.231584324222564,0.1179546784035893,0.0555881828588266,0.1088914111337989,0.3985957283162197,0.6619006395339966,0.0,0.0468594460682106,0.2114553479298135
42,weather,8,MLP,MTT,300,0.7,0.175995442879,0.231584324222564,0.1585522011868397,0.1286328686603946,0.0841982902621722,0.1893338907189204,0.9087733626365662,0.0,0.0144282177957564,0.2114553479298135
42,weather,9,MLP,MTT,300,0.7,0.175995442879,0.231584324222564,0.1585145169709558,0.1285790789351643,0.0846446298200316,0.1901932014369869,0.9085311889648438,0.0,0.0132524629947417,0.2114553479298135
42,weather,10,MLP,MTT,300,0.7,0.175995442879,0.231584324222564,0.2174711015765851,0.1063844257704233,0.0546355636351764,1.005027845295276,0.7835830450057983,2.0,0.0018273694208218,0.2114553479298135
42,weather,11,MLP,MTT,300,0.7,0.175995442879,0.231584324222564,0.241139029312398,0.1604007969658163,0.0225774882379744,0.0391938591397613,0.9926391243934632,0.0,0.232089203820013,0.2114553479298135
42,weather,12,MLP,MTT,300,0.7,0.175995442879,0.231584324222564,0.2156846030887105,0.1045200124713039,0.1199594543260561,0.9394948038471568,0.5246189832687378,0.0,0.1147359921666419,0.2114553479298135
42,weather,13,MLP,MTT,300,0.7,0.175995442879,0.231584324222564,0.1102168198247166,0.0425149909656031,0.1451442937372259,0.3265678091923094,0.2766013145446777,0.0,0.1057855137934577,0.2114553479298135
42,weather,14,MLP,MTT,300,0.7,0.175995442879,0.231584324222564,0.0240568029940477,0.0121165564054683,0.0898588085649408,0.0597811644583757,0.8770188093185425,0.0,0.2821548370761966,0.2114553479298135
42,weather,15,MLP,MTT,300,0.7,0.175995442879,0.231584324222564,0.0517971510289894,0.0300807817029436,0.0664710894104044,0.1656378247751161,0.6496663093566895,0.0,0.1658174254402498,0.2114553479298135
42,weather,16,MLP,MTT,300,0.7,0.175995442879,0.231584324222564,0.1290226789112194,0.0673980647043268,0.0793902366452986,0.7161192229677278,0.2616395354270935,0.0,0.0572449742458418,0.2114553479298135
42,weather,17,MLP,MTT,300,0.7,0.175995442879,0.231584324222564,0.123996074679895,0.0623752419640014,0.0781150205321718,0.7268742867738935,0.2697653770446777,0.0,0.0485098060743893,0.2114553479298135
42,weather,18,MLP,MTT,300,0.7,0.175995442879,0.231584324222564,0.1016321038127958,0.0553319777981392,0.0652714382455997,0.6120309370296064,0.3732557594776153,0.0,0.0796783258902903,0.2114553479298135
42,weather,19,MLP,MTT,300,0.7,0.175995442879,0.231584324222564,0.0991426342903936,0.1239573448458776,0.0626195528578404,0.568899474166248,0.7405005693435669,0.0,0.042941384075815,0.2114553479298135
42,weather,20,MLP,MTT,300,0.7,0.175995442879,0.231584324222564,0.1862429422359822,0.1398289059616322,0.0313865066657606,0.0446395069254432,0.9844943284988404,0.0,0.2163290053642777,0.2114553479298135
42,weather,0,MLP,MTT,300,1.0,0.175995442879,0.2263444750961907,0.0864023534400807,0.0542169457460517,4.841750034209426e-08,1.0652355737338584,0.8701632022857666,0.0,1.1824903197296529e-07,0.2221132410214671
42,weather,1,MLP,MTT,300,1.0,0.175995442879,0.2263444750961907,0.1395591885941506,0.1136880043305856,8.975179169831473e-08,0.6871708300914373,0.8115146160125732,0.0,1.2427342863343237e-07,0.2221132410214671
42,weather,2,MLP,MTT,300,1.0,0.175995442879,0.2263444750961907,0.1626263811067153,0.1140158155436421,7.16248174626497e-08,0.7877034879794338,0.8103671073913574,0.0,1.0291131814780437e-07,0.2221132410214671
42,weather,3,MLP,MTT,300,1.0,0.175995442879,0.2263444750961907,0.1610091463935864,0.1477555172300412,1.5136078467247045e-07,0.3373035061465472,0.904854953289032,0.0,1.1810405463297541e-07,0.2221132410214671
42,weather,4,MLP,MTT,300,1.0,0.175995442879,0.2263444750961907,0.1474126918888888,0.0808018503326209,1.7380045244319456e-07,1.3676331907257937,0.4834849238395691,0.0,2.29816867603004e-07,0.2221132410214671
42,weather,5,MLP,MTT,300,1.0,0.175995442879,0.2263444750961907,0.1374976558615703,0.0928692957103194,1.9484342916229605e-07,0.3965338815955102,0.7999993562698364,0.0,3.9601960580479123e-08,0.2221132410214671
42,weather,6,MLP,MTT,300,1.0,0.175995442879,0.2263444750961907,0.1531634148829476,0.131447224895143,5.486650483118162e-08,0.2484073091672757,0.9085568189620972,0.0,3.4737476188417405e-08,0.2221132410214671
42,weather,7,MLP,MTT,300,1.0,0.175995442879,0.2263444750961907,0.1125288774425495,0.0553415902504057,6.16191415294686e-08,0.3023581699623358,0.6159976720809937,0.0,2.927959917865881e-08,0.2221132410214671
42,weather,8,MLP,MTT,300,1.0,0.175995442879,0.2263444750961907,0.1511430075747762,0.1244857742668905,7.852442083414273e-08,0.2623699553847913,0.9078238606452942,0.0,4.57328769774034e-09,0.2221132410214671
42,weather,9,MLP,MTT,300,1.0,0.175995442879,0.2263444750961907,0.1510929008416284,0.124403893834206,5.282506587089767e-08,0.2635320908753228,0.907799482345581,0.0,1.584906949283714e-07,0.2221132410214671
42,weather,10,MLP,MTT,300,1.0,0.175995442879,0.2263444750961907,0.2204802927567294,0.1064580305889235,1.5251566192844618e-07,1.0230230045818491,0.8260847330093384,0.0,1.0574110279190528e-07,0.2221132410214671
42,weather,11,MLP,MTT,300,1.0,0.175995442879,0.2263444750961907,0.2448825112622886,0.1627433455219407,1.6241139074418493e-08,0.043453863534894,0.9864071011543274,0.0,1.5210384378015126e-07,0.2221132410214671
42,weather,12,MLP,MTT,300,1.0,0.175995442879,0.2263444750961907,0.2397583538743122,0.1119768672568729,1.0189168527102045e-07,0.958834126942461,0.4734503626823425,0.0,2.129504242358567e-07,0.2221132410214671
42,weather,13,MLP,MTT,300,1.0,0.175995442879,0.2263444750961907,0.106528908541725,0.0413116652480995,8.232883863612009e-08,0.3730185566696666,0.4828905463218689,0.0,1.7708615335210966e-07,0.2221132410214671
42,weather,14,MLP,MTT,300,1.0,0.175995442879,0.2263444750961907,0.0254034675258344,0.0126945247225771,4.758179392129796e-08,0.0844084598751495,0.7722305059432983,0.0,1.1903738407106181e-07,0.2221132410214671
42,weather,15,MLP,MTT,300,1.0,0.175995442879,0.2263444750961907,0.0637989692304859,0.0371688351958045,8.584234878947294e-08,0.1985947221087252,0.6030081510543823,0.0,3.0810575653810106e-07,0.2221132410214671
42,weather,16,MLP,MTT,300,1.0,0.175995442879,0.2263444750961907,0.1189603330729403,0.069008385174679,6.287239116736013e-08,0.7780345406429061,0.3199283480644226,0.0,3.668088849783565e-08,0.2221132410214671
42,weather,17,MLP,MTT,300,1.0,0.175995442879,0.2263444750961907,0.1145462384779227,0.0614956874843658,1.4822553371727517e-07,0.7923851046270515,0.3189066052436828,0.0,3.050276217053932e-07,0.2221132410214671
42,weather,18,MLP,MTT,300,1.0,0.175995442879,0.2263444750961907,0.0878552651476217,0.0561408441280841,1.1151692424841592e-07,0.6685269667294187,0.4234265089035034,0.0,1.437781601257709e-07,0.2221132410214671
42,weather,19,MLP,MTT,300,1.0,0.175995442879,0.2263444750961907,0.0752440253053574,0.1015007392972816,1.0664415581877477e-07,0.5234093111036657,0.7816576361656189,0.0,9.346110057574965e-08,0.2221132410214671
42,weather,20,MLP,MTT,300,1.0,0.175995442879,0.2263444750961907,0.1801702087485525,0.1349172903175994,2.3313322905706984e-08,0.0627134910649646,0.9726647734642028,0.0,1.323890816911903e-07,0.2221132410214671
123,weather,0,MLP,MTT,300,0.0,0.1816482803423683,0.2228948075733632,0.3459549585481386,0.2875175119330901,0.337582672718914,1.0798717891418117,0.7505968809127808,0.0,0.2591456317338522,0.2154921790570276
123,weather,1,MLP,MTT,300,0.0,0.1816482803423683,0.2228948075733632,0.1698419524118881,0.1839554754510775,0.2331676866328837,0.4518900100599314,0.9429592490196228,1.0,0.5724924483668972,0.2154921790570276
123,weather,2,MLP,MTT,300,0.0,0.1816482803423683,0.2228948075733632,0.2236047489820257,0.1506584667054674,0.2477534169760356,0.5151995745157413,0.9406918883323668,1.0,0.5781206850831013,0.2154921790570276
123,weather,3,MLP,MTT,300,0.0,0.1816482803423683,0.2228948075733632,0.199946679111012,0.1824506295846621,0.1342443650727742,0.2391418621253954,0.9250373244285583,0.0,0.2091892893697936,0.2154921790570276
123,weather,4,MLP,MTT,300,0.0,0.1816482803423683,0.2228948075733632,0.2244090159513395,0.1353704074856878,0.4733920597256355,0.88769181663826,0.8019903302192688,2.0,0.4465320262444451,0.2154921790570276
123,weather,5,MLP,MTT,300,0.0,0.1816482803423683,0.2228948075733632,0.1930227215011164,0.1651166575835761,0.2738142762764337,0.2193202773656133,0.9825109243392944,1.0,0.7695413631332086,0.2154921790570276
123,weather,6,MLP,MTT,300,0.0,0.1816482803423683,0.2228948075733632,0.2159136346446987,0.188410401986224,0.1375411227076032,0.1534584466930275,0.9680417776107788,0.0,0.4626686694271913,0.2154921790570276
123,weather,7,MLP,MTT,300,0.0,0.1816482803423683,0.2228948075733632,0.1617449303916378,0.0901444835773624,0.3373401520991712,0.2848717907687489,0.975021243095398,0.0,0.7683419784971468,0.2154921790570276
123,weather,8,MLP,MTT,300,0.0,0.1816482803423683,0.2228948075733632,0.2218533295123657,0.1915713300737682,0.1390905375031346,0.1610819850391052,0.9673255681991576,0.0,0.4536859389969053,0.2154921790570276
123,weather,9,MLP,MTT,300,0.0,0.1816482803423683,0.2228948075733632,0.2219549315600537,0.1917250395439912,0.1392503753532681,0.1618681091062722,0.9670721292495728,0.0,0.4517419138067471,0.2154921790570276
123,weather,10,MLP,MTT,300,0.0,0.1816482803423683,0.2228948075733632,0.3137977459199381,0.222880236007686,0.2502876990382985,0.6958819381989344,0.9199320673942566,1.0,0.5628390878105324,0.2154921790570276
123,weather,11,MLP,MTT,300,0.0,0.1816482803423683,0.2228948075733632,0.2532024125983594,0.169062382136906,6.861372328505048,1.1042063807973128,94.73680877685548,3.0,36.80871969708856,0.2154921790570276
123,weather,12,MLP,MTT,300,0.0,0.1816482803423683,0.2228948075733632,0.1922014989588807,0.169478152758688,0.429733279283325,0.8511901304535131,0.1318967938423156,2.0,0.4824519199237299,0.2154921790570276
123,weather,13,MLP,MTT,300,0.0,0.1816482803423683,0.2228948075733632,0.3362146646060828,0.1610582140039745,0.3269001201590453,0.4466772083283337,0.8840692639350891,1.0,0.442402471980407,0.2154921790570276
123,weather,14,MLP,MTT,300,0.0,0.1816482803423683,0.2228948075733632,0.0661566271707841,0.020012494795277,0.1618903063553627,0.0405317645620563,0.8247880935668945,0.0,0.0749855971149247,0.2154921790570276
123,weather,15,MLP,MTT,300,0.0,0.1816482803423683,0.2228948075733632,0.0865708708528164,0.028093259037667,0.3937468582655847,0.2188335656334389,0.0047916173934936,3.0,0.3929950323162026,0.2154921790570276
123,weather,16,MLP,MTT,300,0.0,0.1816482803423683,0.2228948075733632,0.0859072015172445,0.0646512498974392,0.3118128113102238,0.2600450011053367,0.7977390885353088,0.0,0.5360926150839809,0.2154921790570276
123,weather,17,MLP,MTT,300,0.0,0.1816482803423683,0.2228948075733632,0.0828102600967489,0.0593788849543963,0.3131392274335562,0.2499245584347755,0.7980799674987793,0.0,0.5341309863525134,0.2154921790570276
123,weather,18,MLP,MTT,300,0.0,0.1816482803423683,0.2228948075733632,0.0687804643565746,0.0650449434941625,0.2707881261225346,0.2762587072839622,0.7912280559539795,0.0,0.4668140964586437,0.2154921790570276
123,weather,19,MLP,MTT,300,0.0,0.1816482803423683,0.2228948075733632,0.1201180199683372,0.1890229148181227,0.2987944581510848,0.2765928482962856,0.9445276260375975,0.0,0.5583852560058526,0.2154921790570276
123,weather,20,MLP,MTT,300,0.0,0.1816482803423683,0.2228948075733632,0.173878464187853,0.1420083057395277,5.812353266879157,5.751866929263227,58.45113754272461,2.0,40.33802982842864,0.2154921790570276
123,weather,0,MLP,MTT,300,0.1,0.1816482803423683,0.2719437255942853,0.3394239739391482,0.2845224388434026,0.303824427088218,1.061607453591437,0.7659109234809875,0.0,0.2332310288496099,0.2162955196642541
123,weather,1,MLP,MTT,300,0.1,0.1816482803423683,0.2719437255942853,0.1677615233412454,0.1746036261027886,0.209850925613042,0.4654588801359929,0.9339731335639954,0.0,0.5152431911028645,0.2162955196642541
123,weather,2,MLP,MTT,300,0.1,0.1816482803423683,0.2719437255942853,0.2184686975614872,0.1482415280101098,0.2229781097424185,0.5288382430515994,0.9317956566810608,1.0,0.5203086220583869,0.2162955196642541
123,weather,3,MLP,MTT,300,0.1,0.1816482803423683,0.2719437255942853,0.1924872496358614,0.174383137023828,0.1208199013465817,0.2429040333288186,0.9238790273666382,0.0,0.1882703907542865,0.2162955196642541
123,weather,4,MLP,MTT,300,0.1,0.1816482803423683,0.2719437255942853,0.2069352306994472,0.1355198579938743,0.4260528740386332,0.8607947858375878,0.7820870876312256,2.0,0.4018788702136411,0.2162955196642541
123,weather,5,MLP,MTT,300,0.1,0.1816482803423683,0.2719437255942853,0.1886100695012694,0.1504228282676578,0.2464328531431509,0.2283963818006905,0.9735916256904602,0.0,0.6925872228596918,0.2162955196642541
123,weather,6,MLP,MTT,300,0.1,0.1816482803423683,0.2719437255942853,0.2060270864881074,0.1782739806303483,0.1237869879528068,0.1584459286931003,0.9638918042182922,0.0,0.4164018051613601,0.2162955196642541
123,weather,7,MLP,MTT,300,0.1,0.1816482803423683,0.2719437255942853,0.13076660119834,0.0737854788272841,0.3036061524627489,0.2972830942879916,0.9593903422355652,0.0,0.6915078454953792,0.2162955196642541
123,weather,8,MLP,MTT,300,0.1,0.1816482803423683,0.2719437255942853,0.2119508642725693,0.1819696633860436,0.1251814763908534,0.166418495767206,0.9631597995758056,0.0,0.4083174179397464,0.2162955196642541
123,weather,9,MLP,MTT,300,0.1,0.1816482803423683,0.2719437255942853,0.2120550660303704,0.1821524050142761,0.125325315328439,0.1672073610389898,0.9629177451133728,0.0,0.4065677199528859,0.2162955196642541
123,weather,10,MLP,MTT,300,0.1,0.1816482803423683,0.2719437255942853,0.3054329674390732,0.2125649756753969,0.2252589250859716,0.7122645538072454,0.913435995578766,1.0,0.5065551922926347,0.2162955196642541
123,weather,11,MLP,MTT,300,0.1,0.1816482803423683,0.2719437255942853,0.2531995736362771,0.1690588473302471,6.175234828722602,0.994767397184898,76.74964904785156,3.0,33.127840818735784,0.2162955196642541
123,weather,12,MLP,MTT,300,0.1,0.1816482803423683,0.2719437255942853,0.1968277394868384,0.1697347591810174,0.3867599471563573,0.834395303663937,0.1868057250976562,2.0,0.4342067243605982,0.2162955196642541
123,weather,13,MLP,MTT,300,0.1,0.1816482803423683,0.2719437255942853,0.3018932850303755,0.1524170573748941,0.2942101056514061,0.4432904768650936,0.8628271222114563,1.0,0.3981621725531591,0.2162955196642541
123,weather,14,MLP,MTT,300,0.1,0.1816482803423683,0.2719437255942853,0.0645168035184525,0.019548946393535,0.1457012743472067,0.0399349443398092,0.8226441740989685,0.0,0.0674870115848215,0.2162955196642541
123,weather,15,MLP,MTT,300,0.1,0.1816482803423683,0.2719437255942853,0.0850396325618815,0.0289958539974129,0.3543721648388733,0.229999232666418,0.0778864026069641,3.0,0.3536957304082071,0.2162955196642541
123,weather,16,MLP,MTT,300,0.1,0.1816482803423683,0.2719437255942853,0.0963263160572735,0.0653029893130315,0.2806315245982136,0.2765053650929932,0.7644147276878357,0.0,0.4824833021601679,0.2162955196642541
123,weather,17,MLP,MTT,300,0.1,0.1816482803423683,0.2719437255942853,0.0925712521132696,0.0593576771639002,0.2818252780656809,0.2675629949432999,0.7646634578704834,0.0,0.4807178193234828,0.2162955196642541
123,weather,18,MLP,MTT,300,0.1,0.1816482803423683,0.2719437255942853,0.0720993462948375,0.061096044446098,0.243709302599712,0.286537889310866,0.7660841345787048,0.0,0.4201326682943808,0.2162955196642541
123,weather,19,MLP,MTT,300,0.1,0.1816482803423683,0.2719437255942853,0.1154976184421896,0.180807376270061,0.2689149927224895,0.300621541793763,0.9333380460739136,0.0,0.5025467140551513,0.2162955196642541
123,weather,20,MLP,MTT,300,0.1,0.1816482803423683,0.2719437255942853,0.1739551785711431,0.1419859551394345,5.2311177426374345,5.191973889458057,47.38117980957031,2.0,36.30422462811918,0.2162955196642541
123,weather,0,MLP,MTT,300,0.2,0.1816482803423683,0.2272278132727029,0.3324608486382623,0.2815680225970671,0.270066107685664,1.043530680087609,0.7804788947105408,0.0,0.2073164259653675,0.2185246743501066
123,weather,1,MLP,MTT,300,0.2,0.1816482803423683,0.2272278132727029,0.1659522216398929,0.1679208049205544,0.1865341591324621,0.4792263922388406,0.9240629076957704,0.0,0.4579939338388319,0.2185246743501066
123,weather,2,MLP,MTT,300,0.2,0.1816482803423683,0.2272278132727029,0.2138413598407452,0.1470045551160055,0.1982027916354457,0.542682268707705,0.9219802618026732,0.0,0.4624965590336726,0.2185246743501066
123,weather,3,MLP,MTT,300,0.2,0.1816482803423683,0.2272278132727029,0.1852684371116698,0.1663788382238867,0.1073955019569481,0.2471210016652893,0.9225296974182128,0.0,0.1673513717619859,0.2185246743501066
123,weather,4,MLP,MTT,300,0.2,0.1816482803423683,0.2272278132727029,0.1904092190429989,0.1361874777797287,0.3787136582241724,0.8340179397613117,0.7595288157463074,0.0,0.3572256551529527,0.2185246743501066
123,weather,5,MLP,MTT,300,0.2,0.1816482803423683,0.2272278132727029,0.1852744375843524,0.1459937462587649,0.2190514233533414,0.2381014052988682,0.9625985622406006,0.0,0.6156330825861748,0.2185246743501066
123,weather,6,MLP,MTT,300,0.2,0.1816482803423683,0.2272278132727029,0.1974620571558794,0.1692217125805644,0.1100329038637066,0.1636016943830905,0.9593421816825868,0.0,0.3701349408955289,0.2185246743501066
123,weather,7,MLP,MTT,300,0.2,0.1816482803423683,0.2272278132727029,0.1246307816740183,0.0697902934253249,0.2698721419660687,0.3107488276146724,0.939254641532898,0.0,0.6146736147252109,0.2185246743501066
123,weather,8,MLP,MTT,300,0.2,0.1816482803423683,0.2272278132727029,0.2033338440475897,0.1733531549114156,0.1112724094341577,0.1719218182381821,0.9585974812507628,0.0,0.3629488357993706,0.2185246743501066
123,weather,9,MLP,MTT,300,0.2,0.1816482803423683,0.2272278132727029,0.203428574795977,0.1735516309952122,0.1114003075969913,0.1727174341873199,0.9583693742752076,0.0,0.3613935260990248,0.2185246743501066
123,weather,10,MLP,MTT,300,0.2,0.1816482803423683,0.2272278132727029,0.297405564821657,0.2032030774427443,0.2002301459791493,0.7288286755674416,0.9062979817390442,1.0,0.4502712698842843,0.2185246743501066
123,weather,11,MLP,MTT,300,0.2,0.1816482803423683,0.2272278132727029,0.2531960321931613,0.1690544351846998,5.489097902908267,0.88533416249921,60.63250350952149,3.0,29.446973864159936,0.2185246743501066
123,weather,12,MLP,MTT,300,0.2,0.1816482803423683,0.2272278132727029,0.2018111856705095,0.1697906416035128,0.3437866316177065,0.8180984352970617,0.2371028065681457,2.0,0.3859615643200395,0.2185246743501066
123,weather,13,MLP,MTT,300,0.2,0.1816482803423683,0.2272278132727029,0.2709245492167831,0.1429365304263443,0.2615200930602506,0.4426989313319051,0.8373904228210449,1.0,0.3539218731259111,0.2185246743501066
123,weather,14,MLP,MTT,300,0.2,0.1816482803423683,0.2272278132727029,0.0625532888848972,0.0190187357713984,0.1295122400932013,0.045449534439931,0.8198087811470032,0.0,0.0599884956290798,0.2185246743501066
123,weather,15,MLP,MTT,300,0.2,0.1816482803423683,0.2272278132727029,0.0832987014517604,0.0298636566303559,0.314997494504844,0.2434912776983697,0.1556982398033142,3.0,0.3143960192688938,0.2185246743501066
123,weather,16,MLP,MTT,300,0.2,0.1816482803423683,0.2272278132727029,0.1055559817637028,0.0661378357223409,0.2494502561195336,0.2940085361399833,0.7278777360916138,0.0,0.4288740847310069,0.2185246743501066
123,weather,17,MLP,MTT,300,0.2,0.1816482803423683,0.2272278132727029,0.1014448050938699,0.0601758033652324,0.2505113525656167,0.2855169143051968,0.7280244827270508,0.0,0.4273046996582235,0.2185246743501066
123,weather,18,MLP,MTT,300,0.2,0.1816482803423683,0.2272278132727029,0.078271267558533,0.0587227521275894,0.2166305070846243,0.2978319298987107,0.7383543848991394,0.0,0.3734512949571422,0.2185246743501066
123,weather,19,MLP,MTT,300,0.2,0.1816482803423683,0.2272278132727029,0.1116944802636509,0.1738906801435667,0.2390355920058041,0.3248580350394309,0.921015739440918,0.0,0.4467082149314935,0.2185246743501066
123,weather,20,MLP,MTT,300,0.2,0.1816482803423683,0.2272278132727029,0.174050586529373,0.1419581507765451,4.64988276489409,4.632101700680296,37.450679779052734,2.0,32.27042558809671,0.2185246743501066
123,weather,0,MLP,MTT,300,0.3,0.1816482803423683,0.2610422992791081,0.3250361731452723,0.2786970270162207,0.2363079009746765,1.025712262197882,0.7943007946014404,0.0,0.1814019160343049,0.2212556481612154
123,weather,1,MLP,MTT,300,0.3,0.1816482803423683,0.2610422992791081,0.1644077219023435,0.1639886139709249,0.1632173958349755,0.4931923011790874,0.9132286310195924,0.0,0.4007446765747994,0.2212556481612154
123,weather,2,MLP,MTT,300,0.3,0.1816482803423683,0.2610422992791081,0.209705218453909,0.1463549166521268,0.1734274168984428,0.5567135842877445,0.9112457036972046,0.0,0.4046844960089583,0.2212556481612154
123,weather,3,MLP,MTT,300,0.3,0.1816482803423683,0.2610422992791081,0.1784112301315242,0.1585094742623309,0.0939710366520289,0.2517675994417302,0.9209892153739928,0.0,0.1464324731464788,0.2212556481612154
123,weather,4,MLP,MTT,300,0.3,0.1816482803423683,0.2610422992791081,0.1750703955117972,0.1373892233775555,0.3313744871972053,0.8074313173196641,0.7343156337738037,0.0,0.3125724991221487,0.2212556481612154
123,weather,5,MLP,MTT,300,0.3,0.1816482803423683,0.2610422992791081,0.1828318798462988,0.1458127069757202,0.1916699543832153,0.248362746928613,0.9495317339897156,0.0,0.5386789423126579,0.2212556481612154
123,weather,6,MLP,MTT,300,0.3,0.1816482803423683,0.2610422992791081,0.1901464648800751,0.1611721519641652,0.0962787606158116,0.1688999000190105,0.9543928503990172,0.0,0.3238679536169868,0.2212556481612154
123,weather,7,MLP,MTT,300,0.3,0.1816482803423683,0.2610422992791081,0.123564432726142,0.0708182253136941,0.2361381227121318,0.3252715941182255,0.914614200592041,0.0,0.5378394165445094,0.2212556481612154
123,weather,8,MLP,MTT,300,0.3,0.1816482803423683,0.2610422992791081,0.1960042843907867,0.1656299600020982,0.0973633881179177,0.1775693783588945,0.9536386728286744,0.0,0.3175801314925606,0.2212556481612154
123,weather,9,MLP,MTT,300,0.3,0.1816482803423683,0.2610422992791081,0.1960893757264623,0.1658299351398082,0.0974752546117701,0.1783785820942721,0.9534270167350768,0.0,0.3162193933193501,0.2212556481612154
123,weather,10,MLP,MTT,300,0.3,0.1816482803423683,0.2610422992791081,0.2898176714741804,0.1948120153276548,0.1752014411997407,0.7455155592285075,0.8985180854797363,2.0,0.3939874550377445,0.2212556481612154
123,weather,11,MLP,MTT,300,0.3,0.1816482803423683,0.2610422992791081,0.2531914887186337,0.1690487728498763,4.802960448917513,0.775903470368942,46.385292053222656,3.0,25.76609498580716,0.2212556481612154
123,weather,12,MLP,MTT,300,0.3,0.1816482803423683,0.2610422992791081,0.2072073182939133,0.1696024890541375,0.3008133158712471,0.8022747773391482,0.2827880382537842,2.0,0.3377164398020538,0.2212556481612154
123,weather,13,MLP,MTT,300,0.3,0.1816482803423683,0.2610422992791081,0.2438774745448944,0.1336029586678608,0.2288300832737549,0.4423846605311518,0.8077590465545654,1.0,0.3096817888919634,0.2212556481612154
123,weather,14,MLP,MTT,300,0.3,0.1816482803423683,0.2610422992791081,0.0603032448424702,0.0184303850557878,0.1133232191632698,0.0552055460460037,0.8162818551063538,0.0,0.0524899100989766,0.2212556481612154
123,weather,15,MLP,MTT,300,0.3,0.1816482803423683,0.2610422992791081,0.0813866785388389,0.0307583209282342,0.2756227921136636,0.2544596758380653,0.2286438941955566,0.0,0.2750967173608982,0.2212556481612154
123,weather,16,MLP,MTT,300,0.3,0.1816482803423683,0.2610422992791081,0.113795229908056,0.0669374109972731,0.218268957770358,0.3125450314730527,0.6881282329559326,0.0,0.37526481955452,0.2212556481612154
123,weather,17,MLP,MTT,300,0.3,0.1816482803423683,0.2610422992791081,0.1093238724820344,0.0611365428547427,0.2191974155966786,0.30484358445786,0.688163161277771,0.0,0.3738915326291929,0.2212556481612154
123,weather,18,MLP,MTT,300,0.3,0.1816482803423683,0.2610422992791081,0.0845934221588231,0.0577002101743199,0.1895516961322382,0.3093782306560351,0.7080387473106384,0.0,0.3267698667928792,0.2212556481612154
123,weather,19,MLP,MTT,300,0.3,0.1816482803423683,0.2610422992791081,0.1085076873845108,0.1680044992611647,0.209156124808621,0.3492603100972206,0.9075605869293212,0.0,0.3908696729807921,0.2212556481612154
123,weather,20,MLP,MTT,300,0.3,0.1816482803423683,0.2610422992791081,0.1741724774422322,0.1419226138932397,4.0686472730256416,4.072250115007733,28.659639358520508,2.0,28.236620387787244,0.2212556481612154
123,weather,0,MLP,MTT,300,0.5,0.1816482803423683,0.2417824042344592,0.3087700671527718,0.2734145437565666,0.1687913411732529,0.9905628216615624,0.8197062611579895,0.0,0.129572803219,0.226836481402056
123,weather,1,MLP,MTT,300,0.5,0.1816482803423683,0.2417824042344592,0.1620335600620272,0.1618710793451225,0.1165838643501971,0.5215876705063744,0.8887878060340881,0.0,0.2862461620467342,0.226836481402056
123,weather,2,MLP,MTT,300,0.5,0.1816482803423683,0.2417824042344592,0.2027590655405158,0.1460240513164545,0.1238767318087928,0.5852843308104071,0.8870190978050232,0.0,0.2890603699595295,0.226836481402056
123,weather,3,MLP,MTT,300,0.5,0.1816482803423683,0.2417824042344592,0.1658802685193278,0.143293159554741,0.0671222422890268,0.2622331192932458,0.9173349738121032,0.0,0.1045945555386711,0.226836481402056
123,weather,4,MLP,MTT,300,0.5,0.1816482803423683,0.2417824042344592,0.1482958943868483,0.1402997035299836,0.2366961051833038,0.7549037169333014,0.67592453956604,0.0,0.2232661280306563,0.226836481402056
123,weather,5,MLP,MTT,300,0.5,0.1816482803423683,0.2417824042344592,0.179454524327305,0.146469668191921,0.1369070579650041,0.2702697476123057,0.9171769022941588,0.0,0.3847706163711378,0.226836481402056
123,weather,6,MLP,MTT,300,0.5,0.1816482803423683,0.2417824042344592,0.1786775127038186,0.1475143679211822,0.0687705479924586,0.1798710715616189,0.9432952404022216,0.0,0.2313342865916798,0.226836481402056
123,weather,7,MLP,MTT,300,0.5,0.1816482803423683,0.2417824042344592,0.125167938432461,0.0743110795339,0.1686701014017,0.3567727788023409,0.8518190383911133,0.0,0.3841710527725734,0.226836481402056
123,weather,8,MLP,MTT,300,0.5,0.1816482803423683,0.2417824042344592,0.1846194400797561,0.1524772927890594,0.0695452613180941,0.1892428386246069,0.942531406879425,0.0,0.2268430282950258,0.226836481402056
123,weather,9,MLP,MTT,300,0.5,0.1816482803423683,0.2417824042344592,0.1846840596073245,0.1526626572780644,0.0696251844272072,0.1900845275594705,0.9423604011535645,0.0,0.2258709445374412,0.226836481402056
123,weather,10,MLP,MTT,300,0.5,0.1816482803423683,0.2417824042344592,0.2761954320184482,0.1805748962802874,0.1251439588408344,0.7792719569958619,0.8810324668884277,2.0,0.2814196640019492,0.226836481402056
123,weather,11,MLP,MTT,300,0.5,0.1816482803423683,0.2417824042344592,0.2531770461143942,0.1690307427618788,3.4306863349514725,0.5570663203849974,23.500732421875,0.0,18.404358095711228,0.226836481402056
123,weather,12,MLP,MTT,300,0.5,0.1816482803423683,0.2417824042344592,0.2197900807527938,0.168311788123059,0.214866666287192,0.7722627945071158,0.3603225350379944,2.0,0.2412261197209364,0.226836481402056
123,weather,13,MLP,MTT,300,0.5,0.1816482803423683,0.2417824042344592,0.201197901058483,0.1171445808022594,0.1634500594920082,0.4402000972521279,0.735912561416626,1.0,0.2212013514324427,0.226836481402056
123,weather,14,MLP,MTT,300,0.5,0.1816482803423683,0.2417824042344592,0.0551139125998074,0.0171785089192642,0.0809451590567413,0.1048267326906314,0.8071534037590027,0.0,0.0374926694644088,0.226836481402056
123,weather,15,MLP,MTT,300,0.5,0.1816482803423683,0.2417824042344592,0.0776206921761227,0.0323095224176476,0.1968734401968428,0.3002457020319334,0.3599362373352051,0.0,0.1964978407240286,0.226836481402056
123,weather,16,MLP,MTT,300,0.5,0.1816482803423683,0.2417824042344592,0.1275031150443293,0.068412229349396,0.155906393175982,0.3542691346132253,0.5989912748336792,0.0,0.2680462414542202,0.226836481402056
123,weather,17,MLP,MTT,300,0.5,0.1816482803423683,0.2417824042344592,0.1226883562297092,0.0630706799261346,0.1565695550444785,0.3440587485624077,0.5987733602523804,0.0,0.2670652932986744,0.226836481402056
123,weather,18,MLP,MTT,300,0.5,0.1816482803423683,0.2417824042344592,0.0959372877074029,0.0570761329295265,0.1353940902605808,0.3339441297858065,0.6396501660346985,0.0,0.2334070652913776,0.226836481402056
123,weather,19,MLP,MTT,300,0.5,0.1816482803423683,0.2417824042344592,0.1034822787285502,0.1585157811918029,0.1493972590748505,0.3984681358675297,0.8772521615028381,0.0,0.2791925890793892,0.226836481402056
123,weather,20,MLP,MTT,300,0.5,0.1816482803423683,0.2417824042344592,0.1745566893055496,0.141810542118339,2.906176709015673,2.9526533258576686,14.49594783782959,2.0,20.16901614745532,0.226836481402056
123,weather,0,MLP,MTT,300,0.7,0.1816482803423683,0.2494477042649536,0.2908060005964175,0.2689458329393503,0.1012748087749235,0.9564536685469506,0.8421273827552795,0.0,0.0777435044973356,0.2316621864691585
123,weather,1,MLP,MTT,300,0.7,0.1816482803423683,0.2494477042649536,0.1604242702403097,0.1619309127422229,0.0699503389382803,0.5505454675505216,0.8606507778167725,0.0,0.171747647518669,0.2316621864691585
123,weather,2,MLP,MTT,300,0.7,0.1816482803423683,0.2494477042649536,0.197401085027467,0.1460879903564887,0.0743260504267874,0.6144897776466028,0.8591157793998718,0.0,0.1734362919854611,0.2316621864691585
123,weather,3,MLP,MTT,300,0.7,0.1816482803423683,0.2494477042649536,0.1547606313619972,0.1289187340947279,0.0402733815642516,0.2740955942982268,0.9129163026809692,0.0,0.0627566981192601,0.2316621864691585
123,weather,4,MLP,MTT,300,0.7,0.1816482803423683,0.2494477042649536,0.1265108558234338,0.1437160511382901,0.1420177203830951,0.7032970530213642,0.6069135665893555,0.0,0.1339596979092796,0.2316621864691585
123,weather,5,MLP,MTT,300,0.7,0.1816482803423683,0.2494477042649536,0.1772569005932232,0.1469955371914308,0.0821442186011005,0.293675843345855,0.8765271306037903,0.0,0.2308624266130764,0.2316621864691585
123,weather,6,MLP,MTT,300,0.7,0.1816482803423683,0.2494477042649536,0.1701604324904388,0.1365035648138462,0.041262329980914,0.1912591560068128,0.9305988550186156,0.0,0.1388005580600174,0.2316621864691585
123,weather,7,MLP,MTT,300,0.7,0.1816482803423683,0.2494477042649536,0.1274581442723427,0.0773647541127275,0.1012020876531771,0.3908679692106797,0.7710047960281372,0.0,0.2305026564111704,0.2316621864691585
123,weather,8,MLP,MTT,300,0.7,0.1816482803423683,0.2494477042649536,0.176256523143635,0.1417848825463705,0.0417271865140422,0.2013390821977636,0.929838001728058,0.0,0.136105864014274,0.2316621864691585
123,weather,9,MLP,MTT,300,0.7,0.1816482803423683,0.2494477042649536,0.17629522846598,0.1419374691050481,0.041775122168032,0.2022225980473026,0.9297179579734802,0.0,0.1355226179039054,0.2316621864691585
123,weather,10,MLP,MTT,300,0.7,0.1816482803423683,0.2494477042649536,0.2646087215661703,0.1693588899530801,0.0750863946383383,0.8134442217332041,0.8609791398048401,0.0,0.1688517654043432,0.2316621864691585
123,weather,11,MLP,MTT,300,0.7,0.1816482803423683,0.2494477042649536,0.2531438699094329,0.1689891791648821,2.058411946814903,0.3383144682222371,8.09600830078125,0.0,11.042615243726834,0.2316621864691585
123,weather,12,MLP,MTT,300,0.7,0.1816482803423683,0.2494477042649536,0.2339104435845986,0.1668982815629932,0.1289200241990928,0.7444957358889193,0.4194094538688659,2.0,0.144735799639819,0.2316621864691585
123,weather,13,MLP,MTT,300,0.7,0.1816482803423683,0.2494477042649536,0.1707382208414357,0.1037533585164137,0.098070037758313,0.4513160556048957,0.6472876071929932,0.0,0.1327208063762719,0.2316621864691585
123,weather,14,MLP,MTT,300,0.7,0.1816482803423683,0.2494477042649536,0.049476331091659,0.0159217929788252,0.048567103757506,0.1629826928034432,0.7952588200569153,0.0,0.0224955679785639,0.2316621864691585
123,weather,15,MLP,MTT,300,0.7,0.1816482803423683,0.2494477042649536,0.0787641673962848,0.033192911131983,0.1181240704559319,0.3496331736783962,0.4717636704444885,0.0,0.1178987594715001,0.2316621864691585
123,weather,16,MLP,MTT,300,0.7,0.1816482803423683,0.2494477042649536,0.1382795189434238,0.0696698058452153,0.0935438358059349,0.3882925707856248,0.4970039129257202,0.0,0.1608277588485723,0.2316621864691585
123,weather,17,MLP,MTT,300,0.7,0.1816482803423683,0.2494477042649536,0.1331968482583053,0.0649378929672112,0.0939417350692187,0.3854908697437748,0.496493935585022,0.0,0.1602391013319274,0.2316621864691585
123,weather,18,MLP,MTT,300,0.7,0.1816482803423683,0.2494477042649536,0.104951364277587,0.0576095413779776,0.0812364729708115,0.3613923396421969,0.5609181523323059,0.0,0.1400443186169003,0.2316621864691585
123,weather,19,MLP,MTT,300,0.7,0.1816482803423683,0.2494477042649536,0.0997261413024477,0.1512507730689234,0.0896383977712137,0.4480445505346462,0.8424125909805298,0.0,0.1675155908320738,0.2316621864691585
123,weather,20,MLP,MTT,300,0.7,0.1816482803423683,0.2494477042649536,0.1754200460023882,0.1415638608934928,1.7437060037877952,1.8867125640737947,4.890113830566406,2.0,12.101408826979888,0.2316621864691585
123,weather,0,MLP,MTT,300,1.0,0.1816482803423683,0.2228525844714467,0.2631598968769106,0.2638109295412268,4.819400287158108e-08,0.9071225028413172,0.8701632022857666,0.0,1.1824903197296529e-07,0.2375765416366926
123,weather,1,MLP,MTT,300,1.0,0.1816482803423683,0.2228525844714467,0.160359285867628,0.1624597558010257,9.353707049206416e-08,0.594852366881577,0.8115146160125732,0.0,1.2427342863343237e-07,0.2375765416366926
123,weather,2,MLP,MTT,300,1.0,0.1816482803423683,0.2228525844714467,0.1914888602387593,0.1462975991331123,6.679391306832743e-08,0.6591824971555903,0.8103670477867126,0.0,1.0291131814780437e-07,0.2375765416366926
123,weather,3,MLP,MTT,300,1.0,0.1816482803423683,0.2228525844714467,0.1404658470425221,0.1091521245786533,1.5183705188541808e-07,0.29413441543484,0.904854953289032,0.0,1.1810405463297541e-07,0.2375765416366926
123,weather,4,MLP,MTT,300,1.0,0.1816482803423683,0.2228525844714467,0.1090184403594885,0.1495679656989054,1.756279038443575e-07,0.62806069435243,0.4834849238395691,0.0,2.29816867603004e-07,0.2375765416366926
123,weather,5,MLP,MTT,300,1.0,0.1816482803423683,0.2228525844714467,0.1751792450171924,0.1474913802105693,1.957678924564335e-07,0.3309347510800214,0.7999994158744812,0.0,3.9601960580479123e-08,0.2375765416366926
123,weather,6,MLP,MTT,300,1.0,0.1816482803423683,0.2228525844714467,0.1607607375677648,0.1236102038407183,5.6677653896775326e-08,0.2089732436019019,0.9085568189620972,0.0,3.4737476188417405e-08,0.2375765416366926
123,weather,7,MLP,MTT,300,1.0,0.1816482803423683,0.2228525844714467,0.1302267132061842,0.0807403271020071,7.4959360909172e-08,0.4455788771089854,0.6159976720809937,0.0,9.44585330024558e-08,0.2375765416366926
123,weather,8,MLP,MTT,300,1.0,0.1816482803423683,0.2228525844714467,0.1670595405823368,0.1291680631357322,8.224884234471183e-08,0.2201096420155346,0.9078238606452942,0.0,5.650992936297842e-08,0.2375765416366926
123,weather,9,MLP,MTT,300,1.0,0.1816482803423683,0.2228525844714467,0.1670609172663303,0.1292613762114871,5.153715225818891e-08,0.2210764750181495,0.907799482345581,0.0,1.584906949283714e-07,0.2375765416366926
123,weather,10,MLP,MTT,300,1.0,0.1816482803423683,0.2228525844714467,0.2507027623806087,0.1569710163033197,1.5972996915468453e-07,0.8654419905653311,0.8260847330093384,0.0,2.133029133819353e-07,0.2375765416366926
123,weather,11,MLP,MTT,300,1.0,0.1816482803423683,0.2228525844714467,0.2504615336004482,0.1652056305864782,1.6782556224087122e-08,0.018307937340021,0.9864070415496826,0.0,1.5210384378015126e-07,0.2375765416366926
123,weather,12,MLP,MTT,300,1.0,0.1816482803423683,0.2228525844714467,0.254748013079649,0.1857263938462908,1.0175247953618162e-07,0.708037233106826,0.4734503626823425,0.0,2.129504242358567e-07,0.2375765416366926
123,weather,13,MLP,MTT,300,1.0,0.1816482803423683,0.2228525844714467,0.1409197741076751,0.0887850684089183,7.388880477399152e-08,0.4526737415761362,0.4828905463218689,0.0,6.948950325470923e-08,0.2375765416366926
123,weather,14,MLP,MTT,300,1.0,0.1816482803423683,0.2228525844714467,0.041173325749582,0.0140765566501775,4.5566491649398886e-08,0.1953803644422176,0.7722305059432983,0.0,1.1903738407106181e-07,0.2375765416366926
123,weather,15,MLP,MTT,300,1.0,0.1816482803423683,0.2228525844714467,0.103862390171604,0.0316809030909359,8.490195236707901e-08,0.3976019594319757,0.6030081510543823,0.0,3.7631097616627284e-07,0.2375765416366926
123,weather,16,MLP,MTT,300,1.0,0.1816482803423683,0.2228525844714467,0.1504363580796953,0.0713628694280321,7.12825589673105e-08,0.4488879315070782,0.3199283480644226,0.0,3.6680888497835654e-08,0.2375765416366926
123,weather,17,MLP,MTT,300,1.0,0.1816482803423683,0.2228525844714467,0.145118251791204,0.0675210670328286,1.4648444447605504e-07,0.4451622406762909,0.3189066052436828,0.0,3.050276217053932e-07,0.2375765416366926
123,weather,18,MLP,MTT,300,1.0,0.1816482803423683,0.2228525844714467,0.1151637899115167,0.0603177933096105,1.197358502886928e-07,0.3990226260286315,0.4234265089035034,0.0,1.437781601257709e-07,0.2375765416366926
123,weather,19,MLP,MTT,300,1.0,0.1816482803423683,0.2228525844714467,0.0958936698084358,0.143106583645121,1.0606954766109605e-07,0.5228583909368463,0.7816576361656189,0.0,7.807013223324018e-09,0.2375765416366926
123,weather,20,MLP,MTT,300,1.0,0.1816482803423683,0.2228525844714467,0.2083363700349669,0.1395198638303587,2.32447250474755e-08,0.172357295118422,0.9726647734642028,0.0,1.323890816911903e-07,0.2375765416366926
